{
    "adid": null, 
    "name": "Marga Brasero Centro Médico Estético", 
    "name_of_contact": "Marga Brasero Centro Médico Estético", 
    "scrape_page": "https://www.bucmi.com/marga-brasero-las-tablas", 
    "business_website": "https://www.bucmi.com/marga-brasero-las-tablas", 
    "areas_covered": null, 
    "description": "En Marga Brasero encontrarás un centro diseñado única y exclusivamente para tu salud y bienestar. Conoce a los mejores profesionales y ponte en buenas manos. Situado en Las Tablas, podrás encontrar variedad de servicios médico-estéticos. ¡Conócenos ya!", 
    "img_link": [
        "https://d1nd15w2k87kz0.cloudfront.net/Uploads/636353132971319478.jpg", 
        "https://d1nd15w2k87kz0.cloudfront.net/Uploads/636353133043506960.jpg", 
        "https://d1nd15w2k87kz0.cloudfront.net/Uploads/636353133122725586.jpg", 
        "https://d1nd15w2k87kz0.cloudfront.net/Uploads/636353133167881874.jpg", 
        "https://d1nd15w2k87kz0.cloudfront.net/Uploads/636353133207413030.jpg", 
        "https://d1nd15w2k87kz0.cloudfront.net/Uploads/636353133269131751.jpg", 
        "https://d1nd15w2k87kz0.cloudfront.net/Uploads/636353133297881199.jpg", 
        "https://d1nd15w2k87kz0.cloudfront.net/Uploads/636353133330069204.jpg", 
        "https://d1nd15w2k87kz0.cloudfront.net/Uploads/636353133366475329.jpg", 
        "https://d1nd15w2k87kz0.cloudfront.net/Uploads/636353133428350308.jpg", 
        "https://d1nd15w2k87kz0.cloudfront.net/Uploads/636353133450850066.jpg", 
        "https://d1nd15w2k87kz0.cloudfront.net/Uploads/636353133498350160.jpg", 
        "https://d1nd15w2k87kz0.cloudfront.net/Uploads/636353133543975037.jpg", 
        "https://d1nd15w2k87kz0.cloudfront.net/Uploads/636353133607724996.jpg", 
        "https://d1nd15w2k87kz0.cloudfront.net/Uploads/636353133718193648.jpg", 
        "https://d1nd15w2k87kz0.cloudfront.net/Uploads/636353133731162186.jpg"
    ], 
    "hqdb_featured_ad_type": "Featured", 
    "hqdb_nr_reviews": "5", 
    "hqdb_review_score": "8,6", 
    "accreditations": null, 
    "category": null, 
    "subcategory": null, 
    "street": "C/ Orense, 69", 
    "city": "Madrid", 
    "zipcode": "28050", 
    "formatted_address": "C/ Orense, 69, Madrid, 28050", 
    "country": "es", 
    "office_number": "917507534", 
    "office_number2": null, 
    "mobile_number": null, 
    "mobile_number2": null, 
    "unidentified_phone_numbers": null, 
    "latitude": "40.5021771000", 
    "longitude": "-3.6765613999", 
    "business_email": null, 
    "yelp_page": null, 
    "facebook": null, 
    "twitter": null, 
    "instagram": null, 
    "venue_images": "https://d1nd15w2k87kz0.cloudfront.net/Logotipos/636353133941474420.jpg", 
    "opening_hours_raw": null, 
    "pricelist_link": null, 
    "services": [
        {
            "service_category": "Preferente", 
            "service": "5 Ss Depilación Láser Diodo O Ipl 3 Zonas", 
            "duration": 3600, 
            "price": "995 € ", 
            "description": "Con este bono conseguirás eliminar el vello de tu cuerpo de manera definitiva. El servicio incluye 5 sesiones de depilación de piernas completas, ingles normales y axilas con tecnología láser de diodo o IPL, según las necesidades de cada clienta. ¡No lo dudes, elige la comodidad y olvídate del vello para siempre! Reserva ya tu cita cómodamente online a través de Bucmi.com. Láser muy efectivo."
        }, 
        {
            "service_category": "Preferente", 
            "service": "Bono 12 Ss Presoterapia O Electroestimulación", 
            "duration": 1800, 
            "price": "300 € ", 
            "description": "Bono de 12 sesiones combinando la presoterapia y la electroestimulación para conseguir unos resultados impecables. Conseguirás eliminar celulitis y grasa localizada de tu cuerpo, además de eliminar líquidos y favorecer tu circulación. ¡No lo dudes, ponte en manos de nuestro equipo de profesionales y conseguirás así increíbles resultados! ¡Olvídate de esos pequeños complejos y presume de tu cuerpo!"
        }, 
        {
            "service_category": "Preferente", 
            "service": "Manicura Y Pedicura Permanente", 
            "duration": 5400, 
            "price": "60 € ", 
            "description": "Luce unas manos y pies bonitos con nuestra manicura y pedicura permanente, que además te durará hasta 3 semanas. El servicio incluye limado, retirada de cutículas, eliminación de durezas, hidratación y esmaltado con el color que más te guste, a elegir entre nuestra variedad de gamas de tonos. ¡No lo dudes y cuídate de manos a pies, siempre con nuestro mejor equipo de profesionales!"
        }, 
        {
            "service_category": "Preferente", 
            "service": "Sesión Presoterapia", 
            "duration": 1800, 
            "price": "25 € ", 
            "description": "Mediante está técnica innovadora, conseguiremos reducir la grasa acumulada en tu cuerpo, la eliminación de líquidos y estimularemos la circulación. ¿Buscas un cuerpo más tonificado pero no te atreves a pasar por el bisturí? En nuestro centro contamos con lo ultimo en aparatología. Reserva ya este servicio y notarás poco a poco increíbles resultados. ¿A qué estás esperando? ¡No dejes que te lo cuenten!"
        }, 
        {
            "service_category": "Estética", 
            "service": "Bono 12 Ss Presoterapia O Electroestimulación", 
            "duration": 1800, 
            "price": "300 € ", 
            "description": "Bono de 12 sesiones combinando la presoterapia y la electroestimulación para conseguir unos resultados impecables. Conseguirás eliminar celulitis y grasa localizada de tu cuerpo, además de eliminar líquidos y favorecer tu circulación. ¡No lo dudes, ponte en manos de nuestro equipo de profesionales y conseguirás así increíbles resultados! ¡Olvídate de esos pequeños complejos y presume de tu cuerpo!"
        }, 
        {
            "service_category": "Estética", 
            "service": "Bono 10 Ss Presoterapia O Electroestimulación", 
            "duration": 1800, 
            "price": "250 € ", 
            "description": "Mediante estas técnicas innovadoras, conseguiremos reducir la grasa acumulada en tu cuerpo, la eliminación de líquidos y estimularemos la circulación. ¿Buscas un cuerpo más tonificado pero no te atreves a pasar por el bisturí? Reserva ya cómodamente online este bono de 10 sesiones de presoterapia o electroestimulación a elegir.. A medida las sesiones van avanzando, notarás increíbles resultados."
        }, 
        {
            "service_category": "Estética", 
            "service": "Pack 5 Ss Tto Corporal Reductor Y 1 Criolipólisis", 
            "duration": 3600, 
            "price": "674 € ", 
            "description": "Hazte con este bono que incluye 5 sesiones de láser lipolítico, 5 sesiones de radiofrecuencia corporal, 5 sesiones de presoterapia o electroestimulación y 1 sesión de Criolipólisis de REGALO. ¡Moldea tu figura y siéntete mejor contigo misma! Nuestro profesionales se encargarán de tu cuidado para que puedas lucir un cuerpo tonificado y realzar así tu figura. Además, en nuestro centro contamos con lo último en aparatología. ¡No lo dudes y reserva ya en Bucmi por un precio increíble!"
        }, 
        {
            "service_category": "Estética", 
            "service": "Bono 5 Sesiones Tratamiento Corporal Reductor", 
            "duration": 3600, 
            "price": "575 € ", 
            "description": "Hazte con este bono que incluye 5 sesiones de láser lipolítico, 5 sesiones de radiofrecuencia corporal y 5 sesiones de presoterapia o electroestimulación. ¡Moldea tu figura y siéntete mejor contigo misma! Nuestro profesionales se encargarán de tu cuidado para que puedas lucir un cuerpo tonificado y realzar así tu figura. Además, en nuestro centro contamos con lo último en aparatología. ¡No lo dudes y reserva ya en Bucmi por un precio increíble! ¿A qué estás esperando? ¡No dejes que te lo cuenten!"
        }, 
        {
            "service_category": "Estética", 
            "service": "Bono 5 Ss Tratamiento Facial Antiedad", 
            "duration": 2700, 
            "price": "450 € ", 
            "description": "¿Quieres lucir un rostro joven, terso y libre de impurezas? Reserva entonces en Bucmi este bono de 5 sesiones de tratamiento facial antiedad, en manos de nuestro mejor equipo de profesionales. Utilizamos los mejores productos del mercado. ¡No lo dudes y presume de un cutis envidiable por un precio increíble! Notarás los resultados desde la primera sesión. Reserva ya tu cita cómodamente online a través de Bucmi.com. ¡Porque la edad es sólo un número y nosotros lo sabemos!"
        }, 
        {
            "service_category": "Estética", 
            "service": "Bono 5 Ss. Tto. Corporal Drenaje Linfático Manual", 
            "duration": 3600, 
            "price": "300 € ", 
            "description": "Bono de 5 sesiones. ¡Activa la circulación de tu cuerpo gracias a este drenaje linfático manual! Gracias a ello no sólo podrás mejorar la circulación sino que eliminarás puntos localizados de grasa, tonificando así tu cuerpo sin necesidad de cirugía. Realza tu figura eanos de nuestros profesionales. ¡Notarás los resultados! Reserva ya tu cita cómodamente online a través de Bucmi.com. ¿A qué estás esperando? No dejes que te lo cuente."
        }, 
        {
            "service_category": "Estética", 
            "service": "Higiene Facial Natural Con Biocosmética", 
            "duration": 2700, 
            "price": "39 € ", 
            "description": "Te proponemos una completa limpieza facial en 7 pasos que dejará tu cutis más suave, más limpio y reluciente. Incluye tónico, leche, exfoliación, extracción, masaje, mascarilla y cosméticos. ¿Quieres lucir un rostro libre de impurezas? Entonces es este tu servicio. Nuestros profesionales utilizan los mejores productos de biocosmética para conseguir así resultados increíbles. ¡No lo dudes y reserva ya este tratamiento facial!"
        }, 
        {
            "service_category": "Estética", 
            "service": "Radiofrecuencia Facial, Efecto Flash", 
            "duration": 2700, 
            "price": "90 € ", 
            "description": "La radiofrecuencia facial mejora la circulación de la piel y tejido subcutáneo con la consiguiente disminución de la flacidez y rejuvenece la piel, sintiendo una retracción de esta, con efecto tensor. ¡Luce un rostro envidiable gracias a este tratamiento, siempre con la mejor aparatología y un equipo de profesionales que se preocuparán por tu cuidado! Reserva ya tu cita cómodamente online a través de Bucmi.com. ¿A qué estás esperando? ¡No dejes que te lo cuenten!"
        }, 
        {
            "service_category": "Estética", 
            "service": "Sesión Presoterapia", 
            "duration": 1800, 
            "price": "25 € ", 
            "description": "Mediante está técnica innovadora, conseguiremos reducir la grasa acumulada en tu cuerpo, la eliminación de líquidos y estimularemos la circulación. ¿Buscas un cuerpo más tonificado pero no te atreves a pasar por el bisturí? En nuestro centro contamos con lo ultimo en aparatología. Reserva ya este servicio y notarás poco a poco increíbles resultados. ¿A qué estás esperando? ¡No dejes que te lo cuenten!"
        }, 
        {
            "service_category": "Estética", 
            "service": "Tto. Facial Antiedad", 
            "duration": 2700, 
            "price": "90 € ", 
            "description": "¿Quieres lucir un rostro joven, terso y libre de impurezas? Reserva entonces en Bucmi este tratamiento facial antiedad, en manos de nuestro mejor equipo de profesionales. Utilizamos los mejores productos del mercado. ¡No lo dudes y presume de un cutis envidiable por un precio increíble! ¡Porque la edad es sólo un número y en nuestro centro lo sabemos! ¿A qué estás esperando para reservar? ¡Hazlo cómodamente online a través de Bucmi.com!"
        }, 
        {
            "service_category": "Manicura y Pedicura", 
            "service": "Manicura Y Pedicura Permanente", 
            "duration": 5400, 
            "price": "60 € ", 
            "description": "Luce unas manos y pies bonitos con nuestra manicura y pedicura permanente, que además te durará hasta 3 semanas. El servicio incluye limado, retirada de cutículas, eliminación de durezas, hidratación y esmaltado con el color que más te guste, a elegir entre nuestra variedad de gamas de tonos. ¡No lo dudes y cuídate de manos a pies, siempre con nuestro mejor equipo de profesionales!"
        }, 
        {
            "service_category": "Manicura y Pedicura", 
            "service": "Manicura Y Pedicura Completa", 
            "duration": 5400, 
            "price": "35 € ", 
            "description": "Disfruta de una mani-pedi completa para lucir unas uñas perfectas tanto en manos como en pies. El servicio incluye limado de la uña para conseguir la forma deseada, retirada de cutículas, hidratación, eliminación de durezas y esmaltado con el color que más te guste entre nuestra amplia gama. Escoge el color más acorde a tí, a tu estilo y personalidad. ¡No lo dudes y reserva ya tu cita cómodamente online a través de Bucmi.com! Te encantará el resultado."
        }, 
        {
            "service_category": "Depilación", 
            "service": "5 Ss Depilación Láser Diodo O Ipl 3 Zonas", 
            "duration": 3600, 
            "price": "995 € ", 
            "description": "Con este bono conseguirás eliminar el vello de tu cuerpo de manera definitiva. El servicio incluye 5 sesiones de depilación de piernas completas, ingles normales y axilas con tecnología láser de diodo o IPL, según las necesidades de cada clienta. ¡No lo dudes, elige la comodidad y olvídate del vello para siempre! Reserva ya tu cita cómodamente online a través de Bucmi.com. Láser muy efectivo."
        }, 
        {
            "service_category": "Depilación", 
            "service": "5 Ss Depilación Láser Diodo O Ipl Ingles Brasileña", 
            "duration": 1800, 
            "price": "375 € ", 
            "description": "Con este bono conseguirás eliminar el vello de tu cuerpo de manera definitiva. El servicio incluye 5 sesiones de depilación con tecnología láser de diodo o IPL, según las necesidades y caracteruisticas del pelo y de la piel, para la zona de ingles brasileñas. ¡No lo dudes, elige la comodidad y olvídate del vello para siempre! Reserva ya tu cita cómodamente online a través de Bucmi.com. Láser muy efectivo."
        }, 
        {
            "service_category": "Bienestar", 
            "service": "Bono 12 Ss Presoterapia O Electroestimulación", 
            "duration": 1800, 
            "price": "300 € ", 
            "description": "Bono de 12 sesiones combinando la presoterapia y la electroestimulación para conseguir unos resultados impecables. Conseguirás eliminar celulitis y grasa localizada de tu cuerpo, además de eliminar líquidos y favorecer tu circulación. ¡No lo dudes, ponte en manos de nuestro equipo de profesionales y conseguirás así increíbles resultados! ¡Olvídate de esos pequeños complejos y presume de tu cuerpo!"
        }, 
        {
            "service_category": "Bienestar", 
            "service": "Bono 10 Ss Presoterapia O Electroestimulación", 
            "duration": 1800, 
            "price": "250 € ", 
            "description": "Mediante estas técnicas innovadoras, conseguiremos reducir la grasa acumulada en tu cuerpo, la eliminación de líquidos y estimularemos la circulación. ¿Buscas un cuerpo más tonificado pero no te atreves a pasar por el bisturí? Reserva ya cómodamente online este bono de 10 sesiones de presoterapia o electroestimulación a elegir.. A medida las sesiones van avanzando, notarás increíbles resultados."
        }, 
        {
            "service_category": "Bienestar", 
            "service": "Terapia Natural: Test Genético Advance", 
            "duration": 2700, 
            "price": "280 € ", 
            "description": "Este servicio consiste en un test genético para evaluar tu salud con el que podremos sacar información sobre celiaquía, riesgo a obesidad, riesgo cardiovascular, respuesta al ejercicio físico, metabolismo de la cafeína, metabolismo del alcohol o la asimilación/intolerancia de distintos grupos alimentación. ¡No lo dudes y reserva ya con Bucmi! Fiabilidad 100%."
        }
    ]
}