{
    "adid": null, 
    "name": "Beauty For Queens", 
    "name_of_contact": "Beauty For Queens", 
    "scrape_page": "https://www.bucmi.com/beauty-for-queens", 
    "business_website": "https://www.bucmi.com/beauty-for-queens", 
    "areas_covered": null, 
    "description": "¡En nuestro centro Beauty For Queens situado en pleno Paseo de la Castellana te sentirás como en un hotel!. Nuestros profesionales te cuidarán y embellecerán mientras pasas un rato agradable. ¡Ven a conocernos!. ¡Te esperamos!.", 
    "img_link": [
        "https://d1nd15w2k87kz0.cloudfront.net/Uploads/636155189910376111.jpg", 
        "https://d1nd15w2k87kz0.cloudfront.net/Uploads/636155189948969031.jpg", 
        "https://d1nd15w2k87kz0.cloudfront.net/Uploads/636155189968187606.jpg", 
        "https://d1nd15w2k87kz0.cloudfront.net/Uploads/636155222740013733.jpg", 
        "https://d1nd15w2k87kz0.cloudfront.net/Uploads/636155222975008824.jpg", 
        "https://d1nd15w2k87kz0.cloudfront.net/Uploads/636155223339376422.jpg", 
        "https://d1nd15w2k87kz0.cloudfront.net/Uploads/636307991522482196.jpg", 
        "https://d1nd15w2k87kz0.cloudfront.net/Uploads/636307992651216183.jpg", 
        "https://d1nd15w2k87kz0.cloudfront.net/Uploads/636307994662132887.jpg", 
        "https://d1nd15w2k87kz0.cloudfront.net/Uploads/636310675695605751.jpg", 
        "https://d1nd15w2k87kz0.cloudfront.net/Uploads/636310675825604753.jpg", 
        "https://d1nd15w2k87kz0.cloudfront.net/Uploads/636310675923260209.jpg"
    ], 
    "hqdb_featured_ad_type": "Featured", 
    "hqdb_nr_reviews": "10", 
    "hqdb_review_score": "9,2", 
    "accreditations": null, 
    "category": null, 
    "subcategory": null, 
    "street": null, 
    "city": "Madrid", 
    "zipcode": "28046", 
    "formatted_address": "Madrid, 28046", 
    "country": "es", 
    "office_number": "918215310", 
    "office_number2": null, 
    "mobile_number": null, 
    "mobile_number2": null, 
    "unidentified_phone_numbers": null, 
    "latitude": "40.4585776000", 
    "longitude": "-3.6916456999", 
    "business_email": null, 
    "yelp_page": null, 
    "facebook": null, 
    "twitter": null, 
    "instagram": null, 
    "venue_images": "https://d1nd15w2k87kz0.cloudfront.net/Logotipos/636155225028716646.jpg", 
    "opening_hours_raw": null, 
    "pricelist_link": null, 
    "services": [
        {
            "service_category": "Preferente", 
            "service": "Presoterapia", 
            "duration": 2700, 
            "price": "35 € ", 
            "description": "La presoterapia es un sistema de compresión controlada.Esta presión estimula el sistema circulatorio generando un drenaje linfático y contribuyendo así con la eliminación de líquidos, grasas y toxinas que generan la celulitis y trastornos venosos"
        }, 
        {
            "service_category": "Preferente", 
            "service": "Bono 5 Sesiones De Presoterapia", 
            "duration": 1800, 
            "price": "110 € ", 
            "description": "La presoterapia es un tratamiento corporal que se utiliza normalmente para reducir o eliminar la celulitis.Diseñada para aumentar la circulación sanguínea y el flujo linfático, la presoterapia mejora el aclaramiento del líquido extracelular, reduce la hinchazón, inflamación y los edemas, alivia la fatiga de las piernas y mejora el flujo de oxígeno a través de todo el cuerpo. Cada sesion de Presoterapia suele durar unos 30 miutos y se aconseja una sesion por semana"
        }, 
        {
            "service_category": "Preferente", 
            "service": "Exfoliacion Corporal Con Hidratacion", 
            "duration": 5400, 
            "price": "55 € ", 
            "description": "El objetivo principal del peeling es el de limpiar en profundidad la piel purificándola y oxigenándola para darle la densidad y elasticidad apropiada. Se obtienen muy buenos resultados a la hora de tratar cicatrices, estrías, imperfecciones o acné ya que se trata de un tratamiento sencillo e inofensivo que actúa directamente sobre la epidermis.La sesión finalizará con la aplicación de un producto con agentes hidratantes y emolientes que mediante un masaje relajante dejará tu piel hidratada, tersa, suave y c"
        }, 
        {
            "service_category": "Preferente", 
            "service": "Tto Facial: Hidratación Intensiva Germaine", 
            "duration": 3600, 
            "price": "55 € ", 
            "description": "En Beauty for Queens contamos con los mejores profesionales y las mejores marcas para ofrecerte los mejores resultados. Te ofrecemos nuestro tratamiento de hidratación intensiva Germaine de Capuccini. Luce una piel suave e hidratada, aportándole una luminosidad y un brillo inigualable. ¡Notarás los resultados!. Reserva a través de Bucmi.com."
        }, 
        {
            "service_category": "Preferente", 
            "service": "Baño De Parafina Manos", 
            "duration": 1800, 
            "price": "12 € ", 
            "description": "Los baños de parafina son una de las posibilidades que nos ofrece la termoterapia, una terapia que funciona a base de calor.Un baño de parafina es recomendable para relajar los músculos de las manos y pies, pues tiene la capacidad de proporcionar alivio ante dolor o rigidez de las manos, ademas de hidratar la piel."
        }, 
        {
            "service_category": "Preferente", 
            "service": "Baño De Parafina Pies", 
            "duration": 1800, 
            "price": "15 € ", 
            "description": "Los baños de parafina son una de las posibilidades que nos ofrece la termoterapia, Un baño de parafina es recomendable para relajar los músculos de las manos y pies, pues tiene la capacidad de proporcionar alivio ante dolor o rigidez de las manos. Además es un tratamiento que hidrata la piel."
        }, 
        {
            "service_category": "Preferente", 
            "service": "Higiene De Espalda", 
            "duration": 3600, 
            "price": "45 € ", 
            "description": "Al igual que la limpieza facial debemos realizarnos la limpieza de espalda ya que es una de las zonas donde mayor cantidad de impurezas se acumulan, mayor cantidad de glandulas sebáceas existen y menor atención prestamos."
        }, 
        {
            "service_category": "Preferente", 
            "service": "Higiene Facial Completa", 
            "duration": 3600, 
            "price": "38 € ", 
            "description": "Disfruta de una maravillosa limpieza de cutis. Ven a conocernos, ponte en nuestras manos y ¡déjate mimar!. Presume de cutis con aspecto sano y cuidado. El servicio incluye limpieza, extracción, peeling, mascarilla e hidratación. ¡Luce un cutis radiante!. Reserva ya a través de Bucmi.com."
        }, 
        {
            "service_category": "Preferente", 
            "service": "Higiene Facial Especial Queens", 
            "duration": 3600, 
            "price": "55 € ", 
            "description": "Nuestra Higiene Facial Especial Queens es una Higiene facial profunda,completa y específicamente adecuada según las características y necesidades de cada piel y siempre acompañada de los mejores productos Germaine de Capuccini"
        }, 
        {
            "service_category": "Preferente", 
            "service": "Manicura Especial Queens", 
            "duration": 3600, 
            "price": "29 € ", 
            "description": "Nuestra Manicura completa Especial Queens esta compuesta por:Limado de Uñas,Retirada de Cuticulas,Exfoliacion,Baño de Parafina,Hidratacion,Masaje,Pintado de uñas,una verdadera delicia para tus Manos. *Este servicio NO INCLUYE la retirada de esmalte permanente, se deberá abonar un suplemento de 5 euros en el centro."
        }, 
        {
            "service_category": "Preferente", 
            "service": "Masaje Corporal", 
            "duration": 2700, 
            "price": "40 € ", 
            "description": "Los masajes son una experiencia relajante y terapéutica. Sus efectos no sólo son a nivel físico, la mente también responde al toque humano. Durante los masajes relajamos la mente y el cuerpo y nuestra energía aumenta"
        }, 
        {
            "service_category": "Preferente", 
            "service": "Masaje Corporal Zona Localizada", 
            "duration": 1800, 
            "price": "25 € ", 
            "description": "El masaje es una forma de manipulación de las capas superficiales y profundas de los músculos del cuerpo utilizando varias técnicas, para mejorar sus funciones, ayudar en procesos de curación, disminuir la actividad refleja de los músculos, inhibir la excitabilidad motoneuronal, promover la relajación y el bienestar y como actividad recreativa.Pide tu cita y ven a disfrutartlo!!"
        }, 
        {
            "service_category": "Preferente", 
            "service": "Masaje Facial", 
            "duration": 1800, 
            "price": "28 € ", 
            "description": "Los masajes faciales aumentan la circulación del tejido facial, dando lugar a una piel más brillante y de aspecto joven. Los masajes faciales también pueden ayudar a levantar y mantener la piel firme, reduciendo así la apariencia hinchada y arrugada. Como beneficio adicional, un buen masaje facial reduce el estrés, dejándote con una sensación de paz y relajación. Date un Masaje!!"
        }, 
        {
            "service_category": "Preferente", 
            "service": "Pedicura Especial Queens", 
            "duration": 3600, 
            "price": "42 € ", 
            "description": "Nuestra Pedicura Especial Queens es la mas completa consta de:Cortar y limar Uñas,Retirar Cuticulas,Exfoliacion,Baño de Parafina,Hidratacion,Masaje,Pintado de Uñas,te encantara!!! *Este servicio NO INCLUYE la retirada de esmalte permanente, se deberá abonar un suplemento de 5 euros en el centro."
        }, 
        {
            "service_category": "Preferente", 
            "service": "Manicura Completa Con Esmaltado Normal", 
            "duration": 2700, 
            "price": "15 € ", 
            "description": "¡Presume de manos bonitas y cuidadas!. Ven a conocernos y déjate mimar. El servicio incluye: limado, esmaltado a tu gusto, retirada de cutículas e hidratación final. *Este servicio NO INCLUYE la retirada de esmalte permanente, se deberá abonar un suplemento de 5 euros en el centro. ¡Desearás repetir!."
        }, 
        {
            "service_category": "Preferente", 
            "service": "Manicura Completa Con Esmaltado Permanente", 
            "duration": 3600, 
            "price": "25 € ", 
            "description": "¿Quieres disfrutar de una perfecta manicura durante semanas? Ven a nuestro centro y escoge el tono de esmalte que más va contigo. Lucirás unas manos con un aspecto bonito y cuidado durante más tiempo. El servicio incluye: una manicura completa con limado, retirada de cutículas e hidratación final. *Este servicio NO INCLUYE la retirada de esmalte permanente, se deberá abonar un suplemento de 5 euros en el centro. ¡Resultado de 10!."
        }, 
        {
            "service_category": "Preferente", 
            "service": "Pedicura Completa", 
            "duration": 3600, 
            "price": "29 € ", 
            "description": "Este servicio consiste en: Cortar y Limar Uñas,Retirada de Cuticulas,Eliminacion de durezas,Hidratacion y Masaje de Pies,Pintado de Uñas. *Este servicio NO INCLUYE la retirada de esmalte permanente, se deberá abonar un suplemento de 5 euros en el centro."
        }, 
        {
            "service_category": "Preferente", 
            "service": "Pedicura Completa Con Esmaltado Permanente", 
            "duration": 3600, 
            "price": "38 € ", 
            "description": "Luce unas uñas impecables con una Manicura con Esmaltado Permanente para que tus manos esten perfectas durante mas tiempo,Pide tu cita!! *Este servicio NO INCLUYE la retirada de esmalte permanente,se deberá abonar un suplemento de 5 euros en el centro."
        }, 
        {
            "service_category": "Estética", 
            "service": "Presoterapia", 
            "duration": 2700, 
            "price": "35 € ", 
            "description": "La presoterapia es un sistema de compresión controlada.Esta presión estimula el sistema circulatorio generando un drenaje linfático y contribuyendo así con la eliminación de líquidos, grasas y toxinas que generan la celulitis y trastornos venosos"
        }, 
        {
            "service_category": "Estética", 
            "service": "Bono 5 Sesiones De Presoterapia", 
            "duration": 1800, 
            "price": "110 € ", 
            "description": "La presoterapia es un tratamiento corporal que se utiliza normalmente para reducir o eliminar la celulitis.Diseñada para aumentar la circulación sanguínea y el flujo linfático, la presoterapia mejora el aclaramiento del líquido extracelular, reduce la hinchazón, inflamación y los edemas, alivia la fatiga de las piernas y mejora el flujo de oxígeno a través de todo el cuerpo. Cada sesion de Presoterapia suele durar unos 30 miutos y se aconseja una sesion por semana"
        }, 
        {
            "service_category": "Estética", 
            "service": "Exfoliacion Corporal Con Hidratacion", 
            "duration": 5400, 
            "price": "55 € ", 
            "description": "El objetivo principal del peeling es el de limpiar en profundidad la piel purificándola y oxigenándola para darle la densidad y elasticidad apropiada. Se obtienen muy buenos resultados a la hora de tratar cicatrices, estrías, imperfecciones o acné ya que se trata de un tratamiento sencillo e inofensivo que actúa directamente sobre la epidermis.La sesión finalizará con la aplicación de un producto con agentes hidratantes y emolientes que mediante un masaje relajante dejará tu piel hidratada, tersa, suave y c"
        }, 
        {
            "service_category": "Estética", 
            "service": "Tto Facial: Hidratación Intensiva Germaine", 
            "duration": 3600, 
            "price": "55 € ", 
            "description": "En Beauty for Queens contamos con los mejores profesionales y las mejores marcas para ofrecerte los mejores resultados. Te ofrecemos nuestro tratamiento de hidratación intensiva Germaine de Capuccini. Luce una piel suave e hidratada, aportándole una luminosidad y un brillo inigualable. ¡Notarás los resultados!. Reserva a través de Bucmi.com."
        }, 
        {
            "service_category": "Estética", 
            "service": "Higiene De Espalda", 
            "duration": 3600, 
            "price": "45 € ", 
            "description": "Al igual que la limpieza facial debemos realizarnos la limpieza de espalda ya que es una de las zonas donde mayor cantidad de impurezas se acumulan, mayor cantidad de glandulas sebáceas existen y menor atención prestamos."
        }, 
        {
            "service_category": "Estética", 
            "service": "Higiene Facial Completa", 
            "duration": 3600, 
            "price": "38 € ", 
            "description": "Disfruta de una maravillosa limpieza de cutis. Ven a conocernos, ponte en nuestras manos y ¡déjate mimar!. Presume de cutis con aspecto sano y cuidado. El servicio incluye limpieza, extracción, peeling, mascarilla e hidratación. ¡Luce un cutis radiante!. Reserva ya a través de Bucmi.com."
        }, 
        {
            "service_category": "Estética", 
            "service": "Higiene Facial Especial Queens", 
            "duration": 3600, 
            "price": "55 € ", 
            "description": "Nuestra Higiene Facial Especial Queens es una Higiene facial profunda,completa y específicamente adecuada según las características y necesidades de cada piel y siempre acompañada de los mejores productos Germaine de Capuccini"
        }, 
        {
            "service_category": "Estética", 
            "service": "Vendas Frias Y Masaje Localizado", 
            "duration": 3600, 
            "price": "45 € ", 
            "description": "Remodela el cuerpo de forma considerable con las Vendas Frías. Consiste en colocar unas vendas impregnadas con una loción fría. La solución fría produce una vasoconstricción superficial generando una vasodilatación profunda compesatoria ayudando a una mejor circulación sanguínea y nutrición de los tejidos. Tratamiento ideal para piernas cansadas, tratamientos reafirmantes, para problemas de circulación y para la celulitis de tipo flácido.El masaje terapéutico consiste en manipulaciones directas en los tejid"
        }, 
        {
            "service_category": "Manicura y Pedicura", 
            "service": "Presoterapia", 
            "duration": 2700, 
            "price": "35 € ", 
            "description": "La presoterapia es un sistema de compresión controlada.Esta presión estimula el sistema circulatorio generando un drenaje linfático y contribuyendo así con la eliminación de líquidos, grasas y toxinas que generan la celulitis y trastornos venosos"
        }, 
        {
            "service_category": "Manicura y Pedicura", 
            "service": "Bono 5 Sesiones De Presoterapia", 
            "duration": 1800, 
            "price": "110 € ", 
            "description": "La presoterapia es un tratamiento corporal que se utiliza normalmente para reducir o eliminar la celulitis.Diseñada para aumentar la circulación sanguínea y el flujo linfático, la presoterapia mejora el aclaramiento del líquido extracelular, reduce la hinchazón, inflamación y los edemas, alivia la fatiga de las piernas y mejora el flujo de oxígeno a través de todo el cuerpo. Cada sesion de Presoterapia suele durar unos 30 miutos y se aconseja una sesion por semana"
        }, 
        {
            "service_category": "Manicura y Pedicura", 
            "service": "Exfoliacion Corporal Con Hidratacion", 
            "duration": 5400, 
            "price": "55 € ", 
            "description": "El objetivo principal del peeling es el de limpiar en profundidad la piel purificándola y oxigenándola para darle la densidad y elasticidad apropiada. Se obtienen muy buenos resultados a la hora de tratar cicatrices, estrías, imperfecciones o acné ya que se trata de un tratamiento sencillo e inofensivo que actúa directamente sobre la epidermis.La sesión finalizará con la aplicación de un producto con agentes hidratantes y emolientes que mediante un masaje relajante dejará tu piel hidratada, tersa, suave y c"
        }, 
        {
            "service_category": "Manicura y Pedicura", 
            "service": "Tto Facial: Hidratación Intensiva Germaine", 
            "duration": 3600, 
            "price": "55 € ", 
            "description": "En Beauty for Queens contamos con los mejores profesionales y las mejores marcas para ofrecerte los mejores resultados. Te ofrecemos nuestro tratamiento de hidratación intensiva Germaine de Capuccini. Luce una piel suave e hidratada, aportándole una luminosidad y un brillo inigualable. ¡Notarás los resultados!. Reserva a través de Bucmi.com."
        }, 
        {
            "service_category": "Manicura y Pedicura", 
            "service": "Higiene De Espalda", 
            "duration": 3600, 
            "price": "45 € ", 
            "description": "Al igual que la limpieza facial debemos realizarnos la limpieza de espalda ya que es una de las zonas donde mayor cantidad de impurezas se acumulan, mayor cantidad de glandulas sebáceas existen y menor atención prestamos."
        }, 
        {
            "service_category": "Manicura y Pedicura", 
            "service": "Higiene Facial Completa", 
            "duration": 3600, 
            "price": "38 € ", 
            "description": "Disfruta de una maravillosa limpieza de cutis. Ven a conocernos, ponte en nuestras manos y ¡déjate mimar!. Presume de cutis con aspecto sano y cuidado. El servicio incluye limpieza, extracción, peeling, mascarilla e hidratación. ¡Luce un cutis radiante!. Reserva ya a través de Bucmi.com."
        }, 
        {
            "service_category": "Manicura y Pedicura", 
            "service": "Higiene Facial Especial Queens", 
            "duration": 3600, 
            "price": "55 € ", 
            "description": "Nuestra Higiene Facial Especial Queens es una Higiene facial profunda,completa y específicamente adecuada según las características y necesidades de cada piel y siempre acompañada de los mejores productos Germaine de Capuccini"
        }, 
        {
            "service_category": "Manicura y Pedicura", 
            "service": "Vendas Frias Y Masaje Localizado", 
            "duration": 3600, 
            "price": "45 € ", 
            "description": "Remodela el cuerpo de forma considerable con las Vendas Frías. Consiste en colocar unas vendas impregnadas con una loción fría. La solución fría produce una vasoconstricción superficial generando una vasodilatación profunda compesatoria ayudando a una mejor circulación sanguínea y nutrición de los tejidos. Tratamiento ideal para piernas cansadas, tratamientos reafirmantes, para problemas de circulación y para la celulitis de tipo flácido.El masaje terapéutico consiste en manipulaciones directas en los tejid"
        }, 
        {
            "service_category": "Manicura y Pedicura", 
            "service": "Baño De Parafina Manos", 
            "duration": 1800, 
            "price": "12 € ", 
            "description": "Los baños de parafina son una de las posibilidades que nos ofrece la termoterapia, una terapia que funciona a base de calor.Un baño de parafina es recomendable para relajar los músculos de las manos y pies, pues tiene la capacidad de proporcionar alivio ante dolor o rigidez de las manos, ademas de hidratar la piel."
        }, 
        {
            "service_category": "Masaje", 
            "service": "Presoterapia", 
            "duration": 2700, 
            "price": "35 € ", 
            "description": "La presoterapia es un sistema de compresión controlada.Esta presión estimula el sistema circulatorio generando un drenaje linfático y contribuyendo así con la eliminación de líquidos, grasas y toxinas que generan la celulitis y trastornos venosos"
        }, 
        {
            "service_category": "Masaje", 
            "service": "Bono 5 Sesiones De Presoterapia", 
            "duration": 1800, 
            "price": "110 € ", 
            "description": "La presoterapia es un tratamiento corporal que se utiliza normalmente para reducir o eliminar la celulitis.Diseñada para aumentar la circulación sanguínea y el flujo linfático, la presoterapia mejora el aclaramiento del líquido extracelular, reduce la hinchazón, inflamación y los edemas, alivia la fatiga de las piernas y mejora el flujo de oxígeno a través de todo el cuerpo. Cada sesion de Presoterapia suele durar unos 30 miutos y se aconseja una sesion por semana"
        }, 
        {
            "service_category": "Masaje", 
            "service": "Exfoliacion Corporal Con Hidratacion", 
            "duration": 5400, 
            "price": "55 € ", 
            "description": "El objetivo principal del peeling es el de limpiar en profundidad la piel purificándola y oxigenándola para darle la densidad y elasticidad apropiada. Se obtienen muy buenos resultados a la hora de tratar cicatrices, estrías, imperfecciones o acné ya que se trata de un tratamiento sencillo e inofensivo que actúa directamente sobre la epidermis.La sesión finalizará con la aplicación de un producto con agentes hidratantes y emolientes que mediante un masaje relajante dejará tu piel hidratada, tersa, suave y c"
        }, 
        {
            "service_category": "Masaje", 
            "service": "Tto Facial: Hidratación Intensiva Germaine", 
            "duration": 3600, 
            "price": "55 € ", 
            "description": "En Beauty for Queens contamos con los mejores profesionales y las mejores marcas para ofrecerte los mejores resultados. Te ofrecemos nuestro tratamiento de hidratación intensiva Germaine de Capuccini. Luce una piel suave e hidratada, aportándole una luminosidad y un brillo inigualable. ¡Notarás los resultados!. Reserva a través de Bucmi.com."
        }
    ]
}