{
    "adid": null, 
    "name": "K-OBA", 
    "name_of_contact": "K-OBA", 
    "scrape_page": "https://www.bucmi.com/centrokaoba", 
    "business_website": "https://www.bucmi.com/centrokaoba", 
    "areas_covered": null, 
    "description": "K-OBA Estética y Peluquería, situado en pleno barrio de Salamanca en calle Hermosilla 133, es un salón de calidad donde se cuidan mucho los detalles empezando desde todos los elementos de decoración para que se sientas en un lugar relajante. El parque con espacios blancos y dorados pone una atmosfera profesional y minimalista.Aquí se puede encontrar tratamientos exclusivos para las uñas con productos OPI, uno de los mejores gel y esmaltado del momento realizado de la mano de los mejores profesionales. De hecho Alessandra Santos, la fundadora del centro ha puesto la atención en el conjunto de los elementos decorativos (que evocan una filosofía oriental única) y en la calidad del servicio, ofreciendo tratamientos de alta estética y peluquería: por ejemplo la especialidad de K-OBA Estética es la manicura donde se puede elegir entre diferentes técnicas como la manicura brasileña, semipermanente añadiendo también masaje de manos. Además, los tratamientos para cuidar el cabello son realizados utilizando productos de Loreal Profesional y Schwarzkopf que van a garantizar un alto estándar de servicio.K-Oba es un centro muy recomendado en tratamientos corporales y faciales como la presoterapia, radiofrecuencia, láser lipolítico gracias a los equipos de última tecnología. Todos los servicios de medicina estética de diferentes tipos como remodelación y reducción corporal tienen un seguimiento personalizado a cada cliente según sus necesidades.", 
    "img_link": [
        "https://d1nd15w2k87kz0.cloudfront.net/Uploads/636355639863175493.jpg", 
        "https://d1nd15w2k87kz0.cloudfront.net/Uploads/636355639920674888.jpg", 
        "https://d1nd15w2k87kz0.cloudfront.net/Uploads/636355640003800304.jpg", 
        "https://d1nd15w2k87kz0.cloudfront.net/Uploads/636355640181143764.jpg", 
        "https://d1nd15w2k87kz0.cloudfront.net/Uploads/636355640182550193.jpg", 
        "https://d1nd15w2k87kz0.cloudfront.net/Uploads/636355640822549137.jpg", 
        "https://d1nd15w2k87kz0.cloudfront.net/Uploads/636355640879892775.jpg", 
        "https://d1nd15w2k87kz0.cloudfront.net/Uploads/636355641060986308.jpg", 
        "https://d1nd15w2k87kz0.cloudfront.net/Uploads/636355641132704999.jpg", 
        "https://d1nd15w2k87kz0.cloudfront.net/Uploads/636355641247392221.jpg", 
        "https://d1nd15w2k87kz0.cloudfront.net/Uploads/636355641306454626.jpg"
    ], 
    "hqdb_featured_ad_type": "Featured", 
    "hqdb_nr_reviews": "10", 
    "hqdb_review_score": "9,5", 
    "accreditations": null, 
    "category": null, 
    "subcategory": null, 
    "street": "C/ Hermosilla, 133", 
    "city": "Madrid", 
    "zipcode": "28009", 
    "formatted_address": "C/ Hermosilla, 133, Madrid, 28009", 
    "country": "es", 
    "office_number": "910336163", 
    "office_number2": null, 
    "mobile_number": null, 
    "mobile_number2": null, 
    "unidentified_phone_numbers": null, 
    "latitude": "40.4256937000", 
    "longitude": "-3.6695912999", 
    "business_email": null, 
    "yelp_page": null, 
    "facebook": null, 
    "twitter": null, 
    "instagram": null, 
    "venue_images": "https://d1nd15w2k87kz0.cloudfront.net/Logotipos/636355641708641629.jpg", 
    "opening_hours_raw": null, 
    "pricelist_link": null, 
    "services": [
        {
            "service_category": "Preferente", 
            "service": "Lavar, Corte E Hidratación", 
            "duration": 1800, 
            "price": "30 € ", 
            "description": "Tanto si quieres un cambio de look radical como si sólo pretendes mantener el pelo cuidado, necesitas un buen corte de pelo en manos de grandes profesionales. En el centro K-OBA te ofrecemos un asesoramiento personalizado para conseguir un look adaptado a tu estilo. El servicio incluye lavado con champú específico, corte, hidratación y secado natural. Te encantará el resultado obtenido."
        }, 
        {
            "service_category": "Preferente", 
            "service": "Alisado Brasileño", 
            "duration": 7200, 
            "price": "90 € ", 
            "description": "Con el alisado brasileño el cabello se regenera y obtiene brillo y luz. Es una técnica para quien tiene ondulaciones y es especial para los cabellos maltratados porque tiene keratina que nutre y fortalece, dejándolos súper sedosos. El alisado brasileño tiene una duración de varios meses."
        }, 
        {
            "service_category": "Preferente", 
            "service": "Mechas Balayage", 
            "duration": 5400, 
            "price": "50 € ", 
            "description": "Para aportar efectos de brillo y luz a la melena, el servicio perfecto son las mechas balayage. Esta técnica de coloración francesa permite aplicar el color solo donde más se necesita, aportando un aspecto diferente pero natural. Los profesionales de K-OBA aportarán puntos de luz y movimiento, utilizando solo productos de la máxima calidad."
        }, 
        {
            "service_category": "Peluquería", 
            "service": "Lavar, Color Y Corte", 
            "duration": 3600, 
            "price": "45 € ", 
            "description": "¿Necesitas un retoque de color o te apetece apostar por un nuevo tono? Sea lo que sea que busques para el color de tu pelo lo encontrarás en K-OBA. Reserva tu cita online de color en tres clics, Trabajamos con las mejores marcas para aportar a tu cabello un brillo excepcional. El servicio incluye lavado con champú específico, color, corte con asesoramiento y secado natural para quitar la humedad."
        }, 
        {
            "service_category": "Peluquería", 
            "service": "Lavar, Corte E Hidratación", 
            "duration": 1800, 
            "price": "30 € ", 
            "description": "Tanto si quieres un cambio de look radical como si sólo pretendes mantener el pelo cuidado, necesitas un buen corte de pelo en manos de grandes profesionales. En el centro K-OBA te ofrecemos un asesoramiento personalizado para conseguir un look adaptado a tu estilo. El servicio incluye lavado con champú específico, corte, hidratación y secado natural. Te encantará el resultado obtenido."
        }, 
        {
            "service_category": "Peluquería", 
            "service": "Alisado Brasileño", 
            "duration": 7200, 
            "price": "90 € ", 
            "description": "Con el alisado brasileño el cabello se regenera y obtiene brillo y luz. Es una técnica para quien tiene ondulaciones y es especial para los cabellos maltratados porque tiene keratina que nutre y fortalece, dejándolos súper sedosos. El alisado brasileño tiene una duración de varios meses."
        }, 
        {
            "service_category": "Peluquería", 
            "service": "Mechas Balayage", 
            "duration": 5400, 
            "price": "50 € ", 
            "description": "Para aportar efectos de brillo y luz a la melena, el servicio perfecto son las mechas balayage. Esta técnica de coloración francesa permite aplicar el color solo donde más se necesita, aportando un aspecto diferente pero natural. Los profesionales de K-OBA aportarán puntos de luz y movimiento, utilizando solo productos de la máxima calidad."
        }, 
        {
            "service_category": "Estética", 
            "service": "Lavar, Color Y Corte", 
            "duration": 3600, 
            "price": "45 € ", 
            "description": "¿Necesitas un retoque de color o te apetece apostar por un nuevo tono? Sea lo que sea que busques para el color de tu pelo lo encontrarás en K-OBA. Reserva tu cita online de color en tres clics, Trabajamos con las mejores marcas para aportar a tu cabello un brillo excepcional. El servicio incluye lavado con champú específico, color, corte con asesoramiento y secado natural para quitar la humedad."
        }, 
        {
            "service_category": "Estética", 
            "service": "Lavar, Corte E Hidratación", 
            "duration": 1800, 
            "price": "30 € ", 
            "description": "Tanto si quieres un cambio de look radical como si sólo pretendes mantener el pelo cuidado, necesitas un buen corte de pelo en manos de grandes profesionales. En el centro K-OBA te ofrecemos un asesoramiento personalizado para conseguir un look adaptado a tu estilo. El servicio incluye lavado con champú específico, corte, hidratación y secado natural. Te encantará el resultado obtenido."
        }
    ]
}