{
    "adid": null, 
    "name": "Sai tei", 
    "name_of_contact": "Sai tei", 
    "scrape_page": "https://www.bucmi.com/saitei", 
    "business_website": "https://www.bucmi.com/saitei", 
    "areas_covered": null, 
    "description": "En SaiTei con cada servicio de peluquería disfrutarás de un masaje de bienvenida con aceites esenciales, peeling capilar, champú acondicionador y los productos de styling adecuados para el cuidado de tu cabello. Encontarás servicios de categoría.", 
    "img_link": [
        "https://d1nd15w2k87kz0.cloudfront.net/Uploads/635490591445504591.jpg", 
        "https://d1nd15w2k87kz0.cloudfront.net/Uploads/635490591463006040.jpg", 
        "https://d1nd15w2k87kz0.cloudfront.net/Uploads/635490591788813084.jpg", 
        "https://d1nd15w2k87kz0.cloudfront.net/Uploads/635490591802564179.jpg", 
        "https://d1nd15w2k87kz0.cloudfront.net/Uploads/635490591845848847.jpg", 
        "https://d1nd15w2k87kz0.cloudfront.net/Uploads/635490591856787228.jpg", 
        "https://d1nd15w2k87kz0.cloudfront.net/Uploads/635579784896958933.jpg"
    ], 
    "hqdb_featured_ad_type": "Featured", 
    "hqdb_nr_reviews": "76", 
    "hqdb_review_score": "9,4", 
    "accreditations": null, 
    "category": null, 
    "subcategory": null, 
    "street": null, 
    "city": "Madrid", 
    "zipcode": "28006", 
    "formatted_address": "Madrid, 28006", 
    "country": "es", 
    "office_number": "914117380", 
    "office_number2": null, 
    "mobile_number": null, 
    "mobile_number2": null, 
    "unidentified_phone_numbers": null, 
    "latitude": "40.4363493000", 
    "longitude": "-3.6855279999", 
    "business_email": null, 
    "yelp_page": null, 
    "facebook": null, 
    "twitter": null, 
    "instagram": null, 
    "venue_images": "https://d1nd15w2k87kz0.cloudfront.net/Logotipos/635914902773683359.jpg", 
    "opening_hours_raw": null, 
    "pricelist_link": null, 
    "services": [
        {
            "service_category": "Preferente", 
            "service": "Corte De Pelo Para Hombre", 
            "duration": 2700, 
            "price": "23 € ", 
            "description": "Corte de hombre en el que incluye masaje capilar de bienvenida con aceites esenciales a elegir. El servicio incluye corte, lavado con champú específico y masaje y productos de acabado. Confía en nuestros expertos estilistas de Sai Tei y disfruta de un look renovado gracias a que seguimos las últimas tendencias. Haz tu reserva online."
        }, 
        {
            "service_category": "Preferente", 
            "service": "Corte De Pelo Y Peinado Especial Saitei", 
            "duration": 3600, 
            "price": "52 € ", 
            "description": "Oferta especial de Sai Tei. En el servicio está incluido el asesoramiento al cliente, té de bienvenida, lavado, masaje capilar, corte y peinado. Realizamos cortes dinámicos, actuales y con resultados glamurosos con estilo fresco que consigan resaltar la personalidad de cada cliente. Confía en nuestros expertos estilistas de Sai Tei y disfruta de un look renovado gracias a que seguimos las últimas tendencias. Haz tu reserva online."
        }, 
        {
            "service_category": "Preferente", 
            "service": "Manicura Con Esmaltado Permanente Shellac", 
            "duration": 3600, 
            "price": "39 € ", 
            "description": "¿Te apetece llevar tus uñas perfectas durante dos o tres semanas? Utilizamos la marca Shellac. Te garantizamos durabilidad y brillo sin estropear tu uña y sin perder tiempo en el secado. Protege la uña natural sin dañarla. D"
        }, 
        {
            "service_category": "Preferente", 
            "service": "Manicura Express", 
            "duration": 900, 
            "price": "15 € ", 
            "description": "Para todas aquéllas que quieren estar siempre perfectas y no tienen el tiempo que desearían. El servicio incluye limado, hidratado y esmaltado del color que prefieras. D"
        }, 
        {
            "service_category": "Preferente", 
            "service": "Pedicura Sai Tei Premium", 
            "duration": 3600, 
            "price": "44 € ", 
            "description": "Comenzamos sumergiendo tus pies en un baño templado, tratamiento de cutículas, eliminación de durezas, para finalizar con el esmaltado. Confía en nuestros expertos esteticistas de Sai Tei y disfruta de unos resultados increíbles gracias a la experiencia que nos avala. Haz tu reserva online y no te arrepentirás del resultado."
        }, 
        {
            "service_category": "Peluquería", 
            "service": "Cambio De Look Corte, Hidratación,Mechas Y Peinado", 
            "duration": 7200, 
            "price": "115 € ", 
            "description": "Si te apetece un cambio de look y un cambio a mejor déjate asesorar por nuestros estilistas de Sai Tei. Te ofrecemos este fabuloso pack que consiste en asesoramiento, tratamiento intensivo de hidratación, reflejos de sol, corte y peinado. Confía en nuestros expertos estilistas de Sai Tei y disfruta de un look renovado gracias a que seguimos las últimas tendencias. Haz tu reserva online."
        }, 
        {
            "service_category": "Peluquería", 
            "service": "Color Barros Completo", 
            "duration": 5400, 
            "price": "90 € ", 
            "description": "Coloración con barros completamente natural en la que se aplica un brillo excepcional. En el servicio está incluida la coloración con los barros y el lavado con secado natural. No incluye el peinado. Se aplica a todo tipo de cabellos. Confía en nuestros expertos estilistas de Sai Tei y disfruta de un look renovado gracias a que seguimos las últimas tendencias. Haz tu reserva online."
        }, 
        {
            "service_category": "Peluquería", 
            "service": "Corte De Pelo Para Hombre", 
            "duration": 2700, 
            "price": "23 € ", 
            "description": "Corte de hombre en el que incluye masaje capilar de bienvenida con aceites esenciales a elegir. El servicio incluye corte, lavado con champú específico y masaje y productos de acabado. Confía en nuestros expertos estilistas de Sai Tei y disfruta de un look renovado gracias a que seguimos las últimas tendencias. Haz tu reserva online."
        }, 
        {
            "service_category": "Peluquería", 
            "service": "Corte De Pelo Y Peinado Corto", 
            "duration": 3600, 
            "price": "52 € ", 
            "description": "El servicio incluye el lavado, corte y peinado en cabello corto, por encima de los hombros. Disfruta de un corte de tendencia y a la moda gracias a nuestros expertos estilistas de Sai Tei."
        }, 
        {
            "service_category": "Peluquería", 
            "service": "Corte De Pelo Y Peinado Especial Saitei", 
            "duration": 3600, 
            "price": "52 € ", 
            "description": "Oferta especial de Sai Tei. En el servicio está incluido el asesoramiento al cliente, té de bienvenida, lavado, masaje capilar, corte y peinado. Realizamos cortes dinámicos, actuales y con resultados glamurosos con estilo fresco que consigan resaltar la personalidad de cada cliente. Confía en nuestros expertos estilistas de Sai Tei y disfruta de un look renovado gracias a que seguimos las últimas tendencias. Haz tu reserva online."
        }, 
        {
            "service_category": "Peluquería", 
            "service": "Corte De Pelo Y Peinado Largo", 
            "duration": 3600, 
            "price": "56 € ", 
            "description": "Servicio de corte de pelo, lavado y peinado siempre aconsejado por los mejores profesionales. Disfruta de un corte de tendencia y a la moda gracias a nuestros expertos estilistas de Sai Tei."
        }, 
        {
            "service_category": "Peluquería", 
            "service": "Corte, Peinado Y Tto. Capilar Hidratación", 
            "duration": 5400, 
            "price": "71 € ", 
            "description": "Servicio especial de Sai Tei. En el precio está incluido el asesoramiento al cliente, té de bienvenida, lavado, masaje capilar, corte, hidratación profunda con productos botánicos y peinado. Realizamos cortes dinámicos, actuales y con resultados glamurosos con estilo fresco que consigan resaltar la personalidad de cada cliente. D"
        }, 
        {
            "service_category": "Peluquería", 
            "service": "Maquillaje De Novia", 
            "duration": 3600, 
            "price": "80 € ", 
            "description": "Lucirás hermosa y radiante con nuestro maquillaje diseñado en Sai Tei exclusivamente para ti. Conseguirás una piel perfecta. Confía en nuestros expertos esteticistas de Sai Tei y disfruta de unos resultados increíbles gracias a la experiencia que nos avala. Haz tu reserva online y no te arrepentirás del resultado."
        }, 
        {
            "service_category": "Peluquería", 
            "service": "Mechas Babylights", 
            "duration": 5400, 
            "price": "52 € ", 
            "description": "Ideal para las que tienen la base clara, se trata de mechas muy finas, que sobre todo van en las zonas de la coronilla, líneas y contornos. Incluye las mechas y el lavado. Confía en nuestros expertos estilistas de Sai Tei y disfruta de unos resultados increíbles gracias a la experiencia que nos avala. Haz tu reserva online y no te arrepentirás del resultado."
        }, 
        {
            "service_category": "Peluquería", 
            "service": "Mechas Balayage", 
            "duration": 5400, 
            "price": "68 € ", 
            "description": "Con estas mechas se consigue un aspecto mucho más natural para tu pelo y permite al colorista aplicar el tono sólo donde lo necesita tu melena,pudiendo jugar con puntos de luz allí donde van a dar más fuerza y movimiento."
        }, 
        {
            "service_category": "Peluquería", 
            "service": "Mechas Enteras", 
            "duration": 7200, 
            "price": "89 € ", 
            "description": "Mechas aplicadas a todo el cabello,tricortadas a plata,con las que conseguimos aportar luminosidad a tu melena.El servicio incluye:masaje craneal,lavado con champú y acondicionador de tratamiento."
        }, 
        {
            "service_category": "Peluquería", 
            "service": "Pack Novia Estética", 
            "duration": 14400, 
            "price": "171 € ", 
            "description": "Pack de novia que incluye un Diágnostico de la piel y Puesta a punto facial: El Tratamiento Flash Facial queda personalizado a la piel de la novia. También dispondrás de una Manicura Sai Tei y una Pedicura Sai Tei. Se realizará un peeling corporal con hidratación y Exfoliación a base de aceites de almendras y sales marinas que nos ayudan a eliminar las células muertas de la piel. A continuación se realiza un masaje con una crema súper hidratante.D"
        }, 
        {
            "service_category": "Peluquería", 
            "service": "Pack Novia Peluquería", 
            "duration": 14400, 
            "price": "190 € ", 
            "description": "Pack especial para Novia o acompañante que quiere disfrutar de este servicio tan especial: Maquillaje, Peinado Y Recogido."
        }, 
        {
            "service_category": "Peluquería", 
            "service": "Peeling Capilar, Barros/Óleos En Raíz Y Maquillaje", 
            "duration": 5400, 
            "price": "79 € ", 
            "description": "BRecibe un té de bienvenida para iniciar un completo ritual de bellezapeinado y un maquillaje flash.D"
        }, 
        {
            "service_category": "Peluquería", 
            "service": "Tratamiento Keratina Largo", 
            "duration": 5400, 
            "price": "250 € ", 
            "description": "Reduce volumen y elimina el encrespamiento del cabello. Además, aporta brillo y sedosidad. Un tratamiento de Keratina muy rico en proteínas, que mejorarán el mantenimiento de tu melena. Precio para cabellos largos. Confía en nuestros expertos estilistas de Sai Tei y disfruta de un look renovado gracias a que seguimos las últimas tendencias. Haz tu reserva online."
        }, 
        {
            "service_category": "Peluquería", 
            "service": "Tratamiento Keratina Media Melena", 
            "duration": 5400, 
            "price": "225 € ", 
            "description": "Reduce volumen y elimina el encrespamiento del cabello. Además, aporta brillo y sedosidad. Un tratamiento de Keratina muy rico en proteínas, que mejorarán el mantenimiento de tu melena. Precio para cabellos medios. Confía en nuestros expertos estilistas de Sai Tei y disfruta de un look renovado gracias a que seguimos las últimas tendencias. Haz tu reserva online."
        }, 
        {
            "service_category": "Peluquería", 
            "service": "Corte Señora", 
            "duration": 3600, 
            "price": "35 € ", 
            "description": "Incluye masaje ,lavado con productos orgánicos ,ycorte de pelo. No incluye el peinadoD"
        }, 
        {
            "service_category": "Peluquería", 
            "service": "Color Barros Raíz", 
            "duration": 3600, 
            "price": "50 € ", 
            "description": "Coloración con barros en raíz completamente natural y que aporta un brillo excepcional. En el servicio está incluida la coloración con los barros y el lavado con secado natural. No incluye el peinado. Confía en nuestros expertos estilistas de Sai Tei y disfruta de un look renovado gracias a que seguimos las últimas tendencias. Haz tu reserva online."
        }, 
        {
            "service_category": "Estética", 
            "service": "Cambio De Look Corte, Hidratación,Mechas Y Peinado", 
            "duration": 7200, 
            "price": "115 € ", 
            "description": "Si te apetece un cambio de look y un cambio a mejor déjate asesorar por nuestros estilistas de Sai Tei. Te ofrecemos este fabuloso pack que consiste en asesoramiento, tratamiento intensivo de hidratación, reflejos de sol, corte y peinado. Confía en nuestros expertos estilistas de Sai Tei y disfruta de un look renovado gracias a que seguimos las últimas tendencias. Haz tu reserva online."
        }, 
        {
            "service_category": "Estética", 
            "service": "Color Barros Completo", 
            "duration": 5400, 
            "price": "90 € ", 
            "description": "Coloración con barros completamente natural en la que se aplica un brillo excepcional. En el servicio está incluida la coloración con los barros y el lavado con secado natural. No incluye el peinado. Se aplica a todo tipo de cabellos. Confía en nuestros expertos estilistas de Sai Tei y disfruta de un look renovado gracias a que seguimos las últimas tendencias. Haz tu reserva online."
        }, 
        {
            "service_category": "Estética", 
            "service": "Corte De Pelo Para Hombre", 
            "duration": 2700, 
            "price": "23 € ", 
            "description": "Corte de hombre en el que incluye masaje capilar de bienvenida con aceites esenciales a elegir. El servicio incluye corte, lavado con champú específico y masaje y productos de acabado. Confía en nuestros expertos estilistas de Sai Tei y disfruta de un look renovado gracias a que seguimos las últimas tendencias. Haz tu reserva online."
        }, 
        {
            "service_category": "Estética", 
            "service": "Corte De Pelo Y Peinado Corto", 
            "duration": 3600, 
            "price": "52 € ", 
            "description": "El servicio incluye el lavado, corte y peinado en cabello corto, por encima de los hombros. Disfruta de un corte de tendencia y a la moda gracias a nuestros expertos estilistas de Sai Tei."
        }, 
        {
            "service_category": "Estética", 
            "service": "Corte De Pelo Y Peinado Especial Saitei", 
            "duration": 3600, 
            "price": "52 € ", 
            "description": "Oferta especial de Sai Tei. En el servicio está incluido el asesoramiento al cliente, té de bienvenida, lavado, masaje capilar, corte y peinado. Realizamos cortes dinámicos, actuales y con resultados glamurosos con estilo fresco que consigan resaltar la personalidad de cada cliente. Confía en nuestros expertos estilistas de Sai Tei y disfruta de un look renovado gracias a que seguimos las últimas tendencias. Haz tu reserva online."
        }, 
        {
            "service_category": "Estética", 
            "service": "Corte De Pelo Y Peinado Largo", 
            "duration": 3600, 
            "price": "56 € ", 
            "description": "Servicio de corte de pelo, lavado y peinado siempre aconsejado por los mejores profesionales. Disfruta de un corte de tendencia y a la moda gracias a nuestros expertos estilistas de Sai Tei."
        }, 
        {
            "service_category": "Estética", 
            "service": "Corte, Peinado Y Tto. Capilar Hidratación", 
            "duration": 5400, 
            "price": "71 € ", 
            "description": "Servicio especial de Sai Tei. En el precio está incluido el asesoramiento al cliente, té de bienvenida, lavado, masaje capilar, corte, hidratación profunda con productos botánicos y peinado. Realizamos cortes dinámicos, actuales y con resultados glamurosos con estilo fresco que consigan resaltar la personalidad de cada cliente. D"
        }, 
        {
            "service_category": "Estética", 
            "service": "Maquillaje De Novia", 
            "duration": 3600, 
            "price": "80 € ", 
            "description": "Lucirás hermosa y radiante con nuestro maquillaje diseñado en Sai Tei exclusivamente para ti. Conseguirás una piel perfecta. Confía en nuestros expertos esteticistas de Sai Tei y disfruta de unos resultados increíbles gracias a la experiencia que nos avala. Haz tu reserva online y no te arrepentirás del resultado."
        }, 
        {
            "service_category": "Estética", 
            "service": "Mechas Babylights", 
            "duration": 5400, 
            "price": "52 € ", 
            "description": "Ideal para las que tienen la base clara, se trata de mechas muy finas, que sobre todo van en las zonas de la coronilla, líneas y contornos. Incluye las mechas y el lavado. Confía en nuestros expertos estilistas de Sai Tei y disfruta de unos resultados increíbles gracias a la experiencia que nos avala. Haz tu reserva online y no te arrepentirás del resultado."
        }, 
        {
            "service_category": "Estética", 
            "service": "Mechas Balayage", 
            "duration": 5400, 
            "price": "68 € ", 
            "description": "Con estas mechas se consigue un aspecto mucho más natural para tu pelo y permite al colorista aplicar el tono sólo donde lo necesita tu melena,pudiendo jugar con puntos de luz allí donde van a dar más fuerza y movimiento."
        }, 
        {
            "service_category": "Estética", 
            "service": "Mechas Enteras", 
            "duration": 7200, 
            "price": "89 € ", 
            "description": "Mechas aplicadas a todo el cabello,tricortadas a plata,con las que conseguimos aportar luminosidad a tu melena.El servicio incluye:masaje craneal,lavado con champú y acondicionador de tratamiento."
        }, 
        {
            "service_category": "Manicura y Pedicura", 
            "service": "Cambio De Look Corte, Hidratación,Mechas Y Peinado", 
            "duration": 7200, 
            "price": "115 € ", 
            "description": "Si te apetece un cambio de look y un cambio a mejor déjate asesorar por nuestros estilistas de Sai Tei. Te ofrecemos este fabuloso pack que consiste en asesoramiento, tratamiento intensivo de hidratación, reflejos de sol, corte y peinado. Confía en nuestros expertos estilistas de Sai Tei y disfruta de un look renovado gracias a que seguimos las últimas tendencias. Haz tu reserva online."
        }, 
        {
            "service_category": "Manicura y Pedicura", 
            "service": "Color Barros Completo", 
            "duration": 5400, 
            "price": "90 € ", 
            "description": "Coloración con barros completamente natural en la que se aplica un brillo excepcional. En el servicio está incluida la coloración con los barros y el lavado con secado natural. No incluye el peinado. Se aplica a todo tipo de cabellos. Confía en nuestros expertos estilistas de Sai Tei y disfruta de un look renovado gracias a que seguimos las últimas tendencias. Haz tu reserva online."
        }, 
        {
            "service_category": "Manicura y Pedicura", 
            "service": "Corte De Pelo Para Hombre", 
            "duration": 2700, 
            "price": "23 € ", 
            "description": "Corte de hombre en el que incluye masaje capilar de bienvenida con aceites esenciales a elegir. El servicio incluye corte, lavado con champú específico y masaje y productos de acabado. Confía en nuestros expertos estilistas de Sai Tei y disfruta de un look renovado gracias a que seguimos las últimas tendencias. Haz tu reserva online."
        }, 
        {
            "service_category": "Manicura y Pedicura", 
            "service": "Corte De Pelo Y Peinado Corto", 
            "duration": 3600, 
            "price": "52 € ", 
            "description": "El servicio incluye el lavado, corte y peinado en cabello corto, por encima de los hombros. Disfruta de un corte de tendencia y a la moda gracias a nuestros expertos estilistas de Sai Tei."
        }, 
        {
            "service_category": "Manicura y Pedicura", 
            "service": "Corte De Pelo Y Peinado Especial Saitei", 
            "duration": 3600, 
            "price": "52 € ", 
            "description": "Oferta especial de Sai Tei. En el servicio está incluido el asesoramiento al cliente, té de bienvenida, lavado, masaje capilar, corte y peinado. Realizamos cortes dinámicos, actuales y con resultados glamurosos con estilo fresco que consigan resaltar la personalidad de cada cliente. Confía en nuestros expertos estilistas de Sai Tei y disfruta de un look renovado gracias a que seguimos las últimas tendencias. Haz tu reserva online."
        }, 
        {
            "service_category": "Manicura y Pedicura", 
            "service": "Corte De Pelo Y Peinado Largo", 
            "duration": 3600, 
            "price": "56 € ", 
            "description": "Servicio de corte de pelo, lavado y peinado siempre aconsejado por los mejores profesionales. Disfruta de un corte de tendencia y a la moda gracias a nuestros expertos estilistas de Sai Tei."
        }, 
        {
            "service_category": "Manicura y Pedicura", 
            "service": "Corte, Peinado Y Tto. Capilar Hidratación", 
            "duration": 5400, 
            "price": "71 € ", 
            "description": "Servicio especial de Sai Tei. En el precio está incluido el asesoramiento al cliente, té de bienvenida, lavado, masaje capilar, corte, hidratación profunda con productos botánicos y peinado. Realizamos cortes dinámicos, actuales y con resultados glamurosos con estilo fresco que consigan resaltar la personalidad de cada cliente. D"
        }, 
        {
            "service_category": "Manicura y Pedicura", 
            "service": "Maquillaje De Novia", 
            "duration": 3600, 
            "price": "80 € ", 
            "description": "Lucirás hermosa y radiante con nuestro maquillaje diseñado en Sai Tei exclusivamente para ti. Conseguirás una piel perfecta. Confía en nuestros expertos esteticistas de Sai Tei y disfruta de unos resultados increíbles gracias a la experiencia que nos avala. Haz tu reserva online y no te arrepentirás del resultado."
        }, 
        {
            "service_category": "Manicura y Pedicura", 
            "service": "Mechas Babylights", 
            "duration": 5400, 
            "price": "52 € ", 
            "description": "Ideal para las que tienen la base clara, se trata de mechas muy finas, que sobre todo van en las zonas de la coronilla, líneas y contornos. Incluye las mechas y el lavado. Confía en nuestros expertos estilistas de Sai Tei y disfruta de unos resultados increíbles gracias a la experiencia que nos avala. Haz tu reserva online y no te arrepentirás del resultado."
        }, 
        {
            "service_category": "Masaje", 
            "service": "Cambio De Look Corte, Hidratación,Mechas Y Peinado", 
            "duration": 7200, 
            "price": "115 € ", 
            "description": "Si te apetece un cambio de look y un cambio a mejor déjate asesorar por nuestros estilistas de Sai Tei. Te ofrecemos este fabuloso pack que consiste en asesoramiento, tratamiento intensivo de hidratación, reflejos de sol, corte y peinado. Confía en nuestros expertos estilistas de Sai Tei y disfruta de un look renovado gracias a que seguimos las últimas tendencias. Haz tu reserva online."
        }, 
        {
            "service_category": "Masaje", 
            "service": "Color Barros Completo", 
            "duration": 5400, 
            "price": "90 € ", 
            "description": "Coloración con barros completamente natural en la que se aplica un brillo excepcional. En el servicio está incluida la coloración con los barros y el lavado con secado natural. No incluye el peinado. Se aplica a todo tipo de cabellos. Confía en nuestros expertos estilistas de Sai Tei y disfruta de un look renovado gracias a que seguimos las últimas tendencias. Haz tu reserva online."
        }, 
        {
            "service_category": "Masaje", 
            "service": "Corte De Pelo Para Hombre", 
            "duration": 2700, 
            "price": "23 € ", 
            "description": "Corte de hombre en el que incluye masaje capilar de bienvenida con aceites esenciales a elegir. El servicio incluye corte, lavado con champú específico y masaje y productos de acabado. Confía en nuestros expertos estilistas de Sai Tei y disfruta de un look renovado gracias a que seguimos las últimas tendencias. Haz tu reserva online."
        }, 
        {
            "service_category": "Masaje", 
            "service": "Corte De Pelo Y Peinado Corto", 
            "duration": 3600, 
            "price": "52 € ", 
            "description": "El servicio incluye el lavado, corte y peinado en cabello corto, por encima de los hombros. Disfruta de un corte de tendencia y a la moda gracias a nuestros expertos estilistas de Sai Tei."
        }, 
        {
            "service_category": "Masaje", 
            "service": "Corte De Pelo Y Peinado Especial Saitei", 
            "duration": 3600, 
            "price": "52 € ", 
            "description": "Oferta especial de Sai Tei. En el servicio está incluido el asesoramiento al cliente, té de bienvenida, lavado, masaje capilar, corte y peinado. Realizamos cortes dinámicos, actuales y con resultados glamurosos con estilo fresco que consigan resaltar la personalidad de cada cliente. Confía en nuestros expertos estilistas de Sai Tei y disfruta de un look renovado gracias a que seguimos las últimas tendencias. Haz tu reserva online."
        }, 
        {
            "service_category": "Masaje", 
            "service": "Corte De Pelo Y Peinado Largo", 
            "duration": 3600, 
            "price": "56 € ", 
            "description": "Servicio de corte de pelo, lavado y peinado siempre aconsejado por los mejores profesionales. Disfruta de un corte de tendencia y a la moda gracias a nuestros expertos estilistas de Sai Tei."
        }, 
        {
            "service_category": "Masaje", 
            "service": "Corte, Peinado Y Tto. Capilar Hidratación", 
            "duration": 5400, 
            "price": "71 € ", 
            "description": "Servicio especial de Sai Tei. En el precio está incluido el asesoramiento al cliente, té de bienvenida, lavado, masaje capilar, corte, hidratación profunda con productos botánicos y peinado. Realizamos cortes dinámicos, actuales y con resultados glamurosos con estilo fresco que consigan resaltar la personalidad de cada cliente. D"
        }, 
        {
            "service_category": "Depilación", 
            "service": "Cambio De Look Corte, Hidratación,Mechas Y Peinado", 
            "duration": 7200, 
            "price": "115 € ", 
            "description": "Si te apetece un cambio de look y un cambio a mejor déjate asesorar por nuestros estilistas de Sai Tei. Te ofrecemos este fabuloso pack que consiste en asesoramiento, tratamiento intensivo de hidratación, reflejos de sol, corte y peinado. Confía en nuestros expertos estilistas de Sai Tei y disfruta de un look renovado gracias a que seguimos las últimas tendencias. Haz tu reserva online."
        }, 
        {
            "service_category": "Depilación", 
            "service": "Color Barros Completo", 
            "duration": 5400, 
            "price": "90 € ", 
            "description": "Coloración con barros completamente natural en la que se aplica un brillo excepcional. En el servicio está incluida la coloración con los barros y el lavado con secado natural. No incluye el peinado. Se aplica a todo tipo de cabellos. Confía en nuestros expertos estilistas de Sai Tei y disfruta de un look renovado gracias a que seguimos las últimas tendencias. Haz tu reserva online."
        }, 
        {
            "service_category": "Depilación", 
            "service": "Corte De Pelo Para Hombre", 
            "duration": 2700, 
            "price": "23 € ", 
            "description": "Corte de hombre en el que incluye masaje capilar de bienvenida con aceites esenciales a elegir. El servicio incluye corte, lavado con champú específico y masaje y productos de acabado. Confía en nuestros expertos estilistas de Sai Tei y disfruta de un look renovado gracias a que seguimos las últimas tendencias. Haz tu reserva online."
        }, 
        {
            "service_category": "Depilación", 
            "service": "Corte De Pelo Y Peinado Corto", 
            "duration": 3600, 
            "price": "52 € ", 
            "description": "El servicio incluye el lavado, corte y peinado en cabello corto, por encima de los hombros. Disfruta de un corte de tendencia y a la moda gracias a nuestros expertos estilistas de Sai Tei."
        }, 
        {
            "service_category": "Bienestar", 
            "service": "Cambio De Look Corte, Hidratación,Mechas Y Peinado", 
            "duration": 7200, 
            "price": "115 € ", 
            "description": "Si te apetece un cambio de look y un cambio a mejor déjate asesorar por nuestros estilistas de Sai Tei. Te ofrecemos este fabuloso pack que consiste en asesoramiento, tratamiento intensivo de hidratación, reflejos de sol, corte y peinado. Confía en nuestros expertos estilistas de Sai Tei y disfruta de un look renovado gracias a que seguimos las últimas tendencias. Haz tu reserva online."
        }, 
        {
            "service_category": "Bienestar", 
            "service": "Color Barros Completo", 
            "duration": 5400, 
            "price": "90 € ", 
            "description": "Coloración con barros completamente natural en la que se aplica un brillo excepcional. En el servicio está incluida la coloración con los barros y el lavado con secado natural. No incluye el peinado. Se aplica a todo tipo de cabellos. Confía en nuestros expertos estilistas de Sai Tei y disfruta de un look renovado gracias a que seguimos las últimas tendencias. Haz tu reserva online."
        }, 
        {
            "service_category": "Bienestar", 
            "service": "Corte De Pelo Para Hombre", 
            "duration": 2700, 
            "price": "23 € ", 
            "description": "Corte de hombre en el que incluye masaje capilar de bienvenida con aceites esenciales a elegir. El servicio incluye corte, lavado con champú específico y masaje y productos de acabado. Confía en nuestros expertos estilistas de Sai Tei y disfruta de un look renovado gracias a que seguimos las últimas tendencias. Haz tu reserva online."
        }
    ]
}