{
    "adid": null, 
    "name": "MM25", 
    "name_of_contact": "MM25", 
    "scrape_page": "https://www.bucmi.com/mm25", 
    "business_website": "https://www.bucmi.com/mm25", 
    "areas_covered": null, 
    "description": "MM25 Peluqueros es una de las peluquerías clásicas del barrio de Malasaña. Desde que abrió sus puertas en 1982 se ha convertido en una marca de imagen personal y estética. Este salón está ubicado en el número 25 de la calle Manuela Malasaña y ofrece los mejores servicios y tratamientos, de la mano de marcas reconocidas como American Crew, Revlon o Essie. Su equipo se mantiene en constante aprendizaje de nuevas técnicas y brinda un trato personalizado, cercano y familiar. Entre sus especialidades están el estilismo, los recogidos y los servicios para Novias. Décadas de trabajo, su constante renovación tecnológica y miles de clientes satisfechos garantizan los mejores resultados en sus tratamientos de peluquería, estética, manicuras, pedicuras y depilaciones.", 
    "img_link": [
        "https://d1nd15w2k87kz0.cloudfront.net/Uploads/636275274864969863.jpg", 
        "https://d1nd15w2k87kz0.cloudfront.net/Uploads/636275275679010513.jpg", 
        "https://d1nd15w2k87kz0.cloudfront.net/Uploads/636275280129203021.jpg", 
        "https://d1nd15w2k87kz0.cloudfront.net/Uploads/636275281577757705.jpg"
    ], 
    "hqdb_featured_ad_type": "Featured", 
    "hqdb_nr_reviews": "151", 
    "hqdb_review_score": "9,1", 
    "accreditations": null, 
    "category": null, 
    "subcategory": null, 
    "street": "C/ Gaztambide, 15", 
    "city": "Madrid", 
    "zipcode": "28004", 
    "formatted_address": "C/ Gaztambide, 15, Madrid, 28004", 
    "country": "es", 
    "office_number": "914485702", 
    "office_number2": null, 
    "mobile_number": null, 
    "mobile_number2": null, 
    "unidentified_phone_numbers": null, 
    "latitude": "40.4287036000", 
    "longitude": "-3.7043873999", 
    "business_email": null, 
    "yelp_page": null, 
    "facebook": null, 
    "twitter": null, 
    "instagram": null, 
    "venue_images": "https://d1nd15w2k87kz0.cloudfront.net/Logotipos/636275264926175381.jpg", 
    "opening_hours_raw": null, 
    "pricelist_link": null, 
    "services": [
        {
            "service_category": "Preferente", 
            "service": "Corte De Pelo Hombre", 
            "duration": 1800, 
            "price": "16,95 € ", 
            "description": "Estrena look en MM25, tu corte de pelo con los mejores peluqueros profesionales de los que disponemos en nuestro centro de peluquería. Incluye lavado del pelo con champú normal, todo con productos American Crew. Confía en nuestros expertos profesionales de MM25, que te harán un asesoramiento personalizado, para que salgas encantad@ de nuestro salón. Nos avalan años de experiencia. ¿A qué estás esperando para hacer tu reserva online? Solo tienes que hacer un clic gracias a Bucmi.com."
        }, 
        {
            "service_category": "Preferente", 
            "service": "Corte De Pelo Mujer", 
            "duration": 1800, 
            "price": "16,4 € ", 
            "description": "Pon tu melena en manos de los mejores peluqueros profesionales. Nos adaptamos a tus gustos para aconsejarte el corte de pelo que más se ajusta a ti. No incluye peinado. Confía en nuestros expertos profesionales de MM25, que te harán un asesoramiento personalizado, para que salgas encantad@ de nuestro salón. Nos avalan años de experiencia. ¿A qué estás esperando para hacer tu reserva online? Solo tienes que hacer un clic gracias a Bucmi.com."
        }, 
        {
            "service_category": "Preferente", 
            "service": "Manicura Completa Ella", 
            "duration": 1800, 
            "price": "11,85 € ", 
            "description": "Las manos de una persona dicen mucho. Presume de uñas bonitas y coloridas. El servicio incluye el cortado, limado y pulido de tus uñas, la retirada de cutículas, y por último el esmaltado Essie o Revlon. Confía en nuestros expertos profesionales de MM25, que te harán un asesoramiento personalizado, para que salgas encantad@ de nuestro salón. Nos avalan años de experiencia. ¿A qué estás esperando para hacer tu reserva online? Solo tienes que hacer un clic gracias a Bucmi.com."
        }, 
        {
            "service_category": "Peluquería", 
            "service": "Mechas Californianas Pelo Largo", 
            "duration": 3600, 
            "price": "48,5 € ", 
            "description": "Da un toque de color a tu cabello con unas mechas californianas gracias a este servicio que podrás realizarte en nuestro centro de peluquería, en Malasaña. Confía en nuestros expertos profesionales de MM25, que te harán un asesoramiento personalizado, para que salgas encantad@ de nuestro salón. Con productos Revlon. ¿A qué estás esperando para hacer tu reserva online? Solo tienes que hacer un clic gracias a Bucmi.com."
        }, 
        {
            "service_category": "Peluquería", 
            "service": "Tratamiento Capilar Tri - Keratina", 
            "duration": 3600, 
            "price": "41,8 € ", 
            "description": "Hidrata tu cabello con este tratamiento de keratina y olvídate del encrespado. Reserva ya este servicio que está tan de moda y el tratamiento más revolucionario y duradero del mercado. Confía en nuestros expertos profesionales de MM25, que te harán un asesoramiento personalizado, para que salgas encantad@ de nuestro salón. Nos avalan años de experiencia. No incluye el Peinado. Incluye el Secado para eliminar la humedad. Es un tratamiento principalmente hidratante y elimina un poco el encrespamiento."
        }, 
        {
            "service_category": "Peluquería", 
            "service": "Arreglo De Barba Con Afeitado", 
            "duration": 1800, 
            "price": "16,95 € ", 
            "description": "Asesoramiento y diseño de barba alterando su forma natural, dándole infinidad de nuevas formas con la navaja. Porque a los hombres también nos gusta cuidar de nuestra imagen. Confía en nuestros expertos profesionales de MM25, que te harán un asesoramiento personalizado y prodeuctos de American Crew, para que salgas encantad@ de nuestro salón. Nos avalan años de experiencia. ¿A qué estás esperando para hacer tu reserva online? Solo tienes que hacer un clic gracias a Bucmi.com."
        }, 
        {
            "service_category": "Peluquería", 
            "service": "Arreglo De Barba Natural", 
            "duration": 1800, 
            "price": "12,95 € ", 
            "description": "Asesoramiento y diseño de barba sin afeitado, respetando su nacimiento original y adaptandolo a los rasgos de la persona. Porque a los hombres también nos gusta cuidar de nuestra imagen. Confía en nuestros expertos profesionales de MM25, que te harán un asesoramiento personalizado, para que salgas encantad@ de nuestro salón. Nos avalan años de experiencia. ¿A qué estás esperando para hacer tu reserva online? Solo tienes que hacer un clic gracias a Bucmi.com."
        }, 
        {
            "service_category": "Peluquería", 
            "service": "Color Orofluído Elixir Pelo Corto", 
            "duration": 3600, 
            "price": "22,35 € ", 
            "description": "Este servicio incluye el lavado del pelo con champú normal, el color del cabello que más te guste y/o que más vaya contigo, y por último el secado natural, todo ello productos Revlon. Confía en nuestros expertos profesionales de MM25, que te harán un asesoramiento personalizado, para que salgas encantad@ de nuestro salón. Nos avalan años de experiencia. ¿A qué estás esperando para hacer tu reserva online? Solo tienes que hacer un clic gracias a Bucmi.com."
        }, 
        {
            "service_category": "Peluquería", 
            "service": "Color Orofluído Elixir Pelo Extralargo", 
            "duration": 5400, 
            "price": "29,85 € ", 
            "description": "El servicio incluye el lavado del pelo con champú específico, el color de pelo que más te guste para tu melena larga, y por último el secado natural. Confía en nuestros expertos profesionales de MM25, que te harán un asesoramiento personalizado, para que salgas encantad@ de nuestro salón. Nos avalan años de experiencia. ¿A qué estás esperando para hacer tu reserva online? Solo tienes que hacer un clic gracias a Bucmi.com."
        }, 
        {
            "service_category": "Peluquería", 
            "service": "Color Orofluido Elixir Pelo Largo", 
            "duration": 3600, 
            "price": "26,9 € ", 
            "description": "El servicio de color Orofluído para pelo largo incluye el lavado del pelo con champú normal, el color que más te guste para tu melena y por último un secado natural, con productos de Revlon. Confía en nuestros expertos profesionales de MM25, que te harán un asesoramiento personalizado, para que salgas encantad@ de nuestro salón. Nos avalan años de experiencia. ¿A qué estás esperando para hacer tu reserva online? Solo tienes que hacer un clic gracias a Bucmi.com."
        }, 
        {
            "service_category": "Peluquería", 
            "service": "Color, Tratamiento Deep Oro Y Peinado", 
            "duration": 5400, 
            "price": "55,85 € ", 
            "description": "Nutre y da color a tu cabello con el asesoramiento de los mejores profesionales de belleza y nuestros proscuto Revlon. Realizamos color, tratamiento capilar de Oro fluido y peinado. Confía en nuestros expertos profesionales de MM25, que te harán un asesoramiento personalizado, para que salgas encantad@ de nuestro salón. Nos avalan años de experiencia. ¿A qué estás esperando para hacer tu reserva online? Solo tienes que hacer un clic gracias a Bucmi.com."
        }, 
        {
            "service_category": "Peluquería", 
            "service": "Corte De Pelo Hombre", 
            "duration": 1800, 
            "price": "16,95 € ", 
            "description": "Estrena look en MM25, tu corte de pelo con los mejores peluqueros profesionales de los que disponemos en nuestro centro de peluquería. Incluye lavado del pelo con champú normal, todo con productos American Crew. Confía en nuestros expertos profesionales de MM25, que te harán un asesoramiento personalizado, para que salgas encantad@ de nuestro salón. Nos avalan años de experiencia. ¿A qué estás esperando para hacer tu reserva online? Solo tienes que hacer un clic gracias a Bucmi.com."
        }, 
        {
            "service_category": "Peluquería", 
            "service": "Corte De Pelo Mujer", 
            "duration": 1800, 
            "price": "16,4 € ", 
            "description": "Pon tu melena en manos de los mejores peluqueros profesionales. Nos adaptamos a tus gustos para aconsejarte el corte de pelo que más se ajusta a ti. No incluye peinado. Confía en nuestros expertos profesionales de MM25, que te harán un asesoramiento personalizado, para que salgas encantad@ de nuestro salón. Nos avalan años de experiencia. ¿A qué estás esperando para hacer tu reserva online? Solo tienes que hacer un clic gracias a Bucmi.com."
        }, 
        {
            "service_category": "Peluquería", 
            "service": "Corte Y Peinado Pelo Corto", 
            "duration": 2700, 
            "price": "23,7 € ", 
            "description": "Cambia de look y déjate asesorar gracias a nuestros peluqueros profesionales de los que disponemos en el centro. Incluye lavado con champú normal, además de productos de acabado Revlon. Confía en nuestros expertos profesionales de MM25, que te harán un asesoramiento personalizado, para que salgas encantad@ de nuestro salón. Nos avalan años de experiencia. ¿A qué estás esperando para hacer tu reserva online? Solo tienes que hacer un clic gracias a Bucmi.com."
        }, 
        {
            "service_category": "Peluquería", 
            "service": "Corte Y Peinado Pelo Extra Largo Con Plancha", 
            "duration": 3600, 
            "price": "34,2 € ", 
            "description": "Cambia de look y déjate asesorar por nuestros peluqueros profesionales de MM25 y de nuestros productos Revlon. Incluye lavado del pelo con champú normal, además de productos de acabado. Confía en nuestros expertos profesionales de MM25, que te harán un asesoramiento personalizado, para que salgas encantad@ de nuestro salón. Nos avalan años de experiencia. ¿A qué estás esperando para hacer tu reserva online? Solo tienes que hacer un clic gracias a Bucmi.com."
        }, 
        {
            "service_category": "Peluquería", 
            "service": "Corte Y Peinado Pelo Extralargo", 
            "duration": 3600, 
            "price": "28,2 € ", 
            "description": "Cambia de look y déjate asesorar por nuestros profesionales en peluquería. El servicio además incluye el lavado de la melena extralarga, además de productos de acabado. Confía en nuestros expertos profesionales de MM25, que te harán un asesoramiento personalizado, para que salgas encantad@ de nuestro salón. Nos avalan años de experiencia. ¿A qué estás esperando para hacer tu reserva online? Solo tienes que hacer un clic gracias a Bucmi.com."
        }, 
        {
            "service_category": "Peluquería", 
            "service": "Corte Y Peinado Pelo Largo", 
            "duration": 3600, 
            "price": "25,9 € ", 
            "description": "Cambia de look y déjate asesorar por nuestros peluqueros profesionales. El servicio incluye el lavado del pelo con champú específico y además también incluye los productos de acabado Revlon. Confía en nuestros expertos profesionales de MM25, que te harán un asesoramiento personalizado, para que salgas encantad@ de nuestro salón. Nos avalan años de experiencia. ¿A qué estás esperando para hacer tu reserva online? Solo tienes que hacer un clic gracias a Bucmi.com."
        }, 
        {
            "service_category": "Peluquería", 
            "service": "Corte Y Peinado Pelo Largo Con Plancha", 
            "duration": 3600, 
            "price": "31,6 € ", 
            "description": "Cambia de look gracias a nuestros peluqueros profesionales y déjate asesorar en nuestro centro de peluquería. El servicio incluye el lavado de pelo, además de productos de acabado Revlon. Confía en nuestros expertos profesionales de MM25, que te harán un asesoramiento personalizado, para que salgas encantad@ de nuestro salón. Nos avalan años de experiencia. ¿A qué estás esperando para hacer tu reserva online? Solo tienes que hacer un clic gracias a Bucmi.com."
        }, 
        {
            "service_category": "Peluquería", 
            "service": "Corte, Tratamiento Deep Oro Y Peinado", 
            "duration": 3600, 
            "price": "47,9 € ", 
            "description": "¿Necesitas sanear tu cabello o te apetece un cambio de look? No lo dudes más, ven a MM25 y déjate asesorar pos nuestros profesionales. Realizamos corte de pelo con asesoramiento personalizado, tratamiento capilar de oro fluido y peinado, todos con productos de la marca Revlon. Confía en nuestros expertos profesionales de MM25, que te harán un asesoramiento personalizado, para que salgas encantad@ de nuestro salón. Nos avalan años de experiencia."
        }, 
        {
            "service_category": "Peluquería", 
            "service": "Mechas Pelo Corto", 
            "duration": 3600, 
            "price": "31,65 € ", 
            "description": "Dale un toque de brillo y luminosidad a tu melena gracias a nuestras mechas con papel de plata. No incluye el peinado ni el matizado. Ven a visitar tu Peluquería MM25 y ponte en manos de nuestros mejores profesionales. Recibirás un trato y asesoramiento personalizado. Realza tu belleza y aporta luminosidad a tu rostro. Presume de una melena sedosa e hidratada. Reserva tu cita cómodamente online en Bucmi.com. ¡Ven a visitarnos! ¡No dejes que te lo cuenten!"
        }, 
        {
            "service_category": "Peluquería", 
            "service": "Mechas Pelo Extra-Largo", 
            "duration": 5400, 
            "price": "42,95 € ", 
            "description": "Dale un toque de brillo y luminosidad a tu melena gracias a nuestras mechas con papel de plata. No incluye el peinado ni el matizado. Ven a visitar tu Peluquería MM25 y ponte en manos de nuestros mejores profesionales. Recibirás un trato y asesoramiento personalizado. Realza tu belleza y aporta luminosidad a tu rostro. Presume de una melena sedosa e hidratada. Reserva tu cita cómodamente online en Bucmi.com. ¡Ven a visitarnos! ¡No dejes que te lo cuenten!"
        }, 
        {
            "service_category": "Peluquería", 
            "service": "Mechas Pelo Largo", 
            "duration": 5400, 
            "price": "38,45 € ", 
            "description": "Dale un toque de brillo y luminosidad a tu melena gracias a nuestras mechas con papel de plata. No incluye el peinado ni el matizado. Ven a visitar tu Peluquería MM25 y ponte en manos de nuestros mejores profesionales. Recibirás un trato y asesoramiento personalizado. Realza tu belleza y aporta luminosidad a tu rostro. Presume de una melena sedosa e hidratada. Reserva tu cita cómodamente online en Bucmi.com. ¡Ven a visitarnos! ¡No dejes que te lo cuenten!"
        }, 
        {
            "service_category": "Peluquería", 
            "service": "Moldeador Pelo Largo", 
            "duration": 7200, 
            "price": "42,95 € ", 
            "description": "Moldea tu cabello y disfruta de unos rizos espectaculares gracias a este servicio de moldeador para pelo largo. Disfrutarás de una melena totalmente natural y con gracia. Confía en nuestros expertos profesionales de MM25, que te harán un asesoramiento personalizado, para que salgas encantad@ de nuestro salón. Nos avalan años de experiencia. ¿A qué estás esperando para hacer tu reserva online? Solo tienes que hacer un clic gracias a Bucmi.com."
        }, 
        {
            "service_category": "Peluquería", 
            "service": "Peinado Pelo Corto", 
            "duration": 1800, 
            "price": "10,75 € ", 
            "description": "Te recomendamos el peinado más adecuado de acuerdo a tu cara, teniendo en cuenta tu estilo, tu personalidad y tipo de cabello. Del estilo más clásico, al más desenfadado. Confía en nuestros expertos profesionales de MM25, que te harán un asesoramiento personalizado, para que salgas encantad@ de nuestro salón. Nos avalan años de experiencia. ¿A qué estás esperando para hacer tu reserva online? Solo tienes que hacer un clic gracias a Bucmi.com."
        }, 
        {
            "service_category": "Peluquería", 
            "service": "Peinado Pelo Extralargo", 
            "duration": 3600, 
            "price": "15,25 € ", 
            "description": "Te recomendamos el peinado más adecuado a tu cara, teniendo en cuenta tu estilo, tu personalidad y tipo de cabello. Del estilo más clásico, al más desenfadado gracias a nuestro servicio de peluquería. Confía en nuestros expertos profesionales de MM25, que te harán un asesoramiento personalizado, para que salgas encantad@ de nuestro salón. Nos avalan años de experiencia. ¿A qué estás esperando para hacer tu reserva online? Solo tienes que hacer un clic gracias a Bucmi.com."
        }, 
        {
            "service_category": "Peluquería", 
            "service": "Peinado Pelo Extralargo Con Plancha", 
            "duration": 3600, 
            "price": "21,25 € ", 
            "description": "Te recomendaremos el peinado más adecuado de acorde a tu cara, teniendo en cuenta tu estilo, tu personalidad y tipo de cabello. Vamos desde el estilo más clásico, al más desenfadado. Confía en nuestros expertos profesionales de MM25, que te harán un asesoramiento personalizado, para que salgas encantad@ de nuestro salón. Nos avalan años de experiencia. ¿A qué estás esperando para hacer tu reserva online? Solo tienes que hacer un clic gracias a Bucmi.com."
        }, 
        {
            "service_category": "Peluquería", 
            "service": "Peinado Pelo Largo", 
            "duration": 2700, 
            "price": "12,95 € ", 
            "description": "Te recomendamos el peinado más adecuado a tu cara, teniendo en cuenta tu estilo, tu personalidad y tipo de cabello. Del estilo más clásico, al más desenfadado. ¡Reserva ya tu cita online!"
        }, 
        {
            "service_category": "Peluquería", 
            "service": "Peinado Pelo Largo Con Plancha", 
            "duration": 3600, 
            "price": "18,65 € ", 
            "description": "Te recomendamos el peinado más adecuado a tu cara, teniendo en cuenta tu estilo, tu personalidad y tipo de cabello. Del estilo más clásico, al más desenfadado. Ahora ya puedes reservar online con nosotros. Confía en nuestros expertos profesionales de MM25, que te harán un asesoramiento personalizado, para que salgas encantad@ de nuestro salón. Nos avalan años de experiencia. ¿A qué estás esperando para hacer tu reserva online? Solo tienes que hacer un clic gracias a Bucmi.com."
        }, 
        {
            "service_category": "Peluquería", 
            "service": "Recogido", 
            "duration": 3600, 
            "price": "29,4 € ", 
            "description": "Te recomendamos el recogido más adecuado a tu cara, teniendo en cuenta tu estilo, tu personalidad y tipo de cabello con nuestros productos Revlon. Podremos ir desde el estilo más clásico, al más desenfadado gracias a nuestros profesionales. Confía en nuestros expertos profesionales de MM25, que te harán un asesoramiento personalizado, para que salgas encantad@ de nuestro salón. Nos avalan años de experiencia. ¿A qué estás esperando para hacer tu reserva online?"
        }, 
        {
            "service_category": "Peluquería", 
            "service": "Retoque Mechas", 
            "duration": 1800, 
            "price": "18,1 € ", 
            "description": "Si no te gustan las raíces que comienzan a aparecer en tus mechas, reserva nuestro servicio de retoque de raíz de tus mechas e ilumina de forma perfecta tu melena de la mano de Revlon. Incluye el lavado pero no el peinado del cabello. Confía en nuestros expertos profesionales de MM25, que te harán un asesoramiento personalizado, para que salgas encantad@ de nuestro salón. Nos avalan años de experiencia. ¿A qué estás esperando para hacer tu reserva online? Solo tienes que hacer un clic gracias a Bucmi.com."
        }, 
        {
            "service_category": "Peluquería", 
            "service": "Semirecogido", 
            "duration": 3600, 
            "price": "24,85 € ", 
            "description": "Ponte en nuestras manos y sé la protagonista del evento gracias a nuestro peinado de semirrecogido asesorado. Previamente prepararemos tu melena lavándolo con champú y acondicionador y luego realizaremos el semirrecogido. Confía en nuestros expertos profesionales de MM25, que te harán un asesoramiento personalizado, para que salgas encantad@ de nuestro salón. Nos avalan años de experiencia. ¿A qué estás esperando para hacer tu reserva online? Solo tienes que hacer un clic gracias a Bucmi.com."
        }, 
        {
            "service_category": "Peluquería", 
            "service": "Tratamiento Capilar Talasoterapia", 
            "duration": 2700, 
            "price": "30,5 € ", 
            "description": "Tratamiento capilar que aprovecha los beneficios del mar: el agua llena sustancias indispensables como sales minerales, vitaminas y oligoelementos. Además, juega con la aromaterapia para que a la vez que cuidas tu cabello, desconectes tu mente y te relajes. Confía en nuestros expertos profesionales de MM25, que te harán un asesoramiento personalizado, para que salgas encantad@ de nuestro salón. Nos avalan años de experiencia. ¿A qué estás esperando para hacer tu reserva online? Solo tienes que hacer un clic"
        }, 
        {
            "service_category": "Peluquería", 
            "service": "Tratamiento Capilar Oro Fluido Deep Oro", 
            "duration": 1800, 
            "price": "22 € ", 
            "description": "En tan solo 10 minutos, recupera la flexibilidad y sedosidad de tu melena. El servicio incluye el lavado con champú, el propio tratamiento pero no incluye el peinado con definición. Notarás los resultados desde el principio. Confía en nuestros expertos profesionales de MM25, que te harán un asesoramiento personalizado, para que salgas encantad@ de nuestro salón. Nos avalan años de experiencia. ¿A qué estás esperando para hacer tu reserva online? Solo tienes que hacer un clic gracias a Bucmi.com."
        }, 
        {
            "service_category": "Peluquería", 
            "service": "Tratamiento Capilar Oro Fluido Express", 
            "duration": 1800, 
            "price": "6,8 € ", 
            "description": "En tan sólo 20 minutos hidrata y repara en profundidad tu melena. El servicio incluye el lavado con champú, el propio tratamiento pero no incluye el peinado con definición. Notarás los resultados desde el principio. Confía en nuestros expertos profesionales de MM25, que te harán un asesoramiento personalizado, para que salgas encantad@ de nuestro salón. Nos avalan años de experiencia. ¿A qué estás esperando para hacer tu reserva online? Solo tienes que hacer un clic gracias a Bucmi.com."
        }, 
        {
            "service_category": "Peluquería", 
            "service": "Tratamiento Capilar Oro Fluido Intense", 
            "duration": 1800, 
            "price": "10,75 € ", 
            "description": "En 30 minutos hidrata, repara y aporta brillo a tu cabello. Quedará increíblemente sedoso y luminoso. El servicio incluye el lavado con champú, el propio tratamiento pero no incluye el peinado con definición. Notarás los resultados desde el principio. Confía en nuestros expertos profesionales de MM25, que te harán un asesoramiento personalizado, para que salgas encantad@ de nuestro salón. Nos avalan años de experiencia. ¿A qué estás esperando para hacer tu reserva online?"
        }, 
        {
            "service_category": "Peluquería", 
            "service": "Tratamiento Capilar Oro Fluido Premium", 
            "duration": 1800, 
            "price": "16,95 € ", 
            "description": "En tan solo 30 minutos experimenta los efectos de un tratamiento intensivo que penetra y permanece en tu pelo. El servicio incluye el lavado con champú, el propio tratamiento pero no incluye el peinado con definición. Confía en nuestros expertos profesionales de MM25, que te harán un asesoramiento personalizado, para que salgas encantad@ de nuestro salón. Nos avalan años de experiencia. ¿A qué estás esperando para hacer tu reserva online? Solo tienes que hacer un clic gracias a Bucmi.com."
        }, 
        {
            "service_category": "Estética", 
            "service": "Mechas Californianas Pelo Largo", 
            "duration": 3600, 
            "price": "48,5 € ", 
            "description": "Da un toque de color a tu cabello con unas mechas californianas gracias a este servicio que podrás realizarte en nuestro centro de peluquería, en Malasaña. Confía en nuestros expertos profesionales de MM25, que te harán un asesoramiento personalizado, para que salgas encantad@ de nuestro salón. Con productos Revlon. ¿A qué estás esperando para hacer tu reserva online? Solo tienes que hacer un clic gracias a Bucmi.com."
        }, 
        {
            "service_category": "Manicura y Pedicura", 
            "service": "Mechas Californianas Pelo Largo", 
            "duration": 3600, 
            "price": "48,5 € ", 
            "description": "Da un toque de color a tu cabello con unas mechas californianas gracias a este servicio que podrás realizarte en nuestro centro de peluquería, en Malasaña. Confía en nuestros expertos profesionales de MM25, que te harán un asesoramiento personalizado, para que salgas encantad@ de nuestro salón. Con productos Revlon. ¿A qué estás esperando para hacer tu reserva online? Solo tienes que hacer un clic gracias a Bucmi.com."
        }, 
        {
            "service_category": "Manicura y Pedicura", 
            "service": "Tratamiento Capilar Tri - Keratina", 
            "duration": 3600, 
            "price": "41,8 € ", 
            "description": "Hidrata tu cabello con este tratamiento de keratina y olvídate del encrespado. Reserva ya este servicio que está tan de moda y el tratamiento más revolucionario y duradero del mercado. Confía en nuestros expertos profesionales de MM25, que te harán un asesoramiento personalizado, para que salgas encantad@ de nuestro salón. Nos avalan años de experiencia. No incluye el Peinado. Incluye el Secado para eliminar la humedad. Es un tratamiento principalmente hidratante y elimina un poco el encrespamiento."
        }, 
        {
            "service_category": "Depilación", 
            "service": "Mechas Californianas Pelo Largo", 
            "duration": 3600, 
            "price": "48,5 € ", 
            "description": "Da un toque de color a tu cabello con unas mechas californianas gracias a este servicio que podrás realizarte en nuestro centro de peluquería, en Malasaña. Confía en nuestros expertos profesionales de MM25, que te harán un asesoramiento personalizado, para que salgas encantad@ de nuestro salón. Con productos Revlon. ¿A qué estás esperando para hacer tu reserva online? Solo tienes que hacer un clic gracias a Bucmi.com."
        }, 
        {
            "service_category": "Depilación", 
            "service": "Tratamiento Capilar Tri - Keratina", 
            "duration": 3600, 
            "price": "41,8 € ", 
            "description": "Hidrata tu cabello con este tratamiento de keratina y olvídate del encrespado. Reserva ya este servicio que está tan de moda y el tratamiento más revolucionario y duradero del mercado. Confía en nuestros expertos profesionales de MM25, que te harán un asesoramiento personalizado, para que salgas encantad@ de nuestro salón. Nos avalan años de experiencia. No incluye el Peinado. Incluye el Secado para eliminar la humedad. Es un tratamiento principalmente hidratante y elimina un poco el encrespamiento."
        }, 
        {
            "service_category": "Depilación", 
            "service": "Arreglo De Barba Con Afeitado", 
            "duration": 1800, 
            "price": "16,95 € ", 
            "description": "Asesoramiento y diseño de barba alterando su forma natural, dándole infinidad de nuevas formas con la navaja. Porque a los hombres también nos gusta cuidar de nuestra imagen. Confía en nuestros expertos profesionales de MM25, que te harán un asesoramiento personalizado y prodeuctos de American Crew, para que salgas encantad@ de nuestro salón. Nos avalan años de experiencia. ¿A qué estás esperando para hacer tu reserva online? Solo tienes que hacer un clic gracias a Bucmi.com."
        }, 
        {
            "service_category": "Depilación", 
            "service": "Arreglo De Barba Natural", 
            "duration": 1800, 
            "price": "12,95 € ", 
            "description": "Asesoramiento y diseño de barba sin afeitado, respetando su nacimiento original y adaptandolo a los rasgos de la persona. Porque a los hombres también nos gusta cuidar de nuestra imagen. Confía en nuestros expertos profesionales de MM25, que te harán un asesoramiento personalizado, para que salgas encantad@ de nuestro salón. Nos avalan años de experiencia. ¿A qué estás esperando para hacer tu reserva online? Solo tienes que hacer un clic gracias a Bucmi.com."
        }, 
        {
            "service_category": "Depilación", 
            "service": "Color Orofluído Elixir Pelo Corto", 
            "duration": 3600, 
            "price": "22,35 € ", 
            "description": "Este servicio incluye el lavado del pelo con champú normal, el color del cabello que más te guste y/o que más vaya contigo, y por último el secado natural, todo ello productos Revlon. Confía en nuestros expertos profesionales de MM25, que te harán un asesoramiento personalizado, para que salgas encantad@ de nuestro salón. Nos avalan años de experiencia. ¿A qué estás esperando para hacer tu reserva online? Solo tienes que hacer un clic gracias a Bucmi.com."
        }, 
        {
            "service_category": "Depilación", 
            "service": "Color Orofluído Elixir Pelo Extralargo", 
            "duration": 5400, 
            "price": "29,85 € ", 
            "description": "El servicio incluye el lavado del pelo con champú específico, el color de pelo que más te guste para tu melena larga, y por último el secado natural. Confía en nuestros expertos profesionales de MM25, que te harán un asesoramiento personalizado, para que salgas encantad@ de nuestro salón. Nos avalan años de experiencia. ¿A qué estás esperando para hacer tu reserva online? Solo tienes que hacer un clic gracias a Bucmi.com."
        }, 
        {
            "service_category": "Depilación", 
            "service": "Color Orofluido Elixir Pelo Largo", 
            "duration": 3600, 
            "price": "26,9 € ", 
            "description": "El servicio de color Orofluído para pelo largo incluye el lavado del pelo con champú normal, el color que más te guste para tu melena y por último un secado natural, con productos de Revlon. Confía en nuestros expertos profesionales de MM25, que te harán un asesoramiento personalizado, para que salgas encantad@ de nuestro salón. Nos avalan años de experiencia. ¿A qué estás esperando para hacer tu reserva online? Solo tienes que hacer un clic gracias a Bucmi.com."
        }
    ]
}