{
    "adid": null, 
    "name": "Style And Cut", 
    "name_of_contact": "Style And Cut", 
    "scrape_page": "https://www.bucmi.com/styleandcut", 
    "business_website": "https://www.bucmi.com/styleandcut", 
    "areas_covered": null, 
    "description": "Contamos con un gran recorrido en el sector de la peluquería. Además, te ofrecemos una gama amplia de servicios en peluquería y estética en nuestro salón y los brindamos con una calidad y profesionalidad inmejorable. Te esperamos con los brazos abiertos.", 
    "img_link": [
        "https://d1nd15w2k87kz0.cloudfront.net/Uploads/635858713302507948.jpg", 
        "https://d1nd15w2k87kz0.cloudfront.net/Uploads/635858713327039249.jpg", 
        "https://d1nd15w2k87kz0.cloudfront.net/Uploads/635858713341101856.jpg", 
        "https://d1nd15w2k87kz0.cloudfront.net/Uploads/635858713352664048.jpg", 
        "https://d1nd15w2k87kz0.cloudfront.net/Uploads/635858713363460199.jpg", 
        "https://d1nd15w2k87kz0.cloudfront.net/Uploads/635858713374397671.jpg", 
        "https://d1nd15w2k87kz0.cloudfront.net/Uploads/635858713382210433.jpg"
    ], 
    "hqdb_featured_ad_type": "Featured", 
    "hqdb_nr_reviews": "27", 
    "hqdb_review_score": "9,4", 
    "accreditations": null, 
    "category": null, 
    "subcategory": null, 
    "street": "C/ Barco, 37", 
    "city": "Madrid", 
    "zipcode": "28028", 
    "formatted_address": "C/ Barco, 37, Madrid, 28028", 
    "country": "es", 
    "office_number": "912818853", 
    "office_number2": null, 
    "mobile_number": null, 
    "mobile_number2": null, 
    "unidentified_phone_numbers": null, 
    "latitude": "40.4351171000", 
    "longitude": "-3.6753573999", 
    "business_email": null, 
    "yelp_page": null, 
    "facebook": null, 
    "twitter": null, 
    "instagram": null, 
    "venue_images": "https://d1nd15w2k87kz0.cloudfront.net/Logotipos/635908725505063463.jpg", 
    "opening_hours_raw": null, 
    "pricelist_link": null, 
    "services": [
        {
            "service_category": "Preferente", 
            "service": "Corte De Pelo De Mujer Y Peinado", 
            "duration": 2700, 
            "price": "30,8 € ", 
            "description": "¿Quieres un corte de pelo a tu gusto y que vaya acorde a tu estilo? ¡Reserva este servicio! Incluye el peinado y el lavado del pelo con champú de tratamiento. ¡Saldrás de nuestro centro con el pelo que siempre has deseado tener! Luce una melena sana, fuerte, hidratada, luminosa y mucho más natural. Reserva tu cita cómodamente online a través de Bucmi.com."
        }, 
        {
            "service_category": "Preferente", 
            "service": "Corte De Pelo Para Hombre", 
            "duration": 1800, 
            "price": "14,95 € ", 
            "description": "¿Quieres cambiar el estilo de tu cabello? El servicio de corte de pelo para hombre incluye el lavado con champú, cortar y producto de acabado. Disfrutarás de un servicio de calidad en Style and Cut. Luce un pelo sedoso, sano, natural, luminoso y mucho más fortalecido. Sanea tus puntas o cambia de look completamente. Reserva tu cita cómodamente online a través de Bucmi.com."
        }, 
        {
            "service_category": "Preferente", 
            "service": "Corte De Pelo Mujer", 
            "duration": 1800, 
            "price": "19,42 € ", 
            "description": "¡Ponte en manos de nuestros especialistas en peluquería! Incluye el lavado y el corte de pelo para mujer. En este servicio no se incluye peinado. Si tienes cualquier duda, consulte con el profesional. Luce un pelo natural, fortalecido, luminoso y mucho más sedoso. Sanea tus puntas o cambia tu look completamente. Reserva tu cita cómodamente online a través de Bucmi.com."
        }, 
        {
            "service_category": "Peluquería", 
            "service": "Alisado Brasileño", 
            "duration": 10800, 
            "price": "150 € ", 
            "description": "Tendrás el pelo sano, rejuvenecido, sin encrespamiento e inalterable por la humedad.. No estropea el pelo y no causa caída. Incluye el lavado y el tratamiento brasileño. Ven a tu Peluquería Style And Cut y ponte en manos de nuestros mejores profesionales. Luce una melena bonita, suave e hidratada. Reserva tu cita cómodamente online a través de Bucmi.com."
        }, 
        {
            "service_category": "Peluquería", 
            "service": "Arreglo Y Afeitado De Barba", 
            "duration": 1800, 
            "price": "7,5 € ", 
            "description": "El servicio de hombre incluye el arreglo y el afeitado de barba, para que puedas salir de la peluquería con un toque totalmente definido y personal. Ahorra tiempo y ven a tu Peluquería Style And Cut y ponte en manos de nuestros mejores profesionales. Reserva tu cita cómodamente online a través de Bucmi.com."
        }, 
        {
            "service_category": "Peluquería", 
            "service": "Color Y Peinado", 
            "duration": 5400, 
            "price": "43,48 € ", 
            "description": "Cambia el color de tu cabello con nuestra amplia gama de tonalidades. Este servicio incluye el lavado del pelo, el color que desees y por último el peinado con productos de acabado para que salgas estupenda. Ven a tu Peluquería Style And Cut y ponte en manos de nuestros mejores profesionales. Lucirás un nuevo look y renovarás tu imagen. Disfruta de una melena bonita, brillante y luminosa. Reserva tu cita cómodamente online a través de Bucmi.com."
        }, 
        {
            "service_category": "Peluquería", 
            "service": "Coloración Natural Barros", 
            "duration": 5400, 
            "price": "34,59 € ", 
            "description": "¿Quieres cambiar el color de tu pelo sin dañarlo? ¡Reserva nuestra coloración de barros! El servicio está incluye el lavado del pelo con champú específico y personalizado. La coloración es totalmente natural a base de extractos 100% naturales en forma de barro. Ven a tu Peluquería Style And Cut y ponte en manos de nuestros mejores profesionales. Lucirás una melena natural, luminosa, brillante e hidratada. Reserva tu cita cómodamente online a través de Bucmi.com."
        }, 
        {
            "service_category": "Peluquería", 
            "service": "Cortar, Mechas Y Peinar", 
            "duration": 7200, 
            "price": "69,5 € ", 
            "description": "¡Dale un giro de 180 grados a tu cabello gracias a este magnífico pack! El servicio incluye el lavado del pelo con champú, corte de moda, mechas para darle luminosidad al cabello y el peinado. ¿Quieres cambiar de look? ¿O dar un nuevo aire a tu imagen? Ven a tu Pelquería Style And Cut y ponte en manos de nuestros mejores profesionales. Lucirás una melena sedosa, luminosa, brillante e hidratante. Reserva tu cita cómodamente online a través de Bucmi.com."
        }, 
        {
            "service_category": "Peluquería", 
            "service": "Corte De Pelo De Mujer, Peinado Y Color", 
            "duration": 5400, 
            "price": "53,99 € ", 
            "description": "Si te apetece cambiar el color de tu pelo, ¡esta es tu ocasión! Reserva ahora y ponte en manos de nuestros expertos y profesionales. Incluye lavado con champú, el corte de pelo, la coloración y el peinado que más te guste. Luce una melena brillante, sedosa, fuerte, hidratada y mucho más natural. Reserva tu cita cómodamente online a través de Bucmi.com."
        }, 
        {
            "service_category": "Peluquería", 
            "service": "Mechas", 
            "duration": 3600, 
            "price": "45,79 € ", 
            "description": "¡Consigue una fantástica luminosidad en tu cabello reservando nuestras mechas! El servicio incluye lavar con champú, las mechas de plata y por último el secado al aire libre. No incluye el peinado. Ven a tu Peluquería Style And Cut y ponte en manos de nuestros mejores profesionales. Luce una melena sana, fuerte y luminosa. Reserva tu cita cómodamente online a través de Bucmi.com."
        }, 
        {
            "service_category": "Peluquería", 
            "service": "Mechas Y Peinado", 
            "duration": 5400, 
            "price": "55,6 € ", 
            "description": "Si lo tuyo son las mechas ¡aprovecha y renueva tu imagen reservando en nuestro salón de peluquería! En el servicio está incluido el lavado del pelo con champú neutro, y, además las mechas, el peinado. Ven a tu Peluquería Style And Cut y ponte en manos de nuestros mejores profesionales. Luce una melena sana, fuerte y luminosa. Reserva tu cita cómodamente online a través de Bucmi.com."
        }, 
        {
            "service_category": "Peluquería", 
            "service": "Tratamiento Capilar Argán", 
            "duration": 1800, 
            "price": "20 € ", 
            "description": "¿A qué esperas para mejorar el aspecto de tu cabello? Este es un completo servicio que ayudará a retener la caída de tu pelo y podrá reforzar las raíces del pelo. Además podrás disfrutar de una hidratación y aceleración del crecimiento capilar. Ven a tu Peluquería Style And Cut y ponte en manos de nuestros mejores profesionales. Luce una melena sana, fuerte y luminosa. Reserva tu cita cómodamente online a través de Bucmi.com."
        }, 
        {
            "service_category": "Peluquería", 
            "service": "Tratamiento Capilar Baño De Brillo", 
            "duration": 1800, 
            "price": "18 € ", 
            "description": "¿A qué esperas para darle una oportunidad a tu pelo? ¡Deja de lado el pelo apagado reservando este tratamiento! El servicio consiste en el lavado del pelo con champú específico y personalizado. Gracias al baño de brillo conseguimos potenciar el brillo natural o el color del tinte, cuando se ve muy apagado por los lavados. Ven a tu Peluquería Style And Cut y ponte en manos de nuestros mejores profesionales. Luce una melena sana, fuerte y luminosa. Reserva tu cita cómodamente online a través de Bucmi.com."
        }, 
        {
            "service_category": "Peluquería", 
            "service": "Tratamiento Capilar Bótox", 
            "duration": 3600, 
            "price": "35 € ", 
            "description": "¡Reserva nuestro tratamiento capilar de botox! El servicio consiste en un método revolucionario e innovador para reparar en profundidad tu cabello. Hará una completa restauración y reducirá el volumen de todo tipo de pelo. Ven a tu Peluquería Style And Cut y ponte en manos de nuestros mejores profesionales. Luce una melena sana, fuerte y luminosa. Reserva tu cita cómodamente online a través de Bucmi.com."
        }, 
        {
            "service_category": "Peluquería", 
            "service": "Corte De Pelo De Mujer Y Peinado", 
            "duration": 2700, 
            "price": "30,8 € ", 
            "description": "¿Quieres un corte de pelo a tu gusto y que vaya acorde a tu estilo? ¡Reserva este servicio! Incluye el peinado y el lavado del pelo con champú de tratamiento. ¡Saldrás de nuestro centro con el pelo que siempre has deseado tener! Luce una melena sana, fuerte, hidratada, luminosa y mucho más natural. Reserva tu cita cómodamente online a través de Bucmi.com."
        }, 
        {
            "service_category": "Peluquería", 
            "service": "Corte De Pelo Para Hombre", 
            "duration": 1800, 
            "price": "14,95 € ", 
            "description": "¿Quieres cambiar el estilo de tu cabello? El servicio de corte de pelo para hombre incluye el lavado con champú, cortar y producto de acabado. Disfrutarás de un servicio de calidad en Style and Cut. Luce un pelo sedoso, sano, natural, luminoso y mucho más fortalecido. Sanea tus puntas o cambia de look completamente. Reserva tu cita cómodamente online a través de Bucmi.com."
        }, 
        {
            "service_category": "Peluquería", 
            "service": "Peinar", 
            "duration": 2700, 
            "price": "15,95 € ", 
            "description": "En el servicio se incluye el lavado del pelo con champú específico y personalizado y por último el peinado a tu gusto. Servicio exprés con el que acabarás con un pelo completamente sano y bonito. Ven a tu Peluquería Style And Cut y ponte en manos de nuestros mejores profesionales. Luce una melena sana, fuerte y luminosa. Reserva tu cita cómodamente online a través de Bucmi.com."
        }, 
        {
            "service_category": "Peluquería", 
            "service": "Corte De Pelo Mujer", 
            "duration": 1800, 
            "price": "19,42 € ", 
            "description": "¡Ponte en manos de nuestros especialistas en peluquería! Incluye el lavado y el corte de pelo para mujer. En este servicio no se incluye peinado. Si tienes cualquier duda, consulte con el profesional. Luce un pelo natural, fortalecido, luminoso y mucho más sedoso. Sanea tus puntas o cambia tu look completamente. Reserva tu cita cómodamente online a través de Bucmi.com."
        }
    ]
}