{
    "adid": null, 
    "name": "Ikone Estética", 
    "name_of_contact": "Ikone Estética", 
    "scrape_page": "https://www.bucmi.com/ikoneestetica", 
    "business_website": "https://www.bucmi.com/ikoneestetica", 
    "areas_covered": null, 
    "description": "El centro de peluquería y estética Ikone Estética situado en Hispanoamérica, Madrid, ofrece todo tipo de tratamientos faciales y corporales como limpiezas de cutis, hidratación, radiofrecuencia y manicuras y pedicuras entre otros. Reserva ahora online.", 
    "img_link": [
        "https://d1nd15w2k87kz0.cloudfront.net/Uploads/635954561172591072.jpg", 
        "https://d1nd15w2k87kz0.cloudfront.net/Uploads/635954561213532204.jpg", 
        "https://d1nd15w2k87kz0.cloudfront.net/Uploads/635954561240563386.jpg", 
        "https://d1nd15w2k87kz0.cloudfront.net/Uploads/635954561604312419.jpg"
    ], 
    "hqdb_featured_ad_type": "Featured", 
    "hqdb_nr_reviews": "7", 
    "hqdb_review_score": "9,1", 
    "accreditations": null, 
    "category": null, 
    "subcategory": null, 
    "street": null, 
    "city": "Madrid", 
    "zipcode": "28016", 
    "formatted_address": "Madrid, 28033, Madrid, 28046, Madrid, 28014, Madrid, 28015, Madrid, 28005, Madrid, 28016", 
    "country": "es", 
    "office_number": "916019673", 
    "office_number2": null, 
    "mobile_number": null, 
    "mobile_number2": null, 
    "unidentified_phone_numbers": null, 
    "latitude": "40.4582821000", 
    "longitude": "-3.6739552000", 
    "business_email": null, 
    "yelp_page": null, 
    "facebook": null, 
    "twitter": null, 
    "instagram": null, 
    "venue_images": "https://d1nd15w2k87kz0.cloudfront.net/Logotipos/635954586888615555.jpg", 
    "opening_hours_raw": null, 
    "pricelist_link": null, 
    "services": [
        {
            "service_category": "Preferente", 
            "service": "Masaje Relajante", 
            "duration": 3600, 
            "price": "40 € ", 
            "description": "Masaje relajante que aportará calma a tu cuerpo para eliminar el malestar y olvidar el estrés. Se realiza con miel de lavanda o miel de naranja y con aceites esenciales. ¡Reserva online!"
        }, 
        {
            "service_category": "Preferente", 
            "service": "Tratamiento Facial Antimanchas", 
            "duration": 5400, 
            "price": "80 € ", 
            "description": "10 Principios Activos Aclarantes ,ilumina y unifica el tono de la piel.Repara el ADN celular,previene la aparición de manchas en la piel.La piel queda mas joven y radiante."
        }, 
        {
            "service_category": "Preferente", 
            "service": "Higiene Facial Casmara", 
            "duration": 3600, 
            "price": "39 € ", 
            "description": "El servicio incluye la limpieza facial, la exfoliación, la extracción con vapor, el masaje con ampolla, el suero y una crema específica, y por último una mascarilla de la marca Casmara, alta cosmética personalizada."
        }, 
        {
            "service_category": "Preferente", 
            "service": "Pedicura Básica", 
            "duration": 3600, 
            "price": "22 € ", 
            "description": "Este es un servicio para realizar una pedicura básica con limado de tus uñas del pie, tratamiento de cutículas, las durezas,un masaje y por último el esmaltado del color que más te guste. Reservas online."
        }, 
        {
            "service_category": "Preferente", 
            "service": "Tratamiento De Radiofrecuencia Facial 6 Sesiones", 
            "duration": 3600, 
            "price": "225 € ", 
            "description": "Estimula la síntesis de colágeno y elastina,mejora la flacidez,Efecto lifting. Inclue Limpiar la cara,exfoliar,hidratar,radiofrecuencia,suero y crema especifica con masaje,la mascarilla y terminamos con ctema. En la primera sesión se hace limpieza facial profunda."
        }, 
        {
            "service_category": "Estética", 
            "service": "Bono 6 Sesiones De Radiofrecuencia Corporal", 
            "duration": 3600, 
            "price": "225 € ", 
            "description": "Este servicio incluye un Bono de 5 Sesiones de Radiofrecuencia Corporal Más 1 Sesión de Regalo. ¿Vas a dejar pasar esta oportunidad? ¿Quieres lucir un cuerpo tonificado y libre de grasa localizada? Ven a tu Centro de Estética Ikone y ponte en manos de nuestros mejores profesionales. Luce un cuerpo reafirmado y una piel mucho más tersa. Disfruta de una piel mucho más joven. Dí adiós a la grasa localizada, la flacidez y la celulitis. Reserva tu cita cómodamente online a través de Bucmi.com."
        }, 
        {
            "service_category": "Estética", 
            "service": "Tratamiento Facial Antimanchas", 
            "duration": 5400, 
            "price": "80 € ", 
            "description": "10 Principios Activos Aclarantes ,ilumina y unifica el tono de la piel.Repara el ADN celular,previene la aparición de manchas en la piel.La piel queda mas joven y radiante."
        }, 
        {
            "service_category": "Estética", 
            "service": "Tratamiento Corporal Anticelulítico", 
            "duration": 5400, 
            "price": "45 € ", 
            "description": "En el servicio está incluido una sesión del tratamiento corporal anticelulítico que sirve para reducir la grasa localizada y de presoterapia que sirve para mejorar la circulación."
        }, 
        {
            "service_category": "Estética", 
            "service": "Tratamiento Corporal Hidratante Spa", 
            "duration": 5400, 
            "price": "45 € ", 
            "description": "El servicio incluye una sesión de tratamiento spa, la cual proporciona grandes beneficios hidratantes para la piel. Puedes elegir un tratamiento hidratante corporal de vino o chocolate."
        }, 
        {
            "service_category": "Estética", 
            "service": "Tratamiento Facial Antiedad Oxigeno", 
            "duration": 3600, 
            "price": "39 € ", 
            "description": "Es un servicio de tratamiento que estimula la respiración celular, lo que es el oxigeno microencapsulado directo a la célula. La piel queda más elástica, suave y brillante."
        }, 
        {
            "service_category": "Estética", 
            "service": "Tratamiento Facial Pieles Sensibles", 
            "duration": 3600, 
            "price": "45 € ", 
            "description": "Consiste en un tratamiento facial para la piel facial sensible. El servicio incluye el limpiado facial, un peeling específico, vapor ultrasónico para limpieza de impurezas y masaje con crema específica."
        }, 
        {
            "service_category": "Estética", 
            "service": "Tratamiento Reductor Corporal Personalizado", 
            "duration": 3600, 
            "price": "35 € ", 
            "description": "Se combinan diferentes aparatologías según el diagnóstico personalizado (Cavitación, Radiofrecuencia, Vacumterapia, Electroestimulación, Presoterapia, Masaje, Alta cosmética profesional)."
        }, 
        {
            "service_category": "Estética", 
            "service": "1 Sesión De Presoterapia", 
            "duration": 1800, 
            "price": "20 € ", 
            "description": "¿Quieres lucir un cuerpo tonificado y libre de grasa localizada? Ven a tu Centro de Estética Ikone y ponte en manos de nuestros mejores profesionales. Luce un cuerpo reafirmado y una piel mucho más tersa. Disfruta de una piel mucho más joven. Dí adiós a la grasa localizada, la flacidez y la celulitis. Reserva tu cita cómodamente online a través de Bucmi.com. ¡Ven a visitarnos! ¡No dejes que te lo cuenten!"
        }, 
        {
            "service_category": "Estética", 
            "service": "Bono 6 Sesiones De Presoterapia", 
            "duration": 1800, 
            "price": "90 € ", 
            "description": "Este servicio incluye un Bono de 5 Sesiones de Presoterapia Más 1 Sesión de Regalo. ¿Quieres lucir un cuerpo tonificado y libre de grasa localizada? Ven a tu Centro de Estética Ikone y ponte en manos de nuestros mejores profesionales. Luce un cuerpo reafirmado y una piel mucho más tersa. Disfruta de una piel mucho más joven. Dí adiós a la grasa localizada, la flacidez y la celulitis. Reserva tu cita cómodamente online a través de Bucmi.com. ¡Ven a visitarnos! ¡No dejes que te lo cuenten!"
        }, 
        {
            "service_category": "Estética", 
            "service": "Bono 6 Sesiones Tto. Facial Vitaminas De Casmara", 
            "duration": 3600, 
            "price": "300 € ", 
            "description": "Este servicio incluye un Bono de 5 Sesiones de Tratamiento Facial Más 1 Sesión de Regalo. El servicio incluye la limpieza facial, la exfoliación, la extracción con vapor, el masaje con ampolla, el suero y una crema específica, y por último una mascarilla de la marca Casmara, alta cosmética personalizada. ¿Quieres lucir una piel suave y luminosa? Ven a tu Centro de Estética Ikone y ponte en manos de nuestros mejores estilistas profesionales. Reserva tu cita cómodamente online a través de Bucmi.com."
        }, 
        {
            "service_category": "Estética", 
            "service": "Bono 6 Ss De Tratamiento Corporal Personalizado", 
            "duration": 3600, 
            "price": "225 € ", 
            "description": "Este servicio incluye un Bono de 5 Sesiones de Tratamiento Corporal Más 1 Sesión de Regalo. Este servicio combina diferentes técnicas: cavitación, vacumterapia, radiofrecuencia, presoterapia, masaje y cosmética avanzada. ¿Quieres lucir un cuerpo tonificado y libre de grasa localizada? Ven a tu Centro de Estética Ikone y ponte en manos de nuestros mejores profesionales. Luce un cuerpo reafirmado y una piel mucho más tersa. Disfruta de una piel mucho más joven. Dí adiós a la grasa localizada y flacidez."
        }, 
        {
            "service_category": "Estética", 
            "service": "Cavitacion, Masaje Y Presoterapia", 
            "duration": 5400, 
            "price": "45 € ", 
            "description": "Técnica no invasiva para acabar con la celulitis y tipo de grasa acumulada que no conseguimos eliminar ni con dietas ni ejercicio,potenciado con un masaje anticelulitico completo mas presoterapia"
        }, 
        {
            "service_category": "Estética", 
            "service": "Higiene Facial Casmara", 
            "duration": 3600, 
            "price": "39 € ", 
            "description": "El servicio incluye la limpieza facial, la exfoliación, la extracción con vapor, el masaje con ampolla, el suero y una crema específica, y por último una mascarilla de la marca Casmara, alta cosmética personalizada."
        }, 
        {
            "service_category": "Estética", 
            "service": "Masaje Circulatorio Piernas Cansadas / Espalda", 
            "duration": 1800, 
            "price": "25 € ", 
            "description": "El servicio incluye un masaje para piernas cansadas y pesadas para eliminar el malestar de las piernas pesadas ofreciéndole beneficios inigualables. Ahorra tiempo y reserva ya tu cita online."
        }, 
        {
            "service_category": "Estética", 
            "service": "Permanente Y Tinte De Pestañas", 
            "duration": 3600, 
            "price": "30 € ", 
            "description": "¿Quieres lucir una mirada intensa y más profunda? Si reservas este servicio, nuestros profesionales en estética te rizarán las pestañas con una permanente especial para la zona. Y para dar el toque final, se aplica un tinte que oscurecerá el color de tus pestañas, aumentando aún más el poder de tu mirada."
        }, 
        {
            "service_category": "Estética", 
            "service": "Radiofrecuencia Corporal", 
            "duration": 3600, 
            "price": "45 € ", 
            "description": "¿Quieres lucir un cuerpo tonificado y libre de grasa localizada? Ven a tu Centro de Estética Ikone y ponte en manos de nuestros mejores profesionales. Luce un cuerpo reafirmado y una piel mucho más tersa. Disfruta de una piel mucho más joven. Dí adiós a la grasa localizada, la flacidez y la celulitis. Reserva tu cita cómodamente online a través de Bucmi.com. ¡Ven a visitarnos! ¡No dejes que te lo cuenten! ¡Te esperamos!"
        }, 
        {
            "service_category": "Estética", 
            "service": "Tratamiento Corporal Personalizado", 
            "duration": 3600, 
            "price": "45 € ", 
            "description": "Este servicio combina diferentes técnicas: cavitación, vacumterapia, radiofrecuencia, presoterapia, masaje y cosmética avanzada. ¿Quieres lucir un cuerpo tonificado y libre de grasa localizada? Ven a tu Centro de Estética Ikone y ponte en manos de nuestros mejores profesionales. Luce un cuerpo reafirmado y una piel mucho más tersa. Disfruta de una piel mucho más joven. Dí adiós a la grasa localizada, la flacidez y la celulitis. Reserva tu cita cómodamente online a través de Bucmi.com."
        }, 
        {
            "service_category": "Estética", 
            "service": "Tratamiento De Radiofrecuencia Facial 6 Sesiones", 
            "duration": 3600, 
            "price": "225 € ", 
            "description": "Estimula la síntesis de colágeno y elastina,mejora la flacidez,Efecto lifting. Inclue Limpiar la cara,exfoliar,hidratar,radiofrecuencia,suero y crema especifica con masaje,la mascarilla y terminamos con ctema. En la primera sesión se hace limpieza facial profunda."
        }, 
        {
            "service_category": "Estética", 
            "service": "Tratamiento Facial Vitaminas,Minerales De Casmara", 
            "duration": 3600, 
            "price": "60 € ", 
            "description": "El servicio incluye la limpieza facial, la exfoliación, la extracción con vapor, el masaje con ampolla, el suero y una crema específica, y por último una mascarilla de la marca Casmara, alta cosmética personalizada. ¿Quieres lucir una piel suave y luminosa? Ven a tu Centro de Estética Ikone y ponte en manos de nuestros mejores estilistas profesionales. Reserva tu cita cómodamente online a través de Bucmi.com. ¡Visítanos!"
        }, 
        {
            "service_category": "Manicura y Pedicura", 
            "service": "Manicura Spa", 
            "duration": 3600, 
            "price": "15 € ", 
            "description": "El servicio consiste en una manicura Spa, en la que conseguirás disfrutar de una experiencia extrasensorial para el tratamiento de la uña. Disfruta de unas manos preciosas y bien cuidadas."
        }, 
        {
            "service_category": "Manicura y Pedicura", 
            "service": "Manicura", 
            "duration": 2700, 
            "price": "12 € ", 
            "description": "El servicio incluye el servicio de manicura tradicional con limado y cortado de la uña, retirada de cutículas,aceite y crema con masaje y por último el esmaltado de uñas del color que más te guste. ¡Reserva ya online!"
        }, 
        {
            "service_category": "Manicura y Pedicura", 
            "service": "Manicura Permanente", 
            "duration": 3600, 
            "price": "22 € ", 
            "description": "El servicio consiste en una manicura tradicional, que incluye el limado y pulido de tus uñas, la retirada de cutículas y por último finalizamos con acabado de esmalte permanente. Aprovéchate y reserva."
        }, 
        {
            "service_category": "Manicura y Pedicura", 
            "service": "Pedicura Básica", 
            "duration": 3600, 
            "price": "22 € ", 
            "description": "Este es un servicio para realizar una pedicura básica con limado de tus uñas del pie, tratamiento de cutículas, las durezas,un masaje y por último el esmaltado del color que más te guste. Reservas online."
        }, 
        {
            "service_category": "Manicura y Pedicura", 
            "service": "Pedicura Con Parafina", 
            "duration": 3600, 
            "price": "28 € ", 
            "description": "¿Tienes los pies ásperos? Este es tu servicio clave que incluye una pedicura tradicional con tratamiento de parafina, para conseguir una hidratación profunda. Ahora ya puedes reservar online."
        }, 
        {
            "service_category": "Manicura y Pedicura", 
            "service": "Pedicura Permanente", 
            "duration": 3600, 
            "price": "28 € ", 
            "description": "Este es un servicio para realizar una pedicura básica con limado de tus uñas del pie, tratamiento de cutículas, las durezas y por último el esmaltado permanente del color que más te guste."
        }, 
        {
            "service_category": "Masaje", 
            "service": "Masaje Relajante", 
            "duration": 3600, 
            "price": "40 € ", 
            "description": "Masaje relajante que aportará calma a tu cuerpo para eliminar el malestar y olvidar el estrés. Se realiza con miel de lavanda o miel de naranja y con aceites esenciales. ¡Reserva online!"
        }, 
        {
            "service_category": "Masaje", 
            "service": "Reflexología Podal", 
            "duration": 1800, 
            "price": "22 € ", 
            "description": "El servicio consiste en una reflexología podal, que es una técnica terapéutica de masaje en los pies para estimular las zonas de reflejo. Tendrás efectos benéficos y mejorará la salud general."
        }, 
        {
            "service_category": "Masaje", 
            "service": "Masaje Circulatorio Piernas Cansadas / Espalda", 
            "duration": 1800, 
            "price": "25 € ", 
            "description": "El servicio incluye un masaje para piernas cansadas y pesadas para eliminar el malestar de las piernas pesadas ofreciéndole beneficios inigualables. Ahorra tiempo y reserva ya tu cita online."
        }, 
        {
            "service_category": "Masaje", 
            "service": "Otros Masajes: Masaje Fibromialgia, Artrosis", 
            "duration": 3600, 
            "price": "40 € ", 
            "description": "El servicio consiste en una sesión de masaje para los males de fibromalgia o artrosis que ser realizará de manera suave y estimulado para eliminar el dolor crónico y muscular y la artrosis."
        }, 
        {
            "service_category": "Depilación", 
            "service": "Depilacion Piernas Enteras E Ingles", 
            "duration": 2700, 
            "price": "25 € ", 
            "description": "Depilación con cera en piernas enteras e ingles para que luzcas una piel suave y bonita. Depilación tradicional que consiguirá eliminar el vello ."
        }
    ]
}