{
    "adid": null, 
    "name": "Carola Beltre", 
    "name_of_contact": "Carola Beltre", 
    "scrape_page": "https://www.bucmi.com/carolabeltre", 
    "business_website": "https://www.bucmi.com/carolabeltre", 
    "areas_covered": null, 
    "description": "Carola Beltre, es un salón de belleza y peluquería que se encuentra en pleno centro del barrio de Vallecas. Disponemos de una amplia variedad de tratamientos capilares y corporales para ayudarte a verte aún más guapa. Ven a conocernos, no te arrepentirás", 
    "img_link": [
        "https://d1nd15w2k87kz0.cloudfront.net/Uploads/635999507855489724.jpg", 
        "https://d1nd15w2k87kz0.cloudfront.net/Uploads/635999507900645881.jpg", 
        "https://d1nd15w2k87kz0.cloudfront.net/Uploads/635999507903941705.jpg", 
        "https://d1nd15w2k87kz0.cloudfront.net/Uploads/635999507904880222.jpg", 
        "https://d1nd15w2k87kz0.cloudfront.net/Uploads/635999507904410492.jpg", 
        "https://d1nd15w2k87kz0.cloudfront.net/Uploads/635999507943942605.jpg", 
        "https://d1nd15w2k87kz0.cloudfront.net/Uploads/635999507944723862.jpg", 
        "https://d1nd15w2k87kz0.cloudfront.net/Uploads/635999507944411354.jpg"
    ], 
    "hqdb_featured_ad_type": "Featured", 
    "hqdb_nr_reviews": "3", 
    "hqdb_review_score": "10,0", 
    "accreditations": null, 
    "category": null, 
    "subcategory": null, 
    "street": null, 
    "city": "Madrid", 
    "zipcode": "28031", 
    "formatted_address": "Madrid, 28011, Madrid, 28009, Madrid, 28004, Madrid, 28047, Madrid, 28028, Madrid, 28031", 
    "country": "es", 
    "office_number": "913039432", 
    "office_number2": null, 
    "mobile_number": null, 
    "mobile_number2": null, 
    "unidentified_phone_numbers": null, 
    "latitude": "40.3782772000", 
    "longitude": "-3.6269053999", 
    "business_email": null, 
    "yelp_page": null, 
    "facebook": null, 
    "twitter": null, 
    "instagram": null, 
    "venue_images": "https://d1nd15w2k87kz0.cloudfront.net/Logotipos/635999508488567683.jpg", 
    "opening_hours_raw": null, 
    "pricelist_link": null, 
    "services": [
        {
            "service_category": "Preferente", 
            "service": "Corte Y Peinado Pelo Medio", 
            "duration": 2700, 
            "price": "25 € ", 
            "description": "¿Necesitas un corte de pelo? ¡Reserva ya! Nuestros profesionales te asesoraran en todo lo que necesites, siempre atendiendo a tus gustos. El servicio incluye corte, lavado con champú especifico, mascarilla y peinado. Este servicio es específico para media melena."
        }, 
        {
            "service_category": "Preferente", 
            "service": "Bono 10 Sesiones Tto Corporal Reafirmante Glúteos", 
            "duration": 1800, 
            "price": "160 € ", 
            "description": "¿Te apetece lucir unos glúteos firmes? ¡Reserva ya nuestro bono de 10 sesiones del tratamiento reafirmante! Este tratamiento es la última tecnología para ayudar a la elevación de tus glúteos. Con este tratamiento trabajamos el musculo, succionamos la grasa y aseguramos unos resultados fantásticos."
        }, 
        {
            "service_category": "Preferente", 
            "service": "Limpieza Facial Con Microdermoabrasión", 
            "duration": 5400, 
            "price": "35 € ", 
            "description": "¡Luce una piel perfecta y sin impurezas! Si reservas este servicio, te realizaremos una limpieza facial profunda, para ayudar al proceso de renovación celular. También desintoxica la piel, activa la circulación sanguínea y linfática para mejorar la nutrición de tu piel e hidratarla."
        }, 
        {
            "service_category": "Preferente", 
            "service": "Tinte Raiz Y Peinado Cabello Medio", 
            "duration": 3600, 
            "price": "39 € ", 
            "description": "¿Necesitas urgentemente cubrir las raíces de tu media melena? ¡Reserva ya! Nuestros peluqueros profesionales se encargarán de unificar el color de tu cabello y cubrir tus raíces, para que puedas tener un color perfecto. El servicio incluye tinte, lavado con champú especifico, mascarilla y peinado de regalo."
        }, 
        {
            "service_category": "Peluquería", 
            "service": "Alisado Keratina Pelo Corto", 
            "duration": 9000, 
            "price": "60 € ", 
            "description": "Este tratamiento de belleza capilar, combate el encrespamiento de tu pelo y doma los rizos más rebeldes. De esta forma, revitaliza tu pelo sin dañarlo de la forma más natural. Saldrás de nuestro centro con el pelo liso y suave. Este servicio es solo para pelo corto."
        }, 
        {
            "service_category": "Peluquería", 
            "service": "Alisado Keratina Pelo Largo", 
            "duration": 12600, 
            "price": "150 € ", 
            "description": "¿Estás harta del pelo rizado y de tener que planchártelo cada día? ¡No pierdas más el tiempo y reserva ahora nuestro alisado de keratina! Notarás como desaparece el encrespamiento de tu melena y se ve con más vida. Además, nuestro tratamiento alisa tu pelo sin producir ningún daño. Consulte con el centro por posibles suplementos para melenas extra largas."
        }, 
        {
            "service_category": "Peluquería", 
            "service": "Alisado Keratina Pelo Medio", 
            "duration": 9000, 
            "price": "90 € ", 
            "description": "¿Estás harta del encrespamiento en tu pelo? ¿Te apetece cambiar tus rizos por un pelo liso? ¿A qué estás esperando para reservar? Nuestro alisado de keratina te dejará un resultado increíble sin dañar tu pelo. Verás como tu cabello está más liso y sin encrespamiento. Este servicio es solo para media melena."
        }, 
        {
            "service_category": "Peluquería", 
            "service": "Corte Y Peinado Pelo Corto", 
            "duration": 2700, 
            "price": "15 € ", 
            "description": "¡Sanea tu cabello y podrás lucir una melena perfecta! En nuestro centro, te asesoraremos en todo lo que necesites. El servicio incluye corte, lavado con champú especifico, mascarilla y peinado. Solo para pelo corto."
        }, 
        {
            "service_category": "Peluquería", 
            "service": "Corte Y Peinado Pelo Largo", 
            "duration": 2700, 
            "price": "35 € ", 
            "description": "¿Quieres sanear tu cabello? ¿Te apetece un corte de pelo con estilo? En nuestro centro, te asesoraremos en todo lo que necesites. El servicio incluye corte, lavado con champú especifico, mascarilla y peinado. Solo para pelo largo."
        }, 
        {
            "service_category": "Peluquería", 
            "service": "Corte Y Peinado Pelo Medio", 
            "duration": 2700, 
            "price": "25 € ", 
            "description": "¿Necesitas un corte de pelo? ¡Reserva ya! Nuestros profesionales te asesoraran en todo lo que necesites, siempre atendiendo a tus gustos. El servicio incluye corte, lavado con champú especifico, mascarilla y peinado. Este servicio es específico para media melena."
        }, 
        {
            "service_category": "Peluquería", 
            "service": "Tto Regenerador De Keratina Y Peinado Pelo Corto", 
            "duration": 3600, 
            "price": "30 € ", 
            "description": "Disfruta de nuestro tratamiento capilar para hidratar y regenerar tu pelo corto, gracias a las propiedades de la keratina. Además, después del tratamiento te peinamos gratis para que disfrutes de tu pelo hidratado."
        }, 
        {
            "service_category": "Peluquería", 
            "service": "Tto Regenerador De Keratina Y Peinado Pelo Largo", 
            "duration": 3600, 
            "price": "60 € ", 
            "description": "Disfruta de nuestro tratamiento capilar para hidratar y regenerar tu pelo largo, gracias a las propiedades de la keratina. Además, después del tratamiento te peinamos gratis para que disfrutes de tu pelo hidratado."
        }, 
        {
            "service_category": "Peluquería", 
            "service": "Tto Regenerador De Keratina Y Peinado Pelo Medio", 
            "duration": 3600, 
            "price": "50 € ", 
            "description": "Disfruta de nuestro tratamiento capilar para hidratar y regenerar tu pelo medio, gracias a las propiedades de la keratina. Además, después del tratamiento te peinamos gratis para que disfrutes de tu pelo hidratado."
        }, 
        {
            "service_category": "Peluquería", 
            "service": "Corte De Pelo Para Hombre", 
            "duration": 1800, 
            "price": "10 € ", 
            "description": "Si eres hombre y necesitas un corte de pelo con estilo, tienes que reservar ahora este servicio. Nuestros peluqueros te asesorarán en todo lo que necesites. Además, la reserva incluye el corte de pelo con lavado y finalizado."
        }, 
        {
            "service_category": "Peluquería", 
            "service": "Tinte Raiz Y Peinado Cabello Medio", 
            "duration": 3600, 
            "price": "39 € ", 
            "description": "¿Necesitas urgentemente cubrir las raíces de tu media melena? ¡Reserva ya! Nuestros peluqueros profesionales se encargarán de unificar el color de tu cabello y cubrir tus raíces, para que puedas tener un color perfecto. El servicio incluye tinte, lavado con champú especifico, mascarilla y peinado de regalo."
        }, 
        {
            "service_category": "Peluquería", 
            "service": "Tinte Raiz Y Peinado Pelo Corto", 
            "duration": 3600, 
            "price": "29 € ", 
            "description": "¿Tienes el pelo corto? ¿Necesitas urgentemente cubrir tus raíces? ¡Reserva ya! Nuestros peluqueros profesionales se encargarán de unificar el color de tu cabello y cubrir tus raíces, para que puedas tener un color perfecto. El servicio incluye tinte, lavado con champú especifico, mascarilla y peinado de regalo."
        }, 
        {
            "service_category": "Peluquería", 
            "service": "Tinte Raiz Y Peinado Pelo Largo", 
            "duration": 3600, 
            "price": "55 € ", 
            "description": "¡Cubre las raíces de tu pelo largo en nuestro centro! Nuestros peluqueros profesionales se encargarán de unificar el color de tu cabello y cubrir tus raíces, para que puedas tener un color perfecto. El servicio incluye tinte, lavado con champú especifico, mascarilla y peinado de regalo. Solo para cabello largo."
        }, 
        {
            "service_category": "Estética", 
            "service": "Bono 10 Sesiones Tratamiento Corporal Vacumterapia", 
            "duration": 5400, 
            "price": "260 € ", 
            "description": "La vacumterapia es un tratamiento no invasivo que busca, a través de aparatos succionadores, drenar el tejido adiposo movilizando la grasa localizada hacia el sistema linfático. Además, al combinarlo con la presoterapia ofrecemos mejores resultados. ¡Reserva este bono de 10 sesiones de vacumterapia y ahorrarás dinero mientras cuidas tu figura!"
        }, 
        {
            "service_category": "Estética", 
            "service": "Bono 10 Sesiones Tto Corporal Reafirmante Glúteos", 
            "duration": 1800, 
            "price": "160 € ", 
            "description": "¿Te apetece lucir unos glúteos firmes? ¡Reserva ya nuestro bono de 10 sesiones del tratamiento reafirmante! Este tratamiento es la última tecnología para ayudar a la elevación de tus glúteos. Con este tratamiento trabajamos el musculo, succionamos la grasa y aseguramos unos resultados fantásticos."
        }, 
        {
            "service_category": "Estética", 
            "service": "Limpieza Facial Con Microdermoabrasión", 
            "duration": 5400, 
            "price": "35 € ", 
            "description": "¡Luce una piel perfecta y sin impurezas! Si reservas este servicio, te realizaremos una limpieza facial profunda, para ayudar al proceso de renovación celular. También desintoxica la piel, activa la circulación sanguínea y linfática para mejorar la nutrición de tu piel e hidratarla."
        }, 
        {
            "service_category": "Depilación", 
            "service": "Fotodepilación Ipl Axilas", 
            "duration": 900, 
            "price": "25 € ", 
            "description": "¿Necesitas acabar con el vello? Reserva esta sesión de fotodepilación mediante luz pulsada para la zona de las axilas. Elimina el vello que más te molesta de forma permanente. ¡Notarás los resultados! ¡Reserva ya!"
        }, 
        {
            "service_category": "Depilación", 
            "service": "Fotodepilación Ipl Labio", 
            "duration": 900, 
            "price": "20 € ", 
            "description": "¿Necesitas acabar con el vello facial? Reserva esta sesión de fotodepilación mediante luz pulsada para la zona del labio superior. Notarás como se elimina el vello que más te molesta por completo. ¡Reserva ya!"
        }, 
        {
            "service_category": null, 
            "service": "Alisado Keratina Pelo Corto", 
            "duration": 9000, 
            "price": "60 € ", 
            "description": "Este tratamiento de belleza capilar, combate el encrespamiento de tu pelo y doma los rizos más rebeldes. De esta forma, revitaliza tu pelo sin dañarlo de la forma más natural. Saldrás de nuestro centro con el pelo liso y suave. Este servicio es solo para pelo corto."
        }, 
        {
            "service_category": null, 
            "service": "Alisado Keratina Pelo Largo", 
            "duration": 12600, 
            "price": "150 € ", 
            "description": "¿Estás harta del pelo rizado y de tener que planchártelo cada día? ¡No pierdas más el tiempo y reserva ahora nuestro alisado de keratina! Notarás como desaparece el encrespamiento de tu melena y se ve con más vida. Además, nuestro tratamiento alisa tu pelo sin producir ningún daño. Consulte con el centro por posibles suplementos para melenas extra largas."
        }, 
        {
            "service_category": null, 
            "service": "Alisado Keratina Pelo Medio", 
            "duration": 9000, 
            "price": "90 € ", 
            "description": "¿Estás harta del encrespamiento en tu pelo? ¿Te apetece cambiar tus rizos por un pelo liso? ¿A qué estás esperando para reservar? Nuestro alisado de keratina te dejará un resultado increíble sin dañar tu pelo. Verás como tu cabello está más liso y sin encrespamiento. Este servicio es solo para media melena."
        }, 
        {
            "service_category": null, 
            "service": "Tto Regenerador De Keratina Y Peinado Pelo Corto", 
            "duration": 3600, 
            "price": "30 € ", 
            "description": "Disfruta de nuestro tratamiento capilar para hidratar y regenerar tu pelo corto, gracias a las propiedades de la keratina. Además, después del tratamiento te peinamos gratis para que disfrutes de tu pelo hidratado."
        }, 
        {
            "service_category": null, 
            "service": "Tto Regenerador De Keratina Y Peinado Pelo Largo", 
            "duration": 3600, 
            "price": "60 € ", 
            "description": "Disfruta de nuestro tratamiento capilar para hidratar y regenerar tu pelo largo, gracias a las propiedades de la keratina. Además, después del tratamiento te peinamos gratis para que disfrutes de tu pelo hidratado."
        }, 
        {
            "service_category": null, 
            "service": "Tto Regenerador De Keratina Y Peinado Pelo Medio", 
            "duration": 3600, 
            "price": "50 € ", 
            "description": "Disfruta de nuestro tratamiento capilar para hidratar y regenerar tu pelo medio, gracias a las propiedades de la keratina. Además, después del tratamiento te peinamos gratis para que disfrutes de tu pelo hidratado."
        }
    ]
}