{
    "adid": null, 
    "name": "Hair & Beauty", 
    "name_of_contact": "Hair & Beauty", 
    "scrape_page": "https://www.bucmi.com/hair-and-beauty", 
    "business_website": "https://www.bucmi.com/hair-and-beauty", 
    "areas_covered": null, 
    "description": "Hair & Beauty está ubicado en la calle Alicante 3, en el barrio de Arganzuela de Madrid. Es un salón de peluquería y estética fundado por Erika Cañizares en junio de 2017, con la idea de ofrecer tratamientos capilares y estéticos profesionales, personalizados y con un trato cercano al cliente. Todo su equipo cuenta con más de 10 años de experiencia en el mundo de la estética y siempre realizan un diagnóstico previo para poder realizar un servicio a medida. Realizan cortes de pelo asesorados en cualquier estilo, coloraciones tradicionales y sin amoniaco, mechas de de tendencia, tratamientos capilares, recogidos y semirecogidos, depilaciones, tratamientos faciales y corporales, masajes, manicuras y pedicuras. Para lograr los mejores resultados utilizan cosméticos de firmas de prestigio como Davines, Jean Paul Mynè, OPI, Alqvimia, Mary Cohr Paris y Comfort Zone de Skin Science Soul.", 
    "img_link": [
        "https://d1nd15w2k87kz0.cloudfront.net/Uploads/636380412988655424.jpg", 
        "https://d1nd15w2k87kz0.cloudfront.net/Uploads/636380413078029758.jpg", 
        "https://d1nd15w2k87kz0.cloudfront.net/Uploads/636380413268340825.jpg", 
        "https://d1nd15w2k87kz0.cloudfront.net/Uploads/636380413296621724.jpg", 
        "https://d1nd15w2k87kz0.cloudfront.net/Uploads/636380413338965198.jpg", 
        "https://d1nd15w2k87kz0.cloudfront.net/Uploads/636380413444120527.jpg", 
        "https://d1nd15w2k87kz0.cloudfront.net/Uploads/636380413502088791.jpg", 
        "https://d1nd15w2k87kz0.cloudfront.net/Uploads/636380413520682574.jpg", 
        "https://d1nd15w2k87kz0.cloudfront.net/Uploads/636380413557244310.jpg"
    ], 
    "hqdb_featured_ad_type": "Featured", 
    "hqdb_nr_reviews": "2", 
    "hqdb_review_score": "10,0", 
    "accreditations": null, 
    "category": null, 
    "subcategory": null, 
    "street": "C/ Alicante, 3", 
    "city": "Madrid", 
    "zipcode": "28045", 
    "formatted_address": "C/ Alicante, 3, Madrid, 28045", 
    "country": "es", 
    "office_number": "910286617", 
    "office_number2": null, 
    "mobile_number": null, 
    "mobile_number2": null, 
    "unidentified_phone_numbers": null, 
    "latitude": "40.3943205000", 
    "longitude": "-3.6937287000", 
    "business_email": null, 
    "yelp_page": null, 
    "facebook": null, 
    "twitter": null, 
    "instagram": null, 
    "venue_images": "https://d1nd15w2k87kz0.cloudfront.net/Logotipos/636380411743821229.jpg", 
    "opening_hours_raw": null, 
    "pricelist_link": null, 
    "services": [
        {
            "service_category": "Preferente", 
            "service": "Corte Caballero", 
            "duration": 1800, 
            "price": "15,5 € ", 
            "description": "Servicio de corte de pelo asesorado para hombre, realizado por los estilistas de Hair & Beauty. Se realiza teniendo en cuenta las preferencias de cada cliente y es válido para todo tipo de texturas (liso, rizado...) y de largos. Sólo incluye el corte. No incluye el lavado, ni el peinado, ni ningún otro suplemento. Es necesario reservar también el servicio de Lavar Sólo Champú y cualquier otro suplemento que se desee o deberá abonarse en el centro. Se realiza en 20-40 minutos."
        }, 
        {
            "service_category": "Preferente", 
            "service": "Corte De Pelo Para Mujer", 
            "duration": 3600, 
            "price": "17,5 € ", 
            "description": "Servicio de corte de pelo asesorado para mujer, realizado por los estilistas expertos en imagen de Hair & Beauty. Se realiza teniendo en cuenta las preferencias de cada clienta y es válido para todo tipo de texturas (liso, rizado...) y de largos. Sólo incluye el corte. No incluye el lavado, ni el peinado, ni ningún otro suplemento. Es necesario reservar también el servicio de Lavar Sólo Champú y cualquier otro suplemento deseado o abonarlo en el centro. La duración varía entre los 20 y los 50 minutos."
        }, 
        {
            "service_category": "Preferente", 
            "service": "Manicura Semipermanante", 
            "duration": 3600, 
            "price": "23,5 € ", 
            "description": "Tratamiento de manos que incluye una manicura completa con esmaltado de larga duración. Los expertos en cuidado de manos y uñas de Hair & Beauty dan forma a las uñas y les dan el cuidado necesario, además de maquillar las uñas con esmaltado normal en un color de marcas de calidad de firmas como OPI. Algunos productos y tratamientos extra pueden conllevar un suplemento. La duración puede variar entre 50 y 65 minutos."
        }, 
        {
            "service_category": "Preferente", 
            "service": "Tratamiento Capilar Ácido Hialurónico", 
            "duration": 1800, 
            "price": "20 € ", 
            "description": "Tratamiento capilar pensado para realzar la salud del pelo, realizado con ácido hialurónico. Con el se rellenan las fibras capilares consiguiendo un pelo más sano, hidratado, con cuerpo y más volumen. No incluye lavado ni peinado. Se debe reservar también el lavado y los suplementos que se desee o se abonarán aparte en el salón el día de la cita. La duración del tratamiento es de 25 minutos aproximadamente."
        }, 
        {
            "service_category": "Peluquería", 
            "service": "Corte Caballero", 
            "duration": 1800, 
            "price": "15,5 € ", 
            "description": "Servicio de corte de pelo asesorado para hombre, realizado por los estilistas de Hair & Beauty. Se realiza teniendo en cuenta las preferencias de cada cliente y es válido para todo tipo de texturas (liso, rizado...) y de largos. Sólo incluye el corte. No incluye el lavado, ni el peinado, ni ningún otro suplemento. Es necesario reservar también el servicio de Lavar Sólo Champú y cualquier otro suplemento que se desee o deberá abonarse en el centro. Se realiza en 20-40 minutos."
        }, 
        {
            "service_category": "Peluquería", 
            "service": "Corte De Pelo Para Mujer", 
            "duration": 3600, 
            "price": "17,5 € ", 
            "description": "Servicio de corte de pelo asesorado para mujer, realizado por los estilistas expertos en imagen de Hair & Beauty. Se realiza teniendo en cuenta las preferencias de cada clienta y es válido para todo tipo de texturas (liso, rizado...) y de largos. Sólo incluye el corte. No incluye el lavado, ni el peinado, ni ningún otro suplemento. Es necesario reservar también el servicio de Lavar Sólo Champú y cualquier otro suplemento deseado o abonarlo en el centro. La duración varía entre los 20 y los 50 minutos."
        }, 
        {
            "service_category": "Peluquería", 
            "service": "Tratamiento Capilar Ácido Hialurónico", 
            "duration": 1800, 
            "price": "20 € ", 
            "description": "Tratamiento capilar pensado para realzar la salud del pelo, realizado con ácido hialurónico. Con el se rellenan las fibras capilares consiguiendo un pelo más sano, hidratado, con cuerpo y más volumen. No incluye lavado ni peinado. Se debe reservar también el lavado y los suplementos que se desee o se abonarán aparte en el salón el día de la cita. La duración del tratamiento es de 25 minutos aproximadamente."
        }, 
        {
            "service_category": "Peluquería", 
            "service": "Color Raíz", 
            "duration": 3600, 
            "price": "24,5 € ", 
            "description": "Coloración tradicional específica para la zona de la raíz, para cubrir el tono natural que aparece semanas después de la última coloración. No incluye el lavado, ni el peinado, ni ningún otro suplemento. Es necesario reservar también el servicio de Lavar Sólo Champú y cualquier otro suplemento deseado o abonarlo en el centro. La duración puede variar. Si se desea aplicar color completo debe reservarse este servicio junto al Suplemento Color."
        }, 
        {
            "service_category": "Peluquería", 
            "service": "Color Raíz Sin Amoniaco", 
            "duration": 5400, 
            "price": "28,5 € ", 
            "description": "Coloración libre de amoniaco específica para aplicarse en la zona de la raíz, sin dañar el pelo. No incluye el lavado, ni el peinado, ni ningún otro suplemento. Es necesario reservar también el servicio de Lavar Sólo Champú y cualquier otro suplemento deseado o abonarlo en el centro. La duración es variable. Si se desea aplicar color completo debe reservarse este servicio junto al Suplemento Color."
        }, 
        {
            "service_category": "Peluquería", 
            "service": "Corte Flequillo", 
            "duration": 900, 
            "price": "6 € ", 
            "description": "Servicio de corte de pelo exclusivo para la zona del flequillo. Este servicio se realiza como un retoque del largo del flequillo teniendo en cuenta las preferencias del cliente. No incluye lavado ni peinado. En caso de desear lavado, peinado u otros suplementos se deberán reservar por separado o se abonarán aparte en el salón el día de la cita. La duración del tratamiento es de 25 minutos aproximadamente."
        }, 
        {
            "service_category": "Peluquería", 
            "service": "Corte Niño O Niña Hasta 12 Años", 
            "duration": 1800, 
            "price": "11,5 € ", 
            "description": "Servicio de corte de pelo exclusivo para niños y niñas hasta los 12 años, realizado por los estilistas profesionales de Hair and Beauty teniendo en cuenta las preferencias del niño y sus padres. El servicio incluye asesoramiento pero no el lavado ni el peinado. Se debe reservar también el lavado y los suplementos que se desee o se abonarán aparte en el salón el día de la cita. La duración del tratamiento es de 25 minutos aproximadamente."
        }, 
        {
            "service_category": "Peluquería", 
            "service": "Loción Peinado", 
            "duration": 900, 
            "price": "3,5 € ", 
            "description": "Este servicio incluye la aplicación de loción de acabado después del peinado, para fijar el resultado el mayor tiempo posible y mantener un look perfecto. No se puede reservar individualmente, debe ir combinado con otro tratamiento capilar y/o el servicio de peinado. Si se reserva individualmente se deberá pagar los servicios extra necesarios en el salón. No incluye lavado ni secado. Es un suplemento."
        }, 
        {
            "service_category": "Peluquería", 
            "service": "Mechas", 
            "duration": 7200, 
            "price": "39,5 € ", 
            "description": "Este servicio abarca la realización de todo tipo de mechas: tradicionales en un color o dos colores, Californianas, Balayage, Baby Light, etc. Los expertos en coloración de Hair & Beauty relizan un asesoramiento previo. Según el tipo de mechas puede haber suplementos a pagar en el centro. No incluye lavado, ni peinado. Es necesario reservar también el servicio de Lavar Sólo Champú y cualquier otro suplemento o pagarlo en el salón. La duración puede variar."
        }, 
        {
            "service_category": "Peluquería", 
            "service": "Moldeador", 
            "duration": 7200, 
            "price": "40 € ", 
            "description": "Tratamiento de rizado permanente para el pelo, realizado mediante la técnica del moldeado. Se realiza con un asesoramiento y los resultados duran varios meses. No incluye el lavado, ni el peinado, ni ningún otro suplemento. Es necesario reservar también el servicio de Lavar Sólo Champú y cualquier otro suplemento deseado o abonarlo en el centro. La duración es de 120 minutos aproximadamente."
        }, 
        {
            "service_category": "Peluquería", 
            "service": "Peinar Pelo Corto", 
            "duration": 2700, 
            "price": "14,5 € ", 
            "description": "Peinado básico para pelo corto, ideal para combinar con otros tratamientos capilares o para conseguir un look de pelo corto perfecto. Se realiza en base a los gustos de la clienta, pero no incluye recogidos, semirecogidos, ni peinados elaborados. No incluye el lavado, ni el peinado, ni ningún otro suplemento. Es necesario reservar también el servicio de Lavar Sólo Champú y cualquier otro suplemento deseado o abonarlo en el centro. La duración de la sesión puede variar."
        }, 
        {
            "service_category": "Peluquería", 
            "service": "Peinar Pelo Extralargo", 
            "duration": 2700, 
            "price": "21,5 € ", 
            "description": "Peinado o secado para pelo extralargo, ideal para conseguir un look de pelo corto perfecto o combinar con otros tratamientos capilares. Se realiza en base a los gustos de la clienta, pero no incluye recogidos, semirecogidos, ni peinados elaborados. No incluye el lavado, ni el peinado, ni ningún otro suplemento. Es necesario reservar también el servicio de Lavar Sólo Champú y cualquier otro suplemento deseado o abonarlo en el centro. La duración de la sesión puede variar."
        }, 
        {
            "service_category": "Peluquería", 
            "service": "Peinar Pelo Largo", 
            "duration": 2700, 
            "price": "18,5 € ", 
            "description": "Peinado básico para conseguir un acabado profesional de peluquería en pelo largo. Ideal para combinar con otros tratamientos capilares. Se realiza en base a los gustos de la clienta, pero no incluye recogidos, semirecogidos, ni peinados elaborados. No incluye el lavado, ni el peinado, ni ningún otro suplemento. Es necesario reservar también el servicio de Lavar Sólo Champú y cualquier otro suplemento deseado o abonarlo en el centro. La duración de la sesión puede variar"
        }, 
        {
            "service_category": "Peluquería", 
            "service": "Retoque Mechas", 
            "duration": 5400, 
            "price": "25 € ", 
            "description": "Retoque de mechas pensado para recuperar o potenciar el look creado tras una primera aplicación de mechas después de varias semanas. No incluye el lavado, ni el peinado, ni ningún otro suplemento. Es necesario reservar también el servicio de Lavar Sólo Champú y cualquier otro suplemento deseado o abonarlo en el centro. La duración puede variar."
        }, 
        {
            "service_category": "Peluquería", 
            "service": "Suplemento Color", 
            "duration": 900, 
            "price": "12 € ", 
            "description": "Servicio de suplemento de color pensado para combinar con otras coloraciones (tinte y mechas) en los casos en los que se desea aplicar color completo en todo el pelo (reservando también el servicio de Color Raíz o Color Raíz Sin Amoniaco) o si se desea aplicar matiz a cualquier coloración. No incluye el lavado, ni el peinado, ni ningún otro suplemento. Es necesario reservarlo con el servicio de Lavar Sólo Champú y cualquier otro suplemento deseado o abonarlo en el centro. La duración puede variar."
        }, 
        {
            "service_category": "Peluquería", 
            "service": "Tratamiento Capilar Nourishing", 
            "duration": 1800, 
            "price": "20 € ", 
            "description": "Tratamiento capilar especialmente para cabello fino. Gracias a este ritual de peluquería se engrosa la fibra capilardando más cuerpo y volumen al pelo. Se realiza con cosméticos de gran calidad como la firma Davines. No incluye lavado ni peinado. Se debe reservar también el lavado y los suplementos que se desee o se abonarán aparte en el salón el día de la cita. La duración del tratamiento es de 25 minutos aproximadamente."
        }, 
        {
            "service_category": "Estética", 
            "service": "Cavitación", 
            "duration": 1800, 
            "price": "42 € ", 
            "description": "La cavitación es un tipo de tratamiento corporal que se realiza para eliminar la grasa localizad ay la celulitis más rebelde. Se realiza aplicando principios activos específicos un la zona concreta a tratar en las capas profundas de la piel. Es un tratamiento no invasivo, realizado con cosméticos de calidad por la mano experta de los esteticistas de Hair & Beauty. Consulta sobre su aplicación y condiciones con el centro. La duración de la sesión puede variar."
        }, 
        {
            "service_category": "Estética", 
            "service": "Hidratación Facial", 
            "duration": 1800, 
            "price": "38 € ", 
            "description": "Este servicio incluye un tratamiento especifico pensado para recuperar la hidratación adecuada para la piel. Está especialmente indicado para pieles secas o que sufren mucho desgaste. Se realiza con cosméticos de gran calidad de firmas como Alqvimia. El resultado es una piel más saludable, suave y luminosa. La duración completa de la sesión puede variar."
        }, 
        {
            "service_category": "Estética", 
            "service": "Limpieza De Cutis", 
            "duration": 5400, 
            "price": "51 € ", 
            "description": "Un ritual de higiene para el rostro realizado por la mano experta de las esteticistas de Hair & Beauty con cosméticos de gran calidad pertenecientes a firmas como Alqvimia. Se realiza completa (desmaquillado, peeling, extracción, mascarilla, hidratación...) y de forma personalizada según las necesidades de la piel. La duración de la sesión puede variar de 75 a 90 minutos."
        }, 
        {
            "service_category": "Estética", 
            "service": "Peeling Corporal", 
            "duration": 2700, 
            "price": "30 € ", 
            "description": "El peeling es perfecto para conseguir una limpieza general de la piel y una renovación celular. Se realiza mediante una exfoliación de la piel con cosméticos específicos de tipo granulado que arrastra la suciedad y las células muertas de la piel. Ideal para preparar la piel para otros tratamientos o recuperar su estado natural tras verse sometida a la acción de factores externos (por ejemplo, después del verano). La duración puede variar."
        }, 
        {
            "service_category": "Estética", 
            "service": "Presoterapia", 
            "duration": 1800, 
            "price": "25 € ", 
            "description": "La presoterapia es una técnica que ha revolucionado el mundo de la estética por ser un tratamiento no invasivo que ofrece numerosos beneficios. Consiste en una especie de mono corporal que se va inflando poco a poco por distintas zonas ejerciendo una presión controlada. Este tratamiento ayuda a mejorar la circulación y la linfa, moviliza la grasa localizada y ofrece un efecto relajante. La duración de la sesión puede variar."
        }, 
        {
            "service_category": "Estética", 
            "service": "Radiofrecuencia Corporal", 
            "duration": 1800, 
            "price": "42 € ", 
            "description": "Sesión de radiofrecuencia corporal para zona localizada, específica para reafirmar la piel. Esta innovadora aparatología en una de las tecnologías más eficaces en lo que a tratamientos reafirmantes se refiere, ya que fomenta la producción de colágeno y elastina, al mismo tiempo que actúa sobre la grasa corporal ayudando a reducirla. Es recomendable combinarla con dieta saludable y algo de ejercicio para conseguir mejores resultados. La duración puede variar."
        }, 
        {
            "service_category": "Estética", 
            "service": "Radiofrecuencia Facial", 
            "duration": 1800, 
            "price": "49 € ", 
            "description": "La radiofrecuencia es una de las tecnologías más innovadoras en el sector de la estética, que aplicada sobre el rostro consigue un efecto rejuvenecedor. Esta aparatología penetra en las capas de la piel y actúa sobre sus células, favoreciendo la formación natural de colágeno y elastina. De esta manera, se consigue una piel más tersa y se reducen las arrugas más suaves. La duración de la sesión puede variar."
        }, 
        {
            "service_category": "Estética", 
            "service": "Tratamiento Corporal", 
            "duration": 5400, 
            "price": "59 € ", 
            "description": "Este servicio incluye la realización de una sesión de tratamiento corporal personalizado en base a las necesidades de cada caso. Para lograr el mejor resultado se realiza un diagnóstico previo y después se aplica la técnica y cosméticos de gran calidad más adecuados. El tratamiento puede ser de tipo reafirmante, reductor o anticelulítico. La duración de la sesión puede variar entre 60 y 90 minutos."
        }, 
        {
            "service_category": "Estética", 
            "service": "Tratamiento Facial", 
            "duration": 5400, 
            "price": "56 € ", 
            "description": "Sesión de tratamiento facial personalizada, realizada por los profesionales estéticos de Hair & Beauty con cosméticos de gran calidad de firmas como, por ejemplo, Alqvimia. Se realiza un diagnóstico previo de la piel y después de aplica el tratamiento más adecuado según las necesidades de la piel. Puede ser antiedad, reafirmante, antimanchas, antiacné, etc. Pueden existir suplementos a pagar en el centro según el tratamiento requerido."
        }, 
        {
            "service_category": "Estética", 
            "service": "Vacumterapia Tratamiento Corporal", 
            "duration": 1800, 
            "price": "42 € ", 
            "description": "Tratamiento corporal anticelulítico no invasivo, específico para movilizar la grasa localizada de una zona concreta y dirigirla al sistema linfático para facilitar su eliminación. Se realiza mediante aparatología de succión y es un tratamiento ideal para realizarse de forma combinada con la cavitación. La sesión es para zona localizada y su duración puede variar."
        }, 
        {
            "service_category": "Manicura y Pedicura", 
            "service": "Manicura Semipermanante", 
            "duration": 3600, 
            "price": "23,5 € ", 
            "description": "Tratamiento de manos que incluye una manicura completa con esmaltado de larga duración. Los expertos en cuidado de manos y uñas de Hair & Beauty dan forma a las uñas y les dan el cuidado necesario, además de maquillar las uñas con esmaltado normal en un color de marcas de calidad de firmas como OPI. Algunos productos y tratamientos extra pueden conllevar un suplemento. La duración puede variar entre 50 y 65 minutos."
        }, 
        {
            "service_category": "Manicura y Pedicura", 
            "service": "Manicura", 
            "duration": 2700, 
            "price": "15,5 € ", 
            "description": "Servicio de tratamiento para manos que incluye una manicura completa normal. Los expertos en cuidado de manos y uñas de Hair & Beauty dan forma a las uñas y les dan el cuidado necesario, además de maquillar las uñas con esmaltado normal en un color de marcas de calidad. Algunos productos y tratamientos extra pueden conllevar un suplemento. La duración puede variar entre 20 y 40 minutos."
        }, 
        {
            "service_category": "Manicura y Pedicura", 
            "service": "Pedicura Especializada", 
            "duration": 5400, 
            "price": "30 € ", 
            "description": "Tratamiento completo especializado para pies que incluye una pedicura completa con esmaltado normal. Los expertos en cuidado de pies y uñas de Hair & Beauty dan forma a las uñas, cuidan y embellecen los pies y las uñas, además de maquillarlas con esmalte normal en un color a elegir de la gama disponible. Pueden existir suplementos. La duración varía entre 60 y 75 minutos."
        }, 
        {
            "service_category": "Manicura y Pedicura", 
            "service": "Pedicura Semipermanante", 
            "duration": 5400, 
            "price": "38 € ", 
            "description": "Pedicura completa combinada con esmaltado de larga duración para conseguir unos pies cuidados, bonitos y coloridos durante semanas. Incluye una pedicura completa con durante la que se dan forma a las uñas, se cuidan y embellecen los pies y las uñas, además de maquillarlas con esmalte de larga duración OPI, en un color a elegir de la gama disponible. Pueden existir suplementos. La duración varía entre 75 y 90 minutos."
        }, 
        {
            "service_category": "Masaje", 
            "service": "Masaje 40 Minutos", 
            "duration": 2700, 
            "price": "28 € ", 
            "description": "Un masaje puede ser la solución a una molestia concreta o una situación de estrés e intranquilidad ocasionada por las tensiones diarias. En Hair & Beauty ponen a disposición de sus clientes el masaje que necesiten, ya sea un masaje terapéutico para una zona concreta o un masaje relajante corporal general. El masaje dura 40 minutos aproximadamente."
        }, 
        {
            "service_category": "Masaje", 
            "service": "Masaje 60 Minutos", 
            "duration": 3600, 
            "price": "38 € ", 
            "description": "En la carta de tratamientos corporales de Hair & Beauty también ofrecen servicios de masaje como este de 60 minutos. Según las necesidades concretas de cada caso se realiza un masaje terapéutico en zona localizada o un masaje relajante corporal general. El masaje dura 60 minutos aproximadamente."
        }, 
        {
            "service_category": "Depilación", 
            "service": "Depilación Cejas", 
            "duration": 900, 
            "price": "5,1 € ", 
            "description": "Tratamiento de depilación facial para eliminar el vello facial superfluo en la zona las cejas. Ideal para definir el marco de los ojos y realzar la mirada. Se realiza por profesionales estéticos que tienen en cuenta las facciones de cada cliente. Se realiza con pinzas con la mayor eficacia y delicadeza para evitar irritaciones en la piel. la duración varía entre 5 y 15 minutos."
        }, 
        {
            "service_category": "Depilación", 
            "service": "Depilación Cera Ingles", 
            "duration": 1800, 
            "price": "6,2 € ", 
            "description": "Servicio de depilación con cera caliente para la zona de las ingles normales. Si se desea una depilación más amplia al estilo brasileñas o ingles completas se abonará un suplemento en el centro. El tratamiento se realiza de forma eficaz con la técnica menos agresiva para la piel, logrando el mejor resultado. La duración de la sesión puede variar ente los 10 y los 20 minutos."
        }, 
        {
            "service_category": "Depilación", 
            "service": "Depilación Cera Piernas Enteras", 
            "duration": 1800, 
            "price": "15,9 € ", 
            "description": "Servicio específico para eliminar el vello corporal de la zona de piernas enteras. Ideal para mantener la piel libre de vello, ya que se realiza con cera de calidad. El tratamiento se realiza de forma eficaz con la técnica menos agresiva para la piel, para lograr el mejor resultado. La duración de la sesión puede variar ente los 20 y los 30 minutos."
        }, 
        {
            "service_category": "Depilación", 
            "service": "Depilación Eléctrica", 
            "duration": 900, 
            "price": "4,9 € ", 
            "description": "La depilación eléctrica es un método de depilación de larga duración casi definitiva que se realiza aplicando una corriente eléctrica controlada al pelo, que penetra hasta la raíz para quemarla. Esta depilación es la única capaz de eliminar las canas. El precio es desde 4,90€. Consulta con los expertos de Hair & Beauty precios y duración por zonas. Según la zona a realizar podrá haber suplementos a pagar en el centro."
        }, 
        {
            "service_category": "Depilación", 
            "service": "Depilación Labio Superior", 
            "duration": 900, 
            "price": "4,5 € ", 
            "description": "Servicio de depilación facial específico para la zona del labio superior. Se realiza por profesionales estéticos que tienen en cuenta las facciones de cada cliente. Se realiza con cera de calidad para lograr la mayor eficacia y evitar irritaciones en la piel. La duración del servicio es de 5 minutos aproximadamente."
        }, 
        {
            "service_category": "Varios", 
            "service": "Emulsión Nutritiva Lavado", 
            "duration": 900, 
            "price": "3,8 € ", 
            "description": "Este servicio incluye la aplicación de una emulsión nutritiva durante el lavado de pelo en lavabo, para hidratar y desenredar el pelo. No se puede reservar individualmente, debe ir combinado con otro tratamiento capilar y/o el servicio de Lavar Sólo Champú. Si se reserva individualmente se deberá pagar los servicios extra en el salón. No incluye secado. Es un suplemento."
        }, 
        {
            "service_category": "Varios", 
            "service": "Lavar Sólo Champú", 
            "duration": 900, 
            "price": "2,5 € ", 
            "description": "Servicio de lavado que incluye la aplicación de champú y aclarado en lavado. Este servicio está pensado para realizarse junto a otros tratamientos capilares que requieren de lavado antes o después de su realización. El servicio no incluye secado ni hidratación. La duración del servicio es de 5 minutos aproximadamente."
        }, 
        {
            "service_category": "Varios", 
            "service": "Mascarilla Lavado", 
            "duration": 900, 
            "price": "6,5 € ", 
            "description": "Este servicio incluye la aplicación de una mascarilla durante el lavado de pelo en lavabo, para hidratar en profundidad y desenredar el pelo. No se puede reservar individualmente, debe ir combinado con otro tratamiento capilar y/o el servicio de Lavar Sólo Champú. Si se reserva individualmente se deberá pagar los servicios extra en el salón. No incluye secado. Es un suplemento."
        }
    ]
}