{
    "adid": null, 
    "name": "Stetik Xpress Madrid", 
    "name_of_contact": "Stetik Xpress Madrid", 
    "scrape_page": "https://www.bucmi.com/stetikxpresscisneros", 
    "business_website": "https://www.bucmi.com/stetikxpresscisneros", 
    "areas_covered": null, 
    "description": "En Stetik Xpress Chamberí encontrarás especialistas en estética integral con una variada carta de servicios. Combinando técnicas profesionales con la aparatología más avanzada y siempre con el mejor precio, todo con un trato de lo más personalizado.", 
    "img_link": [
        "https://d1nd15w2k87kz0.cloudfront.net/Uploads/635503605872105459.jpg", 
        "https://d1nd15w2k87kz0.cloudfront.net/Uploads/635503610104941291.jpg", 
        "https://d1nd15w2k87kz0.cloudfront.net/Uploads/635503617707732177.jpg", 
        "https://d1nd15w2k87kz0.cloudfront.net/Uploads/635503617859619238.jpg", 
        "https://d1nd15w2k87kz0.cloudfront.net/Uploads/636160238890064574.jpg", 
        "https://d1nd15w2k87kz0.cloudfront.net/Uploads/636160239329595201.jpg"
    ], 
    "hqdb_featured_ad_type": "Featured", 
    "hqdb_nr_reviews": "3", 
    "hqdb_review_score": "9,3", 
    "accreditations": null, 
    "category": null, 
    "subcategory": null, 
    "street": "C/ Galeote, 2", 
    "city": "Madrid", 
    "zipcode": "28010", 
    "formatted_address": "C/ Galeote, 2, Madrid, 28010", 
    "country": "es", 
    "office_number": "910103655", 
    "office_number2": null, 
    "mobile_number": null, 
    "mobile_number2": null, 
    "unidentified_phone_numbers": null, 
    "latitude": "40.4312842000", 
    "longitude": "-3.7020857999", 
    "business_email": null, 
    "yelp_page": null, 
    "facebook": null, 
    "twitter": null, 
    "instagram": null, 
    "venue_images": "https://d1nd15w2k87kz0.cloudfront.net/Logotipos/635810741357839256.jpg", 
    "opening_hours_raw": null, 
    "pricelist_link": null, 
    "services": [
        {
            "service_category": "Preferente", 
            "service": "Higiene Facial Completa", 
            "duration": 3600, 
            "price": "50 € ", 
            "description": "Este servicio incluye una higiene facial completa. Su objetivo es limpiar en profundidad células muertas y espinillas y tonificar los músculos de la cara mediante el masaje facial."
        }, 
        {
            "service_category": "Preferente", 
            "service": "Higiene Facial Xpress", 
            "duration": 1800, 
            "price": "25 € ", 
            "description": "Higiene facial de mantenimiento. Desmaquillamos tu rostro para eliminar las impurezas de tu piel y después aplicamos crema específica para tu tipo de piel."
        }, 
        {
            "service_category": "Preferente", 
            "service": "Presoterapia. Bono 4 Sesiones", 
            "duration": 1800, 
            "price": "50 € ", 
            "description": "Drena y elimina los líquidos retenidos con estas sesiones de presoterapia. Bono de 4 sesiones. Precio por 4 sesiones. Duración de 30 minutos por cada sesión."
        }, 
        {
            "service_category": "Estética", 
            "service": "Plataforma Vibratoria. Bono 4 Sesiones", 
            "duration": 900, 
            "price": "35 € ", 
            "description": "Reafirmación muscular y cardio. Tonifica tu cuerpo y elimina celulitis con estas 4 sesiones de plataforma vibratoria."
        }, 
        {
            "service_category": "Estética", 
            "service": "Sesión Fotorejuvenecimiento", 
            "duration": 1800, 
            "price": "25 € ", 
            "description": "Tratamiento anti-edad con luz pulsada. Consigue rejuvenecer la piel de tu rostro con este servicio que alisa las primeras líneas de expresión."
        }, 
        {
            "service_category": "Estética", 
            "service": "Tratamiento Facial Antiedad Despigmentante", 
            "duration": 3600, 
            "price": "50 € ", 
            "description": "En ocasiones las manchas producidas por el sol o la edad nos apagan el rostro. Consigue eliminarlas de un plumazo con el tratamiento despigmentante."
        }, 
        {
            "service_category": "Estética", 
            "service": "Higiene Facial Anti-Acné", 
            "duration": 3600, 
            "price": "50 € ", 
            "description": "Consigue hacer desaparecer todos los granitos típicos de la pubertad o en pieles grasas. Tratamiento específico para eliminar el acné del rostro."
        }, 
        {
            "service_category": "Estética", 
            "service": "Higiene Facial Completa", 
            "duration": 3600, 
            "price": "50 € ", 
            "description": "Este servicio incluye una higiene facial completa. Su objetivo es limpiar en profundidad células muertas y espinillas y tonificar los músculos de la cara mediante el masaje facial."
        }, 
        {
            "service_category": "Estética", 
            "service": "Higiene Facial Xpress", 
            "duration": 1800, 
            "price": "25 € ", 
            "description": "Higiene facial de mantenimiento. Desmaquillamos tu rostro para eliminar las impurezas de tu piel y después aplicamos crema específica para tu tipo de piel."
        }, 
        {
            "service_category": "Estética", 
            "service": "Presoterapia. Bono 4 Sesiones", 
            "duration": 1800, 
            "price": "50 € ", 
            "description": "Drena y elimina los líquidos retenidos con estas sesiones de presoterapia. Bono de 4 sesiones. Precio por 4 sesiones. Duración de 30 minutos por cada sesión."
        }, 
        {
            "service_category": "Estética", 
            "service": "Radiofrecuencia Facial", 
            "duration": 1800, 
            "price": "25 € ", 
            "description": "Consigue eliminar las líneas de expresión con esta sesión de radiofrecuencia facial. Tendrás el cutis renovado y más joven."
        }, 
        {
            "service_category": "Estética", 
            "service": "Sesion Cavitación", 
            "duration": 1800, 
            "price": "25 € ", 
            "description": "Lipo-eliminación de grasa localizada no invasiva. Elimina la grasa localizada de las zonas más rebeldes de tu cuerpo con esta sesión."
        }, 
        {
            "service_category": "Estética", 
            "service": "Sesion Jet Bronceador", 
            "duration": 900, 
            "price": "30 € ", 
            "description": "Bronceado caña de azúcar corporal. Consigue un bronceado dorado con esta sesión. Vístete con los vestidos más coloridos. El moreno siempre favorece en cualquier época del año."
        }, 
        {
            "service_category": "Estética", 
            "service": "Tratamiento Corporal Envolturas", 
            "duration": 3600, 
            "price": "50 € ", 
            "description": "Elige entre uno de nuestros fantásticos tratamientos de envolturas: tratamiento corporales de algas, chocolaterapia, piernas cansadas, firmeza..."
        }, 
        {
            "service_category": "Estética", 
            "service": "Tratamiento Facial Antiedad (Bolsas Y Ojeras)", 
            "duration": 1800, 
            "price": "25 € ", 
            "description": "Tratamiento facial revitalizante de ojos y de la zona del contorno. Luce una mirada descansada sin ojeras y bolsas con este tratamiento."
        }, 
        {
            "service_category": "Manicura y Pedicura", 
            "service": "Plataforma Vibratoria. Bono 4 Sesiones", 
            "duration": 900, 
            "price": "35 € ", 
            "description": "Reafirmación muscular y cardio. Tonifica tu cuerpo y elimina celulitis con estas 4 sesiones de plataforma vibratoria."
        }, 
        {
            "service_category": "Depilación", 
            "service": "Plataforma Vibratoria. Bono 4 Sesiones", 
            "duration": 900, 
            "price": "35 € ", 
            "description": "Reafirmación muscular y cardio. Tonifica tu cuerpo y elimina celulitis con estas 4 sesiones de plataforma vibratoria."
        }, 
        {
            "service_category": "Depilación", 
            "service": "Sesión Fotorejuvenecimiento", 
            "duration": 1800, 
            "price": "25 € ", 
            "description": "Tratamiento anti-edad con luz pulsada. Consigue rejuvenecer la piel de tu rostro con este servicio que alisa las primeras líneas de expresión."
        }, 
        {
            "service_category": "Depilación", 
            "service": "Tratamiento Facial Antiedad Despigmentante", 
            "duration": 3600, 
            "price": "50 € ", 
            "description": "En ocasiones las manchas producidas por el sol o la edad nos apagan el rostro. Consigue eliminarlas de un plumazo con el tratamiento despigmentante."
        }, 
        {
            "service_category": "Depilación", 
            "service": "Higiene Facial Anti-Acné", 
            "duration": 3600, 
            "price": "50 € ", 
            "description": "Consigue hacer desaparecer todos los granitos típicos de la pubertad o en pieles grasas. Tratamiento específico para eliminar el acné del rostro."
        }
    ]
}