{
    "adid": null, 
    "name": "Clínica Laser Natura Chueca", 
    "name_of_contact": "Clínica Laser Natura Chueca", 
    "scrape_page": "https://www.bucmi.com/lasernaturachueca", 
    "business_website": "https://www.bucmi.com/lasernaturachueca", 
    "areas_covered": null, 
    "description": "En Clínica Laser Natura Chueca ubicado en pleno centro de Madrid, somos especialistas en Depilación Láser Médica Alejandrita sin Dolor, Estética Avanzada con técnicas como LPG® y Medicina Estética. Mas de 8 años y 70.000 tratamientos nos avalan.", 
    "img_link": [
        "https://d1nd15w2k87kz0.cloudfront.net/Uploads/635829324378278409.jpg", 
        "https://d1nd15w2k87kz0.cloudfront.net/Uploads/635829324396269390.jpg", 
        "https://d1nd15w2k87kz0.cloudfront.net/Uploads/635829324420644322.jpg", 
        "https://d1nd15w2k87kz0.cloudfront.net/Uploads/635829324454581131.jpg"
    ], 
    "hqdb_featured_ad_type": "Featured", 
    "hqdb_nr_reviews": "39", 
    "hqdb_review_score": "9,6", 
    "accreditations": null, 
    "category": null, 
    "subcategory": null, 
    "street": "C/ Sagasta, 23", 
    "city": "Madrid", 
    "zipcode": "28004", 
    "formatted_address": "C/ Sagasta, 23, Madrid, 28004", 
    "country": "es", 
    "office_number": "915230796", 
    "office_number2": null, 
    "mobile_number": null, 
    "mobile_number2": null, 
    "unidentified_phone_numbers": null, 
    "latitude": "40.4219073000", 
    "longitude": "-3.6984119999", 
    "business_email": null, 
    "yelp_page": null, 
    "facebook": null, 
    "twitter": null, 
    "instagram": null, 
    "venue_images": "https://d1nd15w2k87kz0.cloudfront.net/Logotipos/635908685935934503.jpg", 
    "opening_hours_raw": null, 
    "pricelist_link": null, 
    "services": [
        {
            "service_category": "Preferente", 
            "service": "Bono 10 Sesiones Lpg Endermologie Lipomassage®", 
            "duration": 1800, 
            "price": "375 € ", 
            "description": "LPG lipomassage es el sistema más utilizado y efectivo para celulitis y piel de naranja gracias a la accion de sus 2 cabezales y su tecnica patentada"
        }, 
        {
            "service_category": "Preferente", 
            "service": "Botox Facial", 
            "duration": 1800, 
            "price": "299 € ", 
            "description": "Arrugas de entrecejo, frente y patas de gallo. Marcas Vistabel o Azzalure primera calidad. Vial Completo."
        }, 
        {
            "service_category": "Preferente", 
            "service": "Depilación Láser Alejandrita Axilas", 
            "duration": 900, 
            "price": "40 € ", 
            "description": "Tecnología Láser Alejandrita. Consigue una depilación sin dolor gracias a la bomba criogénica de aire a -32º que provoca un efecto anestésico, que evitará el molesto dolor de los sistemas láser de depilación. ¡Olvídate para siempre de ese molesto vello para cualquier temporada del año! Servicio de depilación laser en axilas. ¡¡Resultados visibles desde la primera sesión! ¿A qué estás esperando? ¡No dejes que te lo cuenten!"
        }, 
        {
            "service_category": "Preferente", 
            "service": "Depilación Láser Alejandrita Ingles Brasileñas", 
            "duration": 900, 
            "price": "40 € ", 
            "description": "Tecnología Láser Alejandrita. Consigue una depilación sin dolor gracias a la bomba criogénica de aire a -32º que provoca un efecto anestésico, que evitará el molesto dolor de los sistemas láser de depilación. ¡Olvídate para siempre de ese molesto vello para cualquier temporada del año! Servicio de depilación laser en ingles brasileñas. ¡¡Resultados visibles desde la primera sesión! ¿A qué estás esperando? ¡No dejes que te lo cuenten!"
        }, 
        {
            "service_category": "Preferente", 
            "service": "Depilación Láser Alejandrita Ingles Y Axilas Mujer", 
            "duration": 1800, 
            "price": "80 € ", 
            "description": "Tecnología Láser Alejandrita. Consigue una depilación sin dolor gracias a la bomba criogénica de aire a -32º que provoca un efecto anestésico, que evitará el molesto dolor de los sistemas láser de depilación. ¡Olvídate para siempre de ese molesto vello para cualquier temporada del año! Servicio de depilación laser en ingles y axilas para mujer. ¡¡Resultados visibles desde la primera sesión! ¿A qué estás esperando? ¡No dejes que te lo cuenten!"
        }, 
        {
            "service_category": "Preferente", 
            "service": "Depilación Láser Alejandrita Medias Piernas", 
            "duration": 1800, 
            "price": "80 € ", 
            "description": "Tecnología Láser Alejandrita. Consigue una depilación sin dolor gracias a la bomba criogénica de aire a -32º que provoca un efecto anestésico, que evitará el molesto dolor de los sistemas láser de depilación. ¡Olvídate para siempre de ese molesto vello para cualquier temporada del año! Servicio de depilación laser en medias piernas para mujer. ¡¡Resultados visibles desde la primera sesión! ¿A qué estás esperando? ¡No dejes que te lo cuenten!"
        }, 
        {
            "service_category": "Preferente", 
            "service": "Depilación Láser Alejandrita Piernas Completas Muj", 
            "duration": 3600, 
            "price": "120 € ", 
            "description": "Tecnología Láser Alejandrita. Consigue una depilación sin dolor gracias a la bomba criogénica de aire a -32º que provoca un efecto anestésico, que evitará el molesto dolor de los sistemas láser de depilación. ¡Olvídate para siempre de ese molesto vello para cualquier temporada del año! Servicio de depilación laser en piernas enteras para mujer. ¡¡Resultados visibles desde la primera sesión! ¿A qué estás esperando? ¡No dejes que te lo cuenten!"
        }, 
        {
            "service_category": "Preferente", 
            "service": "Depilación Laser Alejandrita Pubis Completo", 
            "duration": 1800, 
            "price": "60 € ", 
            "description": "Tecnología Láser Alejandrita. Consigue una depilación sin dolor gracias a la bomba criogénica de aire a -32º que provoca un efecto anestésico, que evitará el molesto dolor de los sistemas láser de depilación. ¡Olvídate para siempre de ese molesto vello para cualquier temporada del año! Servicio de depilación laser en pubis. ¡¡Resultados visibles desde la primera sesión! ¿A qué estás esperando? ¡No dejes que te lo cuenten!"
        }, 
        {
            "service_category": "Preferente", 
            "service": "Depilación Láser Alejandrita Zona Mini Mujer", 
            "duration": 900, 
            "price": "20 € ", 
            "description": "Tecnología Láser Alejandrita. Consigue una depilación sin dolor gracias a la bomba criogénica de aire a -32º que provoca un efecto anestésico, que evitará el molesto dolor de los sistemas láser de depilación. Zonas Minis a elegir: labio superior, mentón, patillas, areolas, zona perianal o línea alba. Servicio indicado para mujer. ¡Reserva ya tu cita cómodamente online!"
        }, 
        {
            "service_category": "Preferente", 
            "service": "Lpg Endermologie Lipomassage®", 
            "duration": 1800, 
            "price": "45 € ", 
            "description": "LPG lipomassage es el sistema más utilizado y efectivo para celulitis y piel de naranja gracias a la accion de sus 2 cabezales y su tecnica patentada"
        }, 
        {
            "service_category": "Preferente", 
            "service": "Mesoterapia Facial Inyectada Cytocare 532", 
            "duration": 1800, 
            "price": "120 € ", 
            "description": "Mesoterapia Facial Médica Inyectada con el mejor producto del mercado, Cytocare 532 con 32 mg de Acido hialurónico. Consulta con nuestro prestigioso equipo de profesionales médicos líderes a nivel nacional."
        }, 
        {
            "service_category": "Preferente", 
            "service": "Peeling Químico Facial Antiaging", 
            "duration": 1800, 
            "price": "90 € ", 
            "description": "Peeling Médico con Acido Ferúlico. Consiste en una exfoliación de la piel controlada mediante productos como el más común en estos tratamientos, el Ácido Glicólico, , “pelando” las capas externas, eliminando las células muertas, toxinas y grasa y estimulando la producción de células nuevas. ¿Que conseguiremos con un Peeling Químico? Una piel más luminosa, brillante, tersa y uniforme, eliminar Manchas, disminuir arrugas o minimizar marcas de acné y cicatrices."
        }, 
        {
            "service_category": "Preferente", 
            "service": "Radiofrecuencia Indiba® Corporal 40*", 
            "duration": 2700, 
            "price": "65 € ", 
            "description": "Radiofrecuencia Indiba Corporal ultimo modelo ER45 y más potente para reducción, flacidez, caida de senos, gluteos,..."
        }, 
        {
            "service_category": "Preferente", 
            "service": "Radiofrecuencia Indiba® Facial Er45 Ultima Generac", 
            "duration": 2700, 
            "price": "65 € ", 
            "description": "Radiofrecuencia Indiba ultimo modelo y más potente ER45 para unos resultados extraordinarios antiedad, bienestar y hidratacion de piel"
        }, 
        {
            "service_category": "Estética", 
            "service": "Bono 10 Sesiones Lpg Endermologie Lipomassage®", 
            "duration": 1800, 
            "price": "375 € ", 
            "description": "LPG lipomassage es el sistema más utilizado y efectivo para celulitis y piel de naranja gracias a la accion de sus 2 cabezales y su tecnica patentada"
        }, 
        {
            "service_category": "Estética", 
            "service": "Bono 6 Sesiones Mesoterapia Virtual Con Punta De D", 
            "duration": 3600, 
            "price": "300 € ", 
            "description": "Tratamiento completo skinlight con microdermoabrasion con punta de diamante y mascara con mesoterapia virtual no inyectada y fotoporación"
        }, 
        {
            "service_category": "Estética", 
            "service": "Botox Facial", 
            "duration": 1800, 
            "price": "299 € ", 
            "description": "Arrugas de entrecejo, frente y patas de gallo. Marcas Vistabel o Azzalure primera calidad. Vial Completo."
        }, 
        {
            "service_category": "Estética", 
            "service": "Lifting Facial Con Hidroxiapatita Radiesse®", 
            "duration": 1800, 
            "price": "450 € ", 
            "description": "El mejor relleno del mercado a base de hidroxiapatita calcica que provoca un lifting inmediato. Consulta con nuestro prestigioso equipo de profesionales médicos líderes a nivel nacional."
        }, 
        {
            "service_category": "Estética", 
            "service": "Lpg Endermologie Lipomassage®", 
            "duration": 1800, 
            "price": "45 € ", 
            "description": "LPG lipomassage es el sistema más utilizado y efectivo para celulitis y piel de naranja gracias a la accion de sus 2 cabezales y su tecnica patentada"
        }, 
        {
            "service_category": "Estética", 
            "service": "Mesoterapia Corporal Homeopatica", 
            "duration": 900, 
            "price": "55 € ", 
            "description": "Mesoterapia Corporal Homeopatica para celulitis, grasa localizada y flacidez. Consulta con nuestro prestigioso equipo de profesionales médicos líderes a nivel nacional."
        }, 
        {
            "service_category": "Estética", 
            "service": "Mesoterapia Facial Inyectada Cytocare 532", 
            "duration": 1800, 
            "price": "120 € ", 
            "description": "Mesoterapia Facial Médica Inyectada con el mejor producto del mercado, Cytocare 532 con 32 mg de Acido hialurónico. Consulta con nuestro prestigioso equipo de profesionales médicos líderes a nivel nacional."
        }, 
        {
            "service_category": "Estética", 
            "service": "Mesoterapia Virtual Facial Con Punta De Diamante", 
            "duration": 3600, 
            "price": "60 € ", 
            "description": "Tratamiento Skinlight de Sorisa con mesoterapia virtual con corrientes electromagnéticas y la aplicación de una mascarilla geloide cargada de principios activos, vitaminas, hialurónico, colágeno,...que penetra en las capas profundas de la piel al abrirse el poro dejando la piel tersa, luminosa e hidratada."
        }, 
        {
            "service_category": "Estética", 
            "service": "Peeling Químico Antimanchas", 
            "duration": 1800, 
            "price": "170 € ", 
            "description": "Peeling Médico Antimanchas. Consulta con nuestro prestigioso equipo de profesionales médicos líderes a nivel nacional."
        }, 
        {
            "service_category": "Estética", 
            "service": "Peeling Químico Facial Antiaging", 
            "duration": 1800, 
            "price": "90 € ", 
            "description": "Peeling Médico con Acido Ferúlico. Consiste en una exfoliación de la piel controlada mediante productos como el más común en estos tratamientos, el Ácido Glicólico, , “pelando” las capas externas, eliminando las células muertas, toxinas y grasa y estimulando la producción de células nuevas. ¿Que conseguiremos con un Peeling Químico? Una piel más luminosa, brillante, tersa y uniforme, eliminar Manchas, disminuir arrugas o minimizar marcas de acné y cicatrices."
        }, 
        {
            "service_category": "Estética", 
            "service": "Presoterapia", 
            "duration": 1800, 
            "price": "30 € ", 
            "description": "Disfruta ya de esta sesión de presoterapia que consiste en un drenaje linfático con múltiples beneficios como varices, piernas cansadas, retención de líquidos, mejora de la circulación....¡Luce una figura mucho más esbelto y mejora tu calidad de vida! En nuestro centro contamos con lo último en aparatología. ¡No lo dudes y reserva ya tu cita cómodamente online! ¿A qué estás esperando? ¡Notarás increíbles resultados!"
        }, 
        {
            "service_category": "Estética", 
            "service": "Radiofrecuencia Indiba® Corporal 40*", 
            "duration": 2700, 
            "price": "65 € ", 
            "description": "Radiofrecuencia Indiba Corporal ultimo modelo ER45 y más potente para reducción, flacidez, caida de senos, gluteos,..."
        }, 
        {
            "service_category": "Estética", 
            "service": "Radiofrecuencia Indiba® Facial Er45 Ultima Generac", 
            "duration": 2700, 
            "price": "65 € ", 
            "description": "Radiofrecuencia Indiba ultimo modelo y más potente ER45 para unos resultados extraordinarios antiedad, bienestar y hidratacion de piel"
        }, 
        {
            "service_category": "Estética", 
            "service": "Relleno Facial Pomulos Y Arrugas Acido Hialuronico", 
            "duration": 1800, 
            "price": "270 € ", 
            "description": "Relleno de Arrugas y Pómulos con Acido Hialurónico para un rejuvenecimiento natural. Consulta con nuestro prestigioso equipo de profesionales médicos líderes a nivel nacional."
        }, 
        {
            "service_category": "Estética", 
            "service": "Tratamiento De Ojeras Mesoterapia Facial", 
            "duration": 900, 
            "price": "45 € ", 
            "description": "Tratamiento Mesoterapia SSR Eyes para ojeras y bolsas. Consulta con nuestro prestigioso equipo de profesionales médicos líderes a nivel nacional."
        }, 
        {
            "service_category": "Estética", 
            "service": "Tratamiento Facial. Relleno De Labio", 
            "duration": 1800, 
            "price": "280 € ", 
            "description": "Relleno de Labios con Acido Hialurónico. Consulta con nuestro prestigioso equipo de profesionales médicos líderes a nivel nacional."
        }, 
        {
            "service_category": "Depilación", 
            "service": "Depilación Laser Alejandrita Antebrazos", 
            "duration": 900, 
            "price": "40 € ", 
            "description": "Tecnología Láser Alejandrita. Consigue una depilación sin dolor gracias a la bomba criogénica de aire a -32º que provoca un efecto anestésico, que evitará el molesto dolor de los sistemas láser de depilación. ¡Olvídate para siempre de ese molesto vello para cualquier temporada del año! Servicio de depilación laser en antebrazo. ¡¡Resultados visibles desde la primera sesión! ¿A qué estás esperando? ¡No dejes que te lo cuenten!"
        }, 
        {
            "service_category": "Depilación", 
            "service": "Depilación Láser Alejandrita Axilas", 
            "duration": 900, 
            "price": "40 € ", 
            "description": "Tecnología Láser Alejandrita. Consigue una depilación sin dolor gracias a la bomba criogénica de aire a -32º que provoca un efecto anestésico, que evitará el molesto dolor de los sistemas láser de depilación. ¡Olvídate para siempre de ese molesto vello para cualquier temporada del año! Servicio de depilación laser en axilas. ¡¡Resultados visibles desde la primera sesión! ¿A qué estás esperando? ¡No dejes que te lo cuenten!"
        }, 
        {
            "service_category": "Depilación", 
            "service": "Depilación Láser Alejandrita Espalda O Pecho Compl", 
            "duration": 2700, 
            "price": "120 € ", 
            "description": "Tecnología Láser Alejandrita. Consigue una depilación sin dolor gracias a la bomba criogénica de aire a -32º que provoca un efecto anestésico, que evitará el molesto dolor de los sistemas láser de depilación. ¡Olvídate para siempre de ese molesto vello para cualquier temporada del año! Servicio de depilación laser en espalda completa o pecho, a elegir. Indicado para hombre. ¡¡Resultados visibles desde la primera sesión! ¿A qué estás esperando? ¡No dejes que te lo cuenten!"
        }, 
        {
            "service_category": "Depilación", 
            "service": "Depilación Láser Alejandrita Glúteos Hombre", 
            "duration": 900, 
            "price": "40 € ", 
            "description": "Tecnología Láser Alejandrita. Consigue una depilación sin dolor gracias a la bomba criogénica de aire a -32º que provoca un efecto anestésico, que evitará el molesto dolor de los sistemas láser de depilación. ¡Olvídate para siempre de ese molesto vello para cualquier temporada del año! Servicio de depilación laser en glúteos para hombre. ¡¡Resultados visibles desde la primera sesión! ¿A qué estás esperando? ¡No dejes que te lo cuenten!"
        }, 
        {
            "service_category": "Depilación", 
            "service": "Depilación Láser Alejandrita Ingles Brasileñas", 
            "duration": 900, 
            "price": "40 € ", 
            "description": "Tecnología Láser Alejandrita. Consigue una depilación sin dolor gracias a la bomba criogénica de aire a -32º que provoca un efecto anestésico, que evitará el molesto dolor de los sistemas láser de depilación. ¡Olvídate para siempre de ese molesto vello para cualquier temporada del año! Servicio de depilación laser en ingles brasileñas. ¡¡Resultados visibles desde la primera sesión! ¿A qué estás esperando? ¡No dejes que te lo cuenten!"
        }, 
        {
            "service_category": "Depilación", 
            "service": "Depilación Láser Alejandrita Ingles Y Axilas Mujer", 
            "duration": 1800, 
            "price": "80 € ", 
            "description": "Tecnología Láser Alejandrita. Consigue una depilación sin dolor gracias a la bomba criogénica de aire a -32º que provoca un efecto anestésico, que evitará el molesto dolor de los sistemas láser de depilación. ¡Olvídate para siempre de ese molesto vello para cualquier temporada del año! Servicio de depilación laser en ingles y axilas para mujer. ¡¡Resultados visibles desde la primera sesión! ¿A qué estás esperando? ¡No dejes que te lo cuenten!"
        }, 
        {
            "service_category": "Depilación", 
            "service": "Depilación Láser Alejandrita Medias Piernas", 
            "duration": 1800, 
            "price": "80 € ", 
            "description": "Tecnología Láser Alejandrita. Consigue una depilación sin dolor gracias a la bomba criogénica de aire a -32º que provoca un efecto anestésico, que evitará el molesto dolor de los sistemas láser de depilación. ¡Olvídate para siempre de ese molesto vello para cualquier temporada del año! Servicio de depilación laser en medias piernas para mujer. ¡¡Resultados visibles desde la primera sesión! ¿A qué estás esperando? ¡No dejes que te lo cuenten!"
        }, 
        {
            "service_category": "Depilación", 
            "service": "Depilación Láser Alejandrita Piernas Completas Muj", 
            "duration": 3600, 
            "price": "120 € ", 
            "description": "Tecnología Láser Alejandrita. Consigue una depilación sin dolor gracias a la bomba criogénica de aire a -32º que provoca un efecto anestésico, que evitará el molesto dolor de los sistemas láser de depilación. ¡Olvídate para siempre de ese molesto vello para cualquier temporada del año! Servicio de depilación laser en piernas enteras para mujer. ¡¡Resultados visibles desde la primera sesión! ¿A qué estás esperando? ¡No dejes que te lo cuenten!"
        }, 
        {
            "service_category": "Depilación", 
            "service": "Depilación Laser Alejandrita Pubis Completo", 
            "duration": 1800, 
            "price": "60 € ", 
            "description": "Tecnología Láser Alejandrita. Consigue una depilación sin dolor gracias a la bomba criogénica de aire a -32º que provoca un efecto anestésico, que evitará el molesto dolor de los sistemas láser de depilación. ¡Olvídate para siempre de ese molesto vello para cualquier temporada del año! Servicio de depilación laser en pubis. ¡¡Resultados visibles desde la primera sesión! ¿A qué estás esperando? ¡No dejes que te lo cuenten!"
        }, 
        {
            "service_category": "Depilación", 
            "service": "Depilación Láser Alejandrita Zona Mini Hombre", 
            "duration": 900, 
            "price": "20 € ", 
            "description": "Tecnología Láser Alejandrita. Consigue una depilación sin dolor gracias a la bomba criogénica de aire a -32º que provoca un efecto anestésico, que evitará el molesto dolor de los sistemas láser de depilación. Zonas minis: perianal, pómulos, dedos, oreja o nariz. Servicio indicado para hombre. ¡Reserva ya tu cita cómodamente online!"
        }, 
        {
            "service_category": "Depilación", 
            "service": "Depilación Láser Alejandrita Zona Mini Mujer", 
            "duration": 900, 
            "price": "20 € ", 
            "description": "Tecnología Láser Alejandrita. Consigue una depilación sin dolor gracias a la bomba criogénica de aire a -32º que provoca un efecto anestésico, que evitará el molesto dolor de los sistemas láser de depilación. Zonas Minis a elegir: labio superior, mentón, patillas, areolas, zona perianal o línea alba. Servicio indicado para mujer. ¡Reserva ya tu cita cómodamente online!"
        }, 
        {
            "service_category": "Depilación", 
            "service": "Depilación Láser Piernas Completas Hombre", 
            "duration": 3600, 
            "price": "160 € ", 
            "description": "Tecnología Láser Alejandrita. Consigue una depilación sin dolor gracias a la bomba criogénica de aire a -32º que provoca un efecto anestésico, que evitará el molesto dolor de los sistemas láser de depilación. ¡Olvídate para siempre de ese molesto vello para cualquier temporada del año! Servicio de depilación laser en piernas completas para hombre. ¡¡Resultados visibles desde la primera sesión! ¿A qué estás esperando? ¡No dejes que te lo cuenten!"
        }, 
        {
            "service_category": "Depilación", 
            "service": "Laser Alejandrita Abdomen/Pectoral/Dorsal O Lumbar", 
            "duration": 1800, 
            "price": "50 € ", 
            "description": "Tecnología Láser Alejandrita. Consigue una depilación sin dolor gracias a la bomba criogénica de aire a -32º que provoca un efecto anestésico, que evitará el molesto dolor de los sistemas láser de depilación. ¡Olvídate para siempre de ese molesto vello para cualquier temporada del año! Servicio de depilación laser en abdomen para hombre. ¡¡Resultados visibles desde la primera sesión! ¿A qué estás esperando? ¡No dejes que te lo cuenten!"
        }
    ]
}