{
    "adid": null, 
    "name": "The soh", 
    "name_of_contact": "The soh", 
    "scrape_page": "https://www.bucmi.com/thesoh", 
    "business_website": "https://www.bucmi.com/thesoh", 
    "areas_covered": null, 
    "description": "The Soh es un Salón de Belleza en el que encontrarás que conviven en perfecta armonía la moda y la belleza. Trabajamos con productos de alta calidad y recibirás un trato personalizado y cercano. Ofrecemos tratamientos personalizados y exclusivos.", 
    "img_link": [
        "https://d1nd15w2k87kz0.cloudfront.net/Uploads/636039334537613448.jpg", 
        "https://d1nd15w2k87kz0.cloudfront.net/Uploads/636052189659838186.jpg", 
        "https://d1nd15w2k87kz0.cloudfront.net/Uploads/636056512067153546.jpg", 
        "https://d1nd15w2k87kz0.cloudfront.net/Uploads/636056512150276965.jpg", 
        "https://d1nd15w2k87kz0.cloudfront.net/Uploads/636056512222931945.jpg", 
        "https://d1nd15w2k87kz0.cloudfront.net/Uploads/636056512281368385.jpg", 
        "https://d1nd15w2k87kz0.cloudfront.net/Uploads/636056512350742111.jpg", 
        "https://d1nd15w2k87kz0.cloudfront.net/Uploads/636056512411522382.jpg", 
        "https://d1nd15w2k87kz0.cloudfront.net/Uploads/636056512470583782.jpg"
    ], 
    "hqdb_featured_ad_type": "Featured", 
    "hqdb_nr_reviews": "30", 
    "hqdb_review_score": "8,6", 
    "accreditations": null, 
    "category": null, 
    "subcategory": null, 
    "street": null, 
    "city": "Madrid", 
    "zipcode": "28009", 
    "formatted_address": "Madrid, 28009", 
    "country": "es", 
    "office_number": null, 
    "office_number2": null, 
    "mobile_number": null, 
    "mobile_number2": null, 
    "unidentified_phone_numbers": null, 
    "latitude": "40.4229311000", 
    "longitude": "-3.6775039999", 
    "business_email": null, 
    "yelp_page": null, 
    "facebook": null, 
    "twitter": null, 
    "instagram": null, 
    "venue_images": "https://d1nd15w2k87kz0.cloudfront.net/Logotipos/636028234674785316.jpg", 
    "opening_hours_raw": null, 
    "pricelist_link": null, 
    "services": [
        {
            "service_category": "Preferente", 
            "service": "Curso Auto Maquillaje", 
            "duration": 7200, 
            "price": "30 € ", 
            "description": "¿QUIERES APRENDER A SACARTE EL MÁXIMO PARTIDO?ven a nuestros cursos de auto maquillaje, donde un maquillador profesional te enseñará a destacar tus rasgos, y a disimular las pequeñas imperfecciones. Dos horas cargadas de ideas y trucos que te ayudarán en el día a día!"
        }, 
        {
            "service_category": "Preferente", 
            "service": "Manicura Permanente", 
            "duration": 2700, 
            "price": "25 € ", 
            "description": "Presume de unas manos bonitas y de aspecto cuidado por más tiempo gracias a nuestros expertos esteticistas de The Soh. El servicio de manicura es completo, incluye el cuidado de las cutículas, el limado de las uñas, una ligera hidratación de la piel y el esmaltado semi permanentel a escoger entre nuestra gama de esmaltes. Utilizamos marcas de primera calidad, Pronails entre otras. ¡Reserva ya tu cita cómodamente online a través de Bucmi.comF"
        }, 
        {
            "service_category": "Preferente", 
            "service": "Pedicura Permanente", 
            "duration": 2700, 
            "price": "50 € ", 
            "description": "Presume de unas pies bonitos y de aspecto cuidado por más tiempo gracias a nuestros expertos esteticistas de The Soh. El servicio de pedicura es completo, incluye el cuidado de las cutículas y de durezas con torno, el limado de las uñas, una ligera hidratación de la piel y el esmaltado normal a escoger re nuestra gama de esmaltes permanentes. Utilizamos marcas de primera calidad, Pronails entre otras. ¡No lo dudes y reserva ya tu cita cómodamente online a través de Bucmi.comF"
        }, 
        {
            "service_category": "Preferente", 
            "service": "Pedicura Permanente Sirena", 
            "duration": 5400, 
            "price": "60 € ", 
            "description": "Para los eternos olvidados también tenemos un espacio en The Soh.Presume de unos pies boos por más tiempo y durante todo el año con nuestra pedicura especial permanente. El servicio incluye elementos como el torno eléctrico para durezas y polvos de diamante para la exfoliación que te harán recuperar la suavidad y belleza de tu piel. Utilizamos productos de Pure Organic. Luce unas uñas bonitas, cuidadas y perfectas. Deslumbrarás con tus nuevas uñas, son espectaculares. ¡Reserva ya tu cita online con BucmiF"
        }, 
        {
            "service_category": "Preferente", 
            "service": "Repaso Depilación De Cejas", 
            "duration": 900, 
            "price": "9 € ", 
            "description": "Si te gusta la forma de tus cejas, no dejes que se pierda con el paso de los días, reserva ya cita para tu repaso de depilación!"
        }, 
        {
            "service_category": "Preferente", 
            "service": "Pedicura Spa", 
            "duration": 2700, 
            "price": "25 € ", 
            "description": "Disfruta de ésta pedicura SPA, donde en nuestros cómodos sofás, exfoliaremos, limaremos tu piel, hidrataremos y esmaltaremos tus uñas y el resultado será maravilloso!"
        }, 
        {
            "service_category": "Peluquería", 
            "service": "Maquillaje Novia Más Prueba", 
            "duration": 3600, 
            "price": "200 € ", 
            "description": "Para un día tan especial todo ha de estar preparado y en The Soh lo sabemos y por ello ponemos nos ponemos a tu disposición y pondremos el empeño para que luzcas sencillamente perfecta.Con productos de primeras marcas y garantizando su durabilidad. El servicio incluye sesión de prueba en la que estudiaremos tus facciones y podrás elegir el acabado más favorecedor para ti. Los cosméticos son de la marca Maria Galland. Además en The Soh también nos podemos desplazar a tu domicilio.F"
        }, 
        {
            "service_category": "Peluquería", 
            "service": "Peinado Express", 
            "duration": 3600, 
            "price": "30 € ", 
            "description": "Si te surge un plan de última hora no dudes en venir a The Soh para lucir un peinado de tendencia. Se trata de un servicio en el que disponemos de 10 look (renovados mensualmente) entre los que puedes elegir el que más te guste para tu plan. Para este servicio se utilizan planchas GHD y productos de acabado L'Oreal de primera calidad que garantizarán la durabilidad de tu peinado.Es necesario acudir a nuestro centro con el cabello limpio y libre de residuos de otros productos. Reserva tu cita onlineF"
        }, 
        {
            "service_category": "Estética", 
            "service": "Curso Auto Maquillaje", 
            "duration": 7200, 
            "price": "30 € ", 
            "description": "¿QUIERES APRENDER A SACARTE EL MÁXIMO PARTIDO?ven a nuestros cursos de auto maquillaje, donde un maquillador profesional te enseñará a destacar tus rasgos, y a disimular las pequeñas imperfecciones. Dos horas cargadas de ideas y trucos que te ayudarán en el día a día!"
        }, 
        {
            "service_category": "Estética", 
            "service": "Beauty Party", 
            "duration": 10800, 
            "price": "80 € ", 
            "description": "Porque no necesitamos excusas para juntarnos en un momento solo para chicas. Se trata de un servicio para grupos de mínimo 3 ps en las que podréis disfrutar de un catering, bebidas y el o los servicios que más os apetezca a cada una de las asistentes. No dudes en preguntarnos por todos lo detalles. Ven a tu Salón de Belleza The Soh y disfruta de nuestras Beautys Partys. Reserva tu cita cómodamente online a través de Bucmi.com. ¡Te encantará! El precio es por por persona.F"
        }, 
        {
            "service_category": "Estética", 
            "service": "Maquillaje Novia Más Prueba", 
            "duration": 3600, 
            "price": "200 € ", 
            "description": "Para un día tan especial todo ha de estar preparado y en The Soh lo sabemos y por ello ponemos nos ponemos a tu disposición y pondremos el empeño para que luzcas sencillamente perfecta.Con productos de primeras marcas y garantizando su durabilidad. El servicio incluye sesión de prueba en la que estudiaremos tus facciones y podrás elegir el acabado más favorecedor para ti. Los cosméticos son de la marca Maria Galland. Además en The Soh también nos podemos desplazar a tu domicilio.F"
        }, 
        {
            "service_category": "Estética", 
            "service": "Permanente De Pestañas", 
            "duration": 1800, 
            "price": "30 € ", 
            "description": "Si sueñas con unas pestañas largas y curvadas, no dudes en reservar tu cita en The Soh. Tenemos lo que necesitas. Durante semanas dirás adiós a la máscara de pestañas, no la necesitarás. ¿Quieres lucir una mirada penetrante y cautivadora? Ven a tu Salón de Belleza The Soh y ponte en manos de nuestros mejores profesionales. Lucirás unas pestañas tupidas y voluminosas. Disfruta de una mirada atractiva y seductora. Reserva tu cita cómodamente online a través de Bucmi.com. ¡Ven a visitarnos! ¡Te encantará! F"
        }, 
        {
            "service_category": "Estética", 
            "service": "Tinte De Pestañas", 
            "duration": 1800, 
            "price": "15 € ", 
            "description": "Despídete de la máscara de pestañas durante semanas, después de disfrutar nuestro servicio de tinte de pestañas con el que lucirás una mirada intensa y seductora. Quieres lucir una mirada penetrante y cautivadora? Ven a tu Salón de Belleza The Soh y ponte en manos de nuestros mejores profesionales. Lucirás unas pestañas voluminosas. Disfruta de una mirada atractiva y seductora. Dí adiós a tu máscara de pestañas. Estarás perfecta desde primera hora. Reserva tu cita cómodamente online a través de Bucmi. F"
        }, 
        {
            "service_category": "Estética", 
            "service": "Tinte Y Permanente De Pestañas", 
            "duration": 5400, 
            "price": "45 € ", 
            "description": "Si sueñas con unas pestañas largas y curvadas, no dudes en reservar tu cita en The Soh. Tenemos lo que necesitas. Durante semanas dirás adiós a la máscara de pestañas, no la necesitarás. Quieres lucir una mirada penetrante y cautivadora? Ven a tu Salón de Belleza The Soh y ponte en manos de nuestros mejores profesionales. Lucirás unas pestañas tupidas y voluminosas. Disfruta de una mirada atractiva y seductora. ¡Te encantará el resultadoF"
        }, 
        {
            "service_category": "Estética", 
            "service": "Maquillaje Express", 
            "duration": 1800, 
            "price": "30 € ", 
            "description": "Maquillaje con alta cosmética, incluye base, eyeliner, máscara de pestañas, gloss, labios. ¿Tienes una cita o un evo especial? Ven a tu Salón de Belleza The Soh y ponte en manos de nuestros mejores profesionales. Te asesorarán en todo momo y conseguirán realzar las facciones más bonitas de tu rostro, usando un maquillaje natural. Los cosméticos son de la marca Maria Galland. Reserva tu cita cómodamente online a través de Bucmi.com. ¡Ven a visitarnos! ¡No dejes que te lo cuentenF"
        }, 
        {
            "service_category": "Estética", 
            "service": "Higiene Facial", 
            "duration": 1800, 
            "price": "30 € ", 
            "description": "Este servicio incluye: exfoliación, hidratación, mascarilla. No incluye extracción. ¿Quieres lucir una piel limpia y fresca? Ven a tu Salón de Belleza The Soh y ponte en manos de nuestros mejores profesionales. Luce una piel perfecta, limpia, fresca y libre de impurezas. Trabajamos con productos de alta calidad de la firma María Galland. Presume de una piel suave, hidratada y nutrida. Disfruta de un cutis con mucho brillo y luminosidad. Reserva tu cita online en Bucmi.com.F"
        }, 
        {
            "service_category": "Estética", 
            "service": "Tratamiento Facial Cocon De Hidratación", 
            "duration": 3600, 
            "price": "80 € ", 
            "description": "Duración exacta: 75 minutos. ¿Notas tu piel apagada y sin hidratar? Ven a tu Salón de Belleza The Soh y ponte en manos de nuestros mejores profesionales. Disfruta de un cutis perfecto, súper hidratada y nutrido. Luce una piel suave, limpia y fresca. Trabajamos con productos de alta calidad de la firma Maria Galland. Presume de una piel con mucho brillo y luminosidad. Reserva tu cita cómodamente online a través de Bucmi.com. ¡Ven a visitarnos! ¡No dejes que te lo cuentenF"
        }, 
        {
            "service_category": "Estética", 
            "service": "Tratamiento Facial Contorno De Ojos", 
            "duration": 1800, 
            "price": "30 € ", 
            "description": "¿Quieres lucir una mirada mucho más rejuvenecida? Ven a tu Salón de Belleza The Soh y ponte en manos de nuestros mejores profesionales. ¡Porque la edad es simplemente un número y nosotros lo sabemos! Por eso te ofrecemos este tratamiento para rejuvenecer e intensificar tu mirada por una mirada atractiva y seductora. Trabajamos con productos de alta calidad de a firma María Galland. Reserva tu cita cómodamente online a través de Bucmi.com. ¡Te encantarán los resultadosF"
        }, 
        {
            "service_category": "Estética", 
            "service": "Tratamiento Facial Específico Antiacné", 
            "duration": 3600, 
            "price": "60 € ", 
            "description": "¿Quieres lucir una piel perfecta y libre de acné? Ven a tu Salón de Belleza The Soh y ponte en manos de nuestros mejores profesionales. Luce una piel suave, hidratada y nutrida. Dí adiós al acné y a esas marquitas causadas por los granitos. Disfruta de una piel con mucho brillo y luminosidad. Devuelve la vitalidad natural a tu piel. Trabajan con productos de alta calidad de la firma Maria Galland. Reserva tu cita cómodamente online a través de Bucmi.com. ¡Ven a visitarnos! ¡No dejes que te lo cuentenF"
        }, 
        {
            "service_category": "Estética", 
            "service": "Tto. Facial De Luminosidad Especial: Preciosa", 
            "duration": 3600, 
            "price": "80 € ", 
            "description": "Duración exacta: 75 minutos. Nos gusta vernos perfectas en cualquier ocasión, pero en los eventos especiales o si vas a casarte y vas a ser la protagonista, te gusta mucho más verte radiante, por eso en tu Salón de Belleza The Soh te ofrecemos este tratamiento. Tu piel recobrará un brillo y una luminosidad muy especial. Disfruta de una piel suave, hidratada y nutrida. Devuelve a tu piel su vitalidad natural. Trabajan con productos de la firma Maria Galland. Reserva tu cita online a través de Bucmi.com.F"
        }, 
        {
            "service_category": "Estética", 
            "service": "Tto. Facial Línea Mille Piel Madura De Oro Y Trufa", 
            "duration": 3600, 
            "price": "120 € ", 
            "description": "Duración exacta: 75 minutos. Servicio ideal para pieles maduras. ¿Después de probar varios tratamientos ninguno consigue devolver el color y el brillo a tu cutis? Ven a tu Salón de Belleza The Soh y ponte en manos de nuestros mejores profesionales. Trabajan con productos de alta calidad de la firma Maria Galland. Es un tratamiento en el que se usa oro y trufa blanca, todo un manjar y experiencia única. Este tratamiento hidratada y regenera tu piel. Reserva tu cita cómodamente online en Bucmi.com.F"
        }, 
        {
            "service_category": "Estética", 
            "service": "Tto. Facial Para Reafirmar El Contorno: Profilift", 
            "duration": 3600, 
            "price": "80 € ", 
            "description": "Duración exacta: 75 minutos. Servicio ideal para pieles maduras. ¿Te gustaría reafirmar tu cutis y el contorno de tus ojos? Ven a tu Salón de Belleza The Soh y ponte en manos de nuestros mejores profesionales. Trabajan con productos de alta calidad de la firma Maria Galland. Luce una piel mucho más tersa y joven. ¡Porque la edad simplemente es un número y nosotros lo sabemos! Te cuidamos y mimamos. Presume de una piel suave y lisa. Reserva tu cita online en Bucmi.com.F"
        }, 
        {
            "service_category": "Manicura y Pedicura", 
            "service": "Manicura Completa", 
            "duration": 2700, 
            "price": "15 € ", 
            "description": "Presume de unas manos bonitas y de aspecto cuidado gracias a nuestros expertos esteticistas de The Soh. El servicio de manicura es completo, incluye el cuidado de las cutículas, el limado de las uñas, una ligera hidratación de la piel y el esmaltado normal a escoger entre nuestra amplia gama. Utilizamos marcas de primera calidad, Essie entre otras. ¡No lo dudes y reserva ya tu cita cómodamente online a través de Bucmi.com."
        }, 
        {
            "service_category": "Manicura y Pedicura", 
            "service": "Manicura Permanente", 
            "duration": 2700, 
            "price": "25 € ", 
            "description": "Presume de unas manos bonitas y de aspecto cuidado por más tiempo gracias a nuestros expertos esteticistas de The Soh. El servicio de manicura es completo, incluye el cuidado de las cutículas, el limado de las uñas, una ligera hidratación de la piel y el esmaltado semi permanentel a escoger entre nuestra gama de esmaltes. Utilizamos marcas de primera calidad, Pronails entre otras. ¡Reserva ya tu cita cómodamente online a través de Bucmi.comF"
        }, 
        {
            "service_category": "Manicura y Pedicura", 
            "service": "Manicura Permanente Sirena Spa", 
            "duration": 3600, 
            "price": "45 € ", 
            "description": "Presume de unas manos bonitas y cuidadas por más tiempo con nuestro servicio de manicura permanente.En The Soh mimamos tus manos con un servicio que no es sólo una manicura si no que incluye elementos como polvos de diamantes provenientes del otro lado del océano. Utilizamos productos de Pure Organic. Luce unas uñas bonitas, cuidadas y perfectas. Deslumbrarás con tus nuevas uñas, son espectaculares. Tus manos son muy importantes y dicen mucho de ti. Mima y cuida tus manos. F"
        }, 
        {
            "service_category": "Manicura y Pedicura", 
            "service": "Manicura Sirena Spa", 
            "duration": 3600, 
            "price": "35 € ", 
            "description": "Presume de unas manos bonitas y cuidadas con nuestro servicio de manicura Sirena Spa. En The Soh mimamos tus manos con un servicio que no es sólo una manicura si no que incluye elementos como polvos de diamantes provenientes del otro lado del océano. Utilizamos productos de Pure Organic. Luce unas uñas bonitas, cuidadas y perfectas. Deslumbrarás con tus nuevas uñas, son espectaculares. Tus manos son muy importantes y dicen mucho de ti. Mima y cuida tus manos. ¡Reserva ya tu cita cómodamente onlineF"
        }, 
        {
            "service_category": "Manicura y Pedicura", 
            "service": "Pedicura Completa", 
            "duration": 3600, 
            "price": "40 € ", 
            "description": "Presume de unas pies bonitos y de aspecto cuidado gracias a nuestros expertos esteticistas de The Soh. El servicio de pedicura es completo, incluye el cuidado de las cutículas y de durezas con torno, el limado de las uñas, una ligera hidratación de la piel y el esmaltado normal a escoger entre nuestra amplia gama. Utilizamos marcas de primera calidad, Essie entre otras. ¡Reserva ya tu cita cómodamente online a través de Bucmi.com."
        }, 
        {
            "service_category": "Manicura y Pedicura", 
            "service": "Pedicura Permanente", 
            "duration": 2700, 
            "price": "50 € ", 
            "description": "Presume de unas pies bonitos y de aspecto cuidado por más tiempo gracias a nuestros expertos esteticistas de The Soh. El servicio de pedicura es completo, incluye el cuidado de las cutículas y de durezas con torno, el limado de las uñas, una ligera hidratación de la piel y el esmaltado normal a escoger re nuestra gama de esmaltes permanentes. Utilizamos marcas de primera calidad, Pronails entre otras. ¡No lo dudes y reserva ya tu cita cómodamente online a través de Bucmi.comF"
        }, 
        {
            "service_category": "Manicura y Pedicura", 
            "service": "Pedicura Permanente Sirena", 
            "duration": 5400, 
            "price": "60 € ", 
            "description": "Para los eternos olvidados también tenemos un espacio en The Soh.Presume de unos pies boos por más tiempo y durante todo el año con nuestra pedicura especial permanente. El servicio incluye elementos como el torno eléctrico para durezas y polvos de diamante para la exfoliación que te harán recuperar la suavidad y belleza de tu piel. Utilizamos productos de Pure Organic. Luce unas uñas bonitas, cuidadas y perfectas. Deslumbrarás con tus nuevas uñas, son espectaculares. ¡Reserva ya tu cita online con BucmiF"
        }, 
        {
            "service_category": "Manicura y Pedicura", 
            "service": "Pedicura Sirena Spa", 
            "duration": 5400, 
            "price": "50 € ", 
            "description": "Para los eternos olvidados también tenemos un espacio en The soh. Presume de unos pies bonitos durante todo el año con nuestra pedicura especial. El servicio incluye elementos como el torno eléctrico para durezas y polvos de diamante para la exfoliación que te harán recuperar la suavidad y belleza de tu piel. Luce unas uñas bonitas, cuidadas y perfectas. Utilizamos productos de Pure Organic. Deslumbrarás con tus nuevas uñas, son espectaculares. Prepara tus pies para cualquier temporada del año. F"
        }, 
        {
            "service_category": "Manicura y Pedicura", 
            "service": "Pedicura Spa", 
            "duration": 2700, 
            "price": "25 € ", 
            "description": "Disfruta de ésta pedicura SPA, donde en nuestros cómodos sofás, exfoliaremos, limaremos tu piel, hidrataremos y esmaltaremos tus uñas y el resultado será maravilloso!"
        }, 
        {
            "service_category": "Depilación", 
            "service": "Depilación Cejas", 
            "duration": 1800, 
            "price": "20 € ", 
            "description": "Diseño y depilación de cejas, mezclando diferentes técnicas, hilo, cera y pinza para conseguir el mejor diseño para ti. Enmarcaremos tus cejas para que sean pertas y potencien tu belleza natural y tus rasgos. Ponte en las manos de nuestros profesionales y consigue un diseño personalizado. ¡No lo pienses más y reserva ya tu cita cómodamente online a través de Bucmi.com! ¿A qué estás esperando? ¡No dejes que te lo cuentenF"
        }, 
        {
            "service_category": "Depilación", 
            "service": "Depilación Cera Brazos", 
            "duration": 900, 
            "price": "10 € ", 
            "description": "En The Soh utilizamos cera fría de chocolate para que consigas un efecto de mayor suavidad y más duradero. Luce una piel suave y sedosa durante varias semanas gracias a nuestro servicio de depilación con cera. ¿Quién dijo que el chocolate es solo para comer? Todo gracias a Bucmi.com. No lo pienses más y reserva ya tu cita cómodamente online a través de Bucmi.com. ¡No te arrepentirásF"
        }, 
        {
            "service_category": "Depilación", 
            "service": "Depilación Cera Labio Superior", 
            "duration": 1800, 
            "price": "5 € ", 
            "description": "Disfruta de una piel suave y sedosa durante un par de semanas sin necesidad de recurrir de forma diaria a las pinzas, gracias a nuestro servicio de cera de un solo uso de nuestro exclusivo salón The Soh. Haz ya tu reserva online con Bucmi.com y no te arrepentirás. Da un solo clic y disfruta de los resultados. ¿A qué estás esperando? ¡No dejes que te lo cuentenF"
        }, 
        {
            "service_category": "Depilación", 
            "service": "Re-Diseño Depilación De Cejas", 
            "duration": 900, 
            "price": "15 € ", 
            "description": "Si tus cejas han perdido el diseño que los profesionales realizaron no esperes más y vamos a ponerlas de nuevo bellas!"
        }, 
        {
            "service_category": "Depilación", 
            "service": "Repaso Depilación De Cejas", 
            "duration": 900, 
            "price": "9 € ", 
            "description": "Si te gusta la forma de tus cejas, no dejes que se pierda con el paso de los días, reserva ya cita para tu repaso de depilación!"
        }
    ]
}