{
    "adid": null, 
    "name": "Suite 20", 
    "name_of_contact": "Suite 20", 
    "scrape_page": "https://www.bucmi.com/suite20", 
    "business_website": "https://www.bucmi.com/suite20", 
    "areas_covered": null, 
    "description": "Suite 20 abrió sus puertas en mayo de 2016, de la mano de Karen Guerreiro, en la calle Galileo 20 de Madrid. Es un salón de última generación y uno de los más nuevos en el barrio de Chamberí. Su decoración minimalista está enfocada a la eficiencia, lograda también en sus tratamientos gracias a años de experiencia. Karen lidera a su equipo demostrando que su idea de negocio es posible en Madrid: una peluquería de lujo al alcance de todos los bolsillos. Entre sus tratamientos ofrecen cortes de pelo asesorado, tratamientos de color y mechas, y cabe destacar sus exclusivos tratamientos con ácido hialurónico. Utilizan productos de gran calidad como la conocida y prestigiosa marca capilar de Moroccanoil.", 
    "img_link": [
        "https://d1nd15w2k87kz0.cloudfront.net/Uploads/635993512466824806.jpg", 
        "https://d1nd15w2k87kz0.cloudfront.net/Uploads/635995990385581505.jpg", 
        "https://d1nd15w2k87kz0.cloudfront.net/Uploads/635995990430893865.jpg", 
        "https://d1nd15w2k87kz0.cloudfront.net/Uploads/635995990457768781.jpg", 
        "https://d1nd15w2k87kz0.cloudfront.net/Uploads/635995990630121774.jpg", 
        "https://d1nd15w2k87kz0.cloudfront.net/Uploads/635995990651059237.jpg", 
        "https://d1nd15w2k87kz0.cloudfront.net/Uploads/635995990669184157.jpg"
    ], 
    "hqdb_featured_ad_type": "Featured", 
    "hqdb_nr_reviews": "138", 
    "hqdb_review_score": "9,5", 
    "accreditations": null, 
    "category": null, 
    "subcategory": null, 
    "street": "C/ Galileo, 20", 
    "city": "Madrid", 
    "zipcode": "28015", 
    "formatted_address": "C/ Galileo, 20, Madrid, 28015", 
    "country": "es", 
    "office_number": "910258050", 
    "office_number2": null, 
    "mobile_number": null, 
    "mobile_number2": null, 
    "unidentified_phone_numbers": null, 
    "latitude": "40.4318482000", 
    "longitude": "-3.7102429000", 
    "business_email": null, 
    "yelp_page": null, 
    "facebook": null, 
    "twitter": null, 
    "instagram": null, 
    "venue_images": "https://d1nd15w2k87kz0.cloudfront.net/Logotipos/636283790735094455.jpg", 
    "opening_hours_raw": null, 
    "pricelist_link": null, 
    "services": [
        {
            "service_category": "Preferente", 
            "service": "Alisado Con Ácido Hialurónico Y Peinado", 
            "duration": 10800, 
            "price": "200 € ", 
            "description": "¿Sueñas con llevar siempre tu pelo como recién planchado? En Suite 20 contamos con uno de los más efectivos en alisados de pelo: el alisado con ácido hialurónico. Incluye el tratamiento de alisado, y peinadopara cabello largo . Además, previamente podrás disfrutar de un té, copa de champán o cóctel, una sesión de aromaterapia y un diagnóstico del cabelloF. Cabellos extra d largo suplemento en la peluqueria ."
        }, 
        {
            "service_category": "Preferente", 
            "service": "Cortar Y Peinar", 
            "duration": 2700, 
            "price": "32 € ", 
            "description": "Renueva tu look, córtate las puntas o déjanos realizarte un corte nuevo más favorecedor. En cualquier caso si reservas el servicio de corte y peinado con nosotros, no te arrepentirás. Incluye el lavado con champú de tratamiento y mascarilla, corte de pelo, peinado con planchas GHD y productos de acabado con la marca Moroccanoil. Además, antes del tratamiento podrás disfrutar de una sesión de aromaterapia, un diagnóstico del cabello y un té, copa de champán o cóctel a elegirF"
        }, 
        {
            "service_category": "Peluquería", 
            "service": "Alisado Con Ácido Hialurónico Y Peinado", 
            "duration": 10800, 
            "price": "200 € ", 
            "description": "¿Sueñas con llevar siempre tu pelo como recién planchado? En Suite 20 contamos con uno de los más efectivos en alisados de pelo: el alisado con ácido hialurónico. Incluye el tratamiento de alisado, y peinadopara cabello largo . Además, previamente podrás disfrutar de un té, copa de champán o cóctel, una sesión de aromaterapia y un diagnóstico del cabelloF. Cabellos extra d largo suplemento en la peluqueria ."
        }, 
        {
            "service_category": "Peluquería", 
            "service": "Alisado Con Ácido Hialurónico Y Peinado Media Mele", 
            "duration": 10800, 
            "price": "150 € ", 
            "description": "¿Sueñas con llevar siempre tu pelo como recién planchado? En Suite 20 contamos con uno de los más efectivos en alisados del cabello el alisado con ácido hialurónico. Incluye el tratamiento de alisado, peinado, cabello corto o media melena . Además, previamente podrás disfrutar de un té, copa de champán o cóctel, una sesión de aromaterapia y un diagnóstico del cabello.F"
        }, 
        {
            "service_category": "Peluquería", 
            "service": "Color, Cortar Y Peinar ,Corto O Media Melena", 
            "duration": 7200, 
            "price": "68 € ", 
            "description": "Consigue el color que siempre has querido de la mano de los mejores profesionales del sector gracias a este pack que incluye color, corte asesorado y peinado con productos d Redken para el color y acabado con Moroccanoil con peinado a su medida el servicio previo d aromoterapia y diagnostico del cabello... Disfrutando d una d nuestras bebidas . No esperes más y reserva ahora tu cita online con Bucmi.com. No valido para extenciones."
        }, 
        {
            "service_category": "Peluquería", 
            "service": "Mechas Y Peinado", 
            "duration": 5400, 
            "price": "72,6 € ", 
            "description": "Disfruta de unas mechas(Basic) inigualables realizada por nuestros estilistas con productos de calidad Redken. Incluye la aplicación de mechas, el lavado con champú de tratamiento y mascarilla, peinado GHD y productos de acabado de la mano de Moroccanoil. Además, previamente podrás disfrutar de un té, copa de champán o cóctel, una sesión de aromaterapia y un diagnóstico del cabello."
        }, 
        {
            "service_category": "Peluquería", 
            "service": "Tto Capilar Hidratación Proteina Y Peinado", 
            "duration": 2700, 
            "price": "40 € ", 
            "description": "Si notas tu pelo seco y dañado, reserva en nuestro salón de Suite 20 este novedoso tratamiento hidratante a base de proteína Chemistry de la marca Redken, que incluye el lavado con champú especifico para tu necesidad capilar . El peinado incluye productos de acabado de la marca Moroccanoil. Además, previamente podrás disfrutar de un té, copa de champán o cóctel, una sesión de aromaterapia y un diagnóstico del cabelloF"
        }, 
        {
            "service_category": "Peluquería", 
            "service": "Color Y Peinar Pelo Corto O Media Melena", 
            "duration": 3600, 
            "price": "58 € ", 
            "description": "No dejes la coloración de tu pelo en manos de cualquiera y exige que te realicen el tratamiento con productos de calidad. En Suite 20 te daremos un servicio de coloración , realizado con productos Redken, te lavaremos el pelo con champú de tratamiento y mascarilla y te secaremos el pelo en el peinado con planchas GHD . Incluye producto de acabado de Moroccanoil, sesión de aromaterapia, diagnóstico del cabello y bebida. Válido para cabellos hasta por encima de los hombros."
        }, 
        {
            "service_category": "Peluquería", 
            "service": "Color Y Peinar Pelo Largo", 
            "duration": 3600, 
            "price": "68 € ", 
            "description": "Dale a tu melena la mejor coloración que puedes darle con nuestro servicio de color Redken para melenas largas. Incluye la aplicación de color, el lavado con champú de tratamiento y mascarilla, peinado con planchas GHD y productos de acabado de Moroccanoil. Además, complementamos el servicio con una sesión de aromaterapia, un diagnóstico del cabello y un té o bebida a elegir.F"
        }, 
        {
            "service_category": "Peluquería", 
            "service": "Color, Cortar Y Peinar Pelo Largo", 
            "duration": 7200, 
            "price": "78 € ", 
            "description": "Luce una melena perfecta de la mano de los mejores profesionales del sector gracias a este pack que incluye servicio previo d aromoterapia y diagnostico d tu cabello aconsejando el color adecuado a tu personalidade. Color con productos de Redken corte de cabello asesorado y peinado con Ghd y acabado con productos Moroccanoil...Disfutando d unas d nuestras bebidas No esperes más y reserva ahora tu cita online de la forma más fácil a través de Bucmi.com. No valido para cabellos con extenciones ."
        }, 
        {
            "service_category": "Peluquería", 
            "service": "Cortar Y Peinar", 
            "duration": 2700, 
            "price": "32 € ", 
            "description": "Renueva tu look, córtate las puntas o déjanos realizarte un corte nuevo más favorecedor. En cualquier caso si reservas el servicio de corte y peinado con nosotros, no te arrepentirás. Incluye el lavado con champú de tratamiento y mascarilla, corte de pelo, peinado con planchas GHD y productos de acabado con la marca Moroccanoil. Además, antes del tratamiento podrás disfrutar de una sesión de aromaterapia, un diagnóstico del cabello y un té, copa de champán o cóctel a elegirF"
        }
    ]
}