{
    "adid": null, 
    "name": "David Kunzle Fuencarral", 
    "name_of_contact": "David Kunzle Fuencarral", 
    "scrape_page": "https://www.bucmi.com/david-kunzle-fuencarral", 
    "business_website": "https://www.bucmi.com/david-kunzle-fuencarral", 
    "areas_covered": null, 
    "description": "David Kunzle Fuencarral es el segundo salón de peluquería y estética abierto por David Künzle en Madrid. Se encuentra en el número 1 de la calle Gonzalo de Córdoba, muy cerca e la estación de Metro de Quevedo, y abrió sus puertas en diciembre de 2016. La calidad de este salón está avalada por los galardones recibidos por David, entre los que se encuentra una medalla de oro de la Asociación Española de Profesionales de la Imagen y su papel como embajador de la prestigiosa firma Matrix. Su equipo mantiene la filosofía de trabajo del primer centro que abrió, fundamentada en ofrecer un trato personalizado y dedicado al cliente, con la mayor limpieza y pulcritud. El salón cuenta con amplio espacio dedicado a tratamientos de peluquería y una cabina para tratamientos estéticos. Es la marca insignia de la belleza el glamur y el estilo del siglo XXI.", 
    "img_link": [
        "https://d1nd15w2k87kz0.cloudfront.net/Uploads/636337278078747813.jpg", 
        "https://d1nd15w2k87kz0.cloudfront.net/Uploads/636337278112654356.jpg", 
        "https://d1nd15w2k87kz0.cloudfront.net/Uploads/636337278139685683.jpg", 
        "https://d1nd15w2k87kz0.cloudfront.net/Uploads/636337278168904557.jpg", 
        "https://d1nd15w2k87kz0.cloudfront.net/Uploads/636337278341090901.jpg", 
        "https://d1nd15w2k87kz0.cloudfront.net/Uploads/636337278364371824.jpg", 
        "https://d1nd15w2k87kz0.cloudfront.net/Uploads/636337278423121617.jpg", 
        "https://d1nd15w2k87kz0.cloudfront.net/Uploads/636337278457027486.jpg"
    ], 
    "hqdb_featured_ad_type": "Featured", 
    "hqdb_nr_reviews": "94", 
    "hqdb_review_score": "9,6", 
    "accreditations": null, 
    "category": null, 
    "subcategory": null, 
    "street": null, 
    "city": "Madrid", 
    "zipcode": "28010", 
    "formatted_address": "Madrid, 28003, Madrid, 28006, Madrid, 28015, Madrid, 28010", 
    "country": "es", 
    "office_number": "910333096", 
    "office_number2": null, 
    "mobile_number": null, 
    "mobile_number2": null, 
    "unidentified_phone_numbers": null, 
    "latitude": "40.4322440000", 
    "longitude": "-3.7034536999", 
    "business_email": null, 
    "yelp_page": null, 
    "facebook": null, 
    "twitter": null, 
    "instagram": null, 
    "venue_images": "https://d1nd15w2k87kz0.cloudfront.net/Logotipos/636337279567643978.jpg", 
    "opening_hours_raw": null, 
    "pricelist_link": null, 
    "services": [
        {
            "service_category": "Preferente", 
            "service": "Para Clientes Nuevos Color Oil Y Corte", 
            "duration": 5400, 
            "price": "80,8 € ", 
            "description": "La coloración a base de aceites es una alternativa al tinte convencional, que daña menos tu pelo. Este pack incluye: asesoramiento, color Insider de Matrix a base de aceites, champú, masaje capilar, acondicionador hidratante, corte, secado natural, y producto de acabado. No incluye tratamientos específicos, ni peinado. Este servicio es específico para nuevos clientes que nunca hayan reservado en David Künzle Fuencarral."
        }, 
        {
            "service_category": "Preferente", 
            "service": "Para Clientes Nuevos Color Oil Y Peinado", 
            "duration": 5400, 
            "price": "67,8 € ", 
            "description": "La coloración a base de aceites es una alternativa al tinte convencional, que daña menos tu pelo. Este pack incluye: asesoramiento, color Insider de Matrix a base de aceites, champú, masaje capilar, acondicionador hidratante, peinado, y producto de acabado. No incluye tratamientos específicos. Este servicio es específico para nuevos clientes que nunca hayan reservado en David Künzle Fuencarral."
        }, 
        {
            "service_category": "Preferente", 
            "service": "Para Clientes Nuevos Color Oxidación Y Corte", 
            "duration": 5400, 
            "price": "74,5 € ", 
            "description": "La coloración tradicional por oxidación también se encuentra entre los trabajos técnicos realizados por los estilistas de David Künzle. El servicio incluye: asesoramiento, color de oxidación, champú, masaje capilar, acondicionador hidratante, corte, secado natural, y producto de acabado. No incluye tratamientos específicos, ni peinado. Este servicio es específico para nuevos clientes que nunca hayan reservado en David Künzle Fuencarral."
        }, 
        {
            "service_category": "Preferente", 
            "service": "Para Clientes Nuevos Color Oxidación Y Peinado", 
            "duration": 5400, 
            "price": "61,5 € ", 
            "description": "La coloración tradicional por oxidación también se encuentra entre los trabajos técnicos realizados por los estilistas de David Künzle. El servicio incluye: asesoramiento, color de oxidación, champú, masaje capilar, acondicionador hidratante, peinado, y producto de acabado. No incluye tratamientos específicos. Este servicio es específico para nuevos clientes que nunca hayan reservado en David Künzle Fuencarral."
        }, 
        {
            "service_category": "Preferente", 
            "service": "Para Clientes Nuevos Cortar Y Peinar", 
            "duration": 2700, 
            "price": "54 € ", 
            "description": "Un corte de pelo asesorado sanea nuestro pelo y crea o recupera el estilo perfecto. Los estilistas de David Künzle realizan este servicio con un asesoramiento previo, lavado con champú, masaje capilar, acondicionador hidratante, secado natural, peinado y producto de acabado. No incluye tratamientos extra, ni peinado. Para melenas que lleguen a 15cm por debajo del hombro, se abona un suplemento de 5€ en el día de la cita en el salón. Servicio es específico para nuevos clientes en David Künzle Fuencarral."
        }, 
        {
            "service_category": "Preferente", 
            "service": "Para Clientes Nuevos Masaje Anticelulítico", 
            "duration": 1800, 
            "price": "30 € ", 
            "description": "Este servicio de masaje anticelulítico se realiza para conseguir la eliminación de los nódulos de celulitis, aplicando una terapia manual específica con aceites esenciales y vegetales que potencian los resultados. Este servicio es específico para nuevos clientes que nunca hayan reservado en David Künzle Fuencarral. Resérvalo en 3 clics con Bucmi."
        }, 
        {
            "service_category": "Preferente", 
            "service": "Para Clientes Nuevos Mechas Y Matiz", 
            "duration": 5400, 
            "price": "87 € ", 
            "description": "Los estilistas de David Künzle asesoran y atienden con la mayor dedicación a los nuevos clientes que se ponen en sus manos para realizarse un tratamiento de mechas. El servicio incluye: asesoramiento, mechas con pincel, champú, masaje capilar, acondicionador hidratante, secado natural para quitar la humedad y producto de acabado. No incluye peinado ni tratamientos específicos. En el caso de que la longitud de pelo sea a partir de 15cm por debajo del hombro, se abonaría un suplemento de 10€ a 20."
        }, 
        {
            "service_category": "Preferente", 
            "service": "Para Clientes Nuevos Mechas, Matiz Y Corte", 
            "duration": 7200, 
            "price": "118 € ", 
            "description": "Este servicio es específico para nuevos clientes que nunca hayan reservado en David Künzle Fuencarral y que confían en la profesionalidad de su equipo por primera vez. El servicio incluye: asesoramiento, mechas con pincel, champú, masaje capilar, acondicionador hidratante, corte, secado natural y producto de acabado. No incluye tratamientos específicos ni peinado. Para pelo con un largo 15cm por debajo del hombro, se abona un suplemento de 15€ el día de la cita en el salón."
        }, 
        {
            "service_category": "Preferente", 
            "service": "Para Clientes Nuevos Mechas,Matiz,Corte Y Peinado", 
            "duration": 9000, 
            "price": "131 € ", 
            "description": "Este servicio es específico para nuevos clientes que nunca hayan reservado en David Künzle Fuencarral y que confían en la profesionalidad de su equipo por primera vez. El servicio incluye: asesoramiento, mechas con pincel, champú, masaje capilar, acondicionador hidratante, corte, peinado y producto de acabado. No incluye tratamientos específicos. Para pelo con un largo 15cm por debajo del hombro, se abona un suplemento de 15€ el día de la cita en el salón."
        }, 
        {
            "service_category": "Preferente", 
            "service": "Para Clientes Nuevos Tto Facial Hidratacion", 
            "duration": 3600, 
            "price": "60 € ", 
            "description": "Los profesionales esteticistas de David Künzle han diseñado este servicios especialmente para nuevos clientes que no han reservado nunca en su salón de Fuencarral. Con este tratamiento facial se consigue una hidratación extra para el cutis, además de una mejora de su aspecto y una mayor luminosidad. Se realiza con una limpieza previa, una ampolla específica según el tipo de piel aplicada mediante masaje y una mascarilla de colágeno para finalizar el ritual."
        }, 
        {
            "service_category": "Preferente", 
            "service": "Para Clientes Nuevos Tto Facial Vitamina C", 
            "duration": 5400, 
            "price": "70 € ", 
            "description": "Este tratamiento de Vitamina C aporta numerosos beneficios a la piel. Es antioxidante, neutraliza los radicales libres, disminuye la aparición de arrugas, proporciona un aspecto más joven y luminoso a la piel, contribuyendo a la producción de colágeno. Combina este tratamiento con cualquier servicio de peluquería y te regalamos un tratamiento capilar de hidratación y extra de brillo (express). Es exclusivo para nuevos clientes en el salón de Fuencarral."
        }, 
        {
            "service_category": "Preferente", 
            "service": "Para Jóvenes Hasta 25 Años Corte Caballero", 
            "duration": 1800, 
            "price": "26 € ", 
            "description": "Este servicio está especialmente creado para jóvenes hasta los 25 años. Durante el servicio los estilistas de David Künzle ofrecen el mejor asesoramiento personalizado y un trabajo de peluquería dedicado para lograr un acabado perfecto. El servicio incluye: asesoramiento de look, champú, masaje capilar, corte, secado natural para quitar la humedad y producto de acabado. Reserva tu cita en 1 minuto con Bucmi."
        }, 
        {
            "service_category": "Preferente", 
            "service": "Para Jóvenes Hasta 25 Años Corte Mujer", 
            "duration": 2700, 
            "price": "41 € ", 
            "description": "Este servicio específico para el público femenino más joven incluye el asesoramiento de look previo, un lavado con champú, masaje capilar, acondicionador hidratante, corte de pelo, secado natural para quitar la humedad y producto de acabado. El servicio no incluye peinado con tenacillas o plancha, ni tratamientos específicos. Los estilistas de David Künzle realizan el servicio de la forma más personalizada posible, volcándose en potenciar la belleza y el el estilo de cada persona."
        }, 
        {
            "service_category": "Preferente", 
            "service": "Para Jóvenes Hasta 25 Años Manicura Spa", 
            "duration": 1800, 
            "price": "25 € ", 
            "description": "Este servicio ha sido especialmente diseñado para jóvenes hasta los 25 años. Se trata de una manicura completa que purifica, hidrata y nutre tus manos. Todo un ritual de cuidado para las manos que incluye un exfoliante a base de aloe vera y luffa molida, que alisa y suaviza tus manos; una mascarilla que hidrata y refresca gracias a sus componentes botánicos y la vitamina E; y un acabado con crema nutritiva de glicerina y aceite de cilantro."
        }, 
        {
            "service_category": "Preferente", 
            "service": "Para Jóvenes Hasta 25 Años Reflejos Y Cortar", 
            "duration": 5400, 
            "price": "73 € ", 
            "description": "Este pack de peluquería incluye la combinación perfecta para conseguir un cambio de look. El servicio incluye: asesoramiento, reflejos con pincel, champú, masaje capilar, acondicionador hidratante, corte, secado natural y producto de acabado. No incluye tratamientos específicos, ni peinado. Si la melena llega a 15cm por debajo del hombro o más, conlleva un suplemento de 15€ a pagar en el salón. Servicio creado exclusivamente para jóvenes hasta los 28 años."
        }, 
        {
            "service_category": "Preferente", 
            "service": "Para Jóvenes Hasta 25 Años Tinte, Reflejos Y Corte", 
            "duration": 7200, 
            "price": "106,5 € ", 
            "description": "Este servicio incluye la combinación total para conseguir un cambio de look. Incluye: asesoramiento, tinte de oxidación, reflejos con pincel, champú, masaje capilar, acondicionador hidratante, corte, secado natural y producto de acabado. No incluye tratamientos específicos ni peinado. Para melenas de 15cm por debajo del hombro, se cobra un suplemento de 15€ en el salón. Servicio creado exclusivamente para jóvenes hasta los 28 años."
        }, 
        {
            "service_category": "Peluquería", 
            "service": "Para Clientes Nuevos Color Oil Y Corte", 
            "duration": 5400, 
            "price": "80,8 € ", 
            "description": "La coloración a base de aceites es una alternativa al tinte convencional, que daña menos tu pelo. Este pack incluye: asesoramiento, color Insider de Matrix a base de aceites, champú, masaje capilar, acondicionador hidratante, corte, secado natural, y producto de acabado. No incluye tratamientos específicos, ni peinado. Este servicio es específico para nuevos clientes que nunca hayan reservado en David Künzle Fuencarral."
        }, 
        {
            "service_category": "Peluquería", 
            "service": "Para Clientes Nuevos Color Oil Y Peinado", 
            "duration": 5400, 
            "price": "67,8 € ", 
            "description": "La coloración a base de aceites es una alternativa al tinte convencional, que daña menos tu pelo. Este pack incluye: asesoramiento, color Insider de Matrix a base de aceites, champú, masaje capilar, acondicionador hidratante, peinado, y producto de acabado. No incluye tratamientos específicos. Este servicio es específico para nuevos clientes que nunca hayan reservado en David Künzle Fuencarral."
        }, 
        {
            "service_category": "Peluquería", 
            "service": "Para Clientes Nuevos Color Oxidación Y Corte", 
            "duration": 5400, 
            "price": "74,5 € ", 
            "description": "La coloración tradicional por oxidación también se encuentra entre los trabajos técnicos realizados por los estilistas de David Künzle. El servicio incluye: asesoramiento, color de oxidación, champú, masaje capilar, acondicionador hidratante, corte, secado natural, y producto de acabado. No incluye tratamientos específicos, ni peinado. Este servicio es específico para nuevos clientes que nunca hayan reservado en David Künzle Fuencarral."
        }, 
        {
            "service_category": "Peluquería", 
            "service": "Para Clientes Nuevos Color Oxidación Y Peinado", 
            "duration": 5400, 
            "price": "61,5 € ", 
            "description": "La coloración tradicional por oxidación también se encuentra entre los trabajos técnicos realizados por los estilistas de David Künzle. El servicio incluye: asesoramiento, color de oxidación, champú, masaje capilar, acondicionador hidratante, peinado, y producto de acabado. No incluye tratamientos específicos. Este servicio es específico para nuevos clientes que nunca hayan reservado en David Künzle Fuencarral."
        }, 
        {
            "service_category": "Peluquería", 
            "service": "Para Clientes Nuevos Cortar Y Peinar", 
            "duration": 2700, 
            "price": "54 € ", 
            "description": "Un corte de pelo asesorado sanea nuestro pelo y crea o recupera el estilo perfecto. Los estilistas de David Künzle realizan este servicio con un asesoramiento previo, lavado con champú, masaje capilar, acondicionador hidratante, secado natural, peinado y producto de acabado. No incluye tratamientos extra, ni peinado. Para melenas que lleguen a 15cm por debajo del hombro, se abona un suplemento de 5€ en el día de la cita en el salón. Servicio es específico para nuevos clientes en David Künzle Fuencarral."
        }, 
        {
            "service_category": "Peluquería", 
            "service": "Para Clientes Nuevos Mechas Y Matiz", 
            "duration": 5400, 
            "price": "87 € ", 
            "description": "Los estilistas de David Künzle asesoran y atienden con la mayor dedicación a los nuevos clientes que se ponen en sus manos para realizarse un tratamiento de mechas. El servicio incluye: asesoramiento, mechas con pincel, champú, masaje capilar, acondicionador hidratante, secado natural para quitar la humedad y producto de acabado. No incluye peinado ni tratamientos específicos. En el caso de que la longitud de pelo sea a partir de 15cm por debajo del hombro, se abonaría un suplemento de 10€ a 20."
        }, 
        {
            "service_category": "Peluquería", 
            "service": "Para Clientes Nuevos Mechas, Matiz Y Corte", 
            "duration": 7200, 
            "price": "118 € ", 
            "description": "Este servicio es específico para nuevos clientes que nunca hayan reservado en David Künzle Fuencarral y que confían en la profesionalidad de su equipo por primera vez. El servicio incluye: asesoramiento, mechas con pincel, champú, masaje capilar, acondicionador hidratante, corte, secado natural y producto de acabado. No incluye tratamientos específicos ni peinado. Para pelo con un largo 15cm por debajo del hombro, se abona un suplemento de 15€ el día de la cita en el salón."
        }, 
        {
            "service_category": "Peluquería", 
            "service": "Para Clientes Nuevos Mechas,Matiz,Corte Y Peinado", 
            "duration": 9000, 
            "price": "131 € ", 
            "description": "Este servicio es específico para nuevos clientes que nunca hayan reservado en David Künzle Fuencarral y que confían en la profesionalidad de su equipo por primera vez. El servicio incluye: asesoramiento, mechas con pincel, champú, masaje capilar, acondicionador hidratante, corte, peinado y producto de acabado. No incluye tratamientos específicos. Para pelo con un largo 15cm por debajo del hombro, se abona un suplemento de 15€ el día de la cita en el salón."
        }, 
        {
            "service_category": "Peluquería", 
            "service": "Para Jóvenes Hasta 25 Años Corte Caballero", 
            "duration": 1800, 
            "price": "26 € ", 
            "description": "Este servicio está especialmente creado para jóvenes hasta los 25 años. Durante el servicio los estilistas de David Künzle ofrecen el mejor asesoramiento personalizado y un trabajo de peluquería dedicado para lograr un acabado perfecto. El servicio incluye: asesoramiento de look, champú, masaje capilar, corte, secado natural para quitar la humedad y producto de acabado. Reserva tu cita en 1 minuto con Bucmi."
        }, 
        {
            "service_category": "Peluquería", 
            "service": "Para Jóvenes Hasta 25 Años Corte Mujer", 
            "duration": 2700, 
            "price": "41 € ", 
            "description": "Este servicio específico para el público femenino más joven incluye el asesoramiento de look previo, un lavado con champú, masaje capilar, acondicionador hidratante, corte de pelo, secado natural para quitar la humedad y producto de acabado. El servicio no incluye peinado con tenacillas o plancha, ni tratamientos específicos. Los estilistas de David Künzle realizan el servicio de la forma más personalizada posible, volcándose en potenciar la belleza y el el estilo de cada persona."
        }, 
        {
            "service_category": "Peluquería", 
            "service": "Para Jóvenes Hasta 25 Años Reflejos Y Cortar", 
            "duration": 5400, 
            "price": "73 € ", 
            "description": "Este pack de peluquería incluye la combinación perfecta para conseguir un cambio de look. El servicio incluye: asesoramiento, reflejos con pincel, champú, masaje capilar, acondicionador hidratante, corte, secado natural y producto de acabado. No incluye tratamientos específicos, ni peinado. Si la melena llega a 15cm por debajo del hombro o más, conlleva un suplemento de 15€ a pagar en el salón. Servicio creado exclusivamente para jóvenes hasta los 28 años."
        }, 
        {
            "service_category": "Peluquería", 
            "service": "Para Jóvenes Hasta 25 Años Tinte, Reflejos Y Corte", 
            "duration": 7200, 
            "price": "106,5 € ", 
            "description": "Este servicio incluye la combinación total para conseguir un cambio de look. Incluye: asesoramiento, tinte de oxidación, reflejos con pincel, champú, masaje capilar, acondicionador hidratante, corte, secado natural y producto de acabado. No incluye tratamientos específicos ni peinado. Para melenas de 15cm por debajo del hombro, se cobra un suplemento de 15€ en el salón. Servicio creado exclusivamente para jóvenes hasta los 28 años."
        }, 
        {
            "service_category": "Peluquería", 
            "service": "Maquillaje Novia", 
            "duration": 3600, 
            "price": "160 € ", 
            "description": "Este servicio incluye una sesión de prueba, para no dejar al azar el maquillaje de un día tan importante, y el maquillaje del día de la boda. Además, sus especialistas en maquillaje para novias realizan un asesoramiento previo completo y un tratamiento flash para que la piel luzca resplandeciente el gran día. Reserva tu maquillaje de novia en David Künzle de la forma más cómoda con Bucmi."
        }, 
        {
            "service_category": "Peluquería", 
            "service": "Maquillaje Novia Especial", 
            "duration": 14400, 
            "price": "200 € ", 
            "description": "Este pack especial para novia incluye todo un ritual de tratamientos estéticos, además del maquillaje perfecto para el día de la boda. El servicio completo incluye una primera prueba de maquillaje, un tratamiento facial flash previo para lucir una piel radiante, pedicura y manicura spa, y el maquillaje el día de la boda. Sus especialistas en estética y maquillaje para bodas están avalados por años de experiencia y una filosofía de dedicación total a cada persona."
        }, 
        {
            "service_category": "Estética", 
            "service": "Para Clientes Nuevos Color Oil Y Corte", 
            "duration": 5400, 
            "price": "80,8 € ", 
            "description": "La coloración a base de aceites es una alternativa al tinte convencional, que daña menos tu pelo. Este pack incluye: asesoramiento, color Insider de Matrix a base de aceites, champú, masaje capilar, acondicionador hidratante, corte, secado natural, y producto de acabado. No incluye tratamientos específicos, ni peinado. Este servicio es específico para nuevos clientes que nunca hayan reservado en David Künzle Fuencarral."
        }, 
        {
            "service_category": "Estética", 
            "service": "Para Clientes Nuevos Color Oil Y Peinado", 
            "duration": 5400, 
            "price": "67,8 € ", 
            "description": "La coloración a base de aceites es una alternativa al tinte convencional, que daña menos tu pelo. Este pack incluye: asesoramiento, color Insider de Matrix a base de aceites, champú, masaje capilar, acondicionador hidratante, peinado, y producto de acabado. No incluye tratamientos específicos. Este servicio es específico para nuevos clientes que nunca hayan reservado en David Künzle Fuencarral."
        }, 
        {
            "service_category": "Estética", 
            "service": "Para Clientes Nuevos Color Oxidación Y Corte", 
            "duration": 5400, 
            "price": "74,5 € ", 
            "description": "La coloración tradicional por oxidación también se encuentra entre los trabajos técnicos realizados por los estilistas de David Künzle. El servicio incluye: asesoramiento, color de oxidación, champú, masaje capilar, acondicionador hidratante, corte, secado natural, y producto de acabado. No incluye tratamientos específicos, ni peinado. Este servicio es específico para nuevos clientes que nunca hayan reservado en David Künzle Fuencarral."
        }, 
        {
            "service_category": "Estética", 
            "service": "Para Clientes Nuevos Color Oxidación Y Peinado", 
            "duration": 5400, 
            "price": "61,5 € ", 
            "description": "La coloración tradicional por oxidación también se encuentra entre los trabajos técnicos realizados por los estilistas de David Künzle. El servicio incluye: asesoramiento, color de oxidación, champú, masaje capilar, acondicionador hidratante, peinado, y producto de acabado. No incluye tratamientos específicos. Este servicio es específico para nuevos clientes que nunca hayan reservado en David Künzle Fuencarral."
        }, 
        {
            "service_category": "Estética", 
            "service": "Para Clientes Nuevos Cortar Y Peinar", 
            "duration": 2700, 
            "price": "54 € ", 
            "description": "Un corte de pelo asesorado sanea nuestro pelo y crea o recupera el estilo perfecto. Los estilistas de David Künzle realizan este servicio con un asesoramiento previo, lavado con champú, masaje capilar, acondicionador hidratante, secado natural, peinado y producto de acabado. No incluye tratamientos extra, ni peinado. Para melenas que lleguen a 15cm por debajo del hombro, se abona un suplemento de 5€ en el día de la cita en el salón. Servicio es específico para nuevos clientes en David Künzle Fuencarral."
        }, 
        {
            "service_category": "Estética", 
            "service": "Para Clientes Nuevos Mechas Y Matiz", 
            "duration": 5400, 
            "price": "87 € ", 
            "description": "Los estilistas de David Künzle asesoran y atienden con la mayor dedicación a los nuevos clientes que se ponen en sus manos para realizarse un tratamiento de mechas. El servicio incluye: asesoramiento, mechas con pincel, champú, masaje capilar, acondicionador hidratante, secado natural para quitar la humedad y producto de acabado. No incluye peinado ni tratamientos específicos. En el caso de que la longitud de pelo sea a partir de 15cm por debajo del hombro, se abonaría un suplemento de 10€ a 20."
        }, 
        {
            "service_category": "Estética", 
            "service": "Para Clientes Nuevos Mechas, Matiz Y Corte", 
            "duration": 7200, 
            "price": "118 € ", 
            "description": "Este servicio es específico para nuevos clientes que nunca hayan reservado en David Künzle Fuencarral y que confían en la profesionalidad de su equipo por primera vez. El servicio incluye: asesoramiento, mechas con pincel, champú, masaje capilar, acondicionador hidratante, corte, secado natural y producto de acabado. No incluye tratamientos específicos ni peinado. Para pelo con un largo 15cm por debajo del hombro, se abona un suplemento de 15€ el día de la cita en el salón."
        }, 
        {
            "service_category": "Estética", 
            "service": "Para Clientes Nuevos Mechas,Matiz,Corte Y Peinado", 
            "duration": 9000, 
            "price": "131 € ", 
            "description": "Este servicio es específico para nuevos clientes que nunca hayan reservado en David Künzle Fuencarral y que confían en la profesionalidad de su equipo por primera vez. El servicio incluye: asesoramiento, mechas con pincel, champú, masaje capilar, acondicionador hidratante, corte, peinado y producto de acabado. No incluye tratamientos específicos. Para pelo con un largo 15cm por debajo del hombro, se abona un suplemento de 15€ el día de la cita en el salón."
        }, 
        {
            "service_category": "Estética", 
            "service": "Para Jóvenes Hasta 25 Años Corte Caballero", 
            "duration": 1800, 
            "price": "26 € ", 
            "description": "Este servicio está especialmente creado para jóvenes hasta los 25 años. Durante el servicio los estilistas de David Künzle ofrecen el mejor asesoramiento personalizado y un trabajo de peluquería dedicado para lograr un acabado perfecto. El servicio incluye: asesoramiento de look, champú, masaje capilar, corte, secado natural para quitar la humedad y producto de acabado. Reserva tu cita en 1 minuto con Bucmi."
        }, 
        {
            "service_category": "Estética", 
            "service": "Para Jóvenes Hasta 25 Años Corte Mujer", 
            "duration": 2700, 
            "price": "41 € ", 
            "description": "Este servicio específico para el público femenino más joven incluye el asesoramiento de look previo, un lavado con champú, masaje capilar, acondicionador hidratante, corte de pelo, secado natural para quitar la humedad y producto de acabado. El servicio no incluye peinado con tenacillas o plancha, ni tratamientos específicos. Los estilistas de David Künzle realizan el servicio de la forma más personalizada posible, volcándose en potenciar la belleza y el el estilo de cada persona."
        }, 
        {
            "service_category": "Estética", 
            "service": "Para Jóvenes Hasta 25 Años Reflejos Y Cortar", 
            "duration": 5400, 
            "price": "73 € ", 
            "description": "Este pack de peluquería incluye la combinación perfecta para conseguir un cambio de look. El servicio incluye: asesoramiento, reflejos con pincel, champú, masaje capilar, acondicionador hidratante, corte, secado natural y producto de acabado. No incluye tratamientos específicos, ni peinado. Si la melena llega a 15cm por debajo del hombro o más, conlleva un suplemento de 15€ a pagar en el salón. Servicio creado exclusivamente para jóvenes hasta los 28 años."
        }, 
        {
            "service_category": "Estética", 
            "service": "Para Jóvenes Hasta 25 Años Tinte, Reflejos Y Corte", 
            "duration": 7200, 
            "price": "106,5 € ", 
            "description": "Este servicio incluye la combinación total para conseguir un cambio de look. Incluye: asesoramiento, tinte de oxidación, reflejos con pincel, champú, masaje capilar, acondicionador hidratante, corte, secado natural y producto de acabado. No incluye tratamientos específicos ni peinado. Para melenas de 15cm por debajo del hombro, se cobra un suplemento de 15€ en el salón. Servicio creado exclusivamente para jóvenes hasta los 28 años."
        }, 
        {
            "service_category": "Estética", 
            "service": "Maquillaje Novia", 
            "duration": 3600, 
            "price": "160 € ", 
            "description": "Este servicio incluye una sesión de prueba, para no dejar al azar el maquillaje de un día tan importante, y el maquillaje del día de la boda. Además, sus especialistas en maquillaje para novias realizan un asesoramiento previo completo y un tratamiento flash para que la piel luzca resplandeciente el gran día. Reserva tu maquillaje de novia en David Künzle de la forma más cómoda con Bucmi."
        }, 
        {
            "service_category": "Estética", 
            "service": "Maquillaje Novia Especial", 
            "duration": 14400, 
            "price": "200 € ", 
            "description": "Este pack especial para novia incluye todo un ritual de tratamientos estéticos, además del maquillaje perfecto para el día de la boda. El servicio completo incluye una primera prueba de maquillaje, un tratamiento facial flash previo para lucir una piel radiante, pedicura y manicura spa, y el maquillaje el día de la boda. Sus especialistas en estética y maquillaje para bodas están avalados por años de experiencia y una filosofía de dedicación total a cada persona."
        }, 
        {
            "service_category": "Estética", 
            "service": "Drenaje Linfático", 
            "duration": 2700, 
            "price": "37 € ", 
            "description": "Un drenaje linfático profesional se basa en la técnica manual del masaje y está enfocado a mejorar la circulación, eliminar líquidos y toxinas o combatir problemas de retención de líquidos y piernas cansadas. Los expertos en masaje de este salón de belleza, aplican el drenaje linfático específico según las necesidades concretas de cada persona. Puedes reservarlo online en 3 clics."
        }, 
        {
            "service_category": "Estética", 
            "service": "Tratamiento Facial: Premium Pack", 
            "duration": 5400, 
            "price": "85 € ", 
            "description": "Este servicio es más que un tratamiento facial, puesto que cuida y embellece el rostro. Se trata de un completo ritual que combina dos pasos. Por un lado, un tratamiento facial personalizado según el tipo de piel, asesorado por los esteticistas profesionales de David Künzle y los mejores cosméticos. Y por otro, un sesión de maquillaje básico personalizado para conseguir una imagen perfecta. Reserva este ritual en 3 clics con Bucmi."
        }, 
        {
            "service_category": "Estética", 
            "service": "Tratamiento Facial Meso Glicólico", 
            "duration": 3600, 
            "price": "60 € ", 
            "description": "Este tratamiento reduce problemas como las arrugas de expresión, el fotoenvejecimiento y las manchas cutáneas provocadas por el acné y las cicatrices. Tiene un gran efecto exfoliante y sirve para todo tipo de piel. Reservando este tratamiento Meso Glicólico con cualquier otro servicio de peluquería, se incluye de regalo un tratamiento capilar de hidratación y extra de brillo (express). Válido hasta el 31/03/2017."
        }, 
        {
            "service_category": "Estética", 
            "service": "Tto Facial Vitamina C", 
            "duration": 3600, 
            "price": "70 € ", 
            "description": "Los últimos estudios estéticos destacan entre las numerosas propiedades de la Vitamina C, su gran acción antioxidante. En David Künzle cuentan con un tratamiento específico basado en ella que ayuda a neutraliza los radicales libres, disminuir la aparición de arrugas y proporcionar un aspecto mas joven y luminoso a la piel, ya que contribuye a la producción de colágeno. Reservando este ritual con cualquier servicio de peluquería y se incluye un tratamiento capilar de hidratación y brillo (express)."
        }, 
        {
            "service_category": "Manicura y Pedicura", 
            "service": "Para Clientes Nuevos Color Oil Y Corte", 
            "duration": 5400, 
            "price": "80,8 € ", 
            "description": "La coloración a base de aceites es una alternativa al tinte convencional, que daña menos tu pelo. Este pack incluye: asesoramiento, color Insider de Matrix a base de aceites, champú, masaje capilar, acondicionador hidratante, corte, secado natural, y producto de acabado. No incluye tratamientos específicos, ni peinado. Este servicio es específico para nuevos clientes que nunca hayan reservado en David Künzle Fuencarral."
        }, 
        {
            "service_category": "Manicura y Pedicura", 
            "service": "Para Clientes Nuevos Color Oil Y Peinado", 
            "duration": 5400, 
            "price": "67,8 € ", 
            "description": "La coloración a base de aceites es una alternativa al tinte convencional, que daña menos tu pelo. Este pack incluye: asesoramiento, color Insider de Matrix a base de aceites, champú, masaje capilar, acondicionador hidratante, peinado, y producto de acabado. No incluye tratamientos específicos. Este servicio es específico para nuevos clientes que nunca hayan reservado en David Künzle Fuencarral."
        }, 
        {
            "service_category": "Manicura y Pedicura", 
            "service": "Para Clientes Nuevos Color Oxidación Y Corte", 
            "duration": 5400, 
            "price": "74,5 € ", 
            "description": "La coloración tradicional por oxidación también se encuentra entre los trabajos técnicos realizados por los estilistas de David Künzle. El servicio incluye: asesoramiento, color de oxidación, champú, masaje capilar, acondicionador hidratante, corte, secado natural, y producto de acabado. No incluye tratamientos específicos, ni peinado. Este servicio es específico para nuevos clientes que nunca hayan reservado en David Künzle Fuencarral."
        }, 
        {
            "service_category": "Manicura y Pedicura", 
            "service": "Para Clientes Nuevos Color Oxidación Y Peinado", 
            "duration": 5400, 
            "price": "61,5 € ", 
            "description": "La coloración tradicional por oxidación también se encuentra entre los trabajos técnicos realizados por los estilistas de David Künzle. El servicio incluye: asesoramiento, color de oxidación, champú, masaje capilar, acondicionador hidratante, peinado, y producto de acabado. No incluye tratamientos específicos. Este servicio es específico para nuevos clientes que nunca hayan reservado en David Künzle Fuencarral."
        }, 
        {
            "service_category": "Manicura y Pedicura", 
            "service": "Para Clientes Nuevos Cortar Y Peinar", 
            "duration": 2700, 
            "price": "54 € ", 
            "description": "Un corte de pelo asesorado sanea nuestro pelo y crea o recupera el estilo perfecto. Los estilistas de David Künzle realizan este servicio con un asesoramiento previo, lavado con champú, masaje capilar, acondicionador hidratante, secado natural, peinado y producto de acabado. No incluye tratamientos extra, ni peinado. Para melenas que lleguen a 15cm por debajo del hombro, se abona un suplemento de 5€ en el día de la cita en el salón. Servicio es específico para nuevos clientes en David Künzle Fuencarral."
        }, 
        {
            "service_category": "Manicura y Pedicura", 
            "service": "Para Clientes Nuevos Mechas Y Matiz", 
            "duration": 5400, 
            "price": "87 € ", 
            "description": "Los estilistas de David Künzle asesoran y atienden con la mayor dedicación a los nuevos clientes que se ponen en sus manos para realizarse un tratamiento de mechas. El servicio incluye: asesoramiento, mechas con pincel, champú, masaje capilar, acondicionador hidratante, secado natural para quitar la humedad y producto de acabado. No incluye peinado ni tratamientos específicos. En el caso de que la longitud de pelo sea a partir de 15cm por debajo del hombro, se abonaría un suplemento de 10€ a 20."
        }, 
        {
            "service_category": "Manicura y Pedicura", 
            "service": "Para Clientes Nuevos Mechas, Matiz Y Corte", 
            "duration": 7200, 
            "price": "118 € ", 
            "description": "Este servicio es específico para nuevos clientes que nunca hayan reservado en David Künzle Fuencarral y que confían en la profesionalidad de su equipo por primera vez. El servicio incluye: asesoramiento, mechas con pincel, champú, masaje capilar, acondicionador hidratante, corte, secado natural y producto de acabado. No incluye tratamientos específicos ni peinado. Para pelo con un largo 15cm por debajo del hombro, se abona un suplemento de 15€ el día de la cita en el salón."
        }, 
        {
            "service_category": "Manicura y Pedicura", 
            "service": "Para Clientes Nuevos Mechas,Matiz,Corte Y Peinado", 
            "duration": 9000, 
            "price": "131 € ", 
            "description": "Este servicio es específico para nuevos clientes que nunca hayan reservado en David Künzle Fuencarral y que confían en la profesionalidad de su equipo por primera vez. El servicio incluye: asesoramiento, mechas con pincel, champú, masaje capilar, acondicionador hidratante, corte, peinado y producto de acabado. No incluye tratamientos específicos. Para pelo con un largo 15cm por debajo del hombro, se abona un suplemento de 15€ el día de la cita en el salón."
        }, 
        {
            "service_category": "Masaje", 
            "service": "Para Clientes Nuevos Color Oil Y Corte", 
            "duration": 5400, 
            "price": "80,8 € ", 
            "description": "La coloración a base de aceites es una alternativa al tinte convencional, que daña menos tu pelo. Este pack incluye: asesoramiento, color Insider de Matrix a base de aceites, champú, masaje capilar, acondicionador hidratante, corte, secado natural, y producto de acabado. No incluye tratamientos específicos, ni peinado. Este servicio es específico para nuevos clientes que nunca hayan reservado en David Künzle Fuencarral."
        }, 
        {
            "service_category": "Masaje", 
            "service": "Para Clientes Nuevos Color Oil Y Peinado", 
            "duration": 5400, 
            "price": "67,8 € ", 
            "description": "La coloración a base de aceites es una alternativa al tinte convencional, que daña menos tu pelo. Este pack incluye: asesoramiento, color Insider de Matrix a base de aceites, champú, masaje capilar, acondicionador hidratante, peinado, y producto de acabado. No incluye tratamientos específicos. Este servicio es específico para nuevos clientes que nunca hayan reservado en David Künzle Fuencarral."
        }, 
        {
            "service_category": "Masaje", 
            "service": "Para Clientes Nuevos Color Oxidación Y Corte", 
            "duration": 5400, 
            "price": "74,5 € ", 
            "description": "La coloración tradicional por oxidación también se encuentra entre los trabajos técnicos realizados por los estilistas de David Künzle. El servicio incluye: asesoramiento, color de oxidación, champú, masaje capilar, acondicionador hidratante, corte, secado natural, y producto de acabado. No incluye tratamientos específicos, ni peinado. Este servicio es específico para nuevos clientes que nunca hayan reservado en David Künzle Fuencarral."
        }, 
        {
            "service_category": "Masaje", 
            "service": "Para Clientes Nuevos Color Oxidación Y Peinado", 
            "duration": 5400, 
            "price": "61,5 € ", 
            "description": "La coloración tradicional por oxidación también se encuentra entre los trabajos técnicos realizados por los estilistas de David Künzle. El servicio incluye: asesoramiento, color de oxidación, champú, masaje capilar, acondicionador hidratante, peinado, y producto de acabado. No incluye tratamientos específicos. Este servicio es específico para nuevos clientes que nunca hayan reservado en David Künzle Fuencarral."
        }, 
        {
            "service_category": "Masaje", 
            "service": "Para Clientes Nuevos Cortar Y Peinar", 
            "duration": 2700, 
            "price": "54 € ", 
            "description": "Un corte de pelo asesorado sanea nuestro pelo y crea o recupera el estilo perfecto. Los estilistas de David Künzle realizan este servicio con un asesoramiento previo, lavado con champú, masaje capilar, acondicionador hidratante, secado natural, peinado y producto de acabado. No incluye tratamientos extra, ni peinado. Para melenas que lleguen a 15cm por debajo del hombro, se abona un suplemento de 5€ en el día de la cita en el salón. Servicio es específico para nuevos clientes en David Künzle Fuencarral."
        }, 
        {
            "service_category": "Depilación", 
            "service": "Para Clientes Nuevos Color Oil Y Corte", 
            "duration": 5400, 
            "price": "80,8 € ", 
            "description": "La coloración a base de aceites es una alternativa al tinte convencional, que daña menos tu pelo. Este pack incluye: asesoramiento, color Insider de Matrix a base de aceites, champú, masaje capilar, acondicionador hidratante, corte, secado natural, y producto de acabado. No incluye tratamientos específicos, ni peinado. Este servicio es específico para nuevos clientes que nunca hayan reservado en David Künzle Fuencarral."
        }, 
        {
            "service_category": "Depilación", 
            "service": "Para Clientes Nuevos Color Oil Y Peinado", 
            "duration": 5400, 
            "price": "67,8 € ", 
            "description": "La coloración a base de aceites es una alternativa al tinte convencional, que daña menos tu pelo. Este pack incluye: asesoramiento, color Insider de Matrix a base de aceites, champú, masaje capilar, acondicionador hidratante, peinado, y producto de acabado. No incluye tratamientos específicos. Este servicio es específico para nuevos clientes que nunca hayan reservado en David Künzle Fuencarral."
        }, 
        {
            "service_category": "Depilación", 
            "service": "Para Clientes Nuevos Color Oxidación Y Corte", 
            "duration": 5400, 
            "price": "74,5 € ", 
            "description": "La coloración tradicional por oxidación también se encuentra entre los trabajos técnicos realizados por los estilistas de David Künzle. El servicio incluye: asesoramiento, color de oxidación, champú, masaje capilar, acondicionador hidratante, corte, secado natural, y producto de acabado. No incluye tratamientos específicos, ni peinado. Este servicio es específico para nuevos clientes que nunca hayan reservado en David Künzle Fuencarral."
        }, 
        {
            "service_category": "Depilación", 
            "service": "Para Clientes Nuevos Color Oxidación Y Peinado", 
            "duration": 5400, 
            "price": "61,5 € ", 
            "description": "La coloración tradicional por oxidación también se encuentra entre los trabajos técnicos realizados por los estilistas de David Künzle. El servicio incluye: asesoramiento, color de oxidación, champú, masaje capilar, acondicionador hidratante, peinado, y producto de acabado. No incluye tratamientos específicos. Este servicio es específico para nuevos clientes que nunca hayan reservado en David Künzle Fuencarral."
        }
    ]
}