{
    "adid": null, 
    "name": "Skin Inc Velazquez", 
    "name_of_contact": "Skin Inc Velazquez", 
    "scrape_page": "https://www.bucmi.com/skincmadrid", 
    "business_website": "https://www.bucmi.com/skincmadrid", 
    "areas_covered": null, 
    "description": "SKIN INC tiene varios salones de estética por toda España: Madrid, Barcelona, Pamplona, Mallorca e Ibiza. Desde sus inicios una marca muy reconocida y valorada por la prensa. El poder del cuidado de la piel es su máxima, ofrece soluciones personalizadas para los diferentes problemas de la piel. ¡Tratamientos personalizados con su marca cosmética propia!", 
    "img_link": [
        "https://d1nd15w2k87kz0.cloudfront.net/Uploads/635726418101583217.jpg", 
        "https://d1nd15w2k87kz0.cloudfront.net/Uploads/635726418148472066.jpg", 
        "https://d1nd15w2k87kz0.cloudfront.net/Uploads/635726418312391101.jpg", 
        "https://d1nd15w2k87kz0.cloudfront.net/Uploads/635726418642274591.jpg"
    ], 
    "hqdb_featured_ad_type": "Featured", 
    "hqdb_nr_reviews": "56", 
    "hqdb_review_score": "8,2", 
    "accreditations": null, 
    "category": null, 
    "subcategory": null, 
    "street": null, 
    "city": "Madrid", 
    "zipcode": "28001", 
    "formatted_address": "Madrid, 28001, Madrid, 28043, Madrid, 28014, Madrid, 28001", 
    "country": "es", 
    "office_number": "914362781", 
    "office_number2": null, 
    "mobile_number": null, 
    "mobile_number2": null, 
    "unidentified_phone_numbers": null, 
    "latitude": "40.4256262000", 
    "longitude": "-3.6844591000", 
    "business_email": null, 
    "yelp_page": null, 
    "facebook": null, 
    "twitter": null, 
    "instagram": null, 
    "venue_images": "https://d1nd15w2k87kz0.cloudfront.net/Logotipos/635914873235051043.jpg", 
    "opening_hours_raw": null, 
    "pricelist_link": null, 
    "services": [
        {
            "service_category": "Preferente", 
            "service": "Higiene Facial: Oxy Miracle Peel & Infusion", 
            "duration": 3600, 
            "price": "79 € ", 
            "description": "Tratamiento de limpieza facial profunda 5 en 1: limpia, hidrata, ilumina, repara y prepara la piel. El resultado es una limpieza profunda, una piel oxigenada, hidratada, iluminada, tonificada y rejuevenecida. Los expertos de Skin Inc otorgaran a tu rostro unos resultados inmejorables gracias a este completo tratamiento. La duración de este servicio es de 55 minutos."
        }, 
        {
            "service_category": "Preferente", 
            "service": "Limpieza Facial: Oxy Bye Bye Blemishes!", 
            "duration": 3600, 
            "price": "89 € ", 
            "description": "Tratamiento purificante para pieles propensas a los granos: limpia los poros en profundidad, hidrata y calma el enrojecimiento, previniendo la aparición de futuras impurezas. Resultado: Limpia los poros en profundidad, reduce la grasa, brillos y el enrojecimientos visible. Proporciona a la piel un aspecto suave y saludable. Duración 55 minutos."
        }, 
        {
            "service_category": "Preferente", 
            "service": "Tto. Facial Antiedad: Oxy Snow White Radiance", 
            "duration": 3600, 
            "price": "100 € ", 
            "description": "Corrige el tono de la piel y reduce las manchas con un tratamiento corrector. Consigue una piel más luminosa y radiante gracias a la unificación del tono y a la reducción de las manchas atenuadas y de las líneas de expresión. También se reducirá la apariencia de los poros dilatados. La duración del servicio es de 55 minutos."
        }, 
        {
            "service_category": "Estética", 
            "service": "Higiene Facial: Oxy Miracle Peel & Infusion", 
            "duration": 3600, 
            "price": "79 € ", 
            "description": "Tratamiento de limpieza facial profunda 5 en 1: limpia, hidrata, ilumina, repara y prepara la piel. El resultado es una limpieza profunda, una piel oxigenada, hidratada, iluminada, tonificada y rejuevenecida. Los expertos de Skin Inc otorgaran a tu rostro unos resultados inmejorables gracias a este completo tratamiento. La duración de este servicio es de 55 minutos."
        }, 
        {
            "service_category": "Estética", 
            "service": "Limpieza Facial: Oxy Bye Bye Blemishes!", 
            "duration": 3600, 
            "price": "89 € ", 
            "description": "Tratamiento purificante para pieles propensas a los granos: limpia los poros en profundidad, hidrata y calma el enrojecimiento, previniendo la aparición de futuras impurezas. Resultado: Limpia los poros en profundidad, reduce la grasa, brillos y el enrojecimientos visible. Proporciona a la piel un aspecto suave y saludable. Duración 55 minutos."
        }, 
        {
            "service_category": "Estética", 
            "service": "Limpieza Facial: Oxy Bye Bye Blemishes!", 
            "duration": 5400, 
            "price": "115 € ", 
            "description": "Un tratamiento facial de larga duración para conseguir un rostro suave, liso y con un aspceto más saludable. Consiste en eliminar los excesos del poro y limpiarlos en profundidad, hidratar y calmar el enrojecimiento de la piel, reducir los brillos y la grasa. Un rostro suave y saludable con los expertos de Skin Inc. La duración del servicio es de 55 minutos."
        }, 
        {
            "service_category": "Estética", 
            "service": "Tratamiento Anticelulítico: Oxy Anti-Cellulite", 
            "duration": 5400, 
            "price": "150 € ", 
            "description": "Trás un previo diagnóstico, se determina el tipo de celulítis que se debe tratar. Para tratarla se utiliza oxígeno combinado con suero fisiológico y un complejo anticelulítico, y junto con la aparatología más adecuada para cada tipo de celulitis se comienza el tratamiento (LPG, radiofrecuencia, presoterpia, electroestimulación). El resultado es la reducción del aspecto de la celulitis y de la piel de naranja, proporcionando una piel lisa, suave y firme."
        }, 
        {
            "service_category": "Estética", 
            "service": "Tto. Facial Antiedad: Oxy Snow White Radiance", 
            "duration": 3600, 
            "price": "100 € ", 
            "description": "Corrige el tono de la piel y reduce las manchas con un tratamiento corrector. Consigue una piel más luminosa y radiante gracias a la unificación del tono y a la reducción de las manchas atenuadas y de las líneas de expresión. También se reducirá la apariencia de los poros dilatados. La duración del servicio es de 55 minutos."
        }, 
        {
            "service_category": "Estética", 
            "service": "Drenaje Linfático Corporal: Water Of", 
            "duration": 3600, 
            "price": "85 € ", 
            "description": "Un completo drenaje linfático manual para eliminar las toxinas de tu piel. A través del método Vodder se favorece el funcionamiento del sistema linfático."
        }, 
        {
            "service_category": "Estética", 
            "service": "Exfoliación Corporal: Chocolate Freak", 
            "duration": 3600, 
            "price": "120 € ", 
            "description": "¡Una exfoliación corporal rica y deliciosa! Y esto es porque está realizada a base de trocitos de verdadero y puro cacao. Proporciona al cuerpo hidratación máxima, propiedades antioxidantes y anticelulítico. La duración del servicio es de 55 minutos."
        }, 
        {
            "service_category": "Estética", 
            "service": "Exfoliación Corporal: Mediterranean Breeze", 
            "duration": 3600, 
            "price": "100 € ", 
            "description": "Una completa exfoliación corporal a base de aceites de Argán, semillas de uvas y aguas de naranjo. Tu cuerpo obtendrá una hidratación que proporcionará una suavidad extrema. La duración del servicio es de 55 minutos."
        }, 
        {
            "service_category": "Estética", 
            "service": "Higiene Facial: Oxy Miracle Peel & Infusion", 
            "duration": 5400, 
            "price": "105 € ", 
            "description": "Un completo tratamiento de limpieza facial 5 en 1: limpia, hidrata, ilumina, repara y prepara la piel del rostro. El tratamiento consiste en una limpieza profunda que otorgará a tu rostro una piel oxigenada, hidratada, iluminada, tonificada y rejuvenecida. Los profesionales de Skin Inc conseguirán devolver un aspecto saludable a la piel del rostro. La duración completa del servicio es de 85 minutos."
        }, 
        {
            "service_category": "Estética", 
            "service": "Lifting Facial: Lift It Up", 
            "duration": 3600, 
            "price": "125 € ", 
            "description": "El lifting facial sin cirugía. Con avanzada tecnología lifting: radiofrecuencia bipolar, radiofrecuencia multipolar y succión. Resultado: alisa visiblemente el aspecto de líneas y arrugas, difumina bolsas y ojeras, reafirma y tensa la piel. Confía en nuestros expertos profesionales de Skin Inc, y vive una experiencia única en nuestro bonito y exclusivo salón, a la vez que disfrutas de unos resultados increíbles. La duración exacta del servicio es de 55 minutos."
        }, 
        {
            "service_category": "Estética", 
            "service": "Tratamiento Anticelulítico: Oxy Beauty Legs.", 
            "duration": 5400, 
            "price": "120 € ", 
            "description": "Consigue una piernas espectaculares gracias al tratamiento corporal anticelulítico destinado exclusivamente a las piernas. Los tratamientos en Skin Inc son totalmente personalizados en función de las necesidades de cada persona. Reduce la celulitis, tonifica y remodela el aspecto de la piel. Además, consigue unas piernas más hidratadas y esculpidas."
        }, 
        {
            "service_category": "Estética", 
            "service": "Tratamiento Corporal Hidratante Chocolate Y Masaje", 
            "duration": 3600, 
            "price": "150 € ", 
            "description": "Disfruta de un tratamiento corporal completo, en el que además de hidratar y cuidar tu piel, conseguirás relajarte y olvidar durante una horita todo el estrés acumulado. El servicio consiste en una envoltura corporal nutritiva y remodelante con efecto calor a base de cacao y para finalizar 20 minutos de masaje relajante corporal. Confía en nuestros expertos profesionales de Skin Inc, y vive una experiencia única en nuestro bonito y exclusivo salón, a la vez que disfrutas de unos resultados increíbles."
        }, 
        {
            "service_category": "Estética", 
            "service": "Tratamiento Reductor: Oxy Body Slim", 
            "duration": 5400, 
            "price": "150 € ", 
            "description": "Tratamiento corporal que combina el poder de un exclusivo sérum adelgazante, introducido con la tecnología Oxy-Jet en las capas más profundas de la piel, junto con la más avanzada aparatología corporal de Skin Inc y una mascarilla adelgazante para ayudar a adelgazar y remodelar el cuerpo desde la primera sesión. Resultados: Más firmeza en la piel, textura y tono más uniforme, más luminosa y una silueta definida. Al cabo de varias sesiones ayuda a reducir la grasa y remodelar el cuerpo."
        }, 
        {
            "service_category": "Estética", 
            "service": "Tto. Corporal Anticelulítico: Bye, Bye Cellulite", 
            "duration": 3600, 
            "price": "120 € ", 
            "description": "Un exclusivo tratamiento destino a reducir cualquier tipo de celulitis. Gracias a los tratamientos personalizados de Skin INC es posible combatir todo tipo de celulitis. Combina el poder del oxígeno y de un sérum anticelulítico introducido con la tecnología Oxy-Jet, con la aparatología más innovadora. Consigue una piel lisa, suave y firme."
        }, 
        {
            "service_category": "Estética", 
            "service": "Tto. Corporal Hidratante Chocolate Freak", 
            "duration": 3600, 
            "price": "120 € ", 
            "description": "Un tratamiento corporal hidratante realizado a través de una envoltura corporal nutritiva y remodelante, con efecto calor a base de cacao. La duración del servicio es de 55 minutos y proporciona al cuerpo hidratación y suavidad."
        }, 
        {
            "service_category": "Estética", 
            "service": "Tto. Corporal Hidratante: Mediterranean Breeze", 
            "duration": 3600, 
            "price": "100 € ", 
            "description": "El tratamiento consiste en una envolutura corporal que proporciona propiedades calmantes e hidratantes a tu piel gracias a los principales ingredientes con los que se realiza: Aloe Vera y Menta. Tu cuerpo estará nutrida e hidratada, ¡olvídate de la sequedad! La duración exacta del servicio es de 55 minutos."
        }, 
        {
            "service_category": "Estética", 
            "service": "Tto. Corporal Hidratante: Oxy Miracle Back Peel", 
            "duration": 3600, 
            "price": "89 € ", 
            "description": "Tratamiento de belleza para la espalda masculina. Consiste en un peeling y una hidratación completa de la espalda para que obtengas una piel suave, tersa y libre de impurezas. Duración de 55 minutos."
        }, 
        {
            "service_category": "Estética", 
            "service": "Tto. Facial Hidratante Y Antiedad: Men Friendly", 
            "duration": 3600, 
            "price": "79 € ", 
            "description": "Un tratamiento facial 5 en 1 ideal para pieles masculinas: limpia, hidrata, ilumina, tonifica y rejuvenece la piel del rostro. ¡Ellos también se cuidan! Los expertos profesionales de Skin Inc conseguirán unos resultados increíbles, y vivirás una experiencia única en un ambiente de relax. La duración del servicio es de 55 minutos."
        }, 
        {
            "service_category": "Masaje", 
            "service": "Higiene Facial: Oxy Miracle Peel & Infusion", 
            "duration": 3600, 
            "price": "79 € ", 
            "description": "Tratamiento de limpieza facial profunda 5 en 1: limpia, hidrata, ilumina, repara y prepara la piel. El resultado es una limpieza profunda, una piel oxigenada, hidratada, iluminada, tonificada y rejuevenecida. Los expertos de Skin Inc otorgaran a tu rostro unos resultados inmejorables gracias a este completo tratamiento. La duración de este servicio es de 55 minutos."
        }, 
        {
            "service_category": "Masaje", 
            "service": "Limpieza Facial: Oxy Bye Bye Blemishes!", 
            "duration": 3600, 
            "price": "89 € ", 
            "description": "Tratamiento purificante para pieles propensas a los granos: limpia los poros en profundidad, hidrata y calma el enrojecimiento, previniendo la aparición de futuras impurezas. Resultado: Limpia los poros en profundidad, reduce la grasa, brillos y el enrojecimientos visible. Proporciona a la piel un aspecto suave y saludable. Duración 55 minutos."
        }, 
        {
            "service_category": "Masaje", 
            "service": "Limpieza Facial: Oxy Bye Bye Blemishes!", 
            "duration": 5400, 
            "price": "115 € ", 
            "description": "Un tratamiento facial de larga duración para conseguir un rostro suave, liso y con un aspceto más saludable. Consiste en eliminar los excesos del poro y limpiarlos en profundidad, hidratar y calmar el enrojecimiento de la piel, reducir los brillos y la grasa. Un rostro suave y saludable con los expertos de Skin Inc. La duración del servicio es de 55 minutos."
        }, 
        {
            "service_category": "Masaje", 
            "service": "Tratamiento Anticelulítico: Oxy Anti-Cellulite", 
            "duration": 5400, 
            "price": "150 € ", 
            "description": "Trás un previo diagnóstico, se determina el tipo de celulítis que se debe tratar. Para tratarla se utiliza oxígeno combinado con suero fisiológico y un complejo anticelulítico, y junto con la aparatología más adecuada para cada tipo de celulitis se comienza el tratamiento (LPG, radiofrecuencia, presoterpia, electroestimulación). El resultado es la reducción del aspecto de la celulitis y de la piel de naranja, proporcionando una piel lisa, suave y firme."
        }, 
        {
            "service_category": "Masaje", 
            "service": "Tto. Facial Antiedad: Oxy Snow White Radiance", 
            "duration": 3600, 
            "price": "100 € ", 
            "description": "Corrige el tono de la piel y reduce las manchas con un tratamiento corrector. Consigue una piel más luminosa y radiante gracias a la unificación del tono y a la reducción de las manchas atenuadas y de las líneas de expresión. También se reducirá la apariencia de los poros dilatados. La duración del servicio es de 55 minutos."
        }, 
        {
            "service_category": "Masaje", 
            "service": "Drenaje Linfático Corporal: Water Of", 
            "duration": 3600, 
            "price": "85 € ", 
            "description": "Un completo drenaje linfático manual para eliminar las toxinas de tu piel. A través del método Vodder se favorece el funcionamiento del sistema linfático."
        }
    ]
}