{
    "adid": null, 
    "name": "Estetica Cio", 
    "name_of_contact": "Estetica Cio", 
    "scrape_page": "https://www.bucmi.com/esteticacio", 
    "business_website": "https://www.bucmi.com/esteticacio", 
    "areas_covered": null, 
    "description": "Centro médico donde disponemos gran diversidad de tratamientos que realzarán tu belleza. Utilizamos tratamientos de cosmética de alta calidad y utilizamos aparatologia puntera.", 
    "img_link": [
        "https://d1nd15w2k87kz0.cloudfront.net/Uploads/635963195299188240.jpg", 
        "https://d1nd15w2k87kz0.cloudfront.net/Uploads/635963195298406937.jpg", 
        "https://d1nd15w2k87kz0.cloudfront.net/Uploads/635963195297455100.jpg", 
        "https://d1nd15w2k87kz0.cloudfront.net/Uploads/635963195298563349.jpg", 
        "https://d1nd15w2k87kz0.cloudfront.net/Uploads/635963195297767594.jpg", 
        "https://d1nd15w2k87kz0.cloudfront.net/Uploads/635963195299188240.jpg"
    ], 
    "hqdb_featured_ad_type": "Featured", 
    "hqdb_nr_reviews": "29", 
    "hqdb_review_score": "9,4", 
    "accreditations": null, 
    "category": null, 
    "subcategory": null, 
    "street": "C/ Sirio, 66", 
    "city": "Madrid", 
    "zipcode": "28007", 
    "formatted_address": "C/ Sirio, 66, Madrid, 28007", 
    "country": "es", 
    "office_number": "910149929", 
    "office_number2": null, 
    "mobile_number": null, 
    "mobile_number2": null, 
    "unidentified_phone_numbers": null, 
    "latitude": "40.4088157000", 
    "longitude": "-3.6657466000", 
    "business_email": null, 
    "yelp_page": null, 
    "facebook": null, 
    "twitter": null, 
    "instagram": null, 
    "venue_images": "https://d1nd15w2k87kz0.cloudfront.net/Logotipos/635963247154016206.jpg", 
    "opening_hours_raw": null, 
    "pricelist_link": null, 
    "services": [
        {
            "service_category": "Preferente", 
            "service": "Bono 6 Sesiones Presoterapia Piernas Cansadas", 
            "duration": 1800, 
            "price": "90 € ", 
            "description": "El servicio incluye un bono de 6 sesiones de presoterapia mas concentrado activador de microcirculación. Aprovecha este magnífico precio y esta manera tan fácil y rápida de reservar online. ¡No lo dudes! Los resultados son visibles desde la primera sesión y combinado con una dieta saludable multiplicarás su efectoF"
        }, 
        {
            "service_category": "Preferente", 
            "service": "Criolipólisis", 
            "duration": 3600, 
            "price": "89 € ", 
            "description": "Aplicación en la zona elegida de un transductor que combina vacío para captar el tejido subcutáneo graso y criotecnología selectiva para enfriarlo. Las células grasas (adipocitos) que se encuentran en el tejido subcutáneo (debajo de la dermis) son ricas en ácidos grasos saturados, lo que las vuelve especialmente sensibles al frío; por el contrario, los elementos colindantes como vasos sanguíneos, sistema nervioso periférico, melanocitos, fibrocitos, células pobres en lípidos son, mucho menosF"
        }, 
        {
            "service_category": "Preferente", 
            "service": "Tratamiento Corporal Exfoliante/Renovador", 
            "duration": 3600, 
            "price": "50 € ", 
            "description": "TratamientSensual & Care Immersion Renovador, ritual corporal para renovar la piel de tu cuerpo gracias a una exfoliación profunda y a una hidratación posterior. Recomendado enPieles que necesitan elasticidad. Pieles ásperas, con signos de sequedad y falta de confort¡Toda una experiencia spa! Lucirás una piel suave y sedosa. No esperes más y reserva ahora tu cita online a través de Bucmi.comF"
        }, 
        {
            "service_category": "Preferente", 
            "service": "Bono 6 Masaje Spa A Elegir", 
            "duration": 2700, 
            "price": "160 € ", 
            "description": "Bono de 6 sesiones de masaje spa de 45 min a elegir,entre:tahi con aceites, balines ó lomi-lomi.No esperes más y reserva ahora tu cita online con Bucmi.comF"
        }, 
        {
            "service_category": "Preferente", 
            "service": "Bono 6 Sesiones Aparatologia Corporal", 
            "duration": 3600, 
            "price": "140 € ", 
            "description": "Bono de 6 sesiones de tratamiento corporal personalizado de 60 min en cabina a elegir entre: Tratamiento corporal reductor(cavitacion, presoterapia y concentrado) Lipolítico (lipolaser,mesoterapia virtual y concentrado). Remodelante ( radiofrecuencia, electroestimulacióny concentrado)"
        }, 
        {
            "service_category": "Preferente", 
            "service": "Bono Depilación Femenina", 
            "duration": 3600, 
            "price": "40 € ", 
            "description": "Coneste bono eliminamos tu vello de piernas enteras, pubis integral, intergluteo, axilas, glúteos, diseño de cejas, labio superior . Realizamos el servicio con cera para que el vello tarde más en salir. No esperes más y reserva ahora tu cita cómodamente online con Bucmi.comF"
        }, 
        {
            "service_category": "Preferente", 
            "service": "Higiene + Tearapia Facial Multivitaminas", 
            "duration": 3600, 
            "price": "49 € ", 
            "description": "A una limpieza en profundidad de la piel, le sigue una TERAPIA de Vitamina C facial Desmaquillado +Tonificación ExfoliaciónVapor + ExtracciónSerum Pure Essence Force aplicación manual mediante masaje Masaje manual anti-edad Máscara C-Recharge Final experto mediante maniobras con toalla caliente."
        }, 
        {
            "service_category": "Preferente", 
            "service": "Higiene + Terapia Facial De Hombre", 
            "duration": 5400, 
            "price": "49 € ", 
            "description": "El tratamiento consiste en una higiene facial purificante acompañado de un exclusivo tratamiento facial pensado para las necesidades del hombre Germaine de Capuccini. No esperes más y reserva ahora tu cita online a través de Bucmi.comF"
        }, 
        {
            "service_category": "Preferente", 
            "service": "Higiene Facial Profunda En 10 Pasos", 
            "duration": 5400, 
            "price": "40 € ", 
            "description": "Esta limpieza de cutis en 10 pasos es ideal para higienizar y purificar el rostro de manera personalizada y en las mejores manos con una cosmética de lujo. Incluye: desmaquillado, tónico, peeling personalizado, vapor extracción, alta frecuencia, concentrado personalizado, mascarilla y emulsión solar con productos de Germaine de Capuccini"
        }, 
        {
            "service_category": "Preferente", 
            "service": "Radiofrecuencia Flas Belleza", 
            "duration": 1800, 
            "price": "22 € ", 
            "description": "En primer lugar se realiza una limpieza de la piel mediante una preparación cutánea, higienizando la piel, con un peeling ultrasonico seguidamente aplicamos ! radiofrecuencia facial, cuello y escote! para un efecto lifting único y eficaz. No esperes más y reserva ahora tu cita online"
        }, 
        {
            "service_category": "Preferente", 
            "service": "Tratamiento Facial Colágeno", 
            "duration": 5400, 
            "price": "60 € ", 
            "description": "ESTE EXCLUSIVO TATAMIENTO EN CABINA CUENTA CON 2 FASES: (1 fase) APARATOLGIA RADIOFRECUENCIA (2 fase) TRATAMIENTO INTENSIVO COLLAGEN 360º (MESOESTETIC) +PEELING QUIMICO DE ACIDO SALICILICO 10 % Un tratamiento profesional sencillo y efectivo para rostro y cuello que combina productos altamente redensificantes y tensores con una técnica de masaje reafirmante"
        }, 
        {
            "service_category": "Peluquería", 
            "service": "Bono Novia Basic", 
            "duration": 9000, 
            "price": "90 € ", 
            "description": "EL BONO INCLUYE:1 MANICURA1 HIGIENE FACIAL BASICA1 BELLEZA FHAS RADIOFRECUENCIA CARA/CUELLO Y ESCOTE1 DISEÑO DE CEJAS1 TINTE DE PESTAÑAS1 MOLDEADOR DE PESTAÑAS1 PRUEBA DE MAQUILLAJE"
        }, 
        {
            "service_category": "Estética", 
            "service": "Bono 6 Sesiones Presoterapia Piernas Cansadas", 
            "duration": 1800, 
            "price": "90 € ", 
            "description": "El servicio incluye un bono de 6 sesiones de presoterapia mas concentrado activador de microcirculación. Aprovecha este magnífico precio y esta manera tan fácil y rápida de reservar online. ¡No lo dudes! Los resultados son visibles desde la primera sesión y combinado con una dieta saludable multiplicarás su efectoF"
        }, 
        {
            "service_category": "Estética", 
            "service": "Bono 7 Sesiones Tto Corporal Brazos", 
            "duration": 3600, 
            "price": "168 € ", 
            "description": "Este tratamiento en cabina consta de 7 sesiones de 60 minutos en el que trabajaremos la firmeza del brazo. Combinamos radiofrecuencia, concentrado de MESOESTETIC y para finalizar realizamos envoltura. No esperes más y reserva ahora tu cita cómodamente online con Bucmi.comF"
        }, 
        {
            "service_category": "Estética", 
            "service": "Bronceado Caña De Azucar Cuerpo Completo", 
            "duration": 1800, 
            "price": "35 € ", 
            "description": "Es un sistema de bronceado en spray, 100% natural,en una única sesión.Se aprecia de forma inmediata tras la pulverización y aumenta progresivamente durante las siguientes horas, manteniéndose durante aproximadamente una semana.Tener en cuenta :Es conveniente exfoliarse al menos unos días antes del tratamiento Aplicarse esmalte en las uñas para evitar que se coloreen,Llevar ropa suelta a la sesión para evitar el roce con la piel,No aplicar productos a la piel que puedan bloquear....."
        }, 
        {
            "service_category": "Estética", 
            "service": "Criolipólisis", 
            "duration": 3600, 
            "price": "89 € ", 
            "description": "Aplicación en la zona elegida de un transductor que combina vacío para captar el tejido subcutáneo graso y criotecnología selectiva para enfriarlo. Las células grasas (adipocitos) que se encuentran en el tejido subcutáneo (debajo de la dermis) son ricas en ácidos grasos saturados, lo que las vuelve especialmente sensibles al frío; por el contrario, los elementos colindantes como vasos sanguíneos, sistema nervioso periférico, melanocitos, fibrocitos, células pobres en lípidos son, mucho menosF"
        }, 
        {
            "service_category": "Estética", 
            "service": "Tratamiento Corporal Exfoliante/Renovador", 
            "duration": 3600, 
            "price": "50 € ", 
            "description": "TratamientSensual & Care Immersion Renovador, ritual corporal para renovar la piel de tu cuerpo gracias a una exfoliación profunda y a una hidratación posterior. Recomendado enPieles que necesitan elasticidad. Pieles ásperas, con signos de sequedad y falta de confort¡Toda una experiencia spa! Lucirás una piel suave y sedosa. No esperes más y reserva ahora tu cita online a través de Bucmi.comF"
        }, 
        {
            "service_category": "Estética", 
            "service": "Tratamiento Corporal Liporeductor", 
            "duration": 3600, 
            "price": "28 € ", 
            "description": "Consiste en un completo paquete liporeductor, localizado que incluye: lipolaser, mesoterapia+,concentrado ideal para combatir la molesta celulitis.F"
        }, 
        {
            "service_category": "Estética", 
            "service": "Tratamiento Corporal Reafirmante 1", 
            "duration": 3600, 
            "price": "28 € ", 
            "description": "Consiste en un paquete de 60 minutos para reafirmar de forma localizada incluye: 30 minutos radiofrecuencia, 25 minutos electroestimulacion y 1 concentrado reafirmante. Protocolo de tratamiento enfocado a recuperar el tono de la piel corporal, yaque va a estimular a las células formadoras de colágeno y elastina,potenciando la firmeza y el tono de la piel del cuerpo.No esperes más y reserva ahora tu cita online a través de Bucmi.comF"
        }, 
        {
            "service_category": "Estética", 
            "service": "Tratamiento Corporal Reductor", 
            "duration": 3600, 
            "price": "28 € ", 
            "description": "Consiste en un completo paquete de tratamiento corporal reductor localizado que consta de 20 min cavitación, 20 minutos presoterapia, 10 min plataforma vibratoria,1 concentrado reductor y 1 pantalón desechable c. No esperes más y reserva ahora tu cita online a través de Bucmi.comF"
        }, 
        {
            "service_category": "Estética", 
            "service": "Bono 3 Sesiones Peeling Facial Químico", 
            "duration": 2700, 
            "price": "90 € ", 
            "description": "El servicio incluye un bono de 3 sesiones para realizarse un peeling químico personalizado. Consistente en aplicar un agente químico que retirará las primeras capas de la epidermis y anos ayuda a solucionar diversas patologías de la piel (pigmentaciones,acne,arrugas,desidratación..) mas un tratamiento reparador para restaurar tu piel.No esperes más y reserva ahora tu cita online con Bucmi.comF"
        }, 
        {
            "service_category": "Estética", 
            "service": "Bono 3 Sesiones Tratamiento Facial Personalizado", 
            "duration": 1800, 
            "price": "60 € ", 
            "description": "El bono incluye tres terapias FLASH BELLEZA, según las necesidades de tu piel. ¡Todo un lujo al alcance de todos! Ideal para disfrutar de un momento de relax a la vez que rejuveneces la piel de tu rostro. No esperes más y reserva ahora tu cita online de la forma más fácil a través de Bucmi.comF"
        }, 
        {
            "service_category": "Estética", 
            "service": "Bono 6 Sesiones Aparatologia Corporal", 
            "duration": 3600, 
            "price": "140 € ", 
            "description": "Bono de 6 sesiones de tratamiento corporal personalizado de 60 min en cabina a elegir entre: Tratamiento corporal reductor(cavitacion, presoterapia y concentrado) Lipolítico (lipolaser,mesoterapia virtual y concentrado). Remodelante ( radiofrecuencia, electroestimulacióny concentrado)"
        }, 
        {
            "service_category": "Estética", 
            "service": "Bono Novia Basic", 
            "duration": 9000, 
            "price": "90 € ", 
            "description": "EL BONO INCLUYE:1 MANICURA1 HIGIENE FACIAL BASICA1 BELLEZA FHAS RADIOFRECUENCIA CARA/CUELLO Y ESCOTE1 DISEÑO DE CEJAS1 TINTE DE PESTAÑAS1 MOLDEADOR DE PESTAÑAS1 PRUEBA DE MAQUILLAJE"
        }, 
        {
            "service_category": "Estética", 
            "service": "Cursos De Maquillaje Individual", 
            "duration": 3600, 
            "price": "35 € ", 
            "description": "Cursos de maquillaje individual donde enseñamos a nuestras clientas un tipo de maquillaje personalizado a su rostro. Incluye: estudio del visajismo facial personalizado para poder sacar el máximo partido a su belleza y maquillaje de día o de noche. Reserva ahora tu cita onlineF"
        }, 
        {
            "service_category": "Estética", 
            "service": "Drenaje Linfático", 
            "duration": 3600, 
            "price": "40 € ", 
            "description": "El servicio consiste en un masaje corporal de 75 minutos que mediante movimientos lentos y suaves, hará que se liberen las toxinas de tu cuerpo, ayudando al buen funcionamiento de tu sistema inmune. No esperes más y reserva ahora tu cita online a través de Bucmi.comF"
        }, 
        {
            "service_category": "Estética", 
            "service": "Extensiones De Pestañas Pelo A Pelo Romántica", 
            "duration": 7200, 
            "price": "80 € ", 
            "description": "El servicio consiste en la primera puesta de pestañas postizas pelo a pelo del estilo romántico, que consta de unas 80 unidades. Lucirás una mirada rompedora y súper natural. No esperes más y reserva ahora tu cita online a través de Bucmi.comF"
        }, 
        {
            "service_category": "Estética", 
            "service": "Higiene + Tearapia Facial Multivitaminas", 
            "duration": 3600, 
            "price": "49 € ", 
            "description": "A una limpieza en profundidad de la piel, le sigue una TERAPIA de Vitamina C facial Desmaquillado +Tonificación ExfoliaciónVapor + ExtracciónSerum Pure Essence Force aplicación manual mediante masaje Masaje manual anti-edad Máscara C-Recharge Final experto mediante maniobras con toalla caliente."
        }, 
        {
            "service_category": "Estética", 
            "service": "Higiene + Terapia Facial De Hombre", 
            "duration": 5400, 
            "price": "49 € ", 
            "description": "El tratamiento consiste en una higiene facial purificante acompañado de un exclusivo tratamiento facial pensado para las necesidades del hombre Germaine de Capuccini. No esperes más y reserva ahora tu cita online a través de Bucmi.comF"
        }, 
        {
            "service_category": "Estética", 
            "service": "Higiene + Terapia Facial Soin Profilift", 
            "duration": 3600, 
            "price": "49 € ", 
            "description": "Efecto lifting. la piel se rellena desde dentro, se difuminan las pequeñas arrugas y se remodelan los contornos del rostro.A una limpieza en profundidad de la piel, le siguen un tratatamiento de firmeza.- Tono de piel más claro y luminoso- Estimula los músculos de cuello y rostro- Disminución visible de las arrugas- Piel regenerada y oxigenada- El contorno del rostro y sus volúmenes adquieren más definición- La piel se rejuvenece y reafirma"
        }, 
        {
            "service_category": "Estética", 
            "service": "Higiene Facial Cleaning Skin Exprés", 
            "duration": 2700, 
            "price": "28 € ", 
            "description": "El servicio consiste en una higiene facial cleaning skin exprés, que incluye un peeling ultrasonico, masaje facial, concentrado texturizante y máscara facial led . Servicio especialmente indicado para mantener un correcto cuidado del rostro. Reserva ahora tu cita online a través de Bucmi.comF"
        }, 
        {
            "service_category": "Estética", 
            "service": "Higiene Facial Profunda En 10 Pasos", 
            "duration": 5400, 
            "price": "40 € ", 
            "description": "Esta limpieza de cutis en 10 pasos es ideal para higienizar y purificar el rostro de manera personalizada y en las mejores manos con una cosmética de lujo. Incluye: desmaquillado, tónico, peeling personalizado, vapor extracción, alta frecuencia, concentrado personalizado, mascarilla y emulsión solar con productos de Germaine de Capuccini"
        }, 
        {
            "service_category": "Estética", 
            "service": "Maquillaje Normal", 
            "duration": 2700, 
            "price": "28 € ", 
            "description": "Incluye una sesión en nuestro centro de estética de maquillaje para cualquier ocasión. Anímate a ponerte guapa, no te arrepentirás de ponerte en manos de nuestros esteticistas profesionales. No esperes más y reserva ahora tu cita online a través de Bucmi.comF"
        }, 
        {
            "service_category": "Estética", 
            "service": "Masaje Reductor", 
            "duration": 1800, 
            "price": "22 € ", 
            "description": "El masaje reductor consiste en un masaje de tejido profundo ideal para reducir volumen en un área localizada combinado con un concentrado reductor que modelara tu silueta. Comprueba la diferencia. No esperes más y reserva ahora tu cita online a través de Bucmi.comF"
        }, 
        {
            "service_category": "Estética", 
            "service": "Maxcara Pestañas", 
            "duration": 1800, 
            "price": "25 € ", 
            "description": "La última revolución en maquillajeconsigue máximo volumen, pestañas más curvadas y un color intenso que perdura intacto durante 21 días, sin tener que aplicar rímel a diario. ¡Incluso puedes bañarte sin tener que perder intensidad en la mirada!en la piscina, el mar, realizar deporte..."
        }, 
        {
            "service_category": "Estética", 
            "service": "Peeling Químico Facial", 
            "duration": 3600, 
            "price": "40 € ", 
            "description": "El servicio consiste en un peeling quimico personalizado en el que se te aplicará un agente químico que eliminará las primeras capas de la epidermis,texturizando tu piel,seguidamente aplicaremos un tratamiento renovador.opciones:.LACTICO,MANDELICO,SALICILICO y GLYCOLICO"
        }, 
        {
            "service_category": "Estética", 
            "service": "Radiofrecuencia Flas Belleza", 
            "duration": 1800, 
            "price": "22 € ", 
            "description": "En primer lugar se realiza una limpieza de la piel mediante una preparación cutánea, higienizando la piel, con un peeling ultrasonico seguidamente aplicamos ! radiofrecuencia facial, cuello y escote! para un efecto lifting único y eficaz. No esperes más y reserva ahora tu cita online"
        }, 
        {
            "service_category": "Estética", 
            "service": "Relleno De Pestañas", 
            "duration": 2700, 
            "price": "35 € ", 
            "description": "El servicio consiste en el relleno de pestañas pasadas unas semanas de su primera puesta. Incluye unas 15 unidades. Ahora ya puedes reservar online en nuestro Centro de Estética. No esperes más y reserva ahora tu cita online a través de Bucmi.comF"
        }, 
        {
            "service_category": "Estética", 
            "service": "Tinte De Cejas Y Pestañas", 
            "duration": 900, 
            "price": "12 € ", 
            "description": "Intensifica tu mirada de la mano de los mejores profesionales. Resaltamos tus pestañas y camuflamos las molestas canas de tus cejas con esta sesión de tinte personalizado. No esperes más y reserva ahora tu cita online a través de Bucmi.comF"
        }, 
        {
            "service_category": "Estética", 
            "service": "Tinte Y Permanente De Pestañas", 
            "duration": 3600, 
            "price": "35 € ", 
            "description": "El servicio consiste en aplicar un moldeador y un tinte especial de pestañas a las tuyas propias, logrando así que te queden unas pestañas como recién maquilladas pero sin necesidad de usarlo. No esperes más y reserva ahora tu cita online a través de Bucmi.comF"
        }, 
        {
            "service_category": "Estética", 
            "service": "Tratamiento Corporal Reductor", 
            "duration": 3600, 
            "price": "42 € ", 
            "description": "El servicio consta de una terapia corporal personalizada CELLU-DREN (Germaine de Capuccini) Con el que podras drenar-reducir y reafirmar al mismo tiempo.No esperes más y reserva ahora tu cita online a través de Bucmi.comF"
        }, 
        {
            "service_category": "Estética", 
            "service": "Tratamiento Facial Colágeno", 
            "duration": 5400, 
            "price": "60 € ", 
            "description": "ESTE EXCLUSIVO TATAMIENTO EN CABINA CUENTA CON 2 FASES: (1 fase) APARATOLGIA RADIOFRECUENCIA (2 fase) TRATAMIENTO INTENSIVO COLLAGEN 360º (MESOESTETIC) +PEELING QUIMICO DE ACIDO SALICILICO 10 % Un tratamiento profesional sencillo y efectivo para rostro y cuello que combina productos altamente redensificantes y tensores con una técnica de masaje reafirmante"
        }, 
        {
            "service_category": "Manicura y Pedicura", 
            "service": "Esmaltado Semipermanente", 
            "duration": 900, 
            "price": "9,9 € ", 
            "description": "El servicio incluye solo el esmaltado permanente en nuestro Centro de Estética Cio. Además ahora podrás reservar online cómoda y rápidamente. No lo dudes y ven a conocernos, no te arrepentirás. No esperes más y reserva ahora tu cita online a través de Bucmi.comF"
        }, 
        {
            "service_category": "Manicura y Pedicura", 
            "service": "Manicura Básica", 
            "duration": 1800, 
            "price": "11 € ", 
            "description": "El servicio incluye una sesión de manicura que consiste en un limado y pulido de tus uñas, en la retirada de cutículas, y por último el esmaltado de tus uñas del color que más te guste a elegir entre una amplia gama de la marca Masglo. No esperes más y reserva ahora tu cita online a través de Bucmi.comF"
        }, 
        {
            "service_category": "Manicura y Pedicura", 
            "service": "Manicura Semipermanente", 
            "duration": 3600, 
            "price": "20 € ", 
            "description": "Luce unas manos perfectas. El servicio incluye MANICURA + ESMALTADO PERMANENTE , y por último una hidratación básica. No esperes más y reserva ahora tu cita online a través de Bucmi.comF"
        }, 
        {
            "service_category": "Manicura y Pedicura", 
            "service": "Pedicura Básica", 
            "duration": 1800, 
            "price": "18 € ", 
            "description": "En el servicio está incluido el corte y limado de tus uñas del pie, la retirada de cutículas, y por último, el esmaltado del color que más te guste a elegir entre los colores que disponemos en el centro de Masglo. No esperes más y reserva ahora tu cita online a través de Bucmi.comF"
        }, 
        {
            "service_category": "Manicura y Pedicura", 
            "service": "Pedicura Spa", 
            "duration": 2700, 
            "price": "25 € ", 
            "description": "Este es un servicio completo de pedicura que consiste en el corte y limado de tus uñas, la retirada de cutículas, retirada de durezas ,el esmaltado del color que más te guste de la marca Masglo, y por último la hidratación. No esperes más y reserva ahora tu cita online a través de Bucmi.comF"
        }, 
        {
            "service_category": "Manicura y Pedicura", 
            "service": "Tratamiento Parafina Manos Y Pies", 
            "duration": 1800, 
            "price": "16 € ", 
            "description": "BEUTY SPA DE MANOS Y PIES: EXFOLIACIÓN E HIDRATACIÓNE!! 1.Desifección2.La exfoliación . 3. crema de colágeno y elastina4.baño de parafina ( enriquezida con vitamina E y extracto de melocoton )5.masaje"
        }, 
        {
            "service_category": "Masaje", 
            "service": "Bono 6 Masaje Spa A Elegir", 
            "duration": 2700, 
            "price": "160 € ", 
            "description": "Bono de 6 sesiones de masaje spa de 45 min a elegir,entre:tahi con aceites, balines ó lomi-lomi.No esperes más y reserva ahora tu cita online con Bucmi.comF"
        }, 
        {
            "service_category": "Masaje", 
            "service": "Masaje Balinés", 
            "duration": 2700, 
            "price": "32 € ", 
            "description": "Técnica con sanación propia de la Isla de Bali en donde se combinas técnicas incluyendo: masaje con aceites corporales con propiedades relajantes y diferentes tipos de presiones. No esperes más y reserva ahora tu cita online a través de Bucmi.comF"
        }, 
        {
            "service_category": "Masaje", 
            "service": "Masaje Localizado", 
            "duration": 1800, 
            "price": "22 € ", 
            "description": "Masaje localizado a elegir:ESPALDA,PIES,PIERNAS,FACIAL.., ideal para quitar las tensiones acumuladas durante la semana y relajarnos. No esperes más y reserva ahora tu cita online a través de Bucmi.com"
        }, 
        {
            "service_category": "Masaje", 
            "service": "Masaje Lomi-Lomi", 
            "duration": 2700, 
            "price": "32 € ", 
            "description": "Masaje relajante según las ancestrales técnicas de la tribu Lomi-Lomi que te ayudará a eliminar las tensiones y el estrés provocado por el ritmo diario. Guarda 45 minutos par ti y date un capricho. No esperes más y reserva ahora tu cita online a través de Bucmi.comF"
        }, 
        {
            "service_category": "Depilación", 
            "service": "Bono Depilación Femenina", 
            "duration": 3600, 
            "price": "40 € ", 
            "description": "Coneste bono eliminamos tu vello de piernas enteras, pubis integral, intergluteo, axilas, glúteos, diseño de cejas, labio superior . Realizamos el servicio con cera para que el vello tarde más en salir. No esperes más y reserva ahora tu cita cómodamente online con Bucmi.comF"
        }, 
        {
            "service_category": "Depilación", 
            "service": "Bono Depilación Masculina", 
            "duration": 5400, 
            "price": "50 € ", 
            "description": "Elimina el vello de tu cuerpo de la mano de los mejores profesionales. El bono de depilación para hombre incluye piernas enteras, pecho, abdomen, hombros, espalda, glúteos, ingles básicas y cejas. No esperes más y reserva ahora tu bono online de la forma más fácil a través de Bucmi.comF"
        }, 
        {
            "service_category": "Depilación", 
            "service": "Depilación Cera Axilas Mujer", 
            "duration": 900, 
            "price": "5 € ", 
            "description": "Consigue una piel sedosa, tersa, suave y sobre todo libre de vello durante un tiempo gracias a nuestra depilación con cera tibia o caliente. La cera no es reutilizada. No te arrepentirás. No esperes más y reserva ahora tu cita online de la forma más fácil, a través de Bucmi.comF"
        }, 
        {
            "service_category": "Depilación", 
            "service": "Depilación Cera Brazos", 
            "duration": 900, 
            "price": "9 € ", 
            "description": "Consigue una piel sedosa, tersa, suave y sobre todo libre de vello durante un tiempo gracias a nuestra depilación con cera tibia o caliente. La cera no es reutilizada. No te arrepentirás. No esperes más y reserva ahora tu cita online de la forma más fácil, a través de Bucmi.comF"
        }, 
        {
            "service_category": "Depilación", 
            "service": "Depilación Cera Espalda", 
            "duration": 900, 
            "price": "13 € ", 
            "description": "Consigue una piel sedosa, tersa, suave y sobre todo libre de vello durante un tiempo gracias a nuestra depilación con cera tibia o caliente. La cera no es reutilizada. No te arrepentirás. No esperes más y reserva ahora tu cita de la forma más fácil, a través de Bucmi.comF"
        }, 
        {
            "service_category": "Depilación", 
            "service": "Depilación Cera Glúteos Hombre", 
            "duration": 900, 
            "price": "10 € ", 
            "description": "Consigue una piel sedosa, tersa, suave y sobre todo libre de vello durante un tiempo gracias a nuestra depilación con cera tibia o caliente. La cera no es reutilizada. No te arrepentirás. No esperes más y reserva ahora tu cita de la forma más fácil, online a través de Bucmi.comF"
        }, 
        {
            "service_category": "Depilación", 
            "service": "Depilación Cera Glúteos Mujer", 
            "duration": 900, 
            "price": "8 € ", 
            "description": "Consigue una piel sedosa, tersa, suave y sobre todo libre de vello durante un tiempo gracias a nuestra depilación con cera tibia o caliente. La cera no es reutilizada. No te arrepentirás. No esperes más y reserva ahora tu cita online de la forma más fácil a través de Bucmi.comF"
        }, 
        {
            "service_category": "Depilación", 
            "service": "Depilación Cera Hombros", 
            "duration": 900, 
            "price": "5 € ", 
            "description": "Consigue una piel sedosa, tersa, suave y sobre todo libre de vello durante un tiempo gracias a nuestra depilación con cera tibia o caliente. La cera no es reutilizada. No te arrepentirás. No esperes más y reserva ahora tu cita online a través de Bucmi.comF"
        }, 
        {
            "service_category": "Depilación", 
            "service": "Depilación Cera Ingles Brasileñas", 
            "duration": 900, 
            "price": "10 € ", 
            "description": "Consigue una piel sedosa, tersa, suave y sobre todo libre de vello durante un tiempo gracias a nuestra depilación con cera tibia o caliente. La cera no es reutilizada. No te arrepentirásF"
        }, 
        {
            "service_category": "Depilación", 
            "service": "Depilación Cera Ingles Normales", 
            "duration": 900, 
            "price": "6 € ", 
            "description": "Consigue una piel sedosa, tersa, suave y sobre todo libre de vello durante un tiempo gracias a nuestra depilación con cera tibia o caliente. La cera no es reutilizada. No te arrepentirás. No esperes más y reserva ahora tu cita online a través de Bucmi.comF"
        }, 
        {
            "service_category": "Depilación", 
            "service": "Depilación Cera Intergluteo", 
            "duration": 900, 
            "price": "5 € ", 
            "description": "Consigue una piel sedosa, tersa, suave y sobre todo libre de vello durante un tiempo gracias a nuestra depilación con cera tibia o caliente. La cera no es reutilizada. No te arrepentirás. No esperes más y reserva ahora tu cita online a través de Bucmi.comF"
        }, 
        {
            "service_category": "Depilación", 
            "service": "Depilación Cera Lumbar", 
            "duration": 900, 
            "price": "5 € ", 
            "description": "Consigue una piel sedosa, tersa, suave y sobre todo libre de vello durante un tiempo gracias a nuestra depilación con cera tibia o caliente. La cera no es reutilizada. No te arrepentirás. No esperes más y reserva ahora tu cita online a través de Bucmi.comF"
        }, 
        {
            "service_category": "Depilación", 
            "service": "Depilación Cera Muslos", 
            "duration": 900, 
            "price": "10 € ", 
            "description": "Consigue una piel sedosa, tersa, suave y sobre todo libre de vello durante un tiempo gracias a nuestra depilación con cera tibia o caliente. La cera no es reutilizada. No te arrepentirás. No esperes más y reserva ahora tu cita online a través de Bucmi.comF"
        }, 
        {
            "service_category": "Depilación", 
            "service": "Depilación Cera Pecho Y Abdomen", 
            "duration": 1800, 
            "price": "15 € ", 
            "description": "Consigue una piel sedosa, tersa, suave y sobre todo libre de vello durante un tiempo gracias a nuestra depilación con cera tibia o caliente. La cera no es reutilizada. No te arrepentirás. No esperes más y reserva ahora tu cita online a través de Bucmi.comF"
        }, 
        {
            "service_category": "Depilación", 
            "service": "Depilación Cera Piernas Enteras Hombre", 
            "duration": 900, 
            "price": "16 € ", 
            "description": "Consigue una piel sedosa, tersa, suave y sobre todo libre de vello durante un tiempo gracias a nuestra depilación con cera tibia o caliente. La cera no es reutilizada. No te arrepentirás. No esperes más y reserva ahora tu cita online a través de Bucmi.comF"
        }, 
        {
            "service_category": "Depilación", 
            "service": "Depilación Cera Piernas Enteras Mujer", 
            "duration": 1800, 
            "price": "14 € ", 
            "description": "Consigue una piel sedosa, tersa, suave y sobre todo libre de vello durante un tiempo gracias a nuestra depilación con cera tibia o caliente. La cera no es reutilizada. No te arrepentirás. No esperes más y reserva ahora tu cita online a través de Bucmi.comF"
        }, 
        {
            "service_category": "Depilación", 
            "service": "Depilación Cera Pubis Mujer", 
            "duration": 900, 
            "price": "16 € ", 
            "description": "Consigue una piel sedosa, tersa, suave y sobre todo libre de vello durante un tiempo gracias a nuestra depilación con cera caliente. La cera no es reutilizada. No te arrepentirás. No esperes más y reserva ahora tu cita online a través de Bucmi.comF"
        }, 
        {
            "service_category": "Depilación", 
            "service": "Depilación Labio Superior", 
            "duration": 900, 
            "price": "3 € ", 
            "description": "Consigue una piel sedosa, tersa, suave y sobre todo libre de vello durante un tiempo gracias a nuestra depilación con cera tibia o caliente. La cera no es reutilizada. No te arrepentirás. No esperes más y reserva ahora tu cita online a través de Bucmi.comF"
        }, 
        {
            "service_category": "Depilación", 
            "service": "Depilación Medias Piernas", 
            "duration": 900, 
            "price": "8,5 € ", 
            "description": "Consigue una piel sedosa, tersa, suave y sobre todo libre de vello durante un tiempo gracias a nuestra depilación con cera tibia o caliente. La cera no es reutilizada. No te arrepentirás. No esperes más y reserva ahora tu cita online a través de Bucmi.comF"
        }, 
        {
            "service_category": "Depilación", 
            "service": "Diseño De Cejas", 
            "duration": 900, 
            "price": "5 € ", 
            "description": "El servicio incluye diseño de cejas según tus facciones y depilación con pinzas del exceso de vello. Potenciamos tu mirada dando forma a tus cejas. De esta forma además, intensificamos tu mirada. No esperes más y reserva ahora tu cita online a través de Bucmi.comF"
        }, 
        {
            "service_category": "Bienestar", 
            "service": "Bono 6 Sesiones 30´ Electroestimulación", 
            "duration": 1800, 
            "price": "90 € ", 
            "description": "Prueba nuestro fantástico bono de 6 sesiones de electroestimulación y tonifica y modela tu cuerpo para obtener esa figura perfecta con la que siempre soñaste. Notarás la diferencia desde la primera sesión. No esperes más y reserva ahora tu cita online con Bucmi.comF"
        }, 
        {
            "service_category": "Bienestar", 
            "service": "Bono 6 Masaje Spa A Elegir", 
            "duration": 2700, 
            "price": "160 € ", 
            "description": "Bono de 6 sesiones de masaje spa de 45 min a elegir,entre:tahi con aceites, balines ó lomi-lomi.No esperes más y reserva ahora tu cita online con Bucmi.comF"
        }
    ]
}