{
    "adid": null, 
    "name": "Victoria Pacheco By Interlas Estética", 
    "name_of_contact": "Victoria Pacheco By Interlas Estética", 
    "scrape_page": "https://www.bucmi.com/victoria-pacheco", 
    "business_website": "https://www.bucmi.com/victoria-pacheco", 
    "areas_covered": null, 
    "description": "El centro de estética Victoria Pacheco By Interlas Estética situado en Tetuán, Madrid, ofrece gran variedad de tratamientos tales como higiene facial, radiofrecuencia, presoterapia, tratamiento corporal reductor, manicuras y pedicuras. Reserva online.", 
    "img_link": [
        "https://d1nd15w2k87kz0.cloudfront.net/Uploads/636252829398093528.jpg", 
        "https://d1nd15w2k87kz0.cloudfront.net/Uploads/636252829497623960.jpg", 
        "https://d1nd15w2k87kz0.cloudfront.net/Uploads/636252829703091230.jpg", 
        "https://d1nd15w2k87kz0.cloudfront.net/Uploads/636252830867144568.jpg", 
        "https://d1nd15w2k87kz0.cloudfront.net/Uploads/636252831027299586.jpg"
    ], 
    "hqdb_featured_ad_type": "Featured", 
    "hqdb_nr_reviews": "18", 
    "hqdb_review_score": "9,8", 
    "accreditations": null, 
    "category": null, 
    "subcategory": null, 
    "street": "C/ Hermosilla, 133", 
    "city": "Madrid", 
    "zipcode": "28020", 
    "formatted_address": "C/ Hermosilla, 133, Madrid, 28020", 
    "country": "es", 
    "office_number": "910424524", 
    "office_number2": null, 
    "mobile_number": "674612848", 
    "mobile_number2": null, 
    "unidentified_phone_numbers": null, 
    "latitude": "40.4583690000", 
    "longitude": "-3.6968320999", 
    "business_email": null, 
    "yelp_page": null, 
    "facebook": null, 
    "twitter": null, 
    "instagram": null, 
    "venue_images": "https://d1nd15w2k87kz0.cloudfront.net/Logotipos/636252833274625829.jpg", 
    "opening_hours_raw": null, 
    "pricelist_link": null, 
    "services": [
        {
            "service_category": "Preferente", 
            "service": "Higiene Facial", 
            "duration": 3600, 
            "price": "35 € ", 
            "description": "En nuestro centro nos gusta mimarte y que te sientas bien, por eso te ofrecemos 60 minutos aproximadamente de relajación y desconexión total, mientras nuestros expertos ponen tu piel a punto con una magnifica higiene facial. Disfruta de un cutis sano, hidratado y con luz propia. Ven a conocernos y ¡desearás repetir!"
        }, 
        {
            "service_category": "Estética", 
            "service": "Bono 10Sesiones Tratamiento Corporal Reductor", 
            "duration": 5400, 
            "price": "390 € ", 
            "description": "Estupendo bono pensado para el cuidado de tu cuerpo que incluye cavitación, radiofrecuencia, vacumterapia y presoterapia. Ideal para lucir una figura inigualable, alisando tu piel, y haciendo que luzca más tersa y firme. Ponte en manos de nuestros profesionales y ¡notarás la diferencia!"
        }, 
        {
            "service_category": "Estética", 
            "service": "Higiene Facial", 
            "duration": 3600, 
            "price": "35 € ", 
            "description": "En nuestro centro nos gusta mimarte y que te sientas bien, por eso te ofrecemos 60 minutos aproximadamente de relajación y desconexión total, mientras nuestros expertos ponen tu piel a punto con una magnifica higiene facial. Disfruta de un cutis sano, hidratado y con luz propia. Ven a conocernos y ¡desearás repetir!"
        }, 
        {
            "service_category": "Estética", 
            "service": "Manicura/Pedicura,Radiofrecuencia Y Presoterapia", 
            "duration": 9000, 
            "price": "99 € ", 
            "description": "En nuestro centro nos gusta mimarte y que te sientas bien, por eso, te ofrecemos este magnífico bono de belleza, que incluye una manicura y pedicura completa con esmaltado permanente del color que más te guste, radiofrecuencia facial, alisando arrugas y líneas de expresión, luciendo un cutis más joven y cuidado. Además incluye también presoterapia."
        }, 
        {
            "service_category": "Estética", 
            "service": "Radiofrecuencia Facial, Y Presoterapia", 
            "duration": 3600, 
            "price": "59 € ", 
            "description": "Disfruta de este exclusivo bono pensado especialmente para ti. Incluye radiofrecuencia facial, punta de diamante y presoterapia. Realizado con la mejor aparatología y los mejores profesionales, garantizamos unos resultados óptimos, visibles y duraderos. Pruébalo y ¡te encantará!"
        }, 
        {
            "service_category": "Manicura y Pedicura", 
            "service": "Bono 10Sesiones Tratamiento Corporal Reductor", 
            "duration": 5400, 
            "price": "390 € ", 
            "description": "Estupendo bono pensado para el cuidado de tu cuerpo que incluye cavitación, radiofrecuencia, vacumterapia y presoterapia. Ideal para lucir una figura inigualable, alisando tu piel, y haciendo que luzca más tersa y firme. Ponte en manos de nuestros profesionales y ¡notarás la diferencia!"
        }, 
        {
            "service_category": "Manicura y Pedicura", 
            "service": "Higiene Facial", 
            "duration": 3600, 
            "price": "35 € ", 
            "description": "En nuestro centro nos gusta mimarte y que te sientas bien, por eso te ofrecemos 60 minutos aproximadamente de relajación y desconexión total, mientras nuestros expertos ponen tu piel a punto con una magnifica higiene facial. Disfruta de un cutis sano, hidratado y con luz propia. Ven a conocernos y ¡desearás repetir!"
        }, 
        {
            "service_category": "Manicura y Pedicura", 
            "service": "Manicura/Pedicura,Radiofrecuencia Y Presoterapia", 
            "duration": 9000, 
            "price": "99 € ", 
            "description": "En nuestro centro nos gusta mimarte y que te sientas bien, por eso, te ofrecemos este magnífico bono de belleza, que incluye una manicura y pedicura completa con esmaltado permanente del color que más te guste, radiofrecuencia facial, alisando arrugas y líneas de expresión, luciendo un cutis más joven y cuidado. Además incluye también presoterapia."
        }, 
        {
            "service_category": "Depilación", 
            "service": "Bono 10Sesiones Tratamiento Corporal Reductor", 
            "duration": 5400, 
            "price": "390 € ", 
            "description": "Estupendo bono pensado para el cuidado de tu cuerpo que incluye cavitación, radiofrecuencia, vacumterapia y presoterapia. Ideal para lucir una figura inigualable, alisando tu piel, y haciendo que luzca más tersa y firme. Ponte en manos de nuestros profesionales y ¡notarás la diferencia!"
        }
    ]
}