{
    "adid": null, 
    "name": "Korppos Chueca", 
    "name_of_contact": "Korppos Chueca", 
    "scrape_page": "https://www.bucmi.com/korppos-chueca", 
    "business_website": "https://www.bucmi.com/korppos-chueca", 
    "areas_covered": null, 
    "description": "Korppos Chueca está situado en calle San Marcos 42, en el céntrico barrio de Chueca en Madrid, y fue fundado y dirigido por Julia Gutiérrez Zapìco a principios de 2017. Korppos Estética es un moderno centro de belleza donde podrás realizar todo tipo de tratamientos estéticos, desde sesiones de entrenamiento personal o sesiones de electroestimulación hasta tratamientos faciales con Indiba. ¿Quieres dejar de fumar? En Korppos también te ayudaremos en una sola sesión gracias al tratamiento soft láser.", 
    "img_link": [
        "https://d1nd15w2k87kz0.cloudfront.net/Uploads/636283763557382325.jpg", 
        "https://d1nd15w2k87kz0.cloudfront.net/Uploads/636283763588944589.jpg", 
        "https://d1nd15w2k87kz0.cloudfront.net/Uploads/636283763606131931.jpg", 
        "https://d1nd15w2k87kz0.cloudfront.net/Uploads/636283765145026160.jpg", 
        "https://d1nd15w2k87kz0.cloudfront.net/Uploads/636283765163775988.jpg", 
        "https://d1nd15w2k87kz0.cloudfront.net/Uploads/636283765169869821.jpg"
    ], 
    "hqdb_featured_ad_type": "Featured", 
    "hqdb_nr_reviews": "12", 
    "hqdb_review_score": "9,3", 
    "accreditations": null, 
    "category": null, 
    "subcategory": null, 
    "street": null, 
    "city": "Madrid", 
    "zipcode": "28004", 
    "formatted_address": "Madrid, 28046, Madrid, 28037, Madrid, 28004", 
    "country": "es", 
    "office_number": "910567257", 
    "office_number2": null, 
    "mobile_number": "605912652", 
    "mobile_number2": null, 
    "unidentified_phone_numbers": null, 
    "latitude": "40.4210178000", 
    "longitude": "-3.6962588000", 
    "business_email": null, 
    "yelp_page": null, 
    "facebook": null, 
    "twitter": null, 
    "instagram": null, 
    "venue_images": "https://d1nd15w2k87kz0.cloudfront.net/Logotipos/636283767181398816.jpg", 
    "opening_hours_raw": null, 
    "pricelist_link": null, 
    "services": [
        {
            "service_category": "Preferente", 
            "service": "Depilación Láser Piernas Enteras", 
            "duration": 1800, 
            "price": "75 € ", 
            "description": "Elimina de forma eficaz el vello corporal con la última tecnología estética: nuestro sistema indoloro de depilación láser de diodo. Reserva esta sesión de depilación de piernas enteras y comprueba sus resultados. Tras varias sesiones te podrás olvidar casi por completo del pelo en esta zona. Di adiós al vello gracias a Korppos y cuenta con los mejores profesionales cualificados que harán un servicio eficaz, seguro e higiénico."
        }, 
        {
            "service_category": "Preferente", 
            "service": "Limpieza Facial Básica", 
            "duration": 2700, 
            "price": "20 € ", 
            "description": "Si buscas una limpieza superficial para tu rostro, pero efectiva, reserva nuestra limpieza de cutis básica, realizada con productos de calidad de las casas Germain de Capuccini y Montibello. Incluye desmaquillado, peeling para eliminar impurezas, tónico y mascarilla hidratante. Con ella conseguirás más luz de la forma menos agresiva posible, ya que no incluye extracción. ¡Resérvalo un 3 clics con Bucmi y ven a conocernos!"
        }, 
        {
            "service_category": "Preferente", 
            "service": "Manicura Normal", 
            "duration": 2700, 
            "price": "12 € ", 
            "description": "Las manos son una parte muy importante del cuerpo ya que dicen mucho de ti. Cuidalas de la mano de Korppos. Ven a disfrutar de un cuidado completo para tus manos con nuestra manicura normal a Korppos Chueca. El servicio incluye peeling, limar y pulir uñas, quitar cutículas y maquillado de uñas con esmaltado normal en el color que te apetezca. ¡Resérvalo online ya en tan solo 3 clics y ven a conocernos!"
        }, 
        {
            "service_category": "Estética", 
            "service": "Cavitación Y Presoterapia", 
            "duration": 3600, 
            "price": "45 € ", 
            "description": "En Korppos Estética te ofrecemos el pack perfecto para lucir la figura que siempre has soñado. La cavitación y presoterapia elimina la celulitis o grasa localizada. Destruye los adipocitos y mejora el aspecto de la piel. Consigue el cuerpo que siempre has querido de la mano de los mejores profesionales gracias a este pack de cavitación y presoterapia. No esperes más y reserva ahora tu cita online a través de Bucmi.com."
        }, 
        {
            "service_category": "Estética", 
            "service": "Indiba Tratamiento Facial", 
            "duration": 3600, 
            "price": "70 € ", 
            "description": "Estimula la creación de colágeno y elastina. Resultados visibles desde la primera sesión. Tratamientos tanto faciales como corporales. Consigue una piel rejuvenecida y llena de vida gracias a nuestro tratamiento Indiba. No esperes más y reserva ahora tu cita online con Bucmi.com en tan solo 3 clics. Lucirás una piel rejuvenecida y bonita de la mano de los mejores profesionales. Te encantará el resultado obtenido."
        }, 
        {
            "service_category": "Estética", 
            "service": "Limpieza Facial Básica", 
            "duration": 2700, 
            "price": "20 € ", 
            "description": "Si buscas una limpieza superficial para tu rostro, pero efectiva, reserva nuestra limpieza de cutis básica, realizada con productos de calidad de las casas Germain de Capuccini y Montibello. Incluye desmaquillado, peeling para eliminar impurezas, tónico y mascarilla hidratante. Con ella conseguirás más luz de la forma menos agresiva posible, ya que no incluye extracción. ¡Resérvalo un 3 clics con Bucmi y ven a conocernos!"
        }, 
        {
            "service_category": "Estética", 
            "service": "Limpieza Facial Completa", 
            "duration": 3600, 
            "price": "45 € ", 
            "description": "Consigue un cutis rejuvenecido y lleno de vida gracias a esta limpieza facial. El servicio incluye desmaquillado de la piel, peeling, extracción de puntos negros, mascarilla hidratante, ampolla específica y masaje de 10 minutos. Siempre aplicamos productos de alta calidad según las necesidades de tu piel, 100% personalizado. No esperes más y reserva ahora tu cita online a través de Bucmi.com. Te encantarán los resultados."
        }, 
        {
            "service_category": "Estética", 
            "service": "Masaje Anticelulítico De Piernas Y Presoterapia", 
            "duration": 3600, 
            "price": "30 € ", 
            "description": "Masaje anticelulítico de piernas con productos específicos y presoterapia. Mejora el aspecto de la piel y despídete de la piel de naranja tan odiada por todas las mujeres. Con la combinación de estas dos técnicas conseguirás reducir la celulitis, contorno y volumen en tus piernas. No esperes más y reserva ahora tu cita online a través de Bucmi.com en tan solo tres clics. Notarás los resultados desde la primera sesión."
        }, 
        {
            "service_category": "Estética", 
            "service": "Tinte Y Permanente De Pestañas", 
            "duration": 2700, 
            "price": "25 € ", 
            "description": "Si deseas estar guapa siempre y pase lo que pase, Korppos te ofrece este servicio de tinte y permanente de pestañas para conseguir una mirada perfecta. Cambia el aspecto de tus pestañas con el tinte y la permanente. Lucirás una mirada especial. Ahora podrás olvidarte de la máscara de pestañas y del rizador ya que tus pestañas tendrán un color y curvatura perfecta. No esperes más y reserva ahora tu cita online a través de Bucmi.com."
        }, 
        {
            "service_category": "Manicura y Pedicura", 
            "service": "Cavitación Y Presoterapia", 
            "duration": 3600, 
            "price": "45 € ", 
            "description": "En Korppos Estética te ofrecemos el pack perfecto para lucir la figura que siempre has soñado. La cavitación y presoterapia elimina la celulitis o grasa localizada. Destruye los adipocitos y mejora el aspecto de la piel. Consigue el cuerpo que siempre has querido de la mano de los mejores profesionales gracias a este pack de cavitación y presoterapia. No esperes más y reserva ahora tu cita online a través de Bucmi.com."
        }, 
        {
            "service_category": "Manicura y Pedicura", 
            "service": "Indiba Tratamiento Facial", 
            "duration": 3600, 
            "price": "70 € ", 
            "description": "Estimula la creación de colágeno y elastina. Resultados visibles desde la primera sesión. Tratamientos tanto faciales como corporales. Consigue una piel rejuvenecida y llena de vida gracias a nuestro tratamiento Indiba. No esperes más y reserva ahora tu cita online con Bucmi.com en tan solo 3 clics. Lucirás una piel rejuvenecida y bonita de la mano de los mejores profesionales. Te encantará el resultado obtenido."
        }, 
        {
            "service_category": "Manicura y Pedicura", 
            "service": "Limpieza Facial Básica", 
            "duration": 2700, 
            "price": "20 € ", 
            "description": "Si buscas una limpieza superficial para tu rostro, pero efectiva, reserva nuestra limpieza de cutis básica, realizada con productos de calidad de las casas Germain de Capuccini y Montibello. Incluye desmaquillado, peeling para eliminar impurezas, tónico y mascarilla hidratante. Con ella conseguirás más luz de la forma menos agresiva posible, ya que no incluye extracción. ¡Resérvalo un 3 clics con Bucmi y ven a conocernos!"
        }, 
        {
            "service_category": "Manicura y Pedicura", 
            "service": "Limpieza Facial Completa", 
            "duration": 3600, 
            "price": "45 € ", 
            "description": "Consigue un cutis rejuvenecido y lleno de vida gracias a esta limpieza facial. El servicio incluye desmaquillado de la piel, peeling, extracción de puntos negros, mascarilla hidratante, ampolla específica y masaje de 10 minutos. Siempre aplicamos productos de alta calidad según las necesidades de tu piel, 100% personalizado. No esperes más y reserva ahora tu cita online a través de Bucmi.com. Te encantarán los resultados."
        }, 
        {
            "service_category": "Depilación", 
            "service": "Cavitación Y Presoterapia", 
            "duration": 3600, 
            "price": "45 € ", 
            "description": "En Korppos Estética te ofrecemos el pack perfecto para lucir la figura que siempre has soñado. La cavitación y presoterapia elimina la celulitis o grasa localizada. Destruye los adipocitos y mejora el aspecto de la piel. Consigue el cuerpo que siempre has querido de la mano de los mejores profesionales gracias a este pack de cavitación y presoterapia. No esperes más y reserva ahora tu cita online a través de Bucmi.com."
        }, 
        {
            "service_category": "Bienestar", 
            "service": "Cavitación Y Presoterapia", 
            "duration": 3600, 
            "price": "45 € ", 
            "description": "En Korppos Estética te ofrecemos el pack perfecto para lucir la figura que siempre has soñado. La cavitación y presoterapia elimina la celulitis o grasa localizada. Destruye los adipocitos y mejora el aspecto de la piel. Consigue el cuerpo que siempre has querido de la mano de los mejores profesionales gracias a este pack de cavitación y presoterapia. No esperes más y reserva ahora tu cita online a través de Bucmi.com."
        }, 
        {
            "service_category": "Bienestar", 
            "service": "Indiba Tratamiento Facial", 
            "duration": 3600, 
            "price": "70 € ", 
            "description": "Estimula la creación de colágeno y elastina. Resultados visibles desde la primera sesión. Tratamientos tanto faciales como corporales. Consigue una piel rejuvenecida y llena de vida gracias a nuestro tratamiento Indiba. No esperes más y reserva ahora tu cita online con Bucmi.com en tan solo 3 clics. Lucirás una piel rejuvenecida y bonita de la mano de los mejores profesionales. Te encantará el resultado obtenido."
        }
    ]
}