{
    "adid": null, 
    "name": "Centro Alba Madrid Sur", 
    "name_of_contact": "Centro Alba Madrid Sur", 
    "scrape_page": "https://www.bucmi.com/centroalba", 
    "business_website": "https://www.bucmi.com/centroalba", 
    "areas_covered": null, 
    "description": "Con tres clínicas distribuidas en la zona sur y centro de Madrid, el Centro Alba lleva más de 20 años trabajando con los profesionales más cualificados para ofrecer a sus clientes los mejores tratamientos en salud y belleza.", 
    "img_link": [
        "https://d1nd15w2k87kz0.cloudfront.net/Uploads/635908778293255809.jpg", 
        "https://d1nd15w2k87kz0.cloudfront.net/Uploads/635908778317787054.jpg", 
        "https://d1nd15w2k87kz0.cloudfront.net/Uploads/635908778342161896.jpg", 
        "https://d1nd15w2k87kz0.cloudfront.net/Uploads/635908778368425104.jpg", 
        "https://d1nd15w2k87kz0.cloudfront.net/Uploads/635908778394206311.jpg"
    ], 
    "hqdb_featured_ad_type": "Featured", 
    "hqdb_nr_reviews": "2", 
    "hqdb_review_score": "10,0", 
    "accreditations": null, 
    "category": null, 
    "subcategory": null, 
    "street": "C/ Longares, 46", 
    "city": "Madrid", 
    "zipcode": "28047", 
    "formatted_address": "C/ Longares, 46, Madrid, 28047", 
    "country": "es", 
    "office_number": "915099046", 
    "office_number2": null, 
    "mobile_number": null, 
    "mobile_number2": null, 
    "unidentified_phone_numbers": null, 
    "latitude": "40.3926874000", 
    "longitude": "-3.7541615999", 
    "business_email": null, 
    "yelp_page": null, 
    "facebook": null, 
    "twitter": null, 
    "instagram": null, 
    "venue_images": "https://d1nd15w2k87kz0.cloudfront.net/Logotipos/635908139728020830.jpg", 
    "opening_hours_raw": null, 
    "pricelist_link": null, 
    "services": [
        {
            "service_category": "Preferente", 
            "service": "Tratamiento Facial Reafirmante", 
            "duration": 3600, 
            "price": "85 € ", 
            "description": "Tratamiento Facial Q Up De Sileä. Última generación en tratamientos faciales con termoactivadores para la óptima Oxigenación, nutrición y mayor reafirmación del tejido, reforzando el colágeno y la elastina. Notarás una nueva luz en tu rostro y la lucha contra la flacidez. F"
        }, 
        {
            "service_category": "Preferente", 
            "service": "Higiene Facial Profunda", 
            "duration": 3600, 
            "price": "50 € ", 
            "description": "Tratamiento Facial Alba Classic. ¿A qué esperas para reservar nuestra higiene facial profesional de centro médico? Incluye: extracción profunda, peeling, mascarilla oxigenante de avena, led, masaje cráneofacial. No utilizamos vapor para no dañar el poro. La ciencia de la cosmética está a tu alcance con este tratamientoF"
        }, 
        {
            "service_category": "Preferente", 
            "service": "Higiene Facial Con Tratamiento", 
            "duration": 3600, 
            "price": "65 € ", 
            "description": "Tratamiento Facial Alba Advance. Consiste en una Higiene facial y tratamiento de alta calidad con la combinación de la mejor dermocosmética de productos nutritivos y la nueva tecnología de luz LED. Incluye: extracción profunda, peeling, mascarilla con factor de crecimiento, masaje cráneofacial y terapia de luz LED, para activar el colágeno. F"
        }, 
        {
            "service_category": "Preferente", 
            "service": "Fisioterapia De Alto Rendimiento Primera Sesión", 
            "duration": 3600, 
            "price": "42 € ", 
            "description": "Tratamiento global de la patología, con la total combinación de todas las técnicas necesarias: masoterapia, osteopatía, acupuntura, kinesiotape con un solo fin, la recuperación absoluta del paciente. El precio es específico solo para la primera sesión. F"
        }, 
        {
            "service_category": "Estética", 
            "service": "10 Sesiones Tto Corporal Reductor Anticelulítico", 
            "duration": 3600, 
            "price": "700 € ", 
            "description": "Bono 10 sesiones Tratamiento Reductor Láser Lipolítico. Increíbles resultados, perdida de volumen, disminución de celulitis y reafirmación, todo en una misma terapia y SIN DOLOR, con la nueva tecnología luz LED. F"
        }, 
        {
            "service_category": "Estética", 
            "service": "Tratamiento Facial Reafirmante Ultrarevitilizador", 
            "duration": 3600, 
            "price": "62 € ", 
            "description": "¡Prueba nuestro tratamiento facial reafirmante ultrarevitilizador con colágeno y vitamina C! Comenzamos evaluando el estado de la piel de tu rostro y realizamos una ficha. El tratamiento se adecúa al tipo de piel del paciente. Incluye: higiene facial, canalización de las masas grasas, peeling global, aparatología luz LED, mascarilla de chocolate con minerales nutrientes y masaje cráneofacial. Además, aplicamos colágeno activo y vitamina C pura de laboratorio. Utilizamos productos de GerneticF"
        }, 
        {
            "service_category": "Estética", 
            "service": "Tratamiento Facial Reafirmante", 
            "duration": 3600, 
            "price": "85 € ", 
            "description": "Tratamiento Facial Q Up De Sileä. Última generación en tratamientos faciales con termoactivadores para la óptima Oxigenación, nutrición y mayor reafirmación del tejido, reforzando el colágeno y la elastina. Notarás una nueva luz en tu rostro y la lucha contra la flacidez. F"
        }, 
        {
            "service_category": "Estética", 
            "service": "Bono 5 Sesiones Tto. Facial Antiacné", 
            "duration": 3600, 
            "price": "210 € ", 
            "description": "Protocolo de trabajo realizado en cabina en el que se garantiza la desaparición de hasta el 90% del acné. Es aconsejable realizar, como mínimo 5 sesiones de este tratamiento, por eso, en Centro Alba hemos creado este pack con un descuento estupendo. El protocolo de trabajo se realiza con productos de la casa LAMDORS: limpiamos con la leche adecuada, utilizamos tónico además de una crema flexibilizante que ayuda a la extracción como la canalización. El tto, finaliza con crema y mascarilla flexibilizanteF"
        }, 
        {
            "service_category": "Estética", 
            "service": "Tratamiento Coporal Reductor Reafirmante", 
            "duration": 3600, 
            "price": "60 € ", 
            "description": "Este tratamiento combina un masaje corporal, realizado de forma manual, con placas de electroestimulación. El masaje se aplica con un producto reductor intensivo, después trabajamos con electroestimulación para tensar y tonificar la piel de tu cuerpo. ¡Notarás resultados reafirmantes en tu piel!F"
        }, 
        {
            "service_category": "Estética", 
            "service": "Tratamiento Corporal Reafirmante Localizado", 
            "duration": 3600, 
            "price": "50 € ", 
            "description": "¡Reserva nuestro tratamiento para eliminar la flacidez de forma efectiva en las zonas más conflictivas! Consiste en un masaje manual, en la zona elegida a tratar, con unos guantes que contienen una corriente de ionización. También se aplican placas de electroestimulación, para tonificar el tejido muscular. Se recomiendan entre 4 a 6 sesiones para un mejor resultadoF"
        }, 
        {
            "service_category": "Estética", 
            "service": "Tratamiento Corporal Reductor Envoltura", 
            "duration": 3600, 
            "price": "60 € ", 
            "description": "Envoltura WRAP de Algas Marinas. Gracias a este tratamiento corporal conseguimos reducir el volumen y la piel de naranja. Colocamos una envoltura para aumentar la temperatura corporal y aplicamos productos a base de logos y algas marianas. Se recomiendan entre 4 a 6 sesiones para obtener unos resultados excelentes. F"
        }, 
        {
            "service_category": "Estética", 
            "service": "Tratamiento Facial Antiojeras Y Bolsas", 
            "duration": 3600, 
            "price": "60 € ", 
            "description": "¡Deshazte de las ojeras y de las bolsas! Durante el tratamiento aplicamos productos específicos, según el tipo de piel, y aparatología. Conseguimos eliminar el volumen de las bolsas y aclarar el tono de la ojera. Los resultado son visibles en pocas sesiones. F"
        }, 
        {
            "service_category": "Estética", 
            "service": "Drenaje Linfático Corporal Manual", 
            "duration": 2700, 
            "price": "42 € ", 
            "description": "Reserva nuestro drenaje linfático corporal realizado de forma manual, sin aparatología. Se aplica un masaje por todo el cuerpo para ayudar a eliminar las toxinas y la retención de líquidos de tu cuerpo. F"
        }, 
        {
            "service_category": "Estética", 
            "service": "Higiene Facial Profunda", 
            "duration": 3600, 
            "price": "50 € ", 
            "description": "Tratamiento Facial Alba Classic. ¿A qué esperas para reservar nuestra higiene facial profesional de centro médico? Incluye: extracción profunda, peeling, mascarilla oxigenante de avena, led, masaje cráneofacial. No utilizamos vapor para no dañar el poro. La ciencia de la cosmética está a tu alcance con este tratamientoF"
        }, 
        {
            "service_category": "Estética", 
            "service": "Higiene Facial Con Tratamiento", 
            "duration": 3600, 
            "price": "65 € ", 
            "description": "Tratamiento Facial Alba Advance. Consiste en una Higiene facial y tratamiento de alta calidad con la combinación de la mejor dermocosmética de productos nutritivos y la nueva tecnología de luz LED. Incluye: extracción profunda, peeling, mascarilla con factor de crecimiento, masaje cráneofacial y terapia de luz LED, para activar el colágeno. F"
        }, 
        {
            "service_category": "Estética", 
            "service": "Exfoliación Corporal E Hidratación", 
            "duration": 3600, 
            "price": "42 € ", 
            "description": "¡Disfruta de nuestra exfoliación corporal BIO! Durante el tratamiento exfoliamos, realizamos un masaje total, para relajar tus músculos, y aplicamos una crema hidratante corporal para nutrir tu piel y dejarla tersa y suaveF"
        }, 
        {
            "service_category": "Estética", 
            "service": "Tratamiento Coporal Reafirmante Senos", 
            "duration": 3600, 
            "price": "70 € ", 
            "description": "Reafirma tus senos reservando este servicio. Realzamos un masaje manual, aplicamos luz LED y utilizamos productos de la marca Gernetic. Con este tratamiento notará un ligero aumento en el volumen y la reafirmación de tu pecho. Se recomiendan más de 3 sesiones. F"
        }, 
        {
            "service_category": "Estética", 
            "service": "Tratamiento Facial Antiacné", 
            "duration": 3600, 
            "price": "42 € ", 
            "description": "¿Quieres acabar con el acné de tu cara? ¡Acabas de encontrar tu tratamiento ideal! Durante el tratamiento limpiamos el rostro, aplicamos un tónico, una crema flexibilizante para facilitar la extracción de las impurezas, mascarilla y crema. Los productos que utilizamos son de la marca LAMDORS. Te garantizamos la desaparición del 90% del acné en 5 sesiones. F"
        }, 
        {
            "service_category": "Masaje", 
            "service": "Fisioterapia De Alto Rendimiento Primera Sesión", 
            "duration": 3600, 
            "price": "42 € ", 
            "description": "Tratamiento global de la patología, con la total combinación de todas las técnicas necesarias: masoterapia, osteopatía, acupuntura, kinesiotape con un solo fin, la recuperación absoluta del paciente. El precio es específico solo para la primera sesión. F"
        }, 
        {
            "service_category": "Masaje", 
            "service": "Masaje Relajante Con Aromaterapia", 
            "duration": 3600, 
            "price": "46 € ", 
            "description": "¡Relájate reservando este masaje! Consiste en un masaje relajante con aromaterapia y aceites esenciales. Se realiza de forma manual por profesionales con muchos años de experiencia. Utilizamos esencias como: romero, clavo, árnica, winter green, entre otrasF"
        }, 
        {
            "service_category": "Bienestar", 
            "service": "Masaje Relajante Con Aromaterapia", 
            "duration": 3600, 
            "price": "46 € ", 
            "description": "¡Relájate reservando este masaje! Consiste en un masaje relajante con aromaterapia y aceites esenciales. Se realiza de forma manual por profesionales con muchos años de experiencia. Utilizamos esencias como: romero, clavo, árnica, winter green, entre otrasF"
        }
    ]
}