{
    "adid": null, 
    "name": "Maria Troya", 
    "name_of_contact": "Maria Troya", 
    "scrape_page": "https://www.bucmi.com/mariatroya", 
    "business_website": "https://www.bucmi.com/mariatroya", 
    "areas_covered": null, 
    "description": "Expertos en el mundo de la alta peluquería, trabajan hasta el último detalle informándote de las nuevas tendencias en belleza y bienestar. María Troya cuenta con los mejores profesionales, que te cuidarán y mimarán como te mereces.", 
    "img_link": [
        "https://d1nd15w2k87kz0.cloudfront.net/Uploads/635242812285153954.jpg", 
        "https://d1nd15w2k87kz0.cloudfront.net/Uploads/635244328550552276.jpg", 
        "https://d1nd15w2k87kz0.cloudfront.net/Uploads/635244328618706174.jpg", 
        "https://d1nd15w2k87kz0.cloudfront.net/Uploads/635244328651978077.jpg", 
        "https://d1nd15w2k87kz0.cloudfront.net/Uploads/635247960485152897.jpg", 
        "https://d1nd15w2k87kz0.cloudfront.net/Uploads/635247960711805861.jpg"
    ], 
    "hqdb_featured_ad_type": "Featured", 
    "hqdb_nr_reviews": "37", 
    "hqdb_review_score": "9,1", 
    "accreditations": null, 
    "category": null, 
    "subcategory": null, 
    "street": "C/ Finisterre, 19", 
    "city": "Madrid", 
    "zipcode": "28009", 
    "formatted_address": "C/ Finisterre, 19, Madrid, 28009", 
    "country": "es", 
    "office_number": "914354755", 
    "office_number2": null, 
    "mobile_number": null, 
    "mobile_number2": null, 
    "unidentified_phone_numbers": null, 
    "latitude": "40.4214957000", 
    "longitude": "-3.6788563999", 
    "business_email": null, 
    "yelp_page": null, 
    "facebook": null, 
    "twitter": null, 
    "instagram": null, 
    "venue_images": "https://d1nd15w2k87kz0.cloudfront.net/Logotipos/635914845959523613.jpg", 
    "opening_hours_raw": null, 
    "pricelist_link": null, 
    "services": [
        {
            "service_category": "Preferente", 
            "service": "Corte De Pelo Hombre", 
            "duration": 1800, 
            "price": "27,35 € ", 
            "description": "¡Tu corte de pelo ahora es mucho más que una cita mensual!. En María Troya tu corte de pelo comienza con un masaje de cuero cabelludo, a continuación corte del cabello y masaje de manos. Con productos L'oreal. ¡Haz ya tu reserva con Bucmi.com!."
        }, 
        {
            "service_category": "Preferente", 
            "service": "Corte, Peinado Y Tto. Capilar Hidratación Argán", 
            "duration": 3600, 
            "price": "90,6 € ", 
            "description": "¡Presume de melena con este servicio de corte de cabello que además porporcionará a tu cabello un extra de nutrición!. Masaje de cuero cabelludo, hidratación con aceite, corte, peinado y masaje de manos."
        }, 
        {
            "service_category": "Preferente", 
            "service": "Balayage Californiano", 
            "duration": 3600, 
            "price": "66,15 € ", 
            "description": "Si eres de las que antes de cambiar de look se fijan en las celebrities, te confirmamos que Jessica Biel, Sarah Jessica Parker, Olivia Palermo… se han sumado ya al balayage. Por lo que tu aspecto además de ser muy trendy será muy natural. Reflejo efecto sol de medios a puntas con raíz natural, con productos de L'oreal."
        }, 
        {
            "service_category": "Preferente", 
            "service": "Corte De Pelo Mujer", 
            "duration": 1800, 
            "price": "34,2 € ", 
            "description": "¿Por qué no convertir el corte de pelo en una experiencia? En María Troya comenzamos con un masaje en el cuero cabelludo a base de aceites esenciales y procedemos al lavado en un sillón de masaje con productos L'oreal. Al mismo tiempo damos un masaje de manos con toallas calientes y por último el corte de pelo que más se adapte a ti. Trae tus ideas o déjate asesorar por los mejores profesionales del sector."
        }, 
        {
            "service_category": "Peluquería", 
            "service": "Corte De Pelo Hombre", 
            "duration": 1800, 
            "price": "27,35 € ", 
            "description": "¡Tu corte de pelo ahora es mucho más que una cita mensual!. En María Troya tu corte de pelo comienza con un masaje de cuero cabelludo, a continuación corte del cabello y masaje de manos. Con productos L'oreal. ¡Haz ya tu reserva con Bucmi.com!."
        }, 
        {
            "service_category": "Peluquería", 
            "service": "Corte, Peinado Y Tto. Capilar Hidratación Argán", 
            "duration": 3600, 
            "price": "90,6 € ", 
            "description": "¡Presume de melena con este servicio de corte de cabello que además porporcionará a tu cabello un extra de nutrición!. Masaje de cuero cabelludo, hidratación con aceite, corte, peinado y masaje de manos."
        }, 
        {
            "service_category": "Peluquería", 
            "service": "Corte, Peinado Y Tto. Capilar Hidratación Karité", 
            "duration": 3600, 
            "price": "90,6 € ", 
            "description": "Presume de melena con este servicio de corte de cabello que, además, proporcionará a tu cabello un extra de nutrición. Masaje de cuero cabelludo, hidratación con crema de karité, corte, peinado y masaje de manos."
        }, 
        {
            "service_category": "Peluquería", 
            "service": "Balayage Californiano", 
            "duration": 3600, 
            "price": "66,15 € ", 
            "description": "Si eres de las que antes de cambiar de look se fijan en las celebrities, te confirmamos que Jessica Biel, Sarah Jessica Parker, Olivia Palermo… se han sumado ya al balayage. Por lo que tu aspecto además de ser muy trendy será muy natural. Reflejo efecto sol de medios a puntas con raíz natural, con productos de L'oreal."
        }, 
        {
            "service_category": "Peluquería", 
            "service": "Color Efecto Pluma", 
            "duration": 3600, 
            "price": "34,2 € ", 
            "description": "Color en las puntas, contraste con su color de base con un efecto relieve con más brillo. El servicio incluye la coloración y el lavado de la melena con champú, con productos de L'oreal. No incluye peinado definido de la melena."
        }, 
        {
            "service_category": "Peluquería", 
            "service": "Color Fondo Natural", 
            "duration": 1800, 
            "price": "45,6 € ", 
            "description": "Color vegetal. Se aplica el mismo color base aportando un brillo natural. El servicio incluye la coloración y el lavado de la melena con champú, con productos de L'oreal. No incluye peinado definido de la melena."
        }, 
        {
            "service_category": "Peluquería", 
            "service": "Color Gloss", 
            "duration": 900, 
            "price": "28,5 € ", 
            "description": "Color en crema efecto brillo o reflejo duración 30 días. El servicio incluye la coloración y el lavado de la melena con champú. No incluye peinado definido de la melena."
        }, 
        {
            "service_category": "Peluquería", 
            "service": "Color Henna", 
            "duration": 2700, 
            "price": "56,5 € ", 
            "description": "Color natural sin amoniaco ni oxidante hecho a base de plantas y té. El servicio incluye la coloración y el lavado de la melena con champú, con productos den L'oreal. No incluye peinado definido de la melena."
        }, 
        {
            "service_category": "Peluquería", 
            "service": "Corte Y Peinado", 
            "duration": 1800, 
            "price": "56,4 € ", 
            "description": "Masaje de cuero cabelludo, corte y peinado. El servicio incluye corte asesorado por nuestros expertos estilistas de Maria Troya, y el lavado de la melena con champú de L'oreal. No incluye peinado definido de la melena."
        }, 
        {
            "service_category": "Peluquería", 
            "service": "Peinado", 
            "duration": 900, 
            "price": "22,2 € ", 
            "description": "¿Vas a una fiesta o simplemente quieres estar guapa? Te preparamos para cualquier ocasión con el peinado que más te guste. Pide consejo a nuestros peluqueros y ellos te ayudarán a elegir si tienes dudas."
        }, 
        {
            "service_category": "Peluquería", 
            "service": "Peinado Y Maquillaje Express", 
            "duration": 1800, 
            "price": "67,8 € ", 
            "description": "¿Vas a una fiesta o simplemente quieres estar guapa? Te preparamos para cualquier ocasión. Pide consejo a nuestros peluqueros y ellos te ayudarán a elegir si tienes dudas. Además, te maquillamos para que causes sensación, con maquillaje de las mejores marcas como Dior o Yves Saint Laurent."
        }, 
        {
            "service_category": "Peluquería", 
            "service": "Tratamiento De Keratina", 
            "duration": 10800, 
            "price": "283 € ", 
            "description": "¡Tratamiento de keratina pura sin formol!. Hidratación profunda, rellenado de la cutícula del cabello aportando brillo y cuerpo. ¡Luce un cabello sano!. Con una de las mejores marcas como es Keratin Complex."
        }, 
        {
            "service_category": "Peluquería", 
            "service": "Tto Capilar Hidratación Argán", 
            "duration": 1800, 
            "price": "34,2 € ", 
            "description": "Hidratación con aceite puro de argán y calor 15 minutos. El servicio incluye el tratamiento capilar y el lavado con champú. No incluye el peinado de la melena. ¡Tu pelo estará brillante y lleno de vida gracias a Maria Troya!."
        }, 
        {
            "service_category": "Peluquería", 
            "service": "Tto Capilar Hidratación Karité", 
            "duration": 1800, 
            "price": "34,2 € ", 
            "description": "Hidratación con mascarilla karité con calor 15 minutos. ¡Disfruta de una melena brillante y sedosa gracias a nuestro completo tratamiento capilar de Maria Troya!. No incluye peinado."
        }, 
        {
            "service_category": "Peluquería", 
            "service": "Tto Keratina Sin Formol", 
            "duration": 10800, 
            "price": "282 € ", 
            "description": "¡Tratamiento profundo con keratina, penetrando en la cutícula del cabello aportando un 100% de hidratación!. ¡Luce una melena envidiable con los productos de Keratin Complex!."
        }, 
        {
            "service_category": "Peluquería", 
            "service": "Corte De Pelo Mujer", 
            "duration": 1800, 
            "price": "34,2 € ", 
            "description": "¿Por qué no convertir el corte de pelo en una experiencia? En María Troya comenzamos con un masaje en el cuero cabelludo a base de aceites esenciales y procedemos al lavado en un sillón de masaje con productos L'oreal. Al mismo tiempo damos un masaje de manos con toallas calientes y por último el corte de pelo que más se adapte a ti. Trae tus ideas o déjate asesorar por los mejores profesionales del sector."
        }, 
        {
            "service_category": "Estética", 
            "service": "Exfoliación Corporal E Hidratación", 
            "duration": 3600, 
            "price": "60 € ", 
            "description": "Exfoliación corporal con sales del mar muerto y aplicación de crema autobronceadora al finalizar para conseguir un tono bronceado de piel. Tu piel suave y de un bonito color gracias a nuestros esteticistas de Maria Troya."
        }, 
        {
            "service_category": "Estética", 
            "service": "Higiene Facial Completa", 
            "duration": 3600, 
            "price": "58 € ", 
            "description": "Consigue una piel limpia e hidratada gracias a nuestra completa higiene facial que incluye desmaquillado de la piel, exfoliación, extracción de impurezas y mascarilla hidratante final para refrescar la zona. ¡Te encantará el resultado!."
        }, 
        {
            "service_category": "Estética", 
            "service": "Peinado Y Maquillaje Express", 
            "duration": 1800, 
            "price": "67,8 € ", 
            "description": "¿Vas a una fiesta o simplemente quieres estar guapa? Te preparamos para cualquier ocasión. Pide consejo a nuestros peluqueros y ellos te ayudarán a elegir si tienes dudas. Además, te maquillamos para que causes sensación, con maquillaje de las mejores marcas como Dior o Yves Saint Laurent."
        }, 
        {
            "service_category": "Estética", 
            "service": "Tratamiento Facial Con Cóctel De Vitamina C", 
            "duration": 3600, 
            "price": "70 € ", 
            "description": "Tratamiento facial con cóctel de Vitamina C. Aporta a la piel una hidratación profunda y activa, además de dotarle de colágeno y elastina para que tu piel gane la firmeza que va perdiendo con el paso de los años. ¡Notarás el resultado desde el principio!."
        }
    ]
}