{
    "adid": null, 
    "name": "Beauty Boulevard", 
    "name_of_contact": "Beauty Boulevard", 
    "scrape_page": "https://www.bucmi.com/beautyboulevard", 
    "business_website": "https://www.bucmi.com/beautyboulevard", 
    "areas_covered": null, 
    "description": "En Beauty Boulevard contamos con una trayectoria profesional de 12 años en la que miles de clientes nos han sido fieles. Nuestro objetivo es ofrecer siempre el mejor servicio, valiéndonos de la técnica y los productos más innovadores.", 
    "img_link": [
        "https://d1nd15w2k87kz0.cloudfront.net/Uploads/635817121662223866.jpg", 
        "https://d1nd15w2k87kz0.cloudfront.net/Uploads/635817121697379973.jpg", 
        "https://d1nd15w2k87kz0.cloudfront.net/Uploads/635817121738164070.jpg", 
        "https://d1nd15w2k87kz0.cloudfront.net/Uploads/635817121785987790.jpg"
    ], 
    "hqdb_featured_ad_type": "Featured", 
    "hqdb_nr_reviews": "13", 
    "hqdb_review_score": "9,2", 
    "accreditations": null, 
    "category": null, 
    "subcategory": null, 
    "street": null, 
    "city": "Madrid", 
    "zipcode": "28006", 
    "formatted_address": "Madrid, 28006", 
    "country": "es", 
    "office_number": "915758767", 
    "office_number2": null, 
    "mobile_number": null, 
    "mobile_number2": null, 
    "unidentified_phone_numbers": null, 
    "latitude": "40.4328809999", 
    "longitude": "-3.6810748999", 
    "business_email": null, 
    "yelp_page": null, 
    "facebook": null, 
    "twitter": null, 
    "instagram": null, 
    "venue_images": "https://d1nd15w2k87kz0.cloudfront.net/Logotipos/635914904231518999.jpg", 
    "opening_hours_raw": null, 
    "pricelist_link": null, 
    "services": [
        {
            "service_category": "Preferente", 
            "service": "Corte De Pelo Para Él", 
            "duration": 1800, 
            "price": "21,2 € ", 
            "description": "Corte de pelo para caballero, asesorado por los profesionales de nuestra peluquería. Incluimos lavado antes de cortar y lavado después. Reserva a través de Bucmi.com."
        }, 
        {
            "service_category": "Preferente", 
            "service": "Lavar Y Peinar Media Melena O Corto", 
            "duration": 2700, 
            "price": "26,5 € ", 
            "description": "Lavado con masaje y los mejores productos del mercado (Kerastase, Simply Smooth etc). Peinado brushing con el que saldrás perfecta e incluye todos los productos de acabado (media melena es aquella que no sobrepase el respaldo del sillón de peluquería o mida más de 50 cms, sino se abonará un plus en el centro de 5,20 €). Reserva a través de Bucmi.com."
        }, 
        {
            "service_category": "Preferente", 
            "service": "Manicura", 
            "duration": 1800, 
            "price": "21,2 € ", 
            "description": "Belleza de manos realizada por profesionales. Incluye los mejores productos y servicio de: limado, corte de uñas, peeling, esmaltado básico de nuestra gama de colores e hidratación. Reserva a través de Bucmi.com ¡y luce unas manos espectaculares!."
        }, 
        {
            "service_category": "Preferente", 
            "service": "Pedicura", 
            "duration": 3600, 
            "price": "58,3 € ", 
            "description": "Belleza de pies realizada por profesionales de la estética, realizado con los mejores productos. Disfruta de una pedicura completa que incluye: limado de uñas, quitar cutículas, eliminación de durezas y esmalte. Reserva a través de Bucmi.com ¡y luce tus pies!."
        }, 
        {
            "service_category": "Peluquería", 
            "service": "Color Sin Amoniaco", 
            "duration": 2700, 
            "price": "47,7 € ", 
            "description": "Servicio de coloreado del cabello realizado con productos sin amoniaco que no dañan tu pelo. No incluye lavado ni peinado (a abonar en el centro en caso de quererlo). Servicio válido para cualquier largo. Reserva ya a través de Bucmi.com ¡y luce melena!."
        }, 
        {
            "service_category": "Peluquería", 
            "service": "Cortar, Lavar Y Peinar", 
            "duration": 3600, 
            "price": "53 € ", 
            "description": "Servicio de lavado, corte y peinado. En nuestro centro te asesoramos según tu rostro y las tendencias del momento. Después peinamos el cabello... ¡Te irás perfecta!. El servicio es valido para media melena (si el largo es superior se abonará suplemento en el centro). Reserva a través de Bucmi.com."
        }, 
        {
            "service_category": "Peluquería", 
            "service": "Corte De Pelo Para Él", 
            "duration": 1800, 
            "price": "21,2 € ", 
            "description": "Corte de pelo para caballero, asesorado por los profesionales de nuestra peluquería. Incluimos lavado antes de cortar y lavado después. Reserva a través de Bucmi.com."
        }, 
        {
            "service_category": "Peluquería", 
            "service": "Lavar Y Peinar Media Melena O Corto", 
            "duration": 2700, 
            "price": "26,5 € ", 
            "description": "Lavado con masaje y los mejores productos del mercado (Kerastase, Simply Smooth etc). Peinado brushing con el que saldrás perfecta e incluye todos los productos de acabado (media melena es aquella que no sobrepase el respaldo del sillón de peluquería o mida más de 50 cms, sino se abonará un plus en el centro de 5,20 €). Reserva a través de Bucmi.com."
        }, 
        {
            "service_category": "Peluquería", 
            "service": "Lavar Y Peinar Melena Extralarga", 
            "duration": 3600, 
            "price": "31,8 € ", 
            "description": "Lavado con masaje y los mejores productos del mercado (Kerastase, Simply Smooth). Peinado brushing. Incluye todos los productos de acabado. Consideramos melena extra larga aquella que sobrepase el respaldo del sillón o mida más de 50 cms. Reserva ya a través de Bucmi.com."
        }, 
        {
            "service_category": "Peluquería", 
            "service": "Mechas, Lavar Y Peinar", 
            "duration": 5400, 
            "price": "90,1 € ", 
            "description": "Ponte en manos de nuestros profesionales para que te asesoremos en materia de mechas de plata. El servicio incluye lavado del cabello. ¡Cambia tu look y atrévete a lucir una melena con color!. Reserva a través de Bucmi.com."
        }, 
        {
            "service_category": "Estética", 
            "service": "Color Sin Amoniaco", 
            "duration": 2700, 
            "price": "47,7 € ", 
            "description": "Servicio de coloreado del cabello realizado con productos sin amoniaco que no dañan tu pelo. No incluye lavado ni peinado (a abonar en el centro en caso de quererlo). Servicio válido para cualquier largo. Reserva ya a través de Bucmi.com ¡y luce melena!."
        }, 
        {
            "service_category": "Manicura y Pedicura", 
            "service": "Color Sin Amoniaco", 
            "duration": 2700, 
            "price": "47,7 € ", 
            "description": "Servicio de coloreado del cabello realizado con productos sin amoniaco que no dañan tu pelo. No incluye lavado ni peinado (a abonar en el centro en caso de quererlo). Servicio válido para cualquier largo. Reserva ya a través de Bucmi.com ¡y luce melena!."
        }, 
        {
            "service_category": "Manicura y Pedicura", 
            "service": "Cortar, Lavar Y Peinar", 
            "duration": 3600, 
            "price": "53 € ", 
            "description": "Servicio de lavado, corte y peinado. En nuestro centro te asesoramos según tu rostro y las tendencias del momento. Después peinamos el cabello... ¡Te irás perfecta!. El servicio es valido para media melena (si el largo es superior se abonará suplemento en el centro). Reserva a través de Bucmi.com."
        }, 
        {
            "service_category": "Manicura y Pedicura", 
            "service": "Corte De Pelo Para Él", 
            "duration": 1800, 
            "price": "21,2 € ", 
            "description": "Corte de pelo para caballero, asesorado por los profesionales de nuestra peluquería. Incluimos lavado antes de cortar y lavado después. Reserva a través de Bucmi.com."
        }, 
        {
            "service_category": "Manicura y Pedicura", 
            "service": "Lavar Y Peinar Media Melena O Corto", 
            "duration": 2700, 
            "price": "26,5 € ", 
            "description": "Lavado con masaje y los mejores productos del mercado (Kerastase, Simply Smooth etc). Peinado brushing con el que saldrás perfecta e incluye todos los productos de acabado (media melena es aquella que no sobrepase el respaldo del sillón de peluquería o mida más de 50 cms, sino se abonará un plus en el centro de 5,20 €). Reserva a través de Bucmi.com."
        }, 
        {
            "service_category": "Masaje", 
            "service": "Color Sin Amoniaco", 
            "duration": 2700, 
            "price": "47,7 € ", 
            "description": "Servicio de coloreado del cabello realizado con productos sin amoniaco que no dañan tu pelo. No incluye lavado ni peinado (a abonar en el centro en caso de quererlo). Servicio válido para cualquier largo. Reserva ya a través de Bucmi.com ¡y luce melena!."
        }
    ]
}