{
    "adid": null, 
    "name": "Splendida", 
    "name_of_contact": "Splendida", 
    "scrape_page": "https://www.bucmi.com/splendida", 
    "business_website": "https://www.bucmi.com/splendida", 
    "areas_covered": null, 
    "description": "Centro de Estética cerca de Avenida de América y Prosperidad que cuenta con servicios de peluquería y estética para sentirte bien tanto por dentro como por fuera. Ahora no te lo pierdas y reserva tu cita online con nosotros.¡Conócenos y te encantará!", 
    "img_link": [
        "https://d1nd15w2k87kz0.cloudfront.net/Uploads/635913325081575219.jpg", 
        "https://d1nd15w2k87kz0.cloudfront.net/Uploads/635913325102200158.jpg", 
        "https://d1nd15w2k87kz0.cloudfront.net/Uploads/635913325123137595.jpg", 
        "https://d1nd15w2k87kz0.cloudfront.net/Uploads/635913325147356269.jpg", 
        "https://d1nd15w2k87kz0.cloudfront.net/Uploads/635913325175637434.jpg", 
        "https://d1nd15w2k87kz0.cloudfront.net/Uploads/635913325195637379.jpg", 
        "https://d1nd15w2k87kz0.cloudfront.net/Uploads/635913325216418562.jpg"
    ], 
    "hqdb_featured_ad_type": "Featured", 
    "hqdb_nr_reviews": "42", 
    "hqdb_review_score": "9,4", 
    "accreditations": null, 
    "category": null, 
    "subcategory": null, 
    "street": null, 
    "city": "Madrid", 
    "zipcode": "28002", 
    "formatted_address": "Madrid, 28006, Madrid, 28009, Madrid, 28034, Madrid, 28002", 
    "country": "es", 
    "office_number": "911768522", 
    "office_number2": null, 
    "mobile_number": null, 
    "mobile_number2": null, 
    "unidentified_phone_numbers": null, 
    "latitude": "40.4386533000", 
    "longitude": "-3.6790949999", 
    "business_email": null, 
    "yelp_page": null, 
    "facebook": null, 
    "twitter": null, 
    "instagram": null, 
    "venue_images": "https://d1nd15w2k87kz0.cloudfront.net/Logotipos/635913326520923802.jpg", 
    "opening_hours_raw": null, 
    "pricelist_link": null, 
    "services": [
        {
            "service_category": "Preferente", 
            "service": "Tto Capilar: Plástica. Pelo Corto O Media Melena", 
            "duration": 5400, 
            "price": "120 € ", 
            "description": "Reparación e hidratación total del cabello, brillo, elasticidad reparando fisuras en el tallo del cabello y intensificando el color y quitando el encrespamiento, en esta terapia trabajamos además de principios activos naturales el sistema de infrarrojo y ultrasonido que actúa activando el crecimiento, reduce la caída y regula el cuero cabelludo."
        }, 
        {
            "service_category": "Preferente", 
            "service": "Mechas Californianas Media Melena", 
            "duration": 7200, 
            "price": "110 € ", 
            "description": "Este servicio de Mechas Californianas incluye Matiz, Lavado, Botox (hidratación profunda) y para finalizar peinado del cabello. Este servicio es para media melena. No esperes más y reserva ahora tu cita online, ¡no te arrepntirás!"
        }, 
        {
            "service_category": "Preferente", 
            "service": "Manicura Y Pedicura Básica", 
            "duration": 5400, 
            "price": "35 € ", 
            "description": "Luce unas manos y pies perfectos con esta manipedi básica que incluye tratamiento de pies y manos, limado de uñas, hidratación y esmaltado en una amplía gama de colores. Escoge el tono que más te guste, que más vaya con tu estilo y personalidad. ¡Porque unas uñas cuidadas y bonitas serán una buena carta de presentación! ¡No esperes más y reserva ya tu cita cómodamente online! ¿A qué estás esperando? ¡No dejes que te lo cuentenF"
        }, 
        {
            "service_category": "Preferente", 
            "service": "Cortar Y Peinar", 
            "duration": 3600, 
            "price": "29,9 € ", 
            "description": "Luce el corte de pelo que siempre has querido de la mano de los mejores profesionales. Lavamos tu melena, realizamos corte de pelo totalmente asesorado y peinamos para que salgas perfecta del salón. Este servicio está indicado para cualquier largo de cabello. Reserva ahora tu cita online."
        }, 
        {
            "service_category": "Preferente", 
            "service": "Tto. Keratina Brasileña Media Melena", 
            "duration": 7200, 
            "price": "130 € ", 
            "description": "¡Reserva ya este tratamiento de alisado de keratina brasileña, uno de los mejores del mercado! En nuestro centro contamos con productos de primera calidad de origen natural y sin formol, para que el resultado sea verdaderamente efectivo. Elimina el encrespamiento y consigue una melena suave y lisa por un increíble precio. ¡No lo dudes y reserva ya tu cita cómodamente online! ¿A qué está esperando? ¡Una melena siempre perfecta para cualquier ocasión! Precio indicado para media melena."
        }, 
        {
            "service_category": "Preferente", 
            "service": "Tto. Keratina Brasileña Pelo Corto", 
            "duration": 7200, 
            "price": "105 € ", 
            "description": "Este tratamiento de keratina brasileña deja tu cabello encrespado, liso y fácil a peinar. Es un producto 100% orgánico, sin sustancias dañinas para el pelo. Si tienes el pelo maltratado o teñido este es el tratamiento perfecto para ti."
        }, 
        {
            "service_category": "Preferente", 
            "service": "Tto. Keratina Brasileña Pelo Extralargo", 
            "duration": 9000, 
            "price": "190 € ", 
            "description": "El pelo extralargo necesita un cuidado y una atención especial. Las puntas se dañan y el cabello se vuelve encrespado y seco. Es el tratamiento justo para devolver al cabello suavidad y luminosidad gracias a la keratina brasileña. Este tratamiento permite de obtener un pelo sano y fortalecido."
        }, 
        {
            "service_category": "Preferente", 
            "service": "Tto. Keratina Brasileña Pelo Largo", 
            "duration": 9000, 
            "price": "150 € ", 
            "description": "Esta keratina brasileña gracias a su formulación completamente orgánica y libre de formol, devuelve a tu melena brillo y suavidad. Elimina el efecto frizz para obtener un pelo liso y sano y repara los daños causados por tratamientos químicos pasados."
        }, 
        {
            "service_category": "Peluquería", 
            "service": "Tto Capilar: Plástica. Pelo Corto O Media Melena", 
            "duration": 5400, 
            "price": "120 € ", 
            "description": "Reparación e hidratación total del cabello, brillo, elasticidad reparando fisuras en el tallo del cabello y intensificando el color y quitando el encrespamiento, en esta terapia trabajamos además de principios activos naturales el sistema de infrarrojo y ultrasonido que actúa activando el crecimiento, reduce la caída y regula el cuero cabelludo."
        }, 
        {
            "service_category": "Peluquería", 
            "service": "Mechas Californianas Media Melena", 
            "duration": 7200, 
            "price": "110 € ", 
            "description": "Este servicio de Mechas Californianas incluye Matiz, Lavado, Botox (hidratación profunda) y para finalizar peinado del cabello. Este servicio es para media melena. No esperes más y reserva ahora tu cita online, ¡no te arrepntirás!"
        }, 
        {
            "service_category": "Peluquería", 
            "service": "Mechas Californianas Pelo Largo", 
            "duration": 7200, 
            "price": "142 € ", 
            "description": "Este servicio de Mechas Californianas incluye Matiz, Lavado, Botox (hidratación profunda) y para finalizar peinado de tu cabello. Servicio indicado para cabellos largos. No dudes más y reserva ahora tu cita de una forma rápida y sencilla a través de Bucmi.com."
        }, 
        {
            "service_category": "Peluquería", 
            "service": "Color, Lavar, Bótox Capilar Y Peinado Media Melena", 
            "duration": 7200, 
            "price": "84 € ", 
            "description": "¿Quieres cambiar radicalmente de look? ¿Estás cansada de un color triste y apagado? Reserva ya con nosotros este servicio que incluye lavado, el tinte con productos SENS.US (producto italiano) sin amoniaco y sin parafenilendiamina (causantes de alergias, picores y escamación del cuero cabelludo), y el peinado. Además, incluye el tratamiento de bótox capilar que aporta una hidratación profunda. Siempre en manos de los mejores profesionales. En el centro Splendida buscamos la mejor imagen para ti."
        }, 
        {
            "service_category": "Peluquería", 
            "service": "Lavar, Cortar, Bótox Capilar Y Peinar Pelo Largo", 
            "duration": 3600, 
            "price": "89 € ", 
            "description": "¿Quieres cambiar radicalmente de look o sanear tu melena? Sea como sea, este es tu momento. Reserva ya con nosotros este servicio que incluye lavado, corte con nuestro estilista profesional y peinado, todo por un increíble precio. Siempre en manos de los mejores profesionales. Regalamos el bótox capilar, un tratamiento de hidratación profunda. ¡Reserva ya en Bucmi y notarás los resultados! En el centro Splendida buscamos la imagen que más te favorezca. Precio indicado para pelo largoF"
        }, 
        {
            "service_category": "Peluquería", 
            "service": "Lavar, Cortar, Bótox Capilar Y Peinar Media Melena", 
            "duration": 3600, 
            "price": "78 € ", 
            "description": "¿Quieres cambiar radicalmente de look o sanear tu melena? Sea como sea, este es tu momento. Reserva ya con nosotros este servicio que incluye lavado, corte con nuestro estilista profesional y peinado, todo por un increíble precio. Siempre en manos de los mejores profesionales. Regalamos el bótox capilar, un tratamiento de hidratación profunda. ¡Reserva ya en Bucmi y notarás los resultados! En el centro Splendida buscamos la imagen que más te favorezca. Precio indicado para media melenaF"
        }, 
        {
            "service_category": "Peluquería", 
            "service": "Color, Lavar, Bótox Capilar Y Peinado Pelo Corto", 
            "duration": 7200, 
            "price": "75 € ", 
            "description": "¿Quieres cambiar radicalmente de look? ¿Estás cansada de un color triste y apagado? Reserva ya con nosotros este servicio que incluye lavado, el tinte con productos SENS.US (producto italiano) sin amoniaco y sin parafenilendiamina (causantes de alergias, picores y escamación del cuero cabelludo), y el peinado. Además, incluye el tratamiento de bótox capilar que aporta una hidratación profunda. Siempre en manos de los mejores profesionales. Buscamos la mejor imagen para ti. Precio para pelo cortoF"
        }, 
        {
            "service_category": "Peluquería", 
            "service": "Color, Lavar, Bótox Capilar Y Peinado Pelo Largo", 
            "duration": 7200, 
            "price": "95 € ", 
            "description": "¿Quieres cambiar radicalmente de look? ¿Estás cansada de un color triste y apagado?Reserva ya con nosotros este servicio que incluye lavado, el tinte con productos SENS.US (producto italiano) sin amoniaco y sin parafenilendiamina (causantes de alergias, picores y escamación del cuero cabelludo), y el peinado. Además, incluye el tratamiento de bótox capilar que aporta una hidratación profunda. Siempre en manos de los mejores profesionales. Buscamos la mejor imagen para ti. Precio para pero largoF"
        }, 
        {
            "service_category": "Peluquería", 
            "service": "Mechas, Lavar, Hidratación Bótox Y Peinar Largo", 
            "duration": 7200, 
            "price": "107 € ", 
            "description": "Este servicio incluye: mechas, lavar, tratamiento capilar de hidratación de bótox y peinado para Pelo Largo. ¿Quieres unirte al movimiento que más está ahora de moda? Escoge este pack de Mechas y ven a visitarnos a tu Peluquería Splendida. Presume de un cabello con mucho brillo y luminosidad. Tu pelo mucho más sedoso y súper hidratado y nutrido. Reserva tu cita cómodamente online a través de Bucmi.com."
        }, 
        {
            "service_category": "Peluquería", 
            "service": "Lavar, Cortar, Bótox Capilar Y Peinar Pelo Corto", 
            "duration": 3600, 
            "price": "69 € ", 
            "description": "¿Quieres cambiar radicalmente de look o sanear tu melena? Sea como sea, este es tu momento. Reserva ya con nosotros este servicio que incluye lavado, corte con nuestro estilista profesional y peinado, todo por un increíble precio. Siempre en manos de los mejores profesionales. Regalamos el bótox capilar, un tratamiento de hidratación profunda. ¡Reserva ya en Bucmi y notarás los resultados! En el centro Splendida buscamos la imagen que más te favorezca. Precio indicado para pelo cortoF"
        }, 
        {
            "service_category": "Peluquería", 
            "service": "Color, Cortar, Bótox Capilar Y Peinar Media Melena", 
            "duration": 5400, 
            "price": "95 € ", 
            "description": "¿Quieres cambiar radicalmente de look? Reserva ya con nosotros este servicio que incluye lavado, corte asesorado, el tinte con productos SENS.US (producto italiano) sin amoniaco y sin parafenilendiamina (causantes de alergias, picores y escamación del cuero cabelludo). Incluye también un tratamiento de bótox capilar que aporta una hidratación profunda. Siempre en manos de los mejores profesionales. ¡Reserva ya en Bucmi y notarás los resultados!F"
        }, 
        {
            "service_category": "Peluquería", 
            "service": "Color, Cortar, Bótox Capilar Y Peinar Pelo Corto", 
            "duration": 5400, 
            "price": "91 € ", 
            "description": "¿Quieres cambiar radicalmente de look? Reserva ya con nosotros este servicio que incluye lavado, corte asesorado, el tinte con productos SENS.US (producto italiano) sin amoniaco y sin parafenilendiamina (causantes de alergias, picores y escamación del cuero cabelludo), todo por un increíble precio. Incluye también un tratamiento de bótox capilar que aporta una hidratación profunda. En manos de los mejores profesionales. ¡Reserva ya en Bucmi! En Splendida siempre buscamos lo mejor para tu imagenF"
        }, 
        {
            "service_category": "Peluquería", 
            "service": "Color, Cortar, Bótox Capilar Y Peinar Pelo Largo", 
            "duration": 5400, 
            "price": "97 € ", 
            "description": "¿Quieres cambiar radicalmente de look? Reserva ya con nosotros este servicio que incluye lavado, corte asesorado, el tinte con productos SENS.US (producto italiano) sin amoniaco y sin parafenilendiamina (causantes de alergias, picores y escamación del cuero cabelludo) y peinado. Incluye también un tratamiento de bótox capilar. En manos de los mejores profesionales de Splendida. ¡Haz tu reserva con Bucmi hoy mismoF"
        }, 
        {
            "service_category": "Peluquería", 
            "service": "Cortar Y Peinar", 
            "duration": 3600, 
            "price": "29,9 € ", 
            "description": "Luce el corte de pelo que siempre has querido de la mano de los mejores profesionales. Lavamos tu melena, realizamos corte de pelo totalmente asesorado y peinamos para que salgas perfecta del salón. Este servicio está indicado para cualquier largo de cabello. Reserva ahora tu cita online."
        }, 
        {
            "service_category": "Peluquería", 
            "service": "Corte Pelo Hombre", 
            "duration": 900, 
            "price": "15 € ", 
            "description": "¿Quién dice que ellos no se preocupan por su imagen? El centro Splendida ofrece este servicio de corte de caballero que incluye el lavado, el corte asesorado, la hidratación y los productos de acabado. ¡Ponte en manos de nuestro equipo de profesionales y consigue el look que más te favorezca! No lo dudes y reserva ya en Bucmi. ¿A qué estás esperando? ¡No dejes que te lo cuentenF"
        }, 
        {
            "service_category": "Peluquería", 
            "service": "Corte Pelo Niño", 
            "duration": 900, 
            "price": "15 € ", 
            "description": "En el centro Splendida te ofrecemos también un servicio de corte de pelo para los más peques de la casa. El servicio incluye el lavado, el corte y el secado natural. ¡Reserva ya en Bucmi por un precio increíble! ¡Ellos también quieren ser lo más guapos del cole! Reserva ya tu cita cómodamente online. ¡Se sentirán como en casa! ¡Ellos también quieren lucir las últimas tendenciasF"
        }, 
        {
            "service_category": "Peluquería", 
            "service": "Mechas, Lavar, Hidratación Bótox Y Peinar Medio", 
            "duration": 7200, 
            "price": "93 € ", 
            "description": "Este servicio incluye: mechas, lavar, tratamiento capilar de hidratación de bótox y peinado para Media Melena. ¿Quieres unirte al movimiento que más está ahora de moda? Escoge este pack de Mechas y ven a visitarnos a tu Peluquería Splendida. Presume de un cabello con mucho brillo y luminosidad. Tu pelo mucho más sedoso y súper hidratado y nutrido. Reserva tu cita cómodamente online a través de Bucmi.com."
        }, 
        {
            "service_category": "Peluquería", 
            "service": "Pack Novias Y Eventos", 
            "duration": 14400, 
            "price": "280 € ", 
            "description": "En un evento o en un día tan especial como tu propia boda, cualquier cuidado es poco. Por ello, te ofrecemos este pack que incluye el peinado y recogido con lavado, la hidratación capilar, la limpieza facial con mascarilla de colágeno, prueba de peluquería y maquillaje, el maquillaje en el día, la manicura, la pedicura y la depilación de cejas. ¡Un completo pack dedicado a tu belleza! ¿A qué estás esperando? ¡No dejes que te lo cuentenF"
        }, 
        {
            "service_category": "Peluquería", 
            "service": "Pack Tto.Facial, Manicura, Hidrat. Capilar Y Peina", 
            "duration": 5400, 
            "price": "95 € ", 
            "description": "¡Reserva ya este pack de servicios que incluye tratamiento facial con Vitamina C, 20 minutos de Mesoterapia, Peeling Ultrasónico, Manicura ( Tratamiento de manos y uñas, loción hidratante y esmaltado de colo a elegir) más peinado con lavado y Botox hidratación capilar. ¡Atrévete y cambia de look de pies a cabeza!"
        }, 
        {
            "service_category": "Peluquería", 
            "service": "Tto. Keratina Brasileña Media Melena", 
            "duration": 7200, 
            "price": "130 € ", 
            "description": "¡Reserva ya este tratamiento de alisado de keratina brasileña, uno de los mejores del mercado! En nuestro centro contamos con productos de primera calidad de origen natural y sin formol, para que el resultado sea verdaderamente efectivo. Elimina el encrespamiento y consigue una melena suave y lisa por un increíble precio. ¡No lo dudes y reserva ya tu cita cómodamente online! ¿A qué está esperando? ¡Una melena siempre perfecta para cualquier ocasión! Precio indicado para media melena."
        }, 
        {
            "service_category": "Peluquería", 
            "service": "Tto. Keratina Brasileña Pelo Corto", 
            "duration": 7200, 
            "price": "105 € ", 
            "description": "Este tratamiento de keratina brasileña deja tu cabello encrespado, liso y fácil a peinar. Es un producto 100% orgánico, sin sustancias dañinas para el pelo. Si tienes el pelo maltratado o teñido este es el tratamiento perfecto para ti."
        }, 
        {
            "service_category": "Peluquería", 
            "service": "Tto. Keratina Brasileña Pelo Extralargo", 
            "duration": 9000, 
            "price": "190 € ", 
            "description": "El pelo extralargo necesita un cuidado y una atención especial. Las puntas se dañan y el cabello se vuelve encrespado y seco. Es el tratamiento justo para devolver al cabello suavidad y luminosidad gracias a la keratina brasileña. Este tratamiento permite de obtener un pelo sano y fortalecido."
        }, 
        {
            "service_category": "Peluquería", 
            "service": "Tto. Keratina Brasileña Pelo Largo", 
            "duration": 9000, 
            "price": "150 € ", 
            "description": "Esta keratina brasileña gracias a su formulación completamente orgánica y libre de formol, devuelve a tu melena brillo y suavidad. Elimina el efecto frizz para obtener un pelo liso y sano y repara los daños causados por tratamientos químicos pasados."
        }, 
        {
            "service_category": "Estética", 
            "service": "Tto Capilar: Plástica. Pelo Corto O Media Melena", 
            "duration": 5400, 
            "price": "120 € ", 
            "description": "Reparación e hidratación total del cabello, brillo, elasticidad reparando fisuras en el tallo del cabello y intensificando el color y quitando el encrespamiento, en esta terapia trabajamos además de principios activos naturales el sistema de infrarrojo y ultrasonido que actúa activando el crecimiento, reduce la caída y regula el cuero cabelludo."
        }, 
        {
            "service_category": "Estética", 
            "service": "Mechas Californianas Media Melena", 
            "duration": 7200, 
            "price": "110 € ", 
            "description": "Este servicio de Mechas Californianas incluye Matiz, Lavado, Botox (hidratación profunda) y para finalizar peinado del cabello. Este servicio es para media melena. No esperes más y reserva ahora tu cita online, ¡no te arrepntirás!"
        }, 
        {
            "service_category": "Estética", 
            "service": "Mechas Californianas Pelo Largo", 
            "duration": 7200, 
            "price": "142 € ", 
            "description": "Este servicio de Mechas Californianas incluye Matiz, Lavado, Botox (hidratación profunda) y para finalizar peinado de tu cabello. Servicio indicado para cabellos largos. No dudes más y reserva ahora tu cita de una forma rápida y sencilla a través de Bucmi.com."
        }, 
        {
            "service_category": "Estética", 
            "service": "Color, Lavar, Bótox Capilar Y Peinado Media Melena", 
            "duration": 7200, 
            "price": "84 € ", 
            "description": "¿Quieres cambiar radicalmente de look? ¿Estás cansada de un color triste y apagado? Reserva ya con nosotros este servicio que incluye lavado, el tinte con productos SENS.US (producto italiano) sin amoniaco y sin parafenilendiamina (causantes de alergias, picores y escamación del cuero cabelludo), y el peinado. Además, incluye el tratamiento de bótox capilar que aporta una hidratación profunda. Siempre en manos de los mejores profesionales. En el centro Splendida buscamos la mejor imagen para ti."
        }, 
        {
            "service_category": "Estética", 
            "service": "Lavar, Cortar, Bótox Capilar Y Peinar Pelo Largo", 
            "duration": 3600, 
            "price": "89 € ", 
            "description": "¿Quieres cambiar radicalmente de look o sanear tu melena? Sea como sea, este es tu momento. Reserva ya con nosotros este servicio que incluye lavado, corte con nuestro estilista profesional y peinado, todo por un increíble precio. Siempre en manos de los mejores profesionales. Regalamos el bótox capilar, un tratamiento de hidratación profunda. ¡Reserva ya en Bucmi y notarás los resultados! En el centro Splendida buscamos la imagen que más te favorezca. Precio indicado para pelo largoF"
        }, 
        {
            "service_category": "Estética", 
            "service": "Lavar, Cortar, Bótox Capilar Y Peinar Media Melena", 
            "duration": 3600, 
            "price": "78 € ", 
            "description": "¿Quieres cambiar radicalmente de look o sanear tu melena? Sea como sea, este es tu momento. Reserva ya con nosotros este servicio que incluye lavado, corte con nuestro estilista profesional y peinado, todo por un increíble precio. Siempre en manos de los mejores profesionales. Regalamos el bótox capilar, un tratamiento de hidratación profunda. ¡Reserva ya en Bucmi y notarás los resultados! En el centro Splendida buscamos la imagen que más te favorezca. Precio indicado para media melenaF"
        }, 
        {
            "service_category": "Estética", 
            "service": "Color, Lavar, Bótox Capilar Y Peinado Pelo Corto", 
            "duration": 7200, 
            "price": "75 € ", 
            "description": "¿Quieres cambiar radicalmente de look? ¿Estás cansada de un color triste y apagado? Reserva ya con nosotros este servicio que incluye lavado, el tinte con productos SENS.US (producto italiano) sin amoniaco y sin parafenilendiamina (causantes de alergias, picores y escamación del cuero cabelludo), y el peinado. Además, incluye el tratamiento de bótox capilar que aporta una hidratación profunda. Siempre en manos de los mejores profesionales. Buscamos la mejor imagen para ti. Precio para pelo cortoF"
        }, 
        {
            "service_category": "Estética", 
            "service": "Color, Lavar, Bótox Capilar Y Peinado Pelo Largo", 
            "duration": 7200, 
            "price": "95 € ", 
            "description": "¿Quieres cambiar radicalmente de look? ¿Estás cansada de un color triste y apagado?Reserva ya con nosotros este servicio que incluye lavado, el tinte con productos SENS.US (producto italiano) sin amoniaco y sin parafenilendiamina (causantes de alergias, picores y escamación del cuero cabelludo), y el peinado. Además, incluye el tratamiento de bótox capilar que aporta una hidratación profunda. Siempre en manos de los mejores profesionales. Buscamos la mejor imagen para ti. Precio para pero largoF"
        }, 
        {
            "service_category": "Estética", 
            "service": "Mechas, Lavar, Hidratación Bótox Y Peinar Largo", 
            "duration": 7200, 
            "price": "107 € ", 
            "description": "Este servicio incluye: mechas, lavar, tratamiento capilar de hidratación de bótox y peinado para Pelo Largo. ¿Quieres unirte al movimiento que más está ahora de moda? Escoge este pack de Mechas y ven a visitarnos a tu Peluquería Splendida. Presume de un cabello con mucho brillo y luminosidad. Tu pelo mucho más sedoso y súper hidratado y nutrido. Reserva tu cita cómodamente online a través de Bucmi.com."
        }, 
        {
            "service_category": "Estética", 
            "service": "Lavar, Cortar, Bótox Capilar Y Peinar Pelo Corto", 
            "duration": 3600, 
            "price": "69 € ", 
            "description": "¿Quieres cambiar radicalmente de look o sanear tu melena? Sea como sea, este es tu momento. Reserva ya con nosotros este servicio que incluye lavado, corte con nuestro estilista profesional y peinado, todo por un increíble precio. Siempre en manos de los mejores profesionales. Regalamos el bótox capilar, un tratamiento de hidratación profunda. ¡Reserva ya en Bucmi y notarás los resultados! En el centro Splendida buscamos la imagen que más te favorezca. Precio indicado para pelo cortoF"
        }, 
        {
            "service_category": "Estética", 
            "service": "Color, Cortar, Bótox Capilar Y Peinar Media Melena", 
            "duration": 5400, 
            "price": "95 € ", 
            "description": "¿Quieres cambiar radicalmente de look? Reserva ya con nosotros este servicio que incluye lavado, corte asesorado, el tinte con productos SENS.US (producto italiano) sin amoniaco y sin parafenilendiamina (causantes de alergias, picores y escamación del cuero cabelludo). Incluye también un tratamiento de bótox capilar que aporta una hidratación profunda. Siempre en manos de los mejores profesionales. ¡Reserva ya en Bucmi y notarás los resultados!F"
        }, 
        {
            "service_category": "Estética", 
            "service": "Color, Cortar, Bótox Capilar Y Peinar Pelo Corto", 
            "duration": 5400, 
            "price": "91 € ", 
            "description": "¿Quieres cambiar radicalmente de look? Reserva ya con nosotros este servicio que incluye lavado, corte asesorado, el tinte con productos SENS.US (producto italiano) sin amoniaco y sin parafenilendiamina (causantes de alergias, picores y escamación del cuero cabelludo), todo por un increíble precio. Incluye también un tratamiento de bótox capilar que aporta una hidratación profunda. En manos de los mejores profesionales. ¡Reserva ya en Bucmi! En Splendida siempre buscamos lo mejor para tu imagenF"
        }, 
        {
            "service_category": "Estética", 
            "service": "Color, Cortar, Bótox Capilar Y Peinar Pelo Largo", 
            "duration": 5400, 
            "price": "97 € ", 
            "description": "¿Quieres cambiar radicalmente de look? Reserva ya con nosotros este servicio que incluye lavado, corte asesorado, el tinte con productos SENS.US (producto italiano) sin amoniaco y sin parafenilendiamina (causantes de alergias, picores y escamación del cuero cabelludo) y peinado. Incluye también un tratamiento de bótox capilar. En manos de los mejores profesionales de Splendida. ¡Haz tu reserva con Bucmi hoy mismoF"
        }, 
        {
            "service_category": "Estética", 
            "service": "Cortar Y Peinar", 
            "duration": 3600, 
            "price": "29,9 € ", 
            "description": "Luce el corte de pelo que siempre has querido de la mano de los mejores profesionales. Lavamos tu melena, realizamos corte de pelo totalmente asesorado y peinamos para que salgas perfecta del salón. Este servicio está indicado para cualquier largo de cabello. Reserva ahora tu cita online."
        }, 
        {
            "service_category": "Estética", 
            "service": "Corte Pelo Hombre", 
            "duration": 900, 
            "price": "15 € ", 
            "description": "¿Quién dice que ellos no se preocupan por su imagen? El centro Splendida ofrece este servicio de corte de caballero que incluye el lavado, el corte asesorado, la hidratación y los productos de acabado. ¡Ponte en manos de nuestro equipo de profesionales y consigue el look que más te favorezca! No lo dudes y reserva ya en Bucmi. ¿A qué estás esperando? ¡No dejes que te lo cuentenF"
        }, 
        {
            "service_category": "Manicura y Pedicura", 
            "service": "Tto Capilar: Plástica. Pelo Corto O Media Melena", 
            "duration": 5400, 
            "price": "120 € ", 
            "description": "Reparación e hidratación total del cabello, brillo, elasticidad reparando fisuras en el tallo del cabello y intensificando el color y quitando el encrespamiento, en esta terapia trabajamos además de principios activos naturales el sistema de infrarrojo y ultrasonido que actúa activando el crecimiento, reduce la caída y regula el cuero cabelludo."
        }, 
        {
            "service_category": "Manicura y Pedicura", 
            "service": "Mechas Californianas Media Melena", 
            "duration": 7200, 
            "price": "110 € ", 
            "description": "Este servicio de Mechas Californianas incluye Matiz, Lavado, Botox (hidratación profunda) y para finalizar peinado del cabello. Este servicio es para media melena. No esperes más y reserva ahora tu cita online, ¡no te arrepntirás!"
        }, 
        {
            "service_category": "Manicura y Pedicura", 
            "service": "Mechas Californianas Pelo Largo", 
            "duration": 7200, 
            "price": "142 € ", 
            "description": "Este servicio de Mechas Californianas incluye Matiz, Lavado, Botox (hidratación profunda) y para finalizar peinado de tu cabello. Servicio indicado para cabellos largos. No dudes más y reserva ahora tu cita de una forma rápida y sencilla a través de Bucmi.com."
        }, 
        {
            "service_category": "Manicura y Pedicura", 
            "service": "Color, Lavar, Bótox Capilar Y Peinado Media Melena", 
            "duration": 7200, 
            "price": "84 € ", 
            "description": "¿Quieres cambiar radicalmente de look? ¿Estás cansada de un color triste y apagado? Reserva ya con nosotros este servicio que incluye lavado, el tinte con productos SENS.US (producto italiano) sin amoniaco y sin parafenilendiamina (causantes de alergias, picores y escamación del cuero cabelludo), y el peinado. Además, incluye el tratamiento de bótox capilar que aporta una hidratación profunda. Siempre en manos de los mejores profesionales. En el centro Splendida buscamos la mejor imagen para ti."
        }, 
        {
            "service_category": "Manicura y Pedicura", 
            "service": "Lavar, Cortar, Bótox Capilar Y Peinar Pelo Largo", 
            "duration": 3600, 
            "price": "89 € ", 
            "description": "¿Quieres cambiar radicalmente de look o sanear tu melena? Sea como sea, este es tu momento. Reserva ya con nosotros este servicio que incluye lavado, corte con nuestro estilista profesional y peinado, todo por un increíble precio. Siempre en manos de los mejores profesionales. Regalamos el bótox capilar, un tratamiento de hidratación profunda. ¡Reserva ya en Bucmi y notarás los resultados! En el centro Splendida buscamos la imagen que más te favorezca. Precio indicado para pelo largoF"
        }, 
        {
            "service_category": "Manicura y Pedicura", 
            "service": "Lavar, Cortar, Bótox Capilar Y Peinar Media Melena", 
            "duration": 3600, 
            "price": "78 € ", 
            "description": "¿Quieres cambiar radicalmente de look o sanear tu melena? Sea como sea, este es tu momento. Reserva ya con nosotros este servicio que incluye lavado, corte con nuestro estilista profesional y peinado, todo por un increíble precio. Siempre en manos de los mejores profesionales. Regalamos el bótox capilar, un tratamiento de hidratación profunda. ¡Reserva ya en Bucmi y notarás los resultados! En el centro Splendida buscamos la imagen que más te favorezca. Precio indicado para media melenaF"
        }, 
        {
            "service_category": "Masaje", 
            "service": "Tto Capilar: Plástica. Pelo Corto O Media Melena", 
            "duration": 5400, 
            "price": "120 € ", 
            "description": "Reparación e hidratación total del cabello, brillo, elasticidad reparando fisuras en el tallo del cabello y intensificando el color y quitando el encrespamiento, en esta terapia trabajamos además de principios activos naturales el sistema de infrarrojo y ultrasonido que actúa activando el crecimiento, reduce la caída y regula el cuero cabelludo."
        }, 
        {
            "service_category": "Masaje", 
            "service": "Mechas Californianas Media Melena", 
            "duration": 7200, 
            "price": "110 € ", 
            "description": "Este servicio de Mechas Californianas incluye Matiz, Lavado, Botox (hidratación profunda) y para finalizar peinado del cabello. Este servicio es para media melena. No esperes más y reserva ahora tu cita online, ¡no te arrepntirás!"
        }, 
        {
            "service_category": "Masaje", 
            "service": "Mechas Californianas Pelo Largo", 
            "duration": 7200, 
            "price": "142 € ", 
            "description": "Este servicio de Mechas Californianas incluye Matiz, Lavado, Botox (hidratación profunda) y para finalizar peinado de tu cabello. Servicio indicado para cabellos largos. No dudes más y reserva ahora tu cita de una forma rápida y sencilla a través de Bucmi.com."
        }, 
        {
            "service_category": "Masaje", 
            "service": "Color, Lavar, Bótox Capilar Y Peinado Media Melena", 
            "duration": 7200, 
            "price": "84 € ", 
            "description": "¿Quieres cambiar radicalmente de look? ¿Estás cansada de un color triste y apagado? Reserva ya con nosotros este servicio que incluye lavado, el tinte con productos SENS.US (producto italiano) sin amoniaco y sin parafenilendiamina (causantes de alergias, picores y escamación del cuero cabelludo), y el peinado. Además, incluye el tratamiento de bótox capilar que aporta una hidratación profunda. Siempre en manos de los mejores profesionales. En el centro Splendida buscamos la mejor imagen para ti."
        }, 
        {
            "service_category": "Masaje", 
            "service": "Lavar, Cortar, Bótox Capilar Y Peinar Pelo Largo", 
            "duration": 3600, 
            "price": "89 € ", 
            "description": "¿Quieres cambiar radicalmente de look o sanear tu melena? Sea como sea, este es tu momento. Reserva ya con nosotros este servicio que incluye lavado, corte con nuestro estilista profesional y peinado, todo por un increíble precio. Siempre en manos de los mejores profesionales. Regalamos el bótox capilar, un tratamiento de hidratación profunda. ¡Reserva ya en Bucmi y notarás los resultados! En el centro Splendida buscamos la imagen que más te favorezca. Precio indicado para pelo largoF"
        }, 
        {
            "service_category": "Masaje", 
            "service": "Lavar, Cortar, Bótox Capilar Y Peinar Media Melena", 
            "duration": 3600, 
            "price": "78 € ", 
            "description": "¿Quieres cambiar radicalmente de look o sanear tu melena? Sea como sea, este es tu momento. Reserva ya con nosotros este servicio que incluye lavado, corte con nuestro estilista profesional y peinado, todo por un increíble precio. Siempre en manos de los mejores profesionales. Regalamos el bótox capilar, un tratamiento de hidratación profunda. ¡Reserva ya en Bucmi y notarás los resultados! En el centro Splendida buscamos la imagen que más te favorezca. Precio indicado para media melenaF"
        }, 
        {
            "service_category": "Masaje", 
            "service": "Color, Lavar, Bótox Capilar Y Peinado Pelo Corto", 
            "duration": 7200, 
            "price": "75 € ", 
            "description": "¿Quieres cambiar radicalmente de look? ¿Estás cansada de un color triste y apagado? Reserva ya con nosotros este servicio que incluye lavado, el tinte con productos SENS.US (producto italiano) sin amoniaco y sin parafenilendiamina (causantes de alergias, picores y escamación del cuero cabelludo), y el peinado. Además, incluye el tratamiento de bótox capilar que aporta una hidratación profunda. Siempre en manos de los mejores profesionales. Buscamos la mejor imagen para ti. Precio para pelo cortoF"
        }, 
        {
            "service_category": "Depilación", 
            "service": "Tto Capilar: Plástica. Pelo Corto O Media Melena", 
            "duration": 5400, 
            "price": "120 € ", 
            "description": "Reparación e hidratación total del cabello, brillo, elasticidad reparando fisuras en el tallo del cabello y intensificando el color y quitando el encrespamiento, en esta terapia trabajamos además de principios activos naturales el sistema de infrarrojo y ultrasonido que actúa activando el crecimiento, reduce la caída y regula el cuero cabelludo."
        }, 
        {
            "service_category": "Depilación", 
            "service": "Mechas Californianas Media Melena", 
            "duration": 7200, 
            "price": "110 € ", 
            "description": "Este servicio de Mechas Californianas incluye Matiz, Lavado, Botox (hidratación profunda) y para finalizar peinado del cabello. Este servicio es para media melena. No esperes más y reserva ahora tu cita online, ¡no te arrepntirás!"
        }, 
        {
            "service_category": "Depilación", 
            "service": "Mechas Californianas Pelo Largo", 
            "duration": 7200, 
            "price": "142 € ", 
            "description": "Este servicio de Mechas Californianas incluye Matiz, Lavado, Botox (hidratación profunda) y para finalizar peinado de tu cabello. Servicio indicado para cabellos largos. No dudes más y reserva ahora tu cita de una forma rápida y sencilla a través de Bucmi.com."
        }, 
        {
            "service_category": "Depilación", 
            "service": "Color, Lavar, Bótox Capilar Y Peinado Media Melena", 
            "duration": 7200, 
            "price": "84 € ", 
            "description": "¿Quieres cambiar radicalmente de look? ¿Estás cansada de un color triste y apagado? Reserva ya con nosotros este servicio que incluye lavado, el tinte con productos SENS.US (producto italiano) sin amoniaco y sin parafenilendiamina (causantes de alergias, picores y escamación del cuero cabelludo), y el peinado. Además, incluye el tratamiento de bótox capilar que aporta una hidratación profunda. Siempre en manos de los mejores profesionales. En el centro Splendida buscamos la mejor imagen para ti."
        }, 
        {
            "service_category": "Depilación", 
            "service": "Lavar, Cortar, Bótox Capilar Y Peinar Pelo Largo", 
            "duration": 3600, 
            "price": "89 € ", 
            "description": "¿Quieres cambiar radicalmente de look o sanear tu melena? Sea como sea, este es tu momento. Reserva ya con nosotros este servicio que incluye lavado, corte con nuestro estilista profesional y peinado, todo por un increíble precio. Siempre en manos de los mejores profesionales. Regalamos el bótox capilar, un tratamiento de hidratación profunda. ¡Reserva ya en Bucmi y notarás los resultados! En el centro Splendida buscamos la imagen que más te favorezca. Precio indicado para pelo largoF"
        }, 
        {
            "service_category": "Depilación", 
            "service": "Lavar, Cortar, Bótox Capilar Y Peinar Media Melena", 
            "duration": 3600, 
            "price": "78 € ", 
            "description": "¿Quieres cambiar radicalmente de look o sanear tu melena? Sea como sea, este es tu momento. Reserva ya con nosotros este servicio que incluye lavado, corte con nuestro estilista profesional y peinado, todo por un increíble precio. Siempre en manos de los mejores profesionales. Regalamos el bótox capilar, un tratamiento de hidratación profunda. ¡Reserva ya en Bucmi y notarás los resultados! En el centro Splendida buscamos la imagen que más te favorezca. Precio indicado para media melenaF"
        }, 
        {
            "service_category": "Depilación", 
            "service": "Color, Lavar, Bótox Capilar Y Peinado Pelo Corto", 
            "duration": 7200, 
            "price": "75 € ", 
            "description": "¿Quieres cambiar radicalmente de look? ¿Estás cansada de un color triste y apagado? Reserva ya con nosotros este servicio que incluye lavado, el tinte con productos SENS.US (producto italiano) sin amoniaco y sin parafenilendiamina (causantes de alergias, picores y escamación del cuero cabelludo), y el peinado. Además, incluye el tratamiento de bótox capilar que aporta una hidratación profunda. Siempre en manos de los mejores profesionales. Buscamos la mejor imagen para ti. Precio para pelo cortoF"
        }, 
        {
            "service_category": "Depilación", 
            "service": "Color, Lavar, Bótox Capilar Y Peinado Pelo Largo", 
            "duration": 7200, 
            "price": "95 € ", 
            "description": "¿Quieres cambiar radicalmente de look? ¿Estás cansada de un color triste y apagado?Reserva ya con nosotros este servicio que incluye lavado, el tinte con productos SENS.US (producto italiano) sin amoniaco y sin parafenilendiamina (causantes de alergias, picores y escamación del cuero cabelludo), y el peinado. Además, incluye el tratamiento de bótox capilar que aporta una hidratación profunda. Siempre en manos de los mejores profesionales. Buscamos la mejor imagen para ti. Precio para pero largoF"
        }, 
        {
            "service_category": "Depilación", 
            "service": "Mechas, Lavar, Hidratación Bótox Y Peinar Largo", 
            "duration": 7200, 
            "price": "107 € ", 
            "description": "Este servicio incluye: mechas, lavar, tratamiento capilar de hidratación de bótox y peinado para Pelo Largo. ¿Quieres unirte al movimiento que más está ahora de moda? Escoge este pack de Mechas y ven a visitarnos a tu Peluquería Splendida. Presume de un cabello con mucho brillo y luminosidad. Tu pelo mucho más sedoso y súper hidratado y nutrido. Reserva tu cita cómodamente online a través de Bucmi.com."
        }, 
        {
            "service_category": "Depilación", 
            "service": "Lavar, Cortar, Bótox Capilar Y Peinar Pelo Corto", 
            "duration": 3600, 
            "price": "69 € ", 
            "description": "¿Quieres cambiar radicalmente de look o sanear tu melena? Sea como sea, este es tu momento. Reserva ya con nosotros este servicio que incluye lavado, corte con nuestro estilista profesional y peinado, todo por un increíble precio. Siempre en manos de los mejores profesionales. Regalamos el bótox capilar, un tratamiento de hidratación profunda. ¡Reserva ya en Bucmi y notarás los resultados! En el centro Splendida buscamos la imagen que más te favorezca. Precio indicado para pelo cortoF"
        }, 
        {
            "service_category": "Depilación", 
            "service": "Color, Cortar, Bótox Capilar Y Peinar Media Melena", 
            "duration": 5400, 
            "price": "95 € ", 
            "description": "¿Quieres cambiar radicalmente de look? Reserva ya con nosotros este servicio que incluye lavado, corte asesorado, el tinte con productos SENS.US (producto italiano) sin amoniaco y sin parafenilendiamina (causantes de alergias, picores y escamación del cuero cabelludo). Incluye también un tratamiento de bótox capilar que aporta una hidratación profunda. Siempre en manos de los mejores profesionales. ¡Reserva ya en Bucmi y notarás los resultados!F"
        }, 
        {
            "service_category": "Bienestar", 
            "service": "Tto Capilar: Plástica. Pelo Corto O Media Melena", 
            "duration": 5400, 
            "price": "120 € ", 
            "description": "Reparación e hidratación total del cabello, brillo, elasticidad reparando fisuras en el tallo del cabello y intensificando el color y quitando el encrespamiento, en esta terapia trabajamos además de principios activos naturales el sistema de infrarrojo y ultrasonido que actúa activando el crecimiento, reduce la caída y regula el cuero cabelludo."
        }
    ]
}