{
    "adid": null, 
    "name": "D-Uñas Nuñez de Balboa", 
    "name_of_contact": "D-Uñas Nuñez de Balboa", 
    "scrape_page": "https://www.bucmi.com/duñasnuñezdebalboa", 
    "business_website": null, 
    "areas_covered": null, 
    "description": "Tu centro de uñas en el Barrio de Salamanca en Madrid. Ya no tienes excusa, prueba cuanto antes nuestras manicuras , pedicuras o tratamientos y repetirás seguro. Disfrutarás del mejor ambiente en las mejores manos. Ven a conocernos.", 
    "img_link": [
        "https://d1nd15w2k87kz0.cloudfront.net/Uploads/635901215192699118.jpg", 
        "https://d1nd15w2k87kz0.cloudfront.net/Uploads/635901215239651094.jpg", 
        "https://d1nd15w2k87kz0.cloudfront.net/Uploads/635901215288852583.jpg", 
        "https://d1nd15w2k87kz0.cloudfront.net/Uploads/635901215605478270.jpg", 
        "https://d1nd15w2k87kz0.cloudfront.net/Uploads/635901215652671577.jpg"
    ], 
    "hqdb_featured_ad_type": "Featured", 
    "hqdb_nr_reviews": "9", 
    "hqdb_review_score": "9,1", 
    "accreditations": null, 
    "category": null, 
    "subcategory": null, 
    "street": "C/ Ruda, 10", 
    "city": "Madrid", 
    "zipcode": "28001", 
    "formatted_address": "C/ Ruda, 10, Madrid, 28001", 
    "country": "es", 
    "office_number": "913766021", 
    "office_number2": null, 
    "mobile_number": "667407792", 
    "mobile_number2": null, 
    "unidentified_phone_numbers": null, 
    "latitude": "40.4270627000", 
    "longitude": "-3.6824963999", 
    "business_email": null, 
    "yelp_page": null, 
    "facebook": null, 
    "twitter": null, 
    "instagram": null, 
    "venue_images": "https://d1nd15w2k87kz0.cloudfront.net/Logotipos/635901809397059947.jpg", 
    "opening_hours_raw": null, 
    "pricelist_link": null, 
    "services": [
        {
            "service_category": "Preferente", 
            "service": "Manicura Spa", 
            "duration": 2700, 
            "price": "14,9 € ", 
            "description": "Si necesitas un tratamiento profundo para tus manos, este es tu servicio. En nuestro centro mimaremos tus manos para conseguir un agradable acabado suave e hidratado. El servicio incluye exfoliación, mascarilla según las necesidades de tu piel, limado de la forma deseada, retirada de cutículas, esmaltado del color que más te guste y aplicación de crema hidratante final. Para un acabado francesa el servicio tiene un suplemento de 2€"
        }, 
        {
            "service_category": "Preferente", 
            "service": "Pedicura Spa", 
            "duration": 2700, 
            "price": "30 € ", 
            "description": "Pon a punto tus pies con un tratamiento profundo. En nuestro centro mimaremos tus pies para conseguir un agradable acabado suave e hidratado, en invierno y verano. El servicio incluye exfoliación, mascarilla según las necesidades de tu piel, limado de la forma deseada, retirada de cutículas, esmaltado del color que más te guste y aplicación de crema hidratante final."
        }, 
        {
            "service_category": "Preferente", 
            "service": "Pestañas Hollywood", 
            "duration": 5400, 
            "price": "60 € ", 
            "description": "Dale volumen y cambia la expresión de tu mirada con nuestras pestañas Hollywood. Para que tu día a día sea una alfombra roja.El servicio se realiza pelo a pelo."
        }, 
        {
            "service_category": "Estética", 
            "service": "Mantenimiento de Pestañas Hollywood", 
            "duration": 2700, 
            "price": "29 € ", 
            "description": "Mantén el volumen y la expresión de tu mirada reponiendo tus pestañas, para que estén siempre perfectas. Para que luzcan como el primer día.El servicio de reposición se realiza también pelo a pelo."
        }, 
        {
            "service_category": "Estética", 
            "service": "Pestañas Hollywood", 
            "duration": 5400, 
            "price": "60 € ", 
            "description": "Dale volumen y cambia la expresión de tu mirada con nuestras pestañas Hollywood. Para que tu día a día sea una alfombra roja.El servicio se realiza pelo a pelo."
        }, 
        {
            "service_category": "Estética", 
            "service": "Tratamiento Facial Microdermoabrasion", 
            "duration": 2700, 
            "price": "45 € ", 
            "description": "Tratamiento facial para aclarar manchas del sol, devolver luminosidad a la piel después de la exposición al sol e hidratación de la mano de la marca D'Lucanni. El servicio incluye limpieza facial previa y masaje final."
        }, 
        {
            "service_category": "Manicura y Pedicura", 
            "service": "Mantenimiento de Pestañas Hollywood", 
            "duration": 2700, 
            "price": "29 € ", 
            "description": "Mantén el volumen y la expresión de tu mirada reponiendo tus pestañas, para que estén siempre perfectas. Para que luzcan como el primer día.El servicio de reposición se realiza también pelo a pelo."
        }, 
        {
            "service_category": "Manicura y Pedicura", 
            "service": "Pestañas Hollywood", 
            "duration": 5400, 
            "price": "60 € ", 
            "description": "Dale volumen y cambia la expresión de tu mirada con nuestras pestañas Hollywood. Para que tu día a día sea una alfombra roja.El servicio se realiza pelo a pelo."
        }, 
        {
            "service_category": "Manicura y Pedicura", 
            "service": "Tratamiento Facial Microdermoabrasion", 
            "duration": 2700, 
            "price": "45 € ", 
            "description": "Tratamiento facial para aclarar manchas del sol, devolver luminosidad a la piel después de la exposición al sol e hidratación de la mano de la marca D'Lucanni. El servicio incluye limpieza facial previa y masaje final."
        }, 
        {
            "service_category": "Manicura y Pedicura", 
            "service": "Manicura Permanente", 
            "duration": 2700, 
            "price": "19,9 € ", 
            "description": "Si lo que buscas es la manicura más duradera este es tu servicio. En D-uñas cuidamos tus manos para conseguir el acabado que deseas. El servicio incluye limado de la forma deseada, retirada de cutículas, esmaltado permanente del color deseado y aplicación de crema hidratante final. Para un acabado francesa el servicio tiene un suplemento de 2€"
        }, 
        {
            "service_category": "Manicura y Pedicura", 
            "service": "Bono 5 Sesiones Esmaltado Permanente", 
            "duration": 3600, 
            "price": "84,5 € ", 
            "description": "Mima y cuida tus uñas para tenerlas perfectas en cualquier momento. Con este bono de 5 sesiones ya no tienes excusas, con el esmaltado permanente tus manos lucirán más bonitas durante mucho más tiempo. Además por un pequeño suplemento puedes combinar manos y pies. Consultar esta opción en el centro."
        }, 
        {
            "service_category": "Manicura y Pedicura", 
            "service": "Manicura", 
            "duration": 1800, 
            "price": "9,9 € ", 
            "description": "Si lo que mas te gusta es la manicura tradicional este es tu servicio. En D-uñas mimaremos tus manos para conseguir el mejor acabado. El servicio incluye limado de la forma deseada, retirada de cutículas, esmaltado tradicional del color deseado a elegir entre Masglo y China glaze y crema hidratante final. Para un acabado francesa el servicio tiene un suplemento de 2€."
        }, 
        {
            "service_category": "Depilación", 
            "service": "Mantenimiento de Pestañas Hollywood", 
            "duration": 2700, 
            "price": "29 € ", 
            "description": "Mantén el volumen y la expresión de tu mirada reponiendo tus pestañas, para que estén siempre perfectas. Para que luzcan como el primer día.El servicio de reposición se realiza también pelo a pelo."
        }, 
        {
            "service_category": "Depilación", 
            "service": "Pestañas Hollywood", 
            "duration": 5400, 
            "price": "60 € ", 
            "description": "Dale volumen y cambia la expresión de tu mirada con nuestras pestañas Hollywood. Para que tu día a día sea una alfombra roja.El servicio se realiza pelo a pelo."
        }, 
        {
            "service_category": "Depilación", 
            "service": "Tratamiento Facial Microdermoabrasion", 
            "duration": 2700, 
            "price": "45 € ", 
            "description": "Tratamiento facial para aclarar manchas del sol, devolver luminosidad a la piel después de la exposición al sol e hidratación de la mano de la marca D'Lucanni. El servicio incluye limpieza facial previa y masaje final."
        }, 
        {
            "service_category": "Depilación", 
            "service": "Manicura Permanente", 
            "duration": 2700, 
            "price": "19,9 € ", 
            "description": "Si lo que buscas es la manicura más duradera este es tu servicio. En D-uñas cuidamos tus manos para conseguir el acabado que deseas. El servicio incluye limado de la forma deseada, retirada de cutículas, esmaltado permanente del color deseado y aplicación de crema hidratante final. Para un acabado francesa el servicio tiene un suplemento de 2€"
        }, 
        {
            "service_category": "Depilación", 
            "service": "Bono 5 Sesiones Esmaltado Permanente", 
            "duration": 3600, 
            "price": "84,5 € ", 
            "description": "Mima y cuida tus uñas para tenerlas perfectas en cualquier momento. Con este bono de 5 sesiones ya no tienes excusas, con el esmaltado permanente tus manos lucirán más bonitas durante mucho más tiempo. Además por un pequeño suplemento puedes combinar manos y pies. Consultar esta opción en el centro."
        }, 
        {
            "service_category": "Depilación", 
            "service": "Manicura", 
            "duration": 1800, 
            "price": "9,9 € ", 
            "description": "Si lo que mas te gusta es la manicura tradicional este es tu servicio. En D-uñas mimaremos tus manos para conseguir el mejor acabado. El servicio incluye limado de la forma deseada, retirada de cutículas, esmaltado tradicional del color deseado a elegir entre Masglo y China glaze y crema hidratante final. Para un acabado francesa el servicio tiene un suplemento de 2€."
        }, 
        {
            "service_category": "Depilación", 
            "service": "Manicura Spa", 
            "duration": 2700, 
            "price": "14,9 € ", 
            "description": "Si necesitas un tratamiento profundo para tus manos, este es tu servicio. En nuestro centro mimaremos tus manos para conseguir un agradable acabado suave e hidratado. El servicio incluye exfoliación, mascarilla según las necesidades de tu piel, limado de la forma deseada, retirada de cutículas, esmaltado del color que más te guste y aplicación de crema hidratante final. Para un acabado francesa el servicio tiene un suplemento de 2€"
        }
    ]
}