{
    "adid": null, 
    "name": "Cristina Gil", 
    "name_of_contact": "Cristina Gil", 
    "scrape_page": "https://www.bucmi.com/cristinagil", 
    "business_website": "https://www.bucmi.com/cristinagil", 
    "areas_covered": null, 
    "description": "Cristina Gil es la peluquería ideal para relajarse, mimarse y sentirte a la vez como en tu propia casa. El centro se encuentra en Moratalaz, donde descubrirás un ambiente cómodo y cercano con profesionales que estarán pendientes de ti. ¡Ven a conocernos!", 
    "img_link": [
        "https://d1nd15w2k87kz0.cloudfront.net/Uploads/635969206899043470.jpg", 
        "https://d1nd15w2k87kz0.cloudfront.net/Uploads/635969206899943467.jpg", 
        "https://d1nd15w2k87kz0.cloudfront.net/Uploads/635969206900923475.jpg", 
        "https://d1nd15w2k87kz0.cloudfront.net/Uploads/635969206902403463.jpg", 
        "https://d1nd15w2k87kz0.cloudfront.net/Uploads/635969206901673456.jpg", 
        "https://d1nd15w2k87kz0.cloudfront.net/Uploads/635969206903573414.jpg"
    ], 
    "hqdb_featured_ad_type": "Featured", 
    "hqdb_nr_reviews": "2", 
    "hqdb_review_score": "8,0", 
    "accreditations": null, 
    "category": null, 
    "subcategory": null, 
    "street": "C/ Almirante, 6", 
    "city": "Madrid", 
    "zipcode": "28030", 
    "formatted_address": "C/ Almirante, 6, Madrid, 28030", 
    "country": "es", 
    "office_number": "914305957", 
    "office_number2": null, 
    "mobile_number": "685677169", 
    "mobile_number2": null, 
    "unidentified_phone_numbers": null, 
    "latitude": "40.4082268000", 
    "longitude": "-3.6524504000", 
    "business_email": null, 
    "yelp_page": null, 
    "facebook": null, 
    "twitter": null, 
    "instagram": null, 
    "venue_images": "https://d1nd15w2k87kz0.cloudfront.net/Logotipos/635969249190848616.jpg", 
    "opening_hours_raw": null, 
    "pricelist_link": null, 
    "services": [
        {
            "service_category": "Preferente", 
            "service": "Alisado Keratina Pelo Largo", 
            "duration": 7200, 
            "price": "210 € ", 
            "description": "¡Alisa tu pelo largo reservando nuestro servicio de alisado de keratina! Nuestro tratamiento es 100% natural, libre de formol. Servicio exclusivo para pelo largoF"
        }, 
        {
            "service_category": "Preferente", 
            "service": "Color Degradado Con Hidratación", 
            "duration": 3600, 
            "price": "40 € ", 
            "description": "¿Te apetece lucir un color degradado en tu cabello? ¡Reserva este servicio! Utilizamos tintes sin amoniaco ni PPD, para cuidar tu pelo lo máximo posible. Incluye lavado con champú de tratamiento y mascarilla. ¡Te encantará el resultado! Puede conllevar suplemento en caso de tener el pelo largoF"
        }, 
        {
            "service_category": "Preferente", 
            "service": "Cortar Y Peinar Pelo Medio", 
            "duration": 2700, 
            "price": "16,5 € ", 
            "description": "Sanea tu pelo o cambia de estilo solo con reservar este servicio. Nuestro profesionales te asesorarán en todo lo que necesites para obtener el mejor resultado en tu pelo. Incluye el lavado con champú y masaje craneal. Solo para media melenaF"
        }, 
        {
            "service_category": "Preferente", 
            "service": "Manicura Básica", 
            "duration": 1800, 
            "price": "8 € ", 
            "description": "¡Luce unas manos perfectas con nuestra manicura básica! Durante el servicio realizamos limado y corte de uñas, retirada de cutículas, hidratación y para finalizar, maquillamos la uña con un esmalte normal en el color que más te gusteF"
        }, 
        {
            "service_category": "Peluquería", 
            "service": "Alisado Keratina Pelo Corto Medio", 
            "duration": 7200, 
            "price": "200 € ", 
            "description": "Si quieres lucir un pelo con un liso perfecto, necesitas reservar nuestro alisado de keratina. Servicio exclusivo para pelo corto y media melena. Utilizamos keratina natural, libre de formolF"
        }, 
        {
            "service_category": "Peluquería", 
            "service": "Alisado Keratina Pelo Largo", 
            "duration": 7200, 
            "price": "210 € ", 
            "description": "¡Alisa tu pelo largo reservando nuestro servicio de alisado de keratina! Nuestro tratamiento es 100% natural, libre de formol. Servicio exclusivo para pelo largoF"
        }, 
        {
            "service_category": "Peluquería", 
            "service": "Color Degradado Con Hidratación", 
            "duration": 3600, 
            "price": "40 € ", 
            "description": "¿Te apetece lucir un color degradado en tu cabello? ¡Reserva este servicio! Utilizamos tintes sin amoniaco ni PPD, para cuidar tu pelo lo máximo posible. Incluye lavado con champú de tratamiento y mascarilla. ¡Te encantará el resultado! Puede conllevar suplemento en caso de tener el pelo largoF"
        }, 
        {
            "service_category": "Peluquería", 
            "service": "Color Y Peinar Pelo Corto", 
            "duration": 5400, 
            "price": "25,5 € ", 
            "description": "¡Cambia el color de tu pelo reservando en nuestro centro! Te dejaremos el acabado que siempre has deseado. Además, nuestro peluqueros te realizarán el peinado que más te guste. Incluye lavado con champú especifico y masaje craneal. Solo para pelo cortoF"
        }, 
        {
            "service_category": "Peluquería", 
            "service": "Color Y Peinar Pelo Largo", 
            "duration": 5400, 
            "price": "32,5 € ", 
            "description": "Mejora el color de tu pelo reservando ahora nuestro servicio de color. Aparte de dejarte el color de pelo que siempre has deseado, te realizaremos un peinado final para que luzcas aún más perfecta. Incluye lavado con champú especifico y masaje craneal. Servicio exclusivo para pelo largoF"
        }, 
        {
            "service_category": "Peluquería", 
            "service": "Color Y Peinar Pelo Medio", 
            "duration": 3600, 
            "price": "28,5 € ", 
            "description": "Reserva ahora nuestro servicio de color y peinado para tu cabello. Nuestro profesionales peluqueros se encargarán de dejarte un acabado perfecto. Incluye lavado con champú especifico y masaje craneal. Servicio exclusivo para media melenaF"
        }, 
        {
            "service_category": "Peluquería", 
            "service": "Cortar Y Peinar Pelo Corto", 
            "duration": 2700, 
            "price": "14,5 € ", 
            "description": "¿A qué esperas para llevar un corte de pelo a la moda? Reserva este servicio y en nuestro centro nos encargaremos de que salgas con el cabello impecable para cualquier ocasión. Incluye champú, masaje craneal y peinado. Solo para pelo cortoF"
        }, 
        {
            "service_category": "Peluquería", 
            "service": "Cortar Y Peinar Pelo Largo", 
            "duration": 2700, 
            "price": "18,5 € ", 
            "description": "¿Necesitas sanear las puntas de tu melena? Reserva nuestro corte más peinado para pelo largo y podrás tener un cabello con estilo y sano. Incluye el lavado con champú y masaje cranealF"
        }, 
        {
            "service_category": "Peluquería", 
            "service": "Cortar Y Peinar Pelo Medio", 
            "duration": 2700, 
            "price": "16,5 € ", 
            "description": "Sanea tu pelo o cambia de estilo solo con reservar este servicio. Nuestro profesionales te asesorarán en todo lo que necesites para obtener el mejor resultado en tu pelo. Incluye el lavado con champú y masaje craneal. Solo para media melenaF"
        }, 
        {
            "service_category": "Peluquería", 
            "service": "Mechas Y Peinado Pelo Corto", 
            "duration": 9000, 
            "price": "29,5 € ", 
            "description": "¿Te apetece hacerte unas mechas en tu pelo? En nuestro centro utilizamos productos de primeras marcas para conseguir el mejor resultado en tu pelo. Te realizaremos las mechas de plata y un peinado final. Incluye lavado con champú especifico, masaje craneal. Solo para pelo cortoF"
        }, 
        {
            "service_category": "Peluquería", 
            "service": "Mechas Y Peinado Pelo Largo", 
            "duration": 9000, 
            "price": "42,5 € ", 
            "description": "¡Dale luz y color a tu pelo reservando nuestro servicio de mechas y peinado! Disfrutarás del mejor trato y profesionalidad. Te garantizamos las mechas y el peinado que buscabas. Incluye lavado con champú especifico, masaje craneal. Solo para pelo largoF"
        }, 
        {
            "service_category": "Peluquería", 
            "service": "Mechas Y Peinado Pelo Medio", 
            "duration": 9000, 
            "price": "34,5 € ", 
            "description": "¡Dale vida a tu media melena con unas mechas! Durante el servicio nuestro profesionales estarán pendiente de ti en todo momento para garantizarte el mejor resultado. Además, te realizamos un peinado final. Incluye el lavado. Servicio exclusivo para media melenaF"
        }, 
        {
            "service_category": "Manicura y Pedicura", 
            "service": "Alisado Keratina Pelo Corto Medio", 
            "duration": 7200, 
            "price": "200 € ", 
            "description": "Si quieres lucir un pelo con un liso perfecto, necesitas reservar nuestro alisado de keratina. Servicio exclusivo para pelo corto y media melena. Utilizamos keratina natural, libre de formolF"
        }, 
        {
            "service_category": "Manicura y Pedicura", 
            "service": "Alisado Keratina Pelo Largo", 
            "duration": 7200, 
            "price": "210 € ", 
            "description": "¡Alisa tu pelo largo reservando nuestro servicio de alisado de keratina! Nuestro tratamiento es 100% natural, libre de formol. Servicio exclusivo para pelo largoF"
        }
    ]
}