{
    "adid": null, 
    "name": "Montse Herraiz Alonso Cano", 
    "name_of_contact": "Montse Herraiz Alonso Cano", 
    "scrape_page": "https://www.bucmi.com/montseherraizalonsocano", 
    "business_website": "https://www.bucmi.com/montseherraizalonsocano", 
    "areas_covered": null, 
    "description": "Monste Herraiz es un salón de belleza unisex, ubicado en pleno barrio de Chamberí, en Madrid, donde encontrarás todo lo necesario para la belleza de tu melena. Ponte en las manos de nuestros estilistas y sal con un estupendo corte, tinte, mechas....", 
    "img_link": [
        "https://d1nd15w2k87kz0.cloudfront.net/Uploads/635829400731820326.jpg", 
        "https://d1nd15w2k87kz0.cloudfront.net/Uploads/635829400767953844.jpg", 
        "https://d1nd15w2k87kz0.cloudfront.net/Uploads/635829400789214976.jpg", 
        "https://d1nd15w2k87kz0.cloudfront.net/Uploads/635829400841586871.jpg"
    ], 
    "hqdb_featured_ad_type": "Featured", 
    "hqdb_nr_reviews": "10", 
    "hqdb_review_score": "8,6", 
    "accreditations": null, 
    "category": null, 
    "subcategory": null, 
    "street": "C/ Maudes, 31", 
    "city": "Madrid", 
    "zipcode": "28003", 
    "formatted_address": "C/ Maudes, 31, Madrid, 28003", 
    "country": "es", 
    "office_number": "915349444", 
    "office_number2": null, 
    "mobile_number": null, 
    "mobile_number2": null, 
    "unidentified_phone_numbers": null, 
    "latitude": "40.4446929000", 
    "longitude": "-3.6971614000", 
    "business_email": null, 
    "yelp_page": null, 
    "facebook": null, 
    "twitter": null, 
    "instagram": null, 
    "venue_images": "https://d1nd15w2k87kz0.cloudfront.net/Logotipos/635908697120101097.jpg", 
    "opening_hours_raw": null, 
    "pricelist_link": null, 
    "services": [
        {
            "service_category": "Preferente", 
            "service": "Corte De Pelo Y Mechas", 
            "duration": 7200, 
            "price": "48,4 € ", 
            "description": "Consigue las mechas que siempre quisiste, seguimos las últimas tendencias y tenemos especialistas en coloración. El servicio incluye un pack de corte y mechas para un pelo medio, en caso de tener un pelo largo, estará sujeto a un posible suplemento. El servicio no incluye peinado. ¿Quieres lucir un nuevo cambio de look unido a unas mechas de moda? Ven a tu Salón de Belleza Montse Herraiz y ponte en manos de nuestros mejores profesionales. Presume de una melena sana, fuerte y con mucho brillo y luminosidadF"
        }, 
        {
            "service_category": "Preferente", 
            "service": "Corte De Pelo Para Hombre", 
            "duration": 1800, 
            "price": "12 € ", 
            "description": "El servicio incluye lavado, corte y peinado. Un corte de pelo para él, con las últimas técnicas en corte y nuestro mejor asesoramientos para ir siempre a la última. ¿Quién ha dicho que los hombres no se preocupan por su aspecto? Ven a tu Salón de Belleza Montse Herraiz y ponte en manos de nuestros mejores profesionales. Luce un pelo suave, fuerte y sano. Disfruta de un cabello con mucho brillo y luminosidad. Tu corte de pelo adaptado a tu rollo y estilo. Reserva tu cita cómodamente online en Bucmi.comF"
        }, 
        {
            "service_category": "Preferente", 
            "service": "Corte De Pelo Para Mujer", 
            "duration": 1800, 
            "price": "15,5 € ", 
            "description": "Consigue el look que siempre quisiste y disfruta de las últimas tendencias en cortes de pelo. El servicio incluye corte y lavado. No incluye el peinado. ¡Cambia de imagen y sorprende a tu gente más cercana! ¿Quieres lucir una melena sana, cuidada y mucho más fuerte? Ven a tu Salón de Belleza Montse Herraiz y ponte en manos de nuestros mejores profesionales. Te asesorarán en todo momento y adaptarán tu nuevo corte de pelo a tu estilo y rollo. Presume de una melena con mucho brillo y luminosidad. Reserva yaF"
        }, 
        {
            "service_category": "Peluquería", 
            "service": "Corte De Pelo Y Mechas", 
            "duration": 7200, 
            "price": "48,4 € ", 
            "description": "Consigue las mechas que siempre quisiste, seguimos las últimas tendencias y tenemos especialistas en coloración. El servicio incluye un pack de corte y mechas para un pelo medio, en caso de tener un pelo largo, estará sujeto a un posible suplemento. El servicio no incluye peinado. ¿Quieres lucir un nuevo cambio de look unido a unas mechas de moda? Ven a tu Salón de Belleza Montse Herraiz y ponte en manos de nuestros mejores profesionales. Presume de una melena sana, fuerte y con mucho brillo y luminosidadF"
        }, 
        {
            "service_category": "Peluquería", 
            "service": "Baño De Color Y Peinado Pelo Corto", 
            "duration": 5400, 
            "price": "30,5 € ", 
            "description": "¿Cansada del color apagado de tu melena? ¿Quieres darle un poco de vida? Con este servicio de baño de color y peinado es posible. Ven a tu Salón de Belleza Montse Herraiz y ponte en manos de nuestros mejores profesionales. Te asesorarán y te ayudarán en este cambio. El precio es para pelo corto. Presume de una melena uniforme, con mucho brillo y luminosidad. Disfruta de un cabello sedoso, hidratado y nutrido. Además, lucirás un peinado muy favorecedor y que realce las facciones de tu rostro. Reserva yaF"
        }, 
        {
            "service_category": "Peluquería", 
            "service": "Baño De Color Y Peinado Pelo Largo", 
            "duration": 5400, 
            "price": "32,5 € ", 
            "description": "¿Cansada del color apagado de tu melena? ¿Quieres darle un poco de vida? Con este servicio de baño de color y peinado es posible. Ven a tu Salón de Belleza Montse Herraiz y ponte en manos de nuestros mejores profesionales. Te asesorarán y te ayudarán en este cambio. El precio es para pelo largo. Presume de una melena uniforme, con mucho brillo y luminosidad. Disfruta de un cabello sedoso, hidratado y nutrido. Además, lucirás un peinado muy favorecedor y que realce las facciones de tu rostro. Reserva yaF"
        }, 
        {
            "service_category": "Peluquería", 
            "service": "Color Y Peinado Pelo Corto", 
            "duration": 5400, 
            "price": "36 € ", 
            "description": "¿Cansada del color apagado de tu melena? ¿Quieres darle un poco de vida? Con este servicio de baño de color y peinado es posible. Ven a tu Salón de Belleza Montse Herraiz y ponte en manos de nuestros mejores profesionales. Te asesorarán y te ayudarán en este cambio. El precio es para pelo corto. Presume de una melena uniforme, con mucho brillo y luminosidad. Disfruta de un cabello sedoso, hidratado y nutrido. Además, lucirás un peinado muy favorecedor y que realce las facciones de tu rostro. Reserva yaF"
        }, 
        {
            "service_category": "Peluquería", 
            "service": "Color Y Peinado Pelo Largo", 
            "duration": 5400, 
            "price": "38 € ", 
            "description": "¿Cansada del color apagado de tu melena? ¿Quieres darle un poco de vida? Con este servicio de baño de color y peinado es posible. Ven a tu Salón de Belleza Montse Herraiz y ponte en manos de nuestros mejores profesionales. Te asesorarán y te ayudarán en este cambio. El precio es para pelo largo. Presume de una melena uniforme, con mucho brillo y luminosidad. Disfruta de un cabello sedoso, hidratado y nutrido. Además, lucirás un peinado muy favorecedor y que realce las facciones de tu rostro. Reserva yaF"
        }, 
        {
            "service_category": "Peluquería", 
            "service": "Corte De Pelo Para Hombre", 
            "duration": 1800, 
            "price": "12 € ", 
            "description": "El servicio incluye lavado, corte y peinado. Un corte de pelo para él, con las últimas técnicas en corte y nuestro mejor asesoramientos para ir siempre a la última. ¿Quién ha dicho que los hombres no se preocupan por su aspecto? Ven a tu Salón de Belleza Montse Herraiz y ponte en manos de nuestros mejores profesionales. Luce un pelo suave, fuerte y sano. Disfruta de un cabello con mucho brillo y luminosidad. Tu corte de pelo adaptado a tu rollo y estilo. Reserva tu cita cómodamente online en Bucmi.comF"
        }, 
        {
            "service_category": "Peluquería", 
            "service": "Corte De Pelo Para Mujer", 
            "duration": 1800, 
            "price": "15,5 € ", 
            "description": "Consigue el look que siempre quisiste y disfruta de las últimas tendencias en cortes de pelo. El servicio incluye corte y lavado. No incluye el peinado. ¡Cambia de imagen y sorprende a tu gente más cercana! ¿Quieres lucir una melena sana, cuidada y mucho más fuerte? Ven a tu Salón de Belleza Montse Herraiz y ponte en manos de nuestros mejores profesionales. Te asesorarán en todo momento y adaptarán tu nuevo corte de pelo a tu estilo y rollo. Presume de una melena con mucho brillo y luminosidad. Reserva yaF"
        }, 
        {
            "service_category": "Peluquería", 
            "service": "Corte, Lavado Y Peinado Para Pelo Corto", 
            "duration": 3600, 
            "price": "26,5 € ", 
            "description": "Cambia totalmente de look con este pack de servicio que incluye lavado, producto específico, corte con asesoramiento y peinado para pelo corto. Un pack para que además de tu corte de pelo puedas tener un peinado a medida. ¿Tu melena ya está muy estropeada y necesita un cambio? Ven a tu Salón de Belleza Montse Herraiz y ponte en manos de nuestros mejores profesionales. Presume de un cabello sano, fuerte y cuidado. Además, adaptarán tu corte de pelo y peinado a tu estilo. ¡Disfruta de una melena envidiable!DF"
        }, 
        {
            "service_category": "Peluquería", 
            "service": "Corte, Lavado Y Peinado Pelo Largo", 
            "duration": 5400, 
            "price": "28,5 € ", 
            "description": "Cambia totalmente de look con este pack de servicio que incluye lavado, producto específico, corte con asesoramiento y peinado para pelo largo. Un pack para que además de tu corte de pelo puedas tener un peinado a medida. ¿Tu melena ya está muy estropeada y necesita un cambio? Ven a tu Salón de Belleza Montse Herraiz y ponte en manos de nuestros mejores profesionales. Presume de un cabello sano, fuerte y cuidado. Además, adaptarán tu corte de pelo y peinado a tu estilo. ¡Disfruta de una melena envidiable!DF"
        }, 
        {
            "service_category": "Peluquería", 
            "service": "Mechas Y Peinado Pelo Corto", 
            "duration": 5400, 
            "price": "43,9 € ", 
            "description": "Las mechas son ahora tendencia. En Montse Herraiz lo sabemos y por ello te ofrecemos este servicio que incluye lavado, mechas y posterior peinado por un increíble precio. ¡Dale color y luminosidad a tu pelo a manos de grandes profesionales! Precio para pelo corto. Disfruta de un cabello sedoso, hidratado y nutrido. Presume de una melena con mucho brillo y luminosidad gracias a las mechas que están ahora de moda. Dale a tu pelo un toque de color. Reserva tu cita cómodamente online a través de Bucmi.comF"
        }, 
        {
            "service_category": "Peluquería", 
            "service": "Mechas Y Peinado Pelo Largo", 
            "duration": 5400, 
            "price": "44,9 € ", 
            "description": "Las mechas son ahora tendencia. En Montse Herraiz lo sabemos y por ello te ofrecemos este servicio que incluye lavado, mechas y posterior peinado por un increíble precio. ¡Dale color y luminosidad a tu pelo a manos de grandes profesionales! Precio para pelo largo. Disfruta de un cabello sedoso, hidratado y nutrido. Presume de una melena con mucho brillo y luminosidad gracias a las mechas que están ahora de moda. Dale a tu pelo un toque de color. Reserva tu cita cómodamente online a través de Bucmi.comF"
        }, 
        {
            "service_category": "Peluquería", 
            "service": "Taninoplastia Media Melena", 
            "duration": 7200, 
            "price": "150 € ", 
            "description": "También llamado bótox capilar, tratamiento que principalmente se utiliza para alisar el pelo. Esta técnica solo se utiliza en los salones de belleza más avanzados, pues es capaz de alisar y modelar tu melena, eliminando el encrespamiento, aumentando el brillo y dando un aspecto cuidado y natural por mucho más tiempo. Puede utilizarse en cualquier tipo de melena (lisa, ondulada o rizada) y se ha comprobado dermatológicamente (100% natural). Para más información, consulta con el centro. Reserva tu cita yaF"
        }, 
        {
            "service_category": "Peluquería", 
            "service": "Taninoplastia Pelo Largo", 
            "duration": 7200, 
            "price": "170 € ", 
            "description": "También llamado bótox capilar, tratamiento que principalmente se utiliza para alisar el pelo. Esta técnica solo se utiliza en los salones de belleza más avanzados, pues es capaz de alisar y modelar tu melena, eliminando el encrespamiento, aumentando el brillo y dando un aspecto cuidado y natural por mucho más tiempo. Puede utilizarse en cualquier tipo de melena (lisa, ondulada o rizada) y se ha comprobado dermatológicamente (100% natural). En caso de pelo extralargo, estará sujeto a un posible suplemento. DF"
        }, 
        {
            "service_category": "Manicura y Pedicura", 
            "service": "Manicura Básica", 
            "duration": 900, 
            "price": "15 € ", 
            "description": "Empezamos limando las uñas (a elegir), se retiran las cutículas. Seguimos con un masaje para conseguir un mayor efecto de manos suaves y nutridas y finalizamos con el esmaltado del color que prefieras o francesa. ¿Quieres lucir unas uñas bonitas, cuidadas y perfectas? Ven a tu Salón de Belleza Montse Herraiz y ponte en manos de nuestros mejores profesionales. Presume de unas manos bonitas, cuidadas y perfectas. Tus manos son muy importantes y dicen mucho de ti. Disfruta de unas uñas coloridas. Reserva yaF"
        }, 
        {
            "service_category": "Manicura y Pedicura", 
            "service": "Manicura Permanente", 
            "duration": 2700, 
            "price": "30 € ", 
            "description": "¡La manicura más duradera y completa! No se agrieta y se mantiene perfecta durante mínimo tres semanas. Incluye color o francesa para esmaltar. ¿Quieres lucir unas uñas bonitas, cuidadas y perfectas? Ven a tu Salón de Belleza Montse Herraiz y ponte en manos de nuestros mejores profesionales. Presume de unas manos bonitas, cuidadas y perfectas. Tus manos son muy importantes y dicen mucho de ti. Disfruta de unas uñas coloridas. Te durarán perfectas durante al menos 3 semanas. Reserva tu cita en Bucmi.comF"
        }, 
        {
            "service_category": "Manicura y Pedicura", 
            "service": "Pedicura Básica", 
            "duration": 2700, 
            "price": "25 € ", 
            "description": "Empezamos limando las uñas (a elegir), se retiran las cutículas. Seguimos con un masaje para conseguir un mayor efecto de pies suaves y nutridos y finalizamos con el esmaltado del color que prefieras. ¿Quieres lucir unas uñas bonitas, cuidadas y perfectas? Ven a tu Salón de Belleza Montse Herraiz y ponte en manos de nuestros mejores profesionales. Presume de unos pies bonitos, cuidados y perfectos. Disfruta de unas uñas coloridas. Prepara tus pies para todo el año. Reserva tu cita online en Bucmi.comF"
        }, 
        {
            "service_category": "Manicura y Pedicura", 
            "service": "Pedicura Permanente", 
            "duration": 2700, 
            "price": "50 € ", 
            "description": "La pedicura más duradera. No se agrieta y se mantiene perfecta durante mínimo tres semanas. ¡Olvídate del cuidado de tus uñas a la vez que te aseguras de una imagen cuidada! ¿Quieres lucir unas uñas bonitas, cuidadas y perfectas? Ven a tu Salón de Belleza Montse Herraiz y ponte en manos de nuestros mejores profesionales. Presume de unos pies bonitos, cuidados y perfectos. Disfruta de unas uñas coloridas. Prepara tus pies para todo el año. Tus uñas estarán perfectas durante al menos 3 semanas. Reserva yaF"
        }
    ]
}