{
    "adid": null, 
    "name": "RdP Osteópata", 
    "name_of_contact": "RdP Osteópata", 
    "scrape_page": "https://www.bucmi.com/rdposteopata", 
    "business_website": "https://www.bucmi.com/rdposteopata", 
    "areas_covered": null, 
    "description": "RdP.Osteópata, es un centro donde nos gusta preocuparnos por la salud de las personas.Aquí, con diferentes técnicas, como la Osteopatía, la Homeopatía, la Acupuntura o el Quiromasaje, ayudamos a que esas personas recuperen y mantengan la salud.", 
    "img_link": [
        "https://d1nd15w2k87kz0.cloudfront.net/Uploads/635829333218946275.jpg", 
        "https://d1nd15w2k87kz0.cloudfront.net/Uploads/635829333234102496.jpg", 
        "https://d1nd15w2k87kz0.cloudfront.net/Uploads/635829433734243894.jpg", 
        "https://d1nd15w2k87kz0.cloudfront.net/Uploads/635829434306721823.jpg", 
        "https://d1nd15w2k87kz0.cloudfront.net/Uploads/635829434316253130.jpg", 
        "https://d1nd15w2k87kz0.cloudfront.net/Uploads/635829434318753046.jpg", 
        "https://d1nd15w2k87kz0.cloudfront.net/Uploads/635829434322190582.jpg", 
        "https://d1nd15w2k87kz0.cloudfront.net/Uploads/635973709937437717.jpg", 
        "https://d1nd15w2k87kz0.cloudfront.net/Uploads/635973709947117039.jpg", 
        "https://d1nd15w2k87kz0.cloudfront.net/Uploads/635973709949747303.jpg", 
        "https://d1nd15w2k87kz0.cloudfront.net/Uploads/635984906832807545.jpg"
    ], 
    "hqdb_featured_ad_type": "Featured", 
    "hqdb_nr_reviews": "33", 
    "hqdb_review_score": "9,9", 
    "accreditations": null, 
    "category": null, 
    "subcategory": null, 
    "street": "C/ Carranza, 7", 
    "city": "Madrid", 
    "zipcode": "28004", 
    "formatted_address": "C/ Carranza, 7, Madrid, 28004", 
    "country": "es", 
    "office_number": "910093101", 
    "office_number2": null, 
    "mobile_number": null, 
    "mobile_number2": null, 
    "unidentified_phone_numbers": null, 
    "latitude": "40.4290217000", 
    "longitude": "-3.7031345999", 
    "business_email": null, 
    "yelp_page": null, 
    "facebook": null, 
    "twitter": null, 
    "instagram": null, 
    "venue_images": "https://d1nd15w2k87kz0.cloudfront.net/Logotipos/635954795901768407.jpg", 
    "opening_hours_raw": null, 
    "pricelist_link": null, 
    "services": [
        {
            "service_category": "Masaje", 
            "service": "Osteopatía Pediátrica", 
            "duration": 2700, 
            "price": "45 € ", 
            "description": "Técnica Osteopática que ayuda con problemas propios de los niños, desde recién nacidos, como Cólicos del Lactante, o problemas en las suturas del cráneo, hasta adolescentes. La osteopatía en recién nacidos y niños, nos permite por un lado librar al pequeño de sus dolencias y disfunciones, eliminando por tanto los síntomas, y por otro si cabe aún más importante,se deja que el cuerpo del niño se desarrolle correctamente evitando las posibles secuelas o consecuencias de una alteración en su desarrollo natural."
        }, 
        {
            "service_category": "Masaje", 
            "service": "Bono 4 Sesiones Osteopatía Y Más", 
            "duration": 2700, 
            "price": "170 € ", 
            "description": "Bono de 4 sesiones a elegir entre nuestros tratamientos. La duración de cada sesión es de 45 minutos y el Bono es personal e intransferible. Puedes elegir entre: Osteopatía, Acupuntura, Quiromasaje y Homeopatía, según tus necesidades, yo te asesoraré. Reserva tu cita cómodamente online a través de Bucmi.com. ¡Ven a visitarnos! ¡No dejes que te lo cuenten!"
        }, 
        {
            "service_category": "Bienestar", 
            "service": "Sesión Homeopatía", 
            "duration": 2700, 
            "price": "45 € ", 
            "description": "La Homeopatía es una técnica terapéutica, para tratar y prevenir enfermedades, tales como : Ansia, dermatitis, alergias,etc. Poco a poco se produce una mejora de esta con cada sesión. La Homeopatía es un método terapéutico que utiliza medicamentos homeopáticos para ayudar la salud del paciente. Estos medicamentos se seleccionan de forma individual para el enfermo en función de los síntomas que presente y las sensaciones o características que nos describa. Reserva tu cita online a través de Bucmi.com."
        }
    ]
}