{
    "adid": null, 
    "name": "The Calm Beauty by Carolina de Castro", 
    "name_of_contact": "The Calm Beauty by Carolina de Castro", 
    "scrape_page": "https://www.bucmi.com/thecalmbeauty", 
    "business_website": "https://www.bucmi.com/thecalmbeauty", 
    "areas_covered": null, 
    "description": "The Calm Beauty fue fundado hace varios años por Carolina de Castro y el conocido periodista Matías Prats, para crear un nuevo concepto de belleza con productos y tratamientos naturales eco-friendly. Se sitúa en el número 26 de la céntrica calle de Juan Bravo en el Barrio de Salamanca en Madrid. Realizan tratamientos de estética, manicura, pedicura, masaje y depilaciones con productos de alta calidad como OPI, Natura Bissé o SpaRitual. Son especialistas en extensiones de pestañas y tratamientos faciales de contorno de ojos. Todo ello en un espacio elegante y confortable, además de un trato personalizado, que sus clientes valoran como excelentes.", 
    "img_link": [
        "https://d1nd15w2k87kz0.cloudfront.net/Uploads/635912250050375746.jpg", 
        "https://d1nd15w2k87kz0.cloudfront.net/Uploads/635912250074125675.jpg", 
        "https://d1nd15w2k87kz0.cloudfront.net/Uploads/635912250089750629.jpg", 
        "https://d1nd15w2k87kz0.cloudfront.net/Uploads/635912250134594245.jpg", 
        "https://d1nd15w2k87kz0.cloudfront.net/Uploads/635912250171010814.jpg", 
        "https://d1nd15w2k87kz0.cloudfront.net/Uploads/635912250187113830.jpg", 
        "https://d1nd15w2k87kz0.cloudfront.net/Uploads/635912250226055765.jpg", 
        "https://d1nd15w2k87kz0.cloudfront.net/Uploads/635912250240428051.jpg", 
        "https://d1nd15w2k87kz0.cloudfront.net/Uploads/635912250256052983.jpg", 
        "https://d1nd15w2k87kz0.cloudfront.net/Uploads/635912250312771585.jpg", 
        "https://d1nd15w2k87kz0.cloudfront.net/Uploads/635912250335115247.jpg"
    ], 
    "hqdb_featured_ad_type": "Featured", 
    "hqdb_nr_reviews": "52", 
    "hqdb_review_score": "9,4", 
    "accreditations": null, 
    "category": null, 
    "subcategory": null, 
    "street": "C/ Colmenares, 11", 
    "city": "Madrid", 
    "zipcode": "28006", 
    "formatted_address": "C/ Colmenares, 11, Madrid, 28006", 
    "country": "es", 
    "office_number": "910267340", 
    "office_number2": null, 
    "mobile_number": null, 
    "mobile_number2": null, 
    "unidentified_phone_numbers": null, 
    "latitude": "40.4325869000", 
    "longitude": "-3.6815722999", 
    "business_email": null, 
    "yelp_page": null, 
    "facebook": null, 
    "twitter": null, 
    "instagram": null, 
    "venue_images": "https://d1nd15w2k87kz0.cloudfront.net/Logotipos/635913046126163028.jpg", 
    "opening_hours_raw": null, 
    "pricelist_link": null, 
    "services": [
        {
            "service_category": "Preferente", 
            "service": "2 Tto. Faciales Iluminadores Y 1 Tto. Détox", 
            "duration": 3600, 
            "price": "330 € ", 
            "description": "Duración: 1 hora cada tratamiento. Este servicio incluye 2 tratamientos faciales iluminadores más 1 tratamiento détox. ¿Quieres lucir una piel perfecta con mucho más brillo y vitalidad? Ven a tu centro de belleza The Calm Beauty y ponte en manos de nuestros mejores profesionales. Citrus Vita Essence VIT.C, ritual que revitacilará tu rostro, que proporciona efecto rellenador para tu piel, como resultado un rostro más radiante e iluminado, atenúa las líneas de expresión y aclaraF"
        }, 
        {
            "service_category": "Preferente", 
            "service": "Extensión De Pestañas Primera Puesta", 
            "duration": 7200, 
            "price": "120 € ", 
            "description": "Si quieres una mirada de impacto, nosotros te haremos lograrlo. Con este servicio de extensión de pestañas con la técnica pelo a pelo. Estos van colocados sobre nuestras pestañas, para conseguir un efecto natural, pero intensificar la mirada. Personalizamos el servicio según forma de ojo y resultado a conseguir, nuestras expertas te aconsejarán. El precio es para la primera puesta. ¡Olvídate de la mascara con esta técnica!F"
        }, 
        {
            "service_category": "Preferente", 
            "service": "1 Tto. Facial Japonés Y 1 Tto. Iluminador", 
            "duration": 5400, 
            "price": "185 € ", 
            "description": "Duración: 1h y 15 minutos cada tratamiento. Este servicio incluye: 1 tratamiento facial doble higiene japonesa más 1 tratamiento de Vitamina C iluminador. Y DE REGALO una crema para casa. ¿Quieres lucir una piel con mucho brillo y vitalidad? Ven a tu Centro de Belleza The Calm Beauty y ponte en manos de nuestros mejores profesionales. Luce una piel suave, hidratada y nutrida con marcas como Natura Bissé. Disfruta de una piel con mucho más brillo y vitalidad. ¡Tu rostro más radiante e iluminado!F"
        }, 
        {
            "service_category": "Preferente", 
            "service": "Bono 6 Ss. Tto. Corporal Intensivo Reafirmante", 
            "duration": 3600, 
            "price": "450 € ", 
            "description": "Duración: 1 hora cada sesión. Este servicio incluye: un bono de 6 Sesiones de un Tratamiento Corporal Intensivo Reafirmante. Si deseas terminar con la celulitis y mejorar la firmeza en tu cuerpo, en The Calm Beauty te traemos este tratamiento reafirmante que combina la Radiofrecuencia más Intraceúticas. Realizado con aparatología y cosmética con gran resultado, proporcionando una piel más lisa, firmeza duradera y de forma natural. No invasivo e indoloro. Reserva tu cita cómodamente online en Bucmi.com.F"
        }, 
        {
            "service_category": "Preferente", 
            "service": "Higiene Facial Con Vitamina C", 
            "duration": 5400, 
            "price": "70 € ", 
            "description": "La duración exacta del tratamiento es de 75 minutos. Aprovecha todos los beneficios de la vitamina C. Estimula la producción de colágeno, disminuye las líneas de expresión y las arrugas, aclara la piel y aporta un extra de vitalidad. Consigue una reparación y renovación celular gracias a nuestros tratamiento de Vitamina C. Reserva ahora tu cita online en Bumci.com."
        }, 
        {
            "service_category": "Preferente", 
            "service": "Manicura Permanente", 
            "duration": 3600, 
            "price": "35 € ", 
            "description": "Mantén el color de tus uñas perfecto, con brillo desde el primer día y hasta tres semanas. Este tratamiento incluye retirada de cutículas, limado, exfoliar, hidratar y esmaltado permanente en el color que más te guste. No esperes más y reserva ahora en Bucmi.com."
        }, 
        {
            "service_category": "Preferente", 
            "service": "Manicura Semipermanente", 
            "duration": 3600, 
            "price": "25 € ", 
            "description": "Consigue un esmaltado perfecto gracias a nuestra manicura semipermanente. Este tratamiento incluye retirar cutículas, limar, exfoliar, hidratar y esmaltado del color que más te guste. Luce unas uñas perfectas durante dos semanas. No esperes más y reserva ahora tu cita online en Bucmi.com."
        }, 
        {
            "service_category": "Estética", 
            "service": "2 Tto. Faciales Iluminadores Y 1 Tto. Détox", 
            "duration": 3600, 
            "price": "330 € ", 
            "description": "Duración: 1 hora cada tratamiento. Este servicio incluye 2 tratamientos faciales iluminadores más 1 tratamiento détox. ¿Quieres lucir una piel perfecta con mucho más brillo y vitalidad? Ven a tu centro de belleza The Calm Beauty y ponte en manos de nuestros mejores profesionales. Citrus Vita Essence VIT.C, ritual que revitacilará tu rostro, que proporciona efecto rellenador para tu piel, como resultado un rostro más radiante e iluminado, atenúa las líneas de expresión y aclaraF"
        }, 
        {
            "service_category": "Estética", 
            "service": "Extensión De Pestañas Primera Puesta", 
            "duration": 7200, 
            "price": "120 € ", 
            "description": "Si quieres una mirada de impacto, nosotros te haremos lograrlo. Con este servicio de extensión de pestañas con la técnica pelo a pelo. Estos van colocados sobre nuestras pestañas, para conseguir un efecto natural, pero intensificar la mirada. Personalizamos el servicio según forma de ojo y resultado a conseguir, nuestras expertas te aconsejarán. El precio es para la primera puesta. ¡Olvídate de la mascara con esta técnica!F"
        }, 
        {
            "service_category": "Estética", 
            "service": "1 Tto. Facial Japonés Y 1 Tto. Iluminador", 
            "duration": 5400, 
            "price": "185 € ", 
            "description": "Duración: 1h y 15 minutos cada tratamiento. Este servicio incluye: 1 tratamiento facial doble higiene japonesa más 1 tratamiento de Vitamina C iluminador. Y DE REGALO una crema para casa. ¿Quieres lucir una piel con mucho brillo y vitalidad? Ven a tu Centro de Belleza The Calm Beauty y ponte en manos de nuestros mejores profesionales. Luce una piel suave, hidratada y nutrida con marcas como Natura Bissé. Disfruta de una piel con mucho más brillo y vitalidad. ¡Tu rostro más radiante e iluminado!F"
        }, 
        {
            "service_category": "Estética", 
            "service": "Bono 6 Ss. Tto. Corporal Intensivo Reafirmante", 
            "duration": 3600, 
            "price": "450 € ", 
            "description": "Duración: 1 hora cada sesión. Este servicio incluye: un bono de 6 Sesiones de un Tratamiento Corporal Intensivo Reafirmante. Si deseas terminar con la celulitis y mejorar la firmeza en tu cuerpo, en The Calm Beauty te traemos este tratamiento reafirmante que combina la Radiofrecuencia más Intraceúticas. Realizado con aparatología y cosmética con gran resultado, proporcionando una piel más lisa, firmeza duradera y de forma natural. No invasivo e indoloro. Reserva tu cita cómodamente online en Bucmi.com.F"
        }, 
        {
            "service_category": "Estética", 
            "service": "2 Tratamientos Corporales Intensivos Reafirmantes", 
            "duration": 3600, 
            "price": "150 € ", 
            "description": "Si deseas terminar con la celulitis y mejorar la firmeza en tu cuerpo, en The Calm Beauty te traemos este tratamiento reafirmante que combina la radiofrecuencia con las intraceúticas. Realizado con aparatología y cosmética con gran resultado, proporcionando una piel más lisa, firmeza duradera y de forma natural. No invasivo e indoloroF"
        }, 
        {
            "service_category": "Estética", 
            "service": "Doble Higiene Facial Japonesa", 
            "duration": 5400, 
            "price": "55 € ", 
            "description": "La doble limpieza japonesa se lleva por delante maquillaje, sebo, impurezas procedentes de transpiración, polvo y bacterias. Libera tu piel de células muertas e impurezas. Reserva ahora cómodamente tu cita online en Bucmi.com. ¡No te arrepentirás!"
        }, 
        {
            "service_category": "Estética", 
            "service": "Extensión De Pestañas (Mantenimiento)", 
            "duration": 3600, 
            "price": "80 € ", 
            "description": "Si eres de las que no puede estar sin sus extensiones de pestañas, porque estás encantada con tu mirada. Te mantenemos esta para que este como el primer día de la puesta inicial. Colocamos meticulosamente las pestañas, pelo a pelo, sobre los naturales del ojo. Tratamiento indoloro. Nuestras expertas personalizarán el servicio según tus gustos y necesidadesF"
        }, 
        {
            "service_category": "Estética", 
            "service": "Higiene Facial Con Vitamina C", 
            "duration": 5400, 
            "price": "70 € ", 
            "description": "La duración exacta del tratamiento es de 75 minutos. Aprovecha todos los beneficios de la vitamina C. Estimula la producción de colágeno, disminuye las líneas de expresión y las arrugas, aclara la piel y aporta un extra de vitalidad. Consigue una reparación y renovación celular gracias a nuestros tratamiento de Vitamina C. Reserva ahora tu cita online en Bumci.com."
        }, 
        {
            "service_category": "Estética", 
            "service": "Rejuvenecimiento Facial (Ojos)", 
            "duration": 3600, 
            "price": "50 € ", 
            "description": "Descongestiona bolsas, difumina ojeras y atenúa patas de gallo para rejuvenecer todo el área de los ojos con nuestro tratamiento Eye Sublime Radiance. Gracias a la acción de los principios activos específicos utilizados el rostro se ve más fresco y descansado."
        }, 
        {
            "service_category": "Estética", 
            "service": "Tratamiento Antiedad E Higiene Intraceiticals", 
            "duration": 5400, 
            "price": "170 € ", 
            "description": "Pack de dos tratamientos faciales de 90 minutos de duración cada uno. Para realizar en distintos días. Primero te proponemos el Desafío Antiedad, enfocado a zonas de rostro y cuello, realizado con cosmetología de efecto redensificante y tensor. Permite frenar el paso del tiempo llegando al nivel celular, rejuveneciendo y nutriendo, además le icorporamos radiofrecuencia. El otro tratamiento es una completa Higiene Facial, para conseguir un rostro libre de impurezas. Personalizándolo en todo momentoF"
        }, 
        {
            "service_category": "Estética", 
            "service": "Tratamiento Lifting Y Tratamiento Iluminador", 
            "duration": 3600, 
            "price": "140 € ", 
            "description": "Este completo facial consta de dos tratamientos, para realizar por separado. Tratamiento Crio time Freeze, lifting reafirmante indicado para rostro y cuello, basado en la técnica de los Ice Cubes de Anne Semonin, logrando iluminar el rotro y bajar su hinchazón, incorporando además serums y mascarillas (60 min). Citrus Vita Essence VIT.C, ritual que revitacilará tu rostro, proporciona efecto rellenador para tu piel, como resultado un rostro más radiante e iluminado, atenúa las líneas de expresión y aclaraF"
        }, 
        {
            "service_category": "Estética", 
            "service": "2 Tratamientos Reductor Lipocell Sculpture", 
            "duration": 5400, 
            "price": "200 € ", 
            "description": "Tratamiento corporal con efecto reductor que combina el uso de la radiofrecuencia e intraceúticas. Ayuda a reducir el tejido adiposo, mejorando el aspecto de la piel, reduciendo la celulitis y reafirmando las zonas rebeldes. Pack que incluye dos sesiones de 90 minutos. ¡Si quieres remodelar tu cuerpo este tratamiento esta pensado para ti!F"
        }, 
        {
            "service_category": "Manicura y Pedicura", 
            "service": "2 Tto. Faciales Iluminadores Y 1 Tto. Détox", 
            "duration": 3600, 
            "price": "330 € ", 
            "description": "Duración: 1 hora cada tratamiento. Este servicio incluye 2 tratamientos faciales iluminadores más 1 tratamiento détox. ¿Quieres lucir una piel perfecta con mucho más brillo y vitalidad? Ven a tu centro de belleza The Calm Beauty y ponte en manos de nuestros mejores profesionales. Citrus Vita Essence VIT.C, ritual que revitacilará tu rostro, que proporciona efecto rellenador para tu piel, como resultado un rostro más radiante e iluminado, atenúa las líneas de expresión y aclaraF"
        }, 
        {
            "service_category": "Manicura y Pedicura", 
            "service": "Extensión De Pestañas Primera Puesta", 
            "duration": 7200, 
            "price": "120 € ", 
            "description": "Si quieres una mirada de impacto, nosotros te haremos lograrlo. Con este servicio de extensión de pestañas con la técnica pelo a pelo. Estos van colocados sobre nuestras pestañas, para conseguir un efecto natural, pero intensificar la mirada. Personalizamos el servicio según forma de ojo y resultado a conseguir, nuestras expertas te aconsejarán. El precio es para la primera puesta. ¡Olvídate de la mascara con esta técnica!F"
        }, 
        {
            "service_category": "Manicura y Pedicura", 
            "service": "1 Tto. Facial Japonés Y 1 Tto. Iluminador", 
            "duration": 5400, 
            "price": "185 € ", 
            "description": "Duración: 1h y 15 minutos cada tratamiento. Este servicio incluye: 1 tratamiento facial doble higiene japonesa más 1 tratamiento de Vitamina C iluminador. Y DE REGALO una crema para casa. ¿Quieres lucir una piel con mucho brillo y vitalidad? Ven a tu Centro de Belleza The Calm Beauty y ponte en manos de nuestros mejores profesionales. Luce una piel suave, hidratada y nutrida con marcas como Natura Bissé. Disfruta de una piel con mucho más brillo y vitalidad. ¡Tu rostro más radiante e iluminado!F"
        }, 
        {
            "service_category": "Manicura y Pedicura", 
            "service": "Bono 6 Ss. Tto. Corporal Intensivo Reafirmante", 
            "duration": 3600, 
            "price": "450 € ", 
            "description": "Duración: 1 hora cada sesión. Este servicio incluye: un bono de 6 Sesiones de un Tratamiento Corporal Intensivo Reafirmante. Si deseas terminar con la celulitis y mejorar la firmeza en tu cuerpo, en The Calm Beauty te traemos este tratamiento reafirmante que combina la Radiofrecuencia más Intraceúticas. Realizado con aparatología y cosmética con gran resultado, proporcionando una piel más lisa, firmeza duradera y de forma natural. No invasivo e indoloro. Reserva tu cita cómodamente online en Bucmi.com.F"
        }, 
        {
            "service_category": "Manicura y Pedicura", 
            "service": "2 Tratamientos Corporales Intensivos Reafirmantes", 
            "duration": 3600, 
            "price": "150 € ", 
            "description": "Si deseas terminar con la celulitis y mejorar la firmeza en tu cuerpo, en The Calm Beauty te traemos este tratamiento reafirmante que combina la radiofrecuencia con las intraceúticas. Realizado con aparatología y cosmética con gran resultado, proporcionando una piel más lisa, firmeza duradera y de forma natural. No invasivo e indoloroF"
        }, 
        {
            "service_category": "Masaje", 
            "service": "2 Tto. Faciales Iluminadores Y 1 Tto. Détox", 
            "duration": 3600, 
            "price": "330 € ", 
            "description": "Duración: 1 hora cada tratamiento. Este servicio incluye 2 tratamientos faciales iluminadores más 1 tratamiento détox. ¿Quieres lucir una piel perfecta con mucho más brillo y vitalidad? Ven a tu centro de belleza The Calm Beauty y ponte en manos de nuestros mejores profesionales. Citrus Vita Essence VIT.C, ritual que revitacilará tu rostro, que proporciona efecto rellenador para tu piel, como resultado un rostro más radiante e iluminado, atenúa las líneas de expresión y aclaraF"
        }, 
        {
            "service_category": "Masaje", 
            "service": "Extensión De Pestañas Primera Puesta", 
            "duration": 7200, 
            "price": "120 € ", 
            "description": "Si quieres una mirada de impacto, nosotros te haremos lograrlo. Con este servicio de extensión de pestañas con la técnica pelo a pelo. Estos van colocados sobre nuestras pestañas, para conseguir un efecto natural, pero intensificar la mirada. Personalizamos el servicio según forma de ojo y resultado a conseguir, nuestras expertas te aconsejarán. El precio es para la primera puesta. ¡Olvídate de la mascara con esta técnica!F"
        }, 
        {
            "service_category": "Masaje", 
            "service": "1 Tto. Facial Japonés Y 1 Tto. Iluminador", 
            "duration": 5400, 
            "price": "185 € ", 
            "description": "Duración: 1h y 15 minutos cada tratamiento. Este servicio incluye: 1 tratamiento facial doble higiene japonesa más 1 tratamiento de Vitamina C iluminador. Y DE REGALO una crema para casa. ¿Quieres lucir una piel con mucho brillo y vitalidad? Ven a tu Centro de Belleza The Calm Beauty y ponte en manos de nuestros mejores profesionales. Luce una piel suave, hidratada y nutrida con marcas como Natura Bissé. Disfruta de una piel con mucho más brillo y vitalidad. ¡Tu rostro más radiante e iluminado!F"
        }, 
        {
            "service_category": "Masaje", 
            "service": "Bono 6 Ss. Tto. Corporal Intensivo Reafirmante", 
            "duration": 3600, 
            "price": "450 € ", 
            "description": "Duración: 1 hora cada sesión. Este servicio incluye: un bono de 6 Sesiones de un Tratamiento Corporal Intensivo Reafirmante. Si deseas terminar con la celulitis y mejorar la firmeza en tu cuerpo, en The Calm Beauty te traemos este tratamiento reafirmante que combina la Radiofrecuencia más Intraceúticas. Realizado con aparatología y cosmética con gran resultado, proporcionando una piel más lisa, firmeza duradera y de forma natural. No invasivo e indoloro. Reserva tu cita cómodamente online en Bucmi.com.F"
        }, 
        {
            "service_category": "Depilación", 
            "service": "2 Tto. Faciales Iluminadores Y 1 Tto. Détox", 
            "duration": 3600, 
            "price": "330 € ", 
            "description": "Duración: 1 hora cada tratamiento. Este servicio incluye 2 tratamientos faciales iluminadores más 1 tratamiento détox. ¿Quieres lucir una piel perfecta con mucho más brillo y vitalidad? Ven a tu centro de belleza The Calm Beauty y ponte en manos de nuestros mejores profesionales. Citrus Vita Essence VIT.C, ritual que revitacilará tu rostro, que proporciona efecto rellenador para tu piel, como resultado un rostro más radiante e iluminado, atenúa las líneas de expresión y aclaraF"
        }, 
        {
            "service_category": "Depilación", 
            "service": "Extensión De Pestañas Primera Puesta", 
            "duration": 7200, 
            "price": "120 € ", 
            "description": "Si quieres una mirada de impacto, nosotros te haremos lograrlo. Con este servicio de extensión de pestañas con la técnica pelo a pelo. Estos van colocados sobre nuestras pestañas, para conseguir un efecto natural, pero intensificar la mirada. Personalizamos el servicio según forma de ojo y resultado a conseguir, nuestras expertas te aconsejarán. El precio es para la primera puesta. ¡Olvídate de la mascara con esta técnica!F"
        }, 
        {
            "service_category": "Bienestar", 
            "service": "2 Tto. Faciales Iluminadores Y 1 Tto. Détox", 
            "duration": 3600, 
            "price": "330 € ", 
            "description": "Duración: 1 hora cada tratamiento. Este servicio incluye 2 tratamientos faciales iluminadores más 1 tratamiento détox. ¿Quieres lucir una piel perfecta con mucho más brillo y vitalidad? Ven a tu centro de belleza The Calm Beauty y ponte en manos de nuestros mejores profesionales. Citrus Vita Essence VIT.C, ritual que revitacilará tu rostro, que proporciona efecto rellenador para tu piel, como resultado un rostro más radiante e iluminado, atenúa las líneas de expresión y aclaraF"
        }, 
        {
            "service_category": "Bienestar", 
            "service": "Extensión De Pestañas Primera Puesta", 
            "duration": 7200, 
            "price": "120 € ", 
            "description": "Si quieres una mirada de impacto, nosotros te haremos lograrlo. Con este servicio de extensión de pestañas con la técnica pelo a pelo. Estos van colocados sobre nuestras pestañas, para conseguir un efecto natural, pero intensificar la mirada. Personalizamos el servicio según forma de ojo y resultado a conseguir, nuestras expertas te aconsejarán. El precio es para la primera puesta. ¡Olvídate de la mascara con esta técnica!F"
        }
    ]
}