{
    "adid": null, 
    "name": "Antelo", 
    "name_of_contact": "Antelo", 
    "scrape_page": "https://www.bucmi.com/antelo", 
    "business_website": "https://www.bucmi.com/antelo", 
    "areas_covered": null, 
    "description": "El centro de estética Antelo situado en Fuente del Berro, Madrid, ofrece todo tipo de masajes para eliminar la dolencia de la zona localizada y poder hacer tus actividades sin que nada te pare. Además de servicios de uñas tales como manicuras y pedicuras", 
    "img_link": [
        "https://d1nd15w2k87kz0.cloudfront.net/Uploads/636008164627424656.jpg", 
        "https://d1nd15w2k87kz0.cloudfront.net/Uploads/636008164627112179.jpg", 
        "https://d1nd15w2k87kz0.cloudfront.net/Uploads/636008164631018447.jpg", 
        "https://d1nd15w2k87kz0.cloudfront.net/Uploads/636008164633675009.jpg"
    ], 
    "hqdb_featured_ad_type": "Featured", 
    "hqdb_nr_reviews": "20", 
    "hqdb_review_score": "7,5", 
    "accreditations": null, 
    "category": null, 
    "subcategory": null, 
    "street": "C/ Hermosilla, 133", 
    "city": "Madrid", 
    "zipcode": "28009", 
    "formatted_address": "C/ Hermosilla, 133, Madrid, 28009", 
    "country": "es", 
    "office_number": "914497554", 
    "office_number2": null, 
    "mobile_number": null, 
    "mobile_number2": null, 
    "unidentified_phone_numbers": null, 
    "latitude": "40.4256937000", 
    "longitude": "-3.6695912999", 
    "business_email": null, 
    "yelp_page": null, 
    "facebook": null, 
    "twitter": null, 
    "instagram": null, 
    "venue_images": "https://d1nd15w2k87kz0.cloudfront.net/Logotipos/636008164538987437.jpg", 
    "opening_hours_raw": null, 
    "pricelist_link": null, 
    "services": [
        {
            "service_category": "Preferente", 
            "service": "Cavitación Y Tratamiento Reductor 5 Pasos", 
            "duration": 3600, 
            "price": "65 € ", 
            "description": "Primero realizamos una sesión de cavitación de 30 minutos. Seguimos con una mascarilla a elegir según el tipo de piel de 10 minutos. Continuamos con la presoterapia (30 minutos) y la fotoporación regeneradora roja (15 minutos) Finalmente, terminamos con la fotoporación reafirmante violeta de 15 minutos de duraciónF"
        }, 
        {
            "service_category": "Preferente", 
            "service": "Peeling Ultrasónico Corporal Y Tto Corporal 5 Paso", 
            "duration": 3600, 
            "price": "65 € ", 
            "description": "Primero: peeling ultrasónico corporal (zona localizada), 30 min. Segundo: mascarilla a elegir, 10 min. Tercero: Presoterapia, 30 min. Cuarto: Fotoporación purificante azul, 15 min. Quinto: Fotoporación roja regeneradora, 15 minF"
        }, 
        {
            "service_category": "Preferente", 
            "service": "Radiofrecuencia Facial Y Tto Corporal 5 Pasos", 
            "duration": 3600, 
            "price": "65 € ", 
            "description": "Primero: Radiofrecuencia facial, 30 min. Segundo: mascarilla facial a elegir, 10 min. Tercero: Fotoporasción regeneradora roja, 15 min. Cuarto: Fotoporación reafirmante violeta, 15 minF"
        }, 
        {
            "service_category": "Preferente", 
            "service": "Blanqueamiento Dental", 
            "duration": 3600, 
            "price": "20 € ", 
            "description": "El proceso es muy sencillo. En primer lugar, se determina el tono exacto de las piezas dentales, después, se preparan las piezas dentales a tratar con un activador y seguidamente se aplica un gel blanqueador sin peróxidos.Después se pone la lud led para hacer que blanqueen los dientesF"
        }, 
        {
            "service_category": "Preferente", 
            "service": "Manicura Permanente Peel Off", 
            "duration": 5400, 
            "price": "17 € ", 
            "description": "Nueva técnica de manicura permanente,sin tener que ir a quitárselo al centro.Se quita como un adhesivo.Dura los mismos días que el esmaltado permanente normal,protegiendo las uñas sin tener que pasar por la retirada de esmalte de siempre.Sin dañar las uñasF"
        }, 
        {
            "service_category": "Preferente", 
            "service": "Pedicura Permanente Peel Off", 
            "duration": 5400, 
            "price": "19 € ", 
            "description": "Nueva técnica de pedicura permanente,sin tener que ir a quitárselo al centro.Se quita como un adhesivo.Dura los mismos días que el esmaltado permanente normal,protegiendo las uñas sin tener que pasar por la retirada de esmalte de siempre.Sin dañar las uñasF"
        }, 
        {
            "service_category": "Preferente", 
            "service": "Tto.Parafina Regenerante Manos Esmaltado Normal", 
            "duration": 5400, 
            "price": "19 € ", 
            "description": "Trata tus manos con la parafina, se adhiere como un guante la cera de albaricoque en las manos. Este tratamiento hace que las manos secas y estropeadas se regeneren y se vean con una suavidad y nutrición natural. Luego se termina con esmaltado de uñas normal dentro de la amplia gama de colores de la marca Masglo. DF"
        }, 
        {
            "service_category": "Preferente", 
            "service": "Tto.Parafina Regenerante Pies Y Esmaltado Normal", 
            "duration": 5400, 
            "price": "21 € ", 
            "description": "Trata tus pies con la parafina,se adhiere como un guante la cera de albaricoque en los pies. Este tratamiento hace que los pies secos, estropeados y agrietados se regeneren y se vean con una suavidad y nutrición natural. Luego se termina con esmaltado de uñas normal dentro de la amplia gama de colores de Masglo. DF"
        }, 
        {
            "service_category": "Peluquería", 
            "service": "Tratamiento Led Capilar", 
            "duration": 2700, 
            "price": "20 € ", 
            "description": "Recupera tu pelo con este tratamiento capilar que se realiza con aplicación del complejo capilar además de 30 minutos de fototerapia roja. Recupera la vitalidad de tu peloDF"
        }, 
        {
            "service_category": "Estética", 
            "service": "Cavitación Y Tratamiento Reductor 5 Pasos", 
            "duration": 3600, 
            "price": "65 € ", 
            "description": "Primero realizamos una sesión de cavitación de 30 minutos. Seguimos con una mascarilla a elegir según el tipo de piel de 10 minutos. Continuamos con la presoterapia (30 minutos) y la fotoporación regeneradora roja (15 minutos) Finalmente, terminamos con la fotoporación reafirmante violeta de 15 minutos de duraciónF"
        }, 
        {
            "service_category": "Estética", 
            "service": "Fotodepilación Facial Y Tto Corporal 5 Pasos", 
            "duration": 3600, 
            "price": "65 € ", 
            "description": "Primero: Fotodepilación facial y crema IPL. Segundo: Mascarilla a elegir, 10 min. Tercero: Presoterapia, 30 min. Cuarto: Fotoporación roja regeneradora, 15 min. Quinto: Fotoporación Azul purificante, 15 minF"
        }, 
        {
            "service_category": "Estética", 
            "service": "Fotodepilación Y Tratamiento Corporal 5 Pasos", 
            "duration": 3600, 
            "price": "65 € ", 
            "description": "El servicio incluye una sesión de fotodepilación (1 zona del cuerpo), mascarilla a elegir según el tipo de piel (10 minutos), presoterapia para reducir la celulitis (30 minutos). Para terminar realizamos dos fototerapias de 15 minutos: Fototerapia purificante Azul y Fototerapia regeneradora rojaF"
        }, 
        {
            "service_category": "Estética", 
            "service": "Fotorejuvenecimiento Facial Y Tto Corporal 5 Paso", 
            "duration": 3600, 
            "price": "65 € ", 
            "description": "El fotorejuvenecimiento facial sirve para eliminar las arrugas y recuperar la elasticidad en tu rostro. El servicio incluye un tratamiento en 5 pasos que incluye mascarilla a elegir y sesiones de fotoporación regeneradora roja y reafirmante violeta. ¡Reserva ahora mismo online!DF"
        }, 
        {
            "service_category": "Estética", 
            "service": "Lipólisis Corporal Y Tratamiento Corporal 5 Pasos", 
            "duration": 3600, 
            "price": "65 € ", 
            "description": "Primero: Cavitación, 15 min y radiofrecuencia tripolar, 15 min. Segundo: mascarilla a elegir, 10 min. Tercero: Presoterapia, 30 min. Cuarto: Fotoporación purificante Azul, 15 min. Quinto: Fotoporación roja, 15 minF"
        }, 
        {
            "service_category": "Estética", 
            "service": "Peeling Ultrasónico Corporal Y Tto Corporal 5 Paso", 
            "duration": 3600, 
            "price": "65 € ", 
            "description": "Primero: peeling ultrasónico corporal (zona localizada), 30 min. Segundo: mascarilla a elegir, 10 min. Tercero: Presoterapia, 30 min. Cuarto: Fotoporación purificante azul, 15 min. Quinto: Fotoporación roja regeneradora, 15 minF"
        }, 
        {
            "service_category": "Estética", 
            "service": "Radiofrecuencia Corporal Y Tto Corporal 5 Pasos", 
            "duration": 3600, 
            "price": "65 € ", 
            "description": "Primero: radiofrecuencia, 30 min. Segundo: Mascarilla a elegir, 10 min. Tercero: Presoterapia, 30 min. Cuarto: Fotoporación purificante Azul, 15 min. Quinto: Fotoporación regeneradora roja, 15 minF"
        }, 
        {
            "service_category": "Estética", 
            "service": "Radiofrecuencia Facial Y Tto Corporal 5 Pasos", 
            "duration": 3600, 
            "price": "65 € ", 
            "description": "Primero: Radiofrecuencia facial, 30 min. Segundo: mascarilla facial a elegir, 10 min. Tercero: Fotoporasción regeneradora roja, 15 min. Cuarto: Fotoporación reafirmante violeta, 15 minF"
        }, 
        {
            "service_category": "Estética", 
            "service": "Reafirmante De Senos Y Tto Corporal 5 Pasos", 
            "duration": 3600, 
            "price": "65 € ", 
            "description": "Primero: Elevación de senos, 30 min. Segundo: Mascarilla a elegir, 10 min. Tercero: Presoterapia, 30min. Cuarto: Fotoporación purificante o regeneradora roja,15 min. Quinto: Fotoporación violeta en senosF"
        }, 
        {
            "service_category": "Estética", 
            "service": "Tto Reafirmante De Senos Y Tto Corporal 5 Pasos", 
            "duration": 3600, 
            "price": "65 € ", 
            "description": "Primero: Radiofrecuencia tripolar de senos, 30 min. Segundo: mascarilla a elegir, 10min. Tercero: Presoterapia, 30min. Cuarto: Fotoporación regeneradora roja en senos, 15 min. Quinto: Fotoporación violeta en senos, 15 minF"
        }, 
        {
            "service_category": "Estética", 
            "service": "Exfoliación Corporal Té Verde Y Masaje Con Arnica", 
            "duration": 7200, 
            "price": "65 € ", 
            "description": "Exfoliación corporal con te verde y masaje con arnica,harpagofipo y sauce. Elimina las impurezas de tu cuerpo gracias a este servicio que realizamos con productos 100% natural como puede ser el té verde. Reserva ahora onlineF"
        }, 
        {
            "service_category": "Estética", 
            "service": "Blanqueamiento Dental", 
            "duration": 3600, 
            "price": "20 € ", 
            "description": "El proceso es muy sencillo. En primer lugar, se determina el tono exacto de las piezas dentales, después, se preparan las piezas dentales a tratar con un activador y seguidamente se aplica un gel blanqueador sin peróxidos.Después se pone la lud led para hacer que blanqueen los dientesF"
        }, 
        {
            "service_category": "Estética", 
            "service": "Exfoliación Manual Corporal Té Verde O Chocolate", 
            "duration": 3600, 
            "price": "35 € ", 
            "description": "Vuelve a tener tu piel suave y saludable con un peeling natural, realizado con té verde o chocolate. Te sorprenderán los beneficios purificantes y desintoxicantes de estos productos naturales. DF"
        }, 
        {
            "service_category": "Estética", 
            "service": "Fotoescultura Reafirmante", 
            "duration": 3600, 
            "price": "35 € ", 
            "description": "Aplicación del vial Reafirmante, 30 min de Fotoescultura reafirmante y 30 min de presoterapia. Conseguirás el cuerpo que siempre has deseado. Haz ya tu reserva en Antelo y te encantará el resultadoF"
        }, 
        {
            "service_category": "Estética", 
            "service": "Fotoescultura Reductor", 
            "duration": 3600, 
            "price": "35 € ", 
            "description": "Aplicación del vial reductor, 30 min de fotoescultura reductora y 30 min de presoterapia. Reduce volumen de las zonas más rebeldes. Haz ya tu reserva en Antelo y notarás los resultados desde el principioF"
        }, 
        {
            "service_category": "Estética", 
            "service": "Higiene Facial Led Antiacné", 
            "duration": 2700, 
            "price": "20 € ", 
            "description": "Luce una piel libre de pequeñas impurezas con este tratamiento que incluye aplicación del vial facial purificante, 30 min Fototerapia Azul y aplicación crema facial. Disfruta de una piel limpia e hidratada gracias a Bucmi.comF"
        }, 
        {
            "service_category": "Estética", 
            "service": "Limpieza Facial Básica", 
            "duration": 3600, 
            "price": "20 € ", 
            "description": "Es aconsejable hacerse una limpieza facial al menos una vez cada cambio de estación, ya que nuestro cutis se ve sometido a las inclemencias de la climatología y otros factores, robándole luminosidad y pureza. En Antelo puedes recuperar su aspecto saludable con nuestra higiene facial básica. Incluye desmaquillado, peeling, extracción, mascarilla e hidrataciónF"
        }, 
        {
            "service_category": "Estética", 
            "service": "Limpieza Facial Con Escote", 
            "duration": 5400, 
            "price": "45 € ", 
            "description": "La limpieza facial con escote es esencial para tener una piel nutrida y poder a continuación poder ofrecerle un masaje con ceramidas donde reafirma y relaja el rostro de tantos momentos de estrésF"
        }, 
        {
            "service_category": "Estética", 
            "service": "Presoterapia", 
            "duration": 1800, 
            "price": "10 € ", 
            "description": "Tratamiento para piernas cansadas, mala circulación o retención de líquidos. Se hace después de un tratamiento reductor para expulsar la grasa disuelta anteriormente a través de la orina más facilmente gracias a que tiene un efecto drenanteF"
        }, 
        {
            "service_category": "Estética", 
            "service": "Tratamiento Corporal Reafirmante", 
            "duration": 3600, 
            "price": "35 € ", 
            "description": "Consigue una piel más tersa en las zonas más rebeldes con 20 min de radiofrecuencia tripolar, 20 min de fotoporación violeta y producto intensivo reafirmante (vial) 20 min de presoterapiaF"
        }, 
        {
            "service_category": "Estética", 
            "service": "Tto Corporal Reductor", 
            "duration": 3600, 
            "price": "35 € ", 
            "description": "Reduce volumen de las zonas más rebeldes con este tratamiento que incluye 20 min de cavitación, 20 min de Fotoporación roja y producto intensive redactor (vial)F"
        }, 
        {
            "service_category": "Manicura y Pedicura", 
            "service": "Bono De 5 Manicuras Esmaltado Normal", 
            "duration": 3600, 
            "price": "45 € ", 
            "description": "Estética Antelo te ofrece un bono de 5 manicuras compuesta: Exfoliación, masaje y esmaltado normal dentro de una amplia gama de colores de Masglo. Disfruta de unas manos bonitas esta primaveraF"
        }, 
        {
            "service_category": "Manicura y Pedicura", 
            "service": "Bono De 5 Manicuras Esmaltado Permanente", 
            "duration": 3600, 
            "price": "55 € ", 
            "description": "Estética Antelo te ofrece un bono de 5 manicuras de esmaltado permanente.Compuesto: exfoliación, masaje y esmaltado permanente. Disfruta esta primavera de unas manos bonitasF"
        }, 
        {
            "service_category": "Manicura y Pedicura", 
            "service": "Parafina, Manicura Normal Y Spa Pedicura Normal", 
            "duration": 7200, 
            "price": "30 € ", 
            "description": "La manicura y pedicura van acompañado de una exfoliación, masaje y esmaltado normal dentro de una amplia variedad de colores de Masglo. La pedicura se sumerge en un spa de burbujas.La parafina se hacen en las manos para que lo sientas más suaves y agradableF"
        }, 
        {
            "service_category": "Manicura y Pedicura", 
            "service": "Tratamiento Parafina En Manos Y Masaje", 
            "duration": 3600, 
            "price": "20 € ", 
            "description": "Luce unas manos perfectas, suaves y brillantes gracias a este tratamiento de parafina en el que además, realizamos masaje con harpagofipo y sauce. No esperes más y reserva ahora con Bucmi.comF"
        }, 
        {
            "service_category": "Manicura y Pedicura", 
            "service": "Manicura", 
            "duration": 3600, 
            "price": "10 € ", 
            "description": "Disfruta de un cuidado completo para tus manos con nuestra manicura. Incluye un peeling de manos, una mascarilla, masaje y esmaltado normal en el color que te apetezca dentro de la amplia variedad de Masglo. Si se desea manicura francesa se cobrará un suplemento de 2€ en el centroF"
        }, 
        {
            "service_category": "Manicura y Pedicura", 
            "service": "Manicura Permanente", 
            "duration": 3600, 
            "price": "12 € ", 
            "description": "Y si quieres que tus uñas estén perfectamente maquilladas durante más tiempo elige nuestra manicura permanente. Incluye un peeling de manos, una mascarilla, masaje y esmaltado permanente en el color que más te guste. Si se desea manicura francesa se cobrará un suplemento de 2€ en el centroF"
        }, 
        {
            "service_category": "Manicura y Pedicura", 
            "service": "Manicura Permanente Peel Off", 
            "duration": 5400, 
            "price": "17 € ", 
            "description": "Nueva técnica de manicura permanente,sin tener que ir a quitárselo al centro.Se quita como un adhesivo.Dura los mismos días que el esmaltado permanente normal,protegiendo las uñas sin tener que pasar por la retirada de esmalte de siempre.Sin dañar las uñasF"
        }, 
        {
            "service_category": "Manicura y Pedicura", 
            "service": "Pedicura Básica", 
            "duration": 3600, 
            "price": "15 € ", 
            "description": "Este servicio incluye: retirar cutículas, limar/cortar la uña, esmaltado básico del color que más te guste de la marca Masglo e hidratación. Nuestros pies trabajan más de lo que pensamos y por ello se merecen que de vez en cuando los mimemos. Si te apetece un esmaltado estilo francesa se cobrarán 2€ de suplemento en el centro. Retirada de esmalte permanente son 30 min más de la cita, avisar al profesional y se cobrará un suplemento en el Centro."
        }, 
        {
            "service_category": "Manicura y Pedicura", 
            "service": "Pedicura Permanente", 
            "duration": 5400, 
            "price": "17 € ", 
            "description": "Este servicio incluye: retirar cutículas, limar/cortar la uña, esmaltado básico del color que más te guste e hidratación. Si se te suele olvidar cuidar tus pies la pedicura permanente es perfecta para ti. Si quieres un esmaltado en francesa se cobrarán 2€ de suplemento en el centro. Retirada de esmalte permanente son 30 min más de la cita, avisar al profesional y se cobrará un suplemento en el Centro. DF"
        }, 
        {
            "service_category": "Manicura y Pedicura", 
            "service": "Pedicura Permanente Peel Off", 
            "duration": 5400, 
            "price": "19 € ", 
            "description": "Nueva técnica de pedicura permanente,sin tener que ir a quitárselo al centro.Se quita como un adhesivo.Dura los mismos días que el esmaltado permanente normal,protegiendo las uñas sin tener que pasar por la retirada de esmalte de siempre.Sin dañar las uñasF"
        }, 
        {
            "service_category": "Manicura y Pedicura", 
            "service": "Tto.Parafina Regenerante Manos Esmaltado Normal", 
            "duration": 5400, 
            "price": "19 € ", 
            "description": "Trata tus manos con la parafina, se adhiere como un guante la cera de albaricoque en las manos. Este tratamiento hace que las manos secas y estropeadas se regeneren y se vean con una suavidad y nutrición natural. Luego se termina con esmaltado de uñas normal dentro de la amplia gama de colores de la marca Masglo. DF"
        }, 
        {
            "service_category": "Manicura y Pedicura", 
            "service": "Tto.Parafina Regenerante Pies Y Esmaltado Normal", 
            "duration": 5400, 
            "price": "21 € ", 
            "description": "Trata tus pies con la parafina,se adhiere como un guante la cera de albaricoque en los pies. Este tratamiento hace que los pies secos, estropeados y agrietados se regeneren y se vean con una suavidad y nutrición natural. Luego se termina con esmaltado de uñas normal dentro de la amplia gama de colores de Masglo. DF"
        }, 
        {
            "service_category": "Masaje", 
            "service": "Masaje Facial Con Ceramidas", 
            "duration": 1800, 
            "price": "25 € ", 
            "description": "Un masaje facial con ceramidas después de un día agotador.Regenera el rostro y estimula el riego sanguíneo para poder relajar esa tensión y reafirma con la ceramidas la fación del rostro DF"
        }, 
        {
            "service_category": "Masaje", 
            "service": "Masaje Relajante Corporal Con Aceite De Almendras", 
            "duration": 3600, 
            "price": "30 € ", 
            "description": "El estrés es el día adía en nuestra vida, pero ahora puedes descargarte de toda esa tensión con nuestro masaje relajante. Realizamos nuestros masajes aplicando aceites de almendras dulces, para multiplicar el efecto relajante y aportar a tu piel un plus de hidrataciónF"
        }, 
        {
            "service_category": "Depilación", 
            "service": "Fotodepilación Facial Y Tto Corporal 5 Pasos", 
            "duration": 3600, 
            "price": "65 € ", 
            "description": "Primero: Fotodepilación facial y crema IPL. Segundo: Mascarilla a elegir, 10 min. Tercero: Presoterapia, 30 min. Cuarto: Fotoporación roja regeneradora, 15 min. Quinto: Fotoporación Azul purificante, 15 minF"
        }, 
        {
            "service_category": "Depilación", 
            "service": "Fotodepilación Y Tratamiento Corporal 5 Pasos", 
            "duration": 3600, 
            "price": "65 € ", 
            "description": "El servicio incluye una sesión de fotodepilación (1 zona del cuerpo), mascarilla a elegir según el tipo de piel (10 minutos), presoterapia para reducir la celulitis (30 minutos). Para terminar realizamos dos fototerapias de 15 minutos: Fototerapia purificante Azul y Fototerapia regeneradora rojaF"
        }, 
        {
            "service_category": "Depilación", 
            "service": "Depilación Cera (Hombre):Abdomen Y Línea Del Alba", 
            "duration": 1800, 
            "price": "12 € ", 
            "description": "La depilación con cera caliente es ideal para que el hombre se quite esos excesos de vello. Tu piel estará suave y sedosa por un par de semanas gracias a AnteloF"
        }, 
        {
            "service_category": "Depilación", 
            "service": "Depilación Cera: Espalda, Hombro, Lumbares(Hombre)", 
            "duration": 2700, 
            "price": "20 € ", 
            "description": "Cuida tu cuerpo con una depilación en diversas zonas de tu cuerpoantén cuidada tu piel sin vello que moleste, gracias a nuestra cera tibia o caliente, según tus preferenciasF"
        }, 
        {
            "service_category": "Depilación", 
            "service": "Depilación Con Cera De Cejas Y Diseño", 
            "duration": 1800, 
            "price": "8 € ", 
            "description": "Haz que tu mirada sea más penetrante dando forma tus cejas.Limpieza de vello sobrante con la cera y diseño de cejasF"
        }, 
        {
            "service_category": "Depilación", 
            "service": "Depilación Con Cera Ingles Y Axilas Mujer", 
            "duration": 1800, 
            "price": "19 € ", 
            "description": "Para una depilación duradera en axilas e ingles prueba nuestra depilación con cera caliente. En pocos minutos te habrás librado del vello en estas zonas tan sensiblesF"
        }, 
        {
            "service_category": "Depilación", 
            "service": "Depilación Con Cera Piernas Entera Y Axilas Mujer", 
            "duration": 2700, 
            "price": "19 € ", 
            "description": "Si estás más que cansada de la depilación en casa, es el momento de ponerte en manos de nuestras esteticistas. Si eliges nuestro servicio de depilación con cera para piernas completas y axilas, podrás librarte del vello más rápido que nunca y durante más tiempo que con otros métodos tradicionalesF"
        }, 
        {
            "service_category": "Varios", 
            "service": "Hidrolinfa", 
            "duration": 2700, 
            "price": "15 € ", 
            "description": "En estética Antelo se hace una depuración de toxinas del cuerpo a través de la hidrolinfa y los pies sumergidos en agua.Se hace una campo magnético donde el agua va cambiando de color y desentoxicando todo nuestro organismo.Vale como terapia para el colesterol,diabetes,estrés,insomnio,ansiedad,pies de elefante,migrañas,depuración de todos los órganos(higado,riñón,corazón...)F"
        }
    ]
}