{
    "adid": null, 
    "name": "Corto y Cambio", 
    "name_of_contact": "Corto y Cambio", 
    "scrape_page": "https://www.bucmi.com/cortoycambio", 
    "business_website": "https://www.bucmi.com/cortoycambio", 
    "areas_covered": null, 
    "description": "Es un salón ubicado en el corazón de Malasaña, junto a la plaza dos de mayo. Ofrecemos peluquería creativa y el estilo que mas se adapte a tu personalidad, tipode cabello y forma de vida. Disfruta de los mejores tratamientos de belleza y peluquería.", 
    "img_link": [
        "https://d1nd15w2k87kz0.cloudfront.net/Uploads/635981283938688848.jpg", 
        "https://d1nd15w2k87kz0.cloudfront.net/Uploads/635981283943608896.jpg", 
        "https://d1nd15w2k87kz0.cloudfront.net/Uploads/635981283972997563.jpg", 
        "https://d1nd15w2k87kz0.cloudfront.net/Uploads/635981283973207812.jpg", 
        "https://d1nd15w2k87kz0.cloudfront.net/Uploads/635981284011986503.jpg", 
        "https://d1nd15w2k87kz0.cloudfront.net/Uploads/635981284013126447.jpg", 
        "https://d1nd15w2k87kz0.cloudfront.net/Uploads/636132602534283464.jpg", 
        "https://d1nd15w2k87kz0.cloudfront.net/Uploads/636132603042866733.jpg", 
        "https://d1nd15w2k87kz0.cloudfront.net/Uploads/636132603184582606.jpg", 
        "https://d1nd15w2k87kz0.cloudfront.net/Uploads/636132603485826436.jpg", 
        "https://d1nd15w2k87kz0.cloudfront.net/Uploads/636132603551293742.jpg", 
        "https://d1nd15w2k87kz0.cloudfront.net/Uploads/636132603910192585.jpg", 
        "https://d1nd15w2k87kz0.cloudfront.net/Uploads/636132604087376384.jpg", 
        "https://d1nd15w2k87kz0.cloudfront.net/Uploads/636132604112063635.jpg", 
        "https://d1nd15w2k87kz0.cloudfront.net/Uploads/636132604146906397.jpg", 
        "https://d1nd15w2k87kz0.cloudfront.net/Uploads/636132604345339997.jpg", 
        "https://d1nd15w2k87kz0.cloudfront.net/Uploads/636132604392370220.jpg", 
        "https://d1nd15w2k87kz0.cloudfront.net/Uploads/636132604569085302.jpg", 
        "https://d1nd15w2k87kz0.cloudfront.net/Uploads/636132604608146939.jpg", 
        "https://d1nd15w2k87kz0.cloudfront.net/Uploads/636132604658145912.jpg", 
        "https://d1nd15w2k87kz0.cloudfront.net/Uploads/636132604740019267.jpg", 
        "https://d1nd15w2k87kz0.cloudfront.net/Uploads/636132605068293738.jpg", 
        "https://d1nd15w2k87kz0.cloudfront.net/Uploads/636132605207040853.jpg", 
        "https://d1nd15w2k87kz0.cloudfront.net/Uploads/636132605285945671.jpg", 
        "https://d1nd15w2k87kz0.cloudfront.net/Uploads/636132605335007153.jpg", 
        "https://d1nd15w2k87kz0.cloudfront.net/Uploads/636156700983723051.jpg"
    ], 
    "hqdb_featured_ad_type": "Featured", 
    "hqdb_nr_reviews": "394", 
    "hqdb_review_score": "9,3", 
    "accreditations": null, 
    "category": null, 
    "subcategory": null, 
    "street": "C/ Alicante, 3", 
    "city": "Madrid", 
    "zipcode": "28004", 
    "formatted_address": "C/ Alicante, 3, Madrid, 28004", 
    "country": "es", 
    "office_number": "915945190", 
    "office_number2": null, 
    "mobile_number": null, 
    "mobile_number2": null, 
    "unidentified_phone_numbers": null, 
    "latitude": "40.4272595000", 
    "longitude": "-3.7035408000", 
    "business_email": null, 
    "yelp_page": null, 
    "facebook": null, 
    "twitter": null, 
    "instagram": null, 
    "venue_images": "https://d1nd15w2k87kz0.cloudfront.net/Logotipos/635981382597055108.jpg", 
    "opening_hours_raw": null, 
    "pricelist_link": null, 
    "services": [
        {
            "service_category": "Preferente", 
            "service": "Mechas, Corte Y Secado Pelo Largo", 
            "duration": 5400, 
            "price": "110 € ", 
            "description": "Tu pack para sentirte guapa, bien...y cambiar de look. Si notas tu melena aburrida y quieres darle un poco de vida, reserva online nuestro completo servicio para tu belleza capilar. Incluye las mechas de tendencia, el corte asesorado, el lavado con champú e hidratación y el secado de la melena. Te encantará el resultado"
        }, 
        {
            "service_category": "Peluquería", 
            "service": "Corte, Tratamiento Ácido Hialuronico Y Secado", 
            "duration": 3600, 
            "price": "60 € ", 
            "description": "Con aceite de argán, manteca de karité y extracto de uva.Efecto anti-oxidante que retrasa el envejecimiento del cabello.Alto contenido de ácido hialurónico con efecto rejuvenecedor e hidratante. Incluye el corte y secado. Todo con productos Abril ET Natura y Redken."
        }, 
        {
            "service_category": "Peluquería", 
            "service": "Corte, Tratamiento Capilar Baño De Bótox Y Secado", 
            "duration": 3600, 
            "price": "60 € ", 
            "description": "Ideal para cabellos finos, ya que aporta fuerza, volumen y rellena el cabello desde el cortex. Los resultados visibles desde la primera aplicación. ¡Olvídate de un pelo quebradizo y sin vitalidad! Incluye el secado y corte. Todo con productos Abril ET Natura y Redken."
        }, 
        {
            "service_category": "Peluquería", 
            "service": "Corte, Tratamiento Capilar Baño De Brillo Y Secado", 
            "duration": 3600, 
            "price": "60 € ", 
            "description": "Tratamiento para aportar brillo, suavidad y fuerza al cabello, va incluido el secado y el Corte. Perfecto para sanear tu cabello y aportar un toque de vitalidad al mismo. ¡Te encantará! Todo con productos Abril ET Natura y Redken. No lo dudes y haz tu reserva en nuestro exclusivo salón de corto y cambio."
        }, 
        {
            "service_category": "Peluquería", 
            "service": "Tratamiento De Hidratación, Corte Y Secado", 
            "duration": 3600, 
            "price": "60 € ", 
            "description": "Tratamiento de máxima hidratación y reconstrucción para tu pelo seco y dañado. No esperes más para lucir un cabello bonito, brillante con este baño de vida. El servicio incluye el tratamiento en sí, el lavado con champú e hidratación y el secado de la melena. Te encantará el resultado. Todo con productos Abril ET Natura y Redken."
        }, 
        {
            "service_category": "Peluquería", 
            "service": "Color, Corte Y Secado", 
            "duration": 5400, 
            "price": "70 € ", 
            "description": "Te presentamos el pack perfecto para ti, el servicio que hará que estés más guap@ que nunca. Este completo paquete de belleza incluye la coloración asesorada, corte de tendencia, lavado con champú e hidratación y peinado definido de la melena. Saldrás perfecta de nuestra peluquería. Todo con productos Abril et Nature y Redken. No incluye colores fantasía, ni tonos de aclarado que haya que utilizar decoloración. Para ese tipo de coloración, mejor llamar al salón."
        }, 
        {
            "service_category": "Peluquería", 
            "service": "Color Y Secado", 
            "duration": 3600, 
            "price": "38 € ", 
            "description": "En el precio del servicio se incluye hidratación y secado. Casa de color abril et nature y redken, escoge la coloración que prefieras o dejate asesorar por nuestros profesionales estilistas que te aconsejarán el color más acorde a tu estilo. No incluye colores fantasía, ni tonos de aclarado que haya que utilizar decoloración. Para ese tipo de coloración, mejor llamar al salón."
        }, 
        {
            "service_category": "Peluquería", 
            "service": "Corte De Pelo Hombre", 
            "duration": 1800, 
            "price": "23 € ", 
            "description": "¡Cambia tu estilo y estrena nuevo look! En Corto y Cambio tu imagen nos importa, y por eso te ofreceremos lo que necesitas según tu estilo e imagen. Déjate asesorar por los mejores estilistas del sector. ¡Y que no se diga que a los hombres no les gusta cuidar de su imagen! Todo con productos Abril ET Natura y Redken."
        }, 
        {
            "service_category": "Peluquería", 
            "service": "Mechas Balayage Y Secado Pelo Corto Y Media M", 
            "duration": 5400, 
            "price": "55 € ", 
            "description": "Mechas balayage: aclarado de cabello en degradado sin que se noten cortes de color media melena (altura del hombro). Este completo servicio incluye las mechas de tendencia, a más puro estilo de las celebrities, lavado con champú e hidratación y el secado de la melena. Todo con productos Abril ET Nature y Redken. Especificar la cantidad de pelo, ya que variaría el precio del servicio. Si es necesario o se quiere poner un protector para el pelo, se pagará a parte."
        }, 
        {
            "service_category": "Peluquería", 
            "service": "Mechas Balayage Y Secado Pelo Largo", 
            "duration": 5400, 
            "price": "70 € ", 
            "description": "Mechas balayage: aclarado de cabello de manera en degradado sin que se noten cortes, de color (melena larga). Este servicio completo incluye las mechas de tendencia, a más puro estilo de las celebrities, lavado con champú e hidratación y el secado de la melena. Todo con productos Abril ET Nature y Redken. Especificar la cantidad de pelo, ya que variaría el precio del servicio. Si es necesario o se quiere poner un protector para el pelo, se pagará a parte."
        }, 
        {
            "service_category": "Peluquería", 
            "service": "Mechas Balayage, Corte Y Secado Corto-Media Melena", 
            "duration": 5400, 
            "price": "115 € ", 
            "description": "Las mechas balayage siguen siendo tendencia. Pon tu cabello en manos de los mejores profesionales. Este completo servicio de iluminación incluye las mechas balayage, corte asesorado, lavado con champú e hidratación y el secado de la melena. Todo con productos Abril ET Natura y Redken. Especificar la cantidad de pelo, ya que variaría el precio del servicio. Si es necesario o se quiere poner un protector para el pelo, se pagará a parte.Media melena, es melena por los hombros."
        }, 
        {
            "service_category": "Peluquería", 
            "service": "Mechas Balayage, Corte Y Secado Pelo Largo", 
            "duration": 5400, 
            "price": "130 € ", 
            "description": "Tendencia en coloración para tu melena. Incluye secado e hidratación. Dale un toque de luz a tu pelo gracias al degradado de moda. Este completo servicio de iluminación incluye las mechas balayage, corte asesorado, lavado con champú e hidratación y el secado de la melena. Todo con productos Abril ET Natura y Redken. Especificar la cantidad de pelo, ya que variaría el precio del servicio. Si es necesario o se quiere poner un protector para el pelo, se pagará a parte. Melena desde el hombro."
        }, 
        {
            "service_category": "Peluquería", 
            "service": "Mechas Y Secado Media Melena", 
            "duration": 5400, 
            "price": "45 € ", 
            "description": "Si lo que buscas es dar un toque de luz a tu melena ¡Nosotros te decimos cómo! Reserva a golpe de clic y escoge el color según tu estilo. Mechas media melena: pocas mechas o melenas medias. El servicio incluye las mechas de tendencia, el lavado con champú e hidratación y el secado de la melena. Todo con productos Abril ET Natura y Redken."
        }, 
        {
            "service_category": "Peluquería", 
            "service": "Mechas Y Secado Pelo Largo", 
            "duration": 5400, 
            "price": "60 € ", 
            "description": "Si lo que buscas es dar un toque de luz a tu melena ¡Nosotros te decimos cómo! Reserva a golpe de clic y escoge el color según tu estilo. Mechas melena larga: muchas mechas o melenas largas. El servicio incluye las mechas tradicionales, el lavado de la melena con champú e hidratación y el secado e la melena. Todo con productos Abril ET Natura y Redken."
        }, 
        {
            "service_category": "Peluquería", 
            "service": "Mechas, Corte Y Secado Media Melena", 
            "duration": 5400, 
            "price": "90 € ", 
            "description": "Tu pack para sentirte guapa, bien...y cambiar de look. Si notas tu melena aburrida y quieres darle un poco de vida, reserva online nuestro completo servicio para tu belleza capilar. Incluye las mechas de tendencia, el corte asesorado, el lavado con champú e hidratación y el secado de la melena. Te encantará el resultado. Todo con productos Abril ET Natura y Redken."
        }, 
        {
            "service_category": "Peluquería", 
            "service": "Mechas, Corte Y Secado Pelo Largo", 
            "duration": 5400, 
            "price": "110 € ", 
            "description": "Tu pack para sentirte guapa, bien...y cambiar de look. Si notas tu melena aburrida y quieres darle un poco de vida, reserva online nuestro completo servicio para tu belleza capilar. Incluye las mechas de tendencia, el corte asesorado, el lavado con champú e hidratación y el secado de la melena. Te encantará el resultado"
        }, 
        {
            "service_category": "Peluquería", 
            "service": "Peinado", 
            "duration": 1800, 
            "price": "25 € ", 
            "description": "¿Tienes un evento especial? Ponte guap@ para cualquier ocasión de la mano de los mejores estilistas cualificados. El servicio incluye un lavado previo de la melena con champú e hidratación y el peinado. No incluye peinados elaborados ni recogidos ni semirecogidos. Todo con productos Abril ET Natura y Redken."
        }, 
        {
            "service_category": "Peluquería", 
            "service": "Tratamiento Capilar De Queratina", 
            "duration": 10800, 
            "price": "185 € ", 
            "description": "¡Tratamiento para cabellos encrespados y rebeldes! Reduce volumen, quita el encrespado 100%, aporta brillo y sensación de seda (no queda apelmazado aspecto natural) lo suficiente para estar peinada nada más con un golpe de secador en casa. Se determinara el precio en el salon dependiendo del largo y cantidad de cada persona!"
        }, 
        {
            "service_category": "Peluquería", 
            "service": "Tto Capilar Baño De Ácido Hialuronico Y Secado", 
            "duration": 1800, 
            "price": "25 € ", 
            "description": "Compuesto de aceite de argán, manteca de karité y extracto de uva.Efecto anti-oxidante que retrasa el envejecimiento del cabello.Alto contenido de ácido hialurónico con efecto rejuvenecedor e hidratante. Además, te incluye el secado natural de la melena para que salgas perfecta de nuestro salón. Todo con productos Abril ET Nature y Redken."
        }, 
        {
            "service_category": "Peluquería", 
            "service": "Tto Capilar Baño De Botox Y Secado", 
            "duration": 1800, 
            "price": "20 € ", 
            "description": "Perfecto para cabellos finos ya que aporta volumen y rellena el cabello desde el cortex. Resultados visibles desde la primera aplicación. ¡Olvídate de un pelo quebradizo y sin vitalidad! Además, te incluye el secado natural de la melena para que salgas perfecta de nuestro salón. Todo con productos Abril ET Natura y Redken."
        }, 
        {
            "service_category": "Peluquería", 
            "service": "Tto Capilar Baño De Brillo Y Secado", 
            "duration": 1800, 
            "price": "20 € ", 
            "description": "Tratamiento para aportar brillo al cabello. Contiene colágeno y va incluido el secado. Conseguirás máxima hidratación y reconstrucción para tu pelo seco y dañado. Además, te incluye el secado natural de la melena para que salgas perfecta de nuestro salón. Todo con productos Abril ET Natura y Redken."
        }, 
        {
            "service_category": "Peluquería", 
            "service": "Corte De Pelo Mujer Y Secado", 
            "duration": 1800, 
            "price": "42 € ", 
            "description": "Disfruta de los estilistas mejor cualificados, que sacarán lo mejor de ti según tu estilo. Apuesta por el cambio y luce un look siempre a la última. Incluye: lavar, hidratación, cortar Y secado natural. No lo dudes más y haz tu reserva con nosotros. Todo ello gracias a Bucmi.com. Todo con productos Abril ET Nature y Redken."
        }
    ]
}