{
    "adid": null, 
    "name": "BE Belleza en 30 Minutos", 
    "name_of_contact": "BE Belleza en 30 Minutos", 
    "scrape_page": "https://www.bucmi.com/bebelleza", 
    "business_website": "https://www.bucmi.com/bebelleza", 
    "areas_covered": null, 
    "description": "El centro de estética BE Belleza en 30 Minutos situado en Hortaleza, Madrid, sumérgete en un mundo de relajación y di adiós al estrés de la mano de los mejores profesionales. Encontrarás tratamientos faciales y corporales para mejorar tu piel.", 
    "img_link": [
        "https://d1nd15w2k87kz0.cloudfront.net/Uploads/635985023646099427.jpg", 
        "https://d1nd15w2k87kz0.cloudfront.net/Uploads/635985023733756371.jpg", 
        "https://d1nd15w2k87kz0.cloudfront.net/Uploads/635985023761465333.jpg", 
        "https://d1nd15w2k87kz0.cloudfront.net/Uploads/635985023787304421.jpg", 
        "https://d1nd15w2k87kz0.cloudfront.net/Uploads/635985023810013342.jpg"
    ], 
    "hqdb_featured_ad_type": "Featured", 
    "hqdb_nr_reviews": "7", 
    "hqdb_review_score": "10,0", 
    "accreditations": null, 
    "category": null, 
    "subcategory": null, 
    "street": null, 
    "city": "Madrid", 
    "zipcode": "28033", 
    "formatted_address": "Madrid, 28014, Madrid, 28005, Madrid, 28016, Madrid, 28020, Madrid, 28002, Madrid, 28010, Madrid, 28033", 
    "country": "es", 
    "office_number": "918284196", 
    "office_number2": null, 
    "mobile_number": null, 
    "mobile_number2": null, 
    "unidentified_phone_numbers": null, 
    "latitude": "40.4753346000", 
    "longitude": "-3.6491479000", 
    "business_email": null, 
    "yelp_page": null, 
    "facebook": null, 
    "twitter": null, 
    "instagram": null, 
    "venue_images": "https://d1nd15w2k87kz0.cloudfront.net/Logotipos/635985027684280478.jpg", 
    "opening_hours_raw": null, 
    "pricelist_link": null, 
    "services": [
        {
            "service_category": "Preferente", 
            "service": "Be Water Tto Facial", 
            "duration": 1800, 
            "price": "19,9 € ", 
            "description": "Hidrata tu piel con un tratamiento de hidratación básica de 30 minutos. Nuestro tratamiento BE Water Facial es váilido para todo tipo de pieles e incluye una limpieza, una exfoliación, tratamiento con ácido hialurónico, mascarilla y masaje."
        }, 
        {
            "service_category": "Preferente", 
            "service": "Depilación Cera Piernas Completas, Ingles Y Axilas", 
            "duration": 3600, 
            "price": "40,5 € ", 
            "description": "Depilación con cera de alta calidad para cuidar al máximo tu piel. Aplicación de producto Decléor altamente calmante y regenerante tras la depilación."
        }, 
        {
            "service_category": "Preferente", 
            "service": "Tratamiento Corporal Reductor Aroma Svelt", 
            "duration": 1800, 
            "price": "34,9 € ", 
            "description": "Te sorprenderá el efecto reductor y reafirmante de este tratamiento corporal, que se basa en la acción de la esencia de pomelo y aroma de cítricos. Con él reducirás la celulitis y la piel de naranja. Reserva ahora online."
        }, 
        {
            "service_category": "Preferente", 
            "service": "Tratamiento Facial Antiedad Prolagene Lift", 
            "duration": 1800, 
            "price": "34,9 € ", 
            "description": "Este tratamiento de Decleor esta especialmente pensado para reducir los signos de la edad y conseguir un efecto reafirmante. El tratamiento se realiza con aceite esencial de iris, realizando un masaje, y aplicando una mascarilla efecto lifting."
        }, 
        {
            "service_category": "Preferente", 
            "service": "Tratamiento Facial Hydrafloral+Extracción", 
            "duration": 2700, 
            "price": "42,8 € ", 
            "description": "Tratamiento facial Hydrafloral de Decléor con extracción de impurezas respetando en todo momento la piel y empleando productos de alta calidad para evitar las rojeces tras finalizar el tratamiento. Tu piel lucírá completamente luminosa gracias a los aceites esenciales y las maniobras de masaje adaptadas a tu tipología de piel."
        }, 
        {
            "service_category": "Preferente", 
            "service": "Tto Corporal Cuerpo Descansado", 
            "duration": 1800, 
            "price": "24,9 € ", 
            "description": "Masaje personalizado corporal, adaptado según el diagnóstico, que combina maniobras de múltiples técnicas de masaje según el efecto deseado. Personalizaremos el masaje con bálsamos Decléor y aceites esenciales de diversa composición para adaptar el masaje a la necesidad de la piel en cada momento. Tu cuerpo quedará inmerso en un profundo descanso."
        }, 
        {
            "service_category": "Estética", 
            "service": "Be Water Tto Facial", 
            "duration": 1800, 
            "price": "19,9 € ", 
            "description": "Hidrata tu piel con un tratamiento de hidratación básica de 30 minutos. Nuestro tratamiento BE Water Facial es váilido para todo tipo de pieles e incluye una limpieza, una exfoliación, tratamiento con ácido hialurónico, mascarilla y masaje."
        }, 
        {
            "service_category": "Estética", 
            "service": "Limpieza De Espalda", 
            "duration": 2700, 
            "price": "47,8 € ", 
            "description": "Tratamiento purificante de espalda con extracción para la eliminación de impurezas, realizado con producto Decléor adaptando los aceites esenciales a la tipología de la piel de esta zona y realizando un masaje personalizado que combina maniobras descontracturantes y drenantes para calmar y relajar la tensión.al mismo tiempo que desintoxicamos la piel."
        }, 
        {
            "service_category": "Estética", 
            "service": "Tratamiento Corporal Reductor Aroma Svelt", 
            "duration": 1800, 
            "price": "34,9 € ", 
            "description": "Te sorprenderá el efecto reductor y reafirmante de este tratamiento corporal, que se basa en la acción de la esencia de pomelo y aroma de cítricos. Con él reducirás la celulitis y la piel de naranja. Reserva ahora online."
        }, 
        {
            "service_category": "Estética", 
            "service": "Tratamiento Facial Antiedad Prolagene Lift", 
            "duration": 1800, 
            "price": "34,9 € ", 
            "description": "Este tratamiento de Decleor esta especialmente pensado para reducir los signos de la edad y conseguir un efecto reafirmante. El tratamiento se realiza con aceite esencial de iris, realizando un masaje, y aplicando una mascarilla efecto lifting."
        }, 
        {
            "service_category": "Estética", 
            "service": "Tratamiento Facial Aurabsolu", 
            "duration": 1800, 
            "price": "32,9 € ", 
            "description": "Ritual facial de luminosidad para eliminar los signos del estrés y la fatiga en la piel. Trabajaremos con absoluto de jazmín, especialmente indicado para equilibrar el sistema nervioso y reflejar la luminosidad de la piel, en un ritual que asemeja la reparación que tiene la piel durante un sueño profundo para conseguir un potente efecto regenerador."
        }, 
        {
            "service_category": "Estética", 
            "service": "Tratamiento Facial Hidratante Hydrafloral", 
            "duration": 1800, 
            "price": "29,9 € ", 
            "description": "Más que un tratamiento, este servicio contiene todo un ritual de belleza para tu rostro. Durante el tratamiento realizamos una hidratación profunda con productos de la marca Decleor. Incluye una exfoliación profesional física y química, un masaje realizado con distintas presiones y el tratamiento con productos específicos."
        }, 
        {
            "service_category": "Estética", 
            "service": "Tratamiento Facial Hydrafloral+Extracción", 
            "duration": 2700, 
            "price": "42,8 € ", 
            "description": "Tratamiento facial Hydrafloral de Decléor con extracción de impurezas respetando en todo momento la piel y empleando productos de alta calidad para evitar las rojeces tras finalizar el tratamiento. Tu piel lucírá completamente luminosa gracias a los aceites esenciales y las maniobras de masaje adaptadas a tu tipología de piel."
        }, 
        {
            "service_category": "Estética", 
            "service": "Tratamiento Facial Pieles Sensibles Harmonie Calm", 
            "duration": 1800, 
            "price": "29,9 € ", 
            "description": "Si la piel de tu cutis es altamente sensible o la notas muy irritada últimamente, ponte en las mejores manos para realizarte el mejor cuidado. Este tratamiento realizado con productos Decleor incluye una exfoliación suave, mascarilla específica y un masaje realizado con aceite esencial de rosa."
        }, 
        {
            "service_category": "Estética", 
            "service": "Tto Corporal Cuerpo Descansado", 
            "duration": 1800, 
            "price": "24,9 € ", 
            "description": "Masaje personalizado corporal, adaptado según el diagnóstico, que combina maniobras de múltiples técnicas de masaje según el efecto deseado. Personalizaremos el masaje con bálsamos Decléor y aceites esenciales de diversa composición para adaptar el masaje a la necesidad de la piel en cada momento. Tu cuerpo quedará inmerso en un profundo descanso."
        }, 
        {
            "service_category": "Estética", 
            "service": "Tto Facial Labios Sensuales", 
            "duration": 1800, 
            "price": "24,9 € ", 
            "description": "Tratamiento de contorno de labios especialmente indicado para líneas de expresión y acción reafirmante por el tipo de masaje realizado, centrado en maniobras de tonificación y estimulación muscular del contorno de labios. Finalmente acabaremos con un bálsamo de incienso para conseguir un efecto luminoso y de nutrición intensa"
        }, 
        {
            "service_category": "Estética", 
            "service": "Tto Facial Purificante Pieles Mixtas/Grasas", 
            "duration": 1800, 
            "price": "29,9 € ", 
            "description": "Con este tratamiento específico para pieles mixtas y grasas reducimos las imperfecciones y equilibramos tu piel. El tratamiento se realiza utilizando aceites esenciales de ylang ylang, entre otros productos."
        }, 
        {
            "service_category": "Estética", 
            "service": "Tto Facial Revitaliza Tu Mirada", 
            "duration": 1800, 
            "price": "24,9 € ", 
            "description": "Tratamiento de contorno de ojos personalizado según el diagnóstico para mejorar bolsas, ojeras, líneas y firmeza según la necesidad de tu piel. Tratamos de manera delicada la piel especialmente fina del contorno de ojos adaptando diferentes técnicas de masaje según las necesidades y empleando producto Decléor especialmente indicado para esta zona.."
        }, 
        {
            "service_category": "Depilación", 
            "service": "Be Water Tto Facial", 
            "duration": 1800, 
            "price": "19,9 € ", 
            "description": "Hidrata tu piel con un tratamiento de hidratación básica de 30 minutos. Nuestro tratamiento BE Water Facial es váilido para todo tipo de pieles e incluye una limpieza, una exfoliación, tratamiento con ácido hialurónico, mascarilla y masaje."
        }, 
        {
            "service_category": "Depilación", 
            "service": "Limpieza De Espalda", 
            "duration": 2700, 
            "price": "47,8 € ", 
            "description": "Tratamiento purificante de espalda con extracción para la eliminación de impurezas, realizado con producto Decléor adaptando los aceites esenciales a la tipología de la piel de esta zona y realizando un masaje personalizado que combina maniobras descontracturantes y drenantes para calmar y relajar la tensión.al mismo tiempo que desintoxicamos la piel."
        }, 
        {
            "service_category": "Depilación", 
            "service": "Tratamiento Corporal Reductor Aroma Svelt", 
            "duration": 1800, 
            "price": "34,9 € ", 
            "description": "Te sorprenderá el efecto reductor y reafirmante de este tratamiento corporal, que se basa en la acción de la esencia de pomelo y aroma de cítricos. Con él reducirás la celulitis y la piel de naranja. Reserva ahora online."
        }
    ]
}