{
    "adid": null, 
    "name": "MG Estilistas", 
    "name_of_contact": "MG Estilistas", 
    "scrape_page": "https://www.bucmi.com/mgestilistas", 
    "business_website": "https://www.bucmi.com/mgestilistas", 
    "areas_covered": null, 
    "description": "En MG estilistas encontrarás algo más que una peluquería y estética unisex ya que trabajamos siempre con un exquisito mimo y sobretodo nuestra intención es asesorarte en todo momento. Ven a ver nuestro centro de Prosperidad y reserva nuestros cortes.", 
    "img_link": [
        "https://d1nd15w2k87kz0.cloudfront.net/Uploads/636233206253537959.jpg", 
        "https://d1nd15w2k87kz0.cloudfront.net/Uploads/636233209323422575.jpg", 
        "https://d1nd15w2k87kz0.cloudfront.net/Uploads/636233209628889958.jpg", 
        "https://d1nd15w2k87kz0.cloudfront.net/Uploads/636233209801948557.jpg", 
        "https://d1nd15w2k87kz0.cloudfront.net/Uploads/636233209990726993.jpg", 
        "https://d1nd15w2k87kz0.cloudfront.net/Uploads/636233210167295040.jpg", 
        "https://d1nd15w2k87kz0.cloudfront.net/Uploads/636233210356263857.jpg", 
        "https://d1nd15w2k87kz0.cloudfront.net/Uploads/636233210562892317.jpg", 
        "https://d1nd15w2k87kz0.cloudfront.net/Uploads/636233210796480255.jpg", 
        "https://d1nd15w2k87kz0.cloudfront.net/Uploads/636233211226336212.jpg"
    ], 
    "hqdb_featured_ad_type": "Featured", 
    "hqdb_nr_reviews": "1", 
    "hqdb_review_score": "8,0", 
    "accreditations": null, 
    "category": null, 
    "subcategory": null, 
    "street": "C/ Nieremberg, 4", 
    "city": "Madrid", 
    "zipcode": "28002", 
    "formatted_address": "C/ Nieremberg, 4, Madrid, 28002", 
    "country": "es", 
    "office_number": "914138184", 
    "office_number2": null, 
    "mobile_number": null, 
    "mobile_number2": null, 
    "unidentified_phone_numbers": null, 
    "latitude": "40.4468788000", 
    "longitude": "-3.6708257999", 
    "business_email": null, 
    "yelp_page": null, 
    "facebook": null, 
    "twitter": null, 
    "instagram": null, 
    "venue_images": "https://d1nd15w2k87kz0.cloudfront.net/Logotipos/636233734353659724.jpg", 
    "opening_hours_raw": null, 
    "pricelist_link": null, 
    "services": [
        {
            "service_category": "Preferente", 
            "service": "Corte De Pelo Para Hombre", 
            "duration": 1800, 
            "price": "11 € ", 
            "description": "Reserva nuestro servicio masculino que incluye el lavado, el corte y el peinado final. Déjate asesorar por la profesionalidad de nuestros profesionales de Mg estilistas. ¡No lo dudes más y ven a conocernos!"
        }, 
        {
            "service_category": "Preferente", 
            "service": "Corte De Pelo Para Mujer", 
            "duration": 1800, 
            "price": "12 € ", 
            "description": "¿Necesitas sanear y dar movimiento a tu melena? ¡Reserva este servicio! Incluye el corte, el lavado con masaje craneal más una crema hidratante para lucir una melena radiante. No incluye peinado."
        }, 
        {
            "service_category": "Preferente", 
            "service": "Corte De Pelo Para Mujer Con Hidratación", 
            "duration": 2700, 
            "price": "18,5 € ", 
            "description": "Si tienes el pelo seco, con las puntas estropeadas en Mg estilistas te aconsejamos este servicio. Incluye el lavado con un masaje craneal y tratamiento exclusivo de hidratación que consta en un mus presentado a 'modo cocktail' que dispone de la textura del helado compuesto por aceite de argán. ¡Quedarás encantada!"
        }, 
        {
            "service_category": "Peluquería", 
            "service": "Corte De Pelo Para Mujer Y Peinado Pelo Largo", 
            "duration": 2700, 
            "price": "31 € ", 
            "description": "El servicio incluye cortar, lavado, masaje craneal más una crema hidratante para lucir una melena radiante y peinado para finalizar en pelo largo. Consulta con nuestros profesionales para cualquier duda que tengas."
        }, 
        {
            "service_category": "Peluquería", 
            "service": "Mechas Californianas", 
            "duration": 900, 
            "price": "23 € ", 
            "description": "El servicio incluye mechas californianas y lavado y en caso de que fuera necesario matizar , déjate asesorar por los mejores profesionales y luce unas mechas californianas espectaculares. No incluye peinado."
        }, 
        {
            "service_category": "Peluquería", 
            "service": "Corte De Pelo Para Hombre", 
            "duration": 1800, 
            "price": "11 € ", 
            "description": "Reserva nuestro servicio masculino que incluye el lavado, el corte y el peinado final. Déjate asesorar por la profesionalidad de nuestros profesionales de Mg estilistas. ¡No lo dudes más y ven a conocernos!"
        }, 
        {
            "service_category": "Peluquería", 
            "service": "Corte De Pelo Para Mujer", 
            "duration": 1800, 
            "price": "12 € ", 
            "description": "¿Necesitas sanear y dar movimiento a tu melena? ¡Reserva este servicio! Incluye el corte, el lavado con masaje craneal más una crema hidratante para lucir una melena radiante. No incluye peinado."
        }, 
        {
            "service_category": "Peluquería", 
            "service": "Corte De Pelo Para Mujer Con Hidratación", 
            "duration": 2700, 
            "price": "18,5 € ", 
            "description": "Si tienes el pelo seco, con las puntas estropeadas en Mg estilistas te aconsejamos este servicio. Incluye el lavado con un masaje craneal y tratamiento exclusivo de hidratación que consta en un mus presentado a 'modo cocktail' que dispone de la textura del helado compuesto por aceite de argán. ¡Quedarás encantada!"
        }, 
        {
            "service_category": "Peluquería", 
            "service": "Corte De Pelo Para Mujer Y Peinado Corto/Medio", 
            "duration": 2700, 
            "price": "29 € ", 
            "description": "El servicio incluye cortar, lavado, masaje craneal más una crema hidratante para lucir una melena radiante y peinado para finalizar en pelo corto o media melena. Consulta con nuestros profesionales para cualquier duda que tengas."
        }, 
        {
            "service_category": "Peluquería", 
            "service": "Corte De Pelo Para Mujer Y Pigmentos", 
            "duration": 2700, 
            "price": "19 € ", 
            "description": "Servicio recomendado para chicas jóvenes que lo que pretenden conseguir es matizar el tinte. Incluye el lavado con un masaje craneal y tratamiento exclusivo que consta en un mousse presentado a 'modo cocktail' que dispone de la textura del helado compuesto por pigmentos para matizar el cabello ¡Descúbrelo!"
        }, 
        {
            "service_category": "Peluquería", 
            "service": "Peinar Y Lavar Pelo Corto Medio", 
            "duration": 1800, 
            "price": "17 € ", 
            "description": "Dale un capricho a tu melena con este pack que incluye el lavado, un masaje craneal, mascarilla hidratante específica para cada cabello y el peinado que más te guste para que puedas lucir una melena radiante."
        }, 
        {
            "service_category": "Peluquería", 
            "service": "Peinar Y Lavar Pelo Largo", 
            "duration": 1800, 
            "price": "19 € ", 
            "description": "Dale un capricho a tu melena con este pack que incluye el lavado, un masaje craneal, mascarilla hidratante específica para cada cabello y el peinado que más te guste para que puedas lucir una melena radiante."
        }, 
        {
            "service_category": "Peluquería", 
            "service": "Tinte", 
            "duration": 7200, 
            "price": "24 € ", 
            "description": "Con nuestros tintes podrás hacer desaparecer esas dichosas canas que tanto odiamos y a su vez podrás disfrutar de un pelo radiante e hidratado de una manera espectacular. ¡No lo dudes y reserva ahora!"
        }, 
        {
            "service_category": "Depilación", 
            "service": "Depilación Cejas Con Cera", 
            "duration": 900, 
            "price": "6 € ", 
            "description": "Luce una mirada perfectas gracias a nuestra depilación con cera para tus cejas. Nuestros profesionales eliminarán los pelillos sueltos y conseguiremos una mirada limpia y clara. ¿A qué esperas para reservar?"
        }, 
        {
            "service_category": "Depilación", 
            "service": "Depilación Cejas Con Pinzas", 
            "duration": 900, 
            "price": "4 € ", 
            "description": "Presume de una mirada espectacular reservando nuestra depilación de cejas realizado con pinzas. Disponemos de los mejores profesionales en estética para conseguir el acabado perfecto en tus cejas. ¡No lo dudes más y reserva!"
        }, 
        {
            "service_category": "Depilación", 
            "service": "Depilación Cera Labio Superior", 
            "duration": 900, 
            "price": "5 € ", 
            "description": "¿Necesitas eliminar el molesto vello del labio superior? ¡Reserva nuestra depilación con cera indicado para esta zona! Nuestros profesionales te realizarán el servicio con el cuidado y la profesionalidad que te mereces."
        }
    ]
}