{
    "adid": null, 
    "name": "MP Peluqueros", 
    "name_of_contact": "MP Peluqueros", 
    "scrape_page": "https://www.bucmi.com/mppeluqueros", 
    "business_website": "https://www.bucmi.com/mppeluqueros", 
    "areas_covered": null, 
    "description": "MP Peluqueros abrió sus puertas hace más de 10 años en la calle Doctor Fleming 2 de Madrid, muy cerca del Paseo de la Castellana y el Estadio Santiago Bernabéu. Es una peluquería unisex con conciencia ecológica, que apuesta por utilizar marcas bio como Secretos del Agua en sus tratamientos. Su equipo cuenta con una amplia experiencia avalada por años de trabajo dentro y fuera de este salón. Realizan servicios de peluquería, tratamientos faciales y corporales, manicuras, pedicuras y depilaciones. Sus coloraciones naturales con barros y oleopigmentos son uno de sus tratamientos estrella. Además de un amplio espacio de peluquería general, cuenta con una cabina de estética y un área exclusiva de Barbería.", 
    "img_link": [
        "https://d1nd15w2k87kz0.cloudfront.net/Uploads/636299243708465443.jpg", 
        "https://d1nd15w2k87kz0.cloudfront.net/Uploads/636299243746589870.jpg", 
        "https://d1nd15w2k87kz0.cloudfront.net/Uploads/636299243791745358.jpg", 
        "https://d1nd15w2k87kz0.cloudfront.net/Uploads/636299243826901220.jpg", 
        "https://d1nd15w2k87kz0.cloudfront.net/Uploads/636299243859244562.jpg"
    ], 
    "hqdb_featured_ad_type": "Featured", 
    "hqdb_nr_reviews": "27", 
    "hqdb_review_score": "8,9", 
    "accreditations": null, 
    "category": null, 
    "subcategory": null, 
    "street": "C/ Portalegre, 106", 
    "city": "Madrid", 
    "zipcode": "28036", 
    "formatted_address": "C/ Portalegre, 106, Madrid, 28036", 
    "country": "es", 
    "office_number": "914571104", 
    "office_number2": null, 
    "mobile_number": "667506571", 
    "mobile_number2": null, 
    "unidentified_phone_numbers": null, 
    "latitude": "40.4545362000", 
    "longitude": "-3.6888711000", 
    "business_email": null, 
    "yelp_page": null, 
    "facebook": null, 
    "twitter": null, 
    "instagram": null, 
    "venue_images": "https://d1nd15w2k87kz0.cloudfront.net/Logotipos/636282842887707869.jpg", 
    "opening_hours_raw": null, 
    "pricelist_link": null, 
    "services": [
        {
            "service_category": "Preferente", 
            "service": "Bronceado Dha", 
            "duration": 900, 
            "price": "44 € ", 
            "description": "Con caña de azúcar, aloe vera y dha natural que proporciona un bronceado natural y duradero de 8 a 10 días. Rápido, cómodo y con un resultado inmediato. Ponte en las manos de nuestros expertos profesionales de MP Peluqueros y consigue un moreno natural. Este servicio es ideal si tienes un evento especial a última hora al que quieres ir con un bronceado increíble. Reserva tu cita online con esta promoción en tan solo tres clics."
        }, 
        {
            "service_category": "Preferente", 
            "service": "Barro, Corte Y Peinado", 
            "duration": 7200, 
            "price": "85,9 € ", 
            "description": "El servicio Incluye: Tratamiento de color, aplicación del barro ( perfecta armonía en el cabello o cuero cabelludo, color en canas), lavado dermocapilar, masaje, Detox facial express, corte de moda personalizado, últimas tendencias personalizadas y peinado a tu gusto. Todo lo que necesitas para estar perfecta e impecable. Trabajamos con productos de alta calidad de Secretos del Agua. Te encantará el resultado."
        }, 
        {
            "service_category": "Preferente", 
            "service": "Barro, Hidratación Y Secado Natural", 
            "duration": 7200, 
            "price": "70 € ", 
            "description": "Si quieres lucir un colo natural y un perlo hidratado, no dudes en reservar este tratamiento. El servicio incluye coloración de barros natural, hidratación de colágeno y secado natural. Ponte en las manos de nuestros expertos estilistas de MP Peluqueros, y consigue unos resultados únicos en tu melena, gracias a que utilizamos productos de Secretos de Agua, que hidratan tu melena a la vez que la pigmenta. Trabajamos con productos de alta calidad de Secretos del Agua."
        }, 
        {
            "service_category": "Preferente", 
            "service": "Corte Mujer", 
            "duration": 1800, 
            "price": "20 € ", 
            "description": "Si te apetece un cambio de look o tan solo sanea tu melena, ponte en manos de los estilistas de MP Peluqueros. El servicio incluye Lavado capilar, comenzamos con gel purificante, limpiador especifico y masaje relajante para continuar con un bálsamo nutriente, realizamos un facial detox, todo en el lavabo, corte de moda con asesoramiento, últimas tendencias personalizadas y secado natural para eliminar la humedad. No incluye peinado."
        }, 
        {
            "service_category": "Preferente", 
            "service": "Oleopigmentos, Corte Y Peinado", 
            "duration": 9000, 
            "price": "80 € ", 
            "description": "El pack perfecto para un cambio de look con asesoramiento personalizado lo tienes en MP Peluqueros. El servicio Incluye: Tratamiento de color, aplicación del óleo (contiene activos botánicos como elubuntu mafura, planta medicinal sin sustancias químicas ni agresión en el cabello), lavado dermocapilar, masaje, Detox facial express, corte de moda y peinado a tu gusto. Te encantará."
        }, 
        {
            "service_category": "Preferente", 
            "service": "Recogido", 
            "duration": 3600, 
            "price": "50 € ", 
            "description": "Si estás pensado en realizarte un recogido según tu estilo, has llegado al lugar indicado. Si tienes un evento especial, una boda, ceremonia o simplemente quieres verte arreglada, reserva en MP Peluqueros nuestro servicio de recogido, que incluye lavado previo de la melena y peinado antes de realizar el trabajo. Te encantará."
        }, 
        {
            "service_category": "Preferente", 
            "service": "Tratamiento Secretos Del Agua Y Peinado", 
            "duration": 3600, 
            "price": "50 € ", 
            "description": "En MP Peluqueros ponemos a tu disposición un super tratamiento hidratante para que devuelvas la vitalidad y del brillo a tu cabello. Rituales de hidratación capilar. Agua de lluvia (hidronutritivo) o agua de tierra (reconstructor). Lavado dermocapilar, limpiador especifico, ritual de hidratación con terapia de hematites o cuarzos, masaje capilar con facial detox y peinado. Trabajamos con productos de alta calidad de Secretos del Agua. Incluye Peinado."
        }, 
        {
            "service_category": "Peluquería", 
            "service": "Alisado Brasileño", 
            "duration": 5400, 
            "price": "180 € ", 
            "description": "Alisado natural de keratin complex que aporta brillo, suavidad, cabello mas sedoso y facil de peinar. Beneficioso para cabellos teñidos o mechados. No deja efecto raíz, se diluye uniformemente. Tu melena quedara impresionante, natural, cuidada y con brillo. El servicio está incluido para cabellos medios, por lo que dependiendo de la longitud y densidad del cabello, se puede cobrar un suplemento en el salón. Te encantará el resultado."
        }, 
        {
            "service_category": "Peluquería", 
            "service": "Arreglo O Afeitado De Barba", 
            "duration": 2700, 
            "price": "15 € ", 
            "description": "El afeitado de barba no solo es un afeitado en MP Peluqueros ya que hacemos un ritual que empieza desde aceites especiales para suavizar el vello y luego del afeitado y arreglo, realizamos un masaje zen que hace que tu piel luzca brillante y suave. Lo perfecto para disfrutar de un ambiente único y relajarte de la mano de los mejores profesionales del sector. Ponte guapo y reserva cita online en tan solo 3 clics."
        }, 
        {
            "service_category": "Peluquería", 
            "service": "Barro Raiz", 
            "duration": 5400, 
            "price": "60 € ", 
            "description": "Los barros están compuestos de arcillas, minerales y activos botánicos. Estos ingredientes purifican en profundidad la fibra capilar, consiguiendo restaurarla. Además desintoxican nuestro cuero cabelludo, que vuelve a respirar y recupera su función de barrera protectora. La técnica de los Barros aportar color al cabello sin dañarlo respetando su estructura natural al 100% gracias a la marca de Secretos del Agua. El servicio incluye la coloración en raíz."
        }, 
        {
            "service_category": "Peluquería", 
            "service": "Barro, Corte Y Peinado", 
            "duration": 7200, 
            "price": "85,9 € ", 
            "description": "El servicio Incluye: Tratamiento de color, aplicación del barro ( perfecta armonía en el cabello o cuero cabelludo, color en canas), lavado dermocapilar, masaje, Detox facial express, corte de moda personalizado, últimas tendencias personalizadas y peinado a tu gusto. Todo lo que necesitas para estar perfecta e impecable. Trabajamos con productos de alta calidad de Secretos del Agua. Te encantará el resultado."
        }, 
        {
            "service_category": "Peluquería", 
            "service": "Barro, Hidratación Y Secado Natural", 
            "duration": 7200, 
            "price": "70 € ", 
            "description": "Si quieres lucir un colo natural y un perlo hidratado, no dudes en reservar este tratamiento. El servicio incluye coloración de barros natural, hidratación de colágeno y secado natural. Ponte en las manos de nuestros expertos estilistas de MP Peluqueros, y consigue unos resultados únicos en tu melena, gracias a que utilizamos productos de Secretos de Agua, que hidratan tu melena a la vez que la pigmenta. Trabajamos con productos de alta calidad de Secretos del Agua."
        }, 
        {
            "service_category": "Peluquería", 
            "service": "Coloración Pigmento Oleo Raiz", 
            "duration": 5400, 
            "price": "45 € ", 
            "description": "Los Pigmentos al Óleo para aportar color al cabello sin dañarlo respetando su estructura natural y mejorando su fibra capilar. no escuece ni daña el cuero cabelludo 100% natural. Cambia de color y de look con nuestros estilistas de MP Peluqueros sin dañar tu cabello y con un resultado muy natural. El servicio incluye lavado con Champú específico, el color de Secretos del Agua y secado natural para quitar la humedad."
        }, 
        {
            "service_category": "Peluquería", 
            "service": "Corte De Pelo Hombre", 
            "duration": 1800, 
            "price": "20 € ", 
            "description": "Tanto si quieres un cambio de look, como si deseas sanear tu cabello, reserva online tu corte de caballero al mejor precio. Lavado natural, con gel purificante y limpiador especifico, en lavabo efectuamos masaje capilar y corte a tijera o con máquina con asesoramiento personalizado, texturizador y secado natural. Todo lo que necesitas para un cambio de look lo tienes en MP Peluqueros."
        }, 
        {
            "service_category": "Peluquería", 
            "service": "Corte Mujer", 
            "duration": 1800, 
            "price": "20 € ", 
            "description": "Si te apetece un cambio de look o tan solo sanea tu melena, ponte en manos de los estilistas de MP Peluqueros. El servicio incluye Lavado capilar, comenzamos con gel purificante, limpiador especifico y masaje relajante para continuar con un bálsamo nutriente, realizamos un facial detox, todo en el lavabo, corte de moda con asesoramiento, últimas tendencias personalizadas y secado natural para eliminar la humedad. No incluye peinado."
        }, 
        {
            "service_category": "Peluquería", 
            "service": "Corte Mujer Y Peinado", 
            "duration": 3600, 
            "price": "42 € ", 
            "description": "Reserva online tu corte y peinado a través de Bucmi y al mejor precio. El servicio incluye Lavado capilar, comenzamos con gel purificante, limpiador especifico y masaje relajante continuar con bálsamo nutriente mientras su exposición realizamos un facial detox, todo en el lavabo, corte de moda, últimas tendencias personalizadas, texturizador. Incluye peinado. Trabajamos con productos de alta calidad de Secretos del Agua."
        }, 
        {
            "service_category": "Peluquería", 
            "service": "Corte Niñ@Y Peinado Hasta 10 Años.", 
            "duration": 2700, 
            "price": "16 € ", 
            "description": "El pack perfecto para los más pequeños de la casa estén guapos. Corte de moda, lavado y peinado. Ellos también pueden disfrutar yendo a la peluquería. Todo con Bucmi.com. Ven con el peque de la casa a nuestro salón de MP Peluqueros, y disfruta de unos resultados estupendos, gracias a que seguimos las últimas tendencias. Así podrá presumir en el colegio. El servicio es válido para niños de 0 a 10€."
        }, 
        {
            "service_category": "Peluquería", 
            "service": "Corte Niño", 
            "duration": 1800, 
            "price": "13 € ", 
            "description": "Corte de moda, lavado y peinado. Ellos también pueden disfrutar yendo a la peluquería. Todo con Bucmi.com. Ven con el peque de la casa a nuestro salón de MP Peluqueros, y disfruta de unos resultados estupendos, gracias a que seguimos las últimas tendencias. Así podrá presumir en el colegio."
        }, 
        {
            "service_category": "Peluquería", 
            "service": "Lavado Dermocapilar Y Peinado", 
            "duration": 2700, 
            "price": "42 € ", 
            "description": "Lo mejor para tu cabello te lo ofrece MP Peluqueros, que cuidan y miman tu cabello como se merece. Comenzamos con gel purificante, limpiador especifico realizando masaje relajante, seguido bálsamo nutriente y en su exposición obsequiamos con facial detox, todo en lavabo, pasamos a salón y peinado de moda, todos Trabajamos con productos de alta calidad de Secretos del Agua.nuestros productos son 100% naturales."
        }, 
        {
            "service_category": "Peluquería", 
            "service": "Mechas", 
            "duration": 5400, 
            "price": "40 € ", 
            "description": "Colores extra claros, respetando al máximo la estructura del cabello. Diagnóstico, lavado y regulador de porosidad, aplicación al óleo deseado o despigmentante, dependiendo de los tonos a aclarar, lavado y equilibrador del Ph una vez conseguido el color. Trabajamos con productos de alta calidad de Secretos del Agua. Si tienes el cabello extralargo o con mucha densidad, es posible que se cobre un pequeño suplemento en el salón."
        }, 
        {
            "service_category": "Peluquería", 
            "service": "Oleopigmentos, Corte Y Peinado", 
            "duration": 9000, 
            "price": "80 € ", 
            "description": "El pack perfecto para un cambio de look con asesoramiento personalizado lo tienes en MP Peluqueros. El servicio Incluye: Tratamiento de color, aplicación del óleo (contiene activos botánicos como elubuntu mafura, planta medicinal sin sustancias químicas ni agresión en el cabello), lavado dermocapilar, masaje, Detox facial express, corte de moda y peinado a tu gusto. Te encantará."
        }, 
        {
            "service_category": "Peluquería", 
            "service": "Recogido", 
            "duration": 3600, 
            "price": "50 € ", 
            "description": "Si estás pensado en realizarte un recogido según tu estilo, has llegado al lugar indicado. Si tienes un evento especial, una boda, ceremonia o simplemente quieres verte arreglada, reserva en MP Peluqueros nuestro servicio de recogido, que incluye lavado previo de la melena y peinado antes de realizar el trabajo. Te encantará."
        }, 
        {
            "service_category": "Peluquería", 
            "service": "Reflejos: Difuminador Solar Desde", 
            "duration": 5400, 
            "price": "40 € ", 
            "description": "Disfruta aclarando tu cabello con efecto sol, reflejos naturales que respetan la tonalidad y naturaleza interior con nuestro producto unico que no crea efecto raíz si no matices y luces de color uniformes respetando los pigmentos naturales del cabello. El color perdura como el primer dia sin daño quimico. Colores perfectos y bonitos. Luce tu melena con un color de verano. El servicio incluye lavado, color y secado natural."
        }, 
        {
            "service_category": "Peluquería", 
            "service": "Semirrecogido", 
            "duration": 2700, 
            "price": "35 € ", 
            "description": "Si tienes un evento especial, una boda, ceremonia o simplemente quieres verte arreglada, reserva en MP Peluqueros nuestro servicio de semirrecogido, que incluye lavado previo de la melena y peinado antes de realizar el trabajo. Te encantará. Nuestros estilistas analizarán tus facciones y estilo para hacerte el semirecogido perfecto para ti y para cada ocasión. Si es un servicio muy elaborado es posible que se cobre un suplemento en el salón."
        }, 
        {
            "service_category": "Peluquería", 
            "service": "Tratamiento Secretos Del Agua Y Peinado", 
            "duration": 3600, 
            "price": "50 € ", 
            "description": "En MP Peluqueros ponemos a tu disposición un super tratamiento hidratante para que devuelvas la vitalidad y del brillo a tu cabello. Rituales de hidratación capilar. Agua de lluvia (hidronutritivo) o agua de tierra (reconstructor). Lavado dermocapilar, limpiador especifico, ritual de hidratación con terapia de hematites o cuarzos, masaje capilar con facial detox y peinado. Trabajamos con productos de alta calidad de Secretos del Agua. Incluye Peinado."
        }, 
        {
            "service_category": "Estética", 
            "service": "Alisado Brasileño", 
            "duration": 5400, 
            "price": "180 € ", 
            "description": "Alisado natural de keratin complex que aporta brillo, suavidad, cabello mas sedoso y facil de peinar. Beneficioso para cabellos teñidos o mechados. No deja efecto raíz, se diluye uniformemente. Tu melena quedara impresionante, natural, cuidada y con brillo. El servicio está incluido para cabellos medios, por lo que dependiendo de la longitud y densidad del cabello, se puede cobrar un suplemento en el salón. Te encantará el resultado."
        }, 
        {
            "service_category": "Manicura y Pedicura", 
            "service": "Alisado Brasileño", 
            "duration": 5400, 
            "price": "180 € ", 
            "description": "Alisado natural de keratin complex que aporta brillo, suavidad, cabello mas sedoso y facil de peinar. Beneficioso para cabellos teñidos o mechados. No deja efecto raíz, se diluye uniformemente. Tu melena quedara impresionante, natural, cuidada y con brillo. El servicio está incluido para cabellos medios, por lo que dependiendo de la longitud y densidad del cabello, se puede cobrar un suplemento en el salón. Te encantará el resultado."
        }, 
        {
            "service_category": "Manicura y Pedicura", 
            "service": "Arreglo O Afeitado De Barba", 
            "duration": 2700, 
            "price": "15 € ", 
            "description": "El afeitado de barba no solo es un afeitado en MP Peluqueros ya que hacemos un ritual que empieza desde aceites especiales para suavizar el vello y luego del afeitado y arreglo, realizamos un masaje zen que hace que tu piel luzca brillante y suave. Lo perfecto para disfrutar de un ambiente único y relajarte de la mano de los mejores profesionales del sector. Ponte guapo y reserva cita online en tan solo 3 clics."
        }, 
        {
            "service_category": "Depilación", 
            "service": "Alisado Brasileño", 
            "duration": 5400, 
            "price": "180 € ", 
            "description": "Alisado natural de keratin complex que aporta brillo, suavidad, cabello mas sedoso y facil de peinar. Beneficioso para cabellos teñidos o mechados. No deja efecto raíz, se diluye uniformemente. Tu melena quedara impresionante, natural, cuidada y con brillo. El servicio está incluido para cabellos medios, por lo que dependiendo de la longitud y densidad del cabello, se puede cobrar un suplemento en el salón. Te encantará el resultado."
        }, 
        {
            "service_category": "Depilación", 
            "service": "Arreglo O Afeitado De Barba", 
            "duration": 2700, 
            "price": "15 € ", 
            "description": "El afeitado de barba no solo es un afeitado en MP Peluqueros ya que hacemos un ritual que empieza desde aceites especiales para suavizar el vello y luego del afeitado y arreglo, realizamos un masaje zen que hace que tu piel luzca brillante y suave. Lo perfecto para disfrutar de un ambiente único y relajarte de la mano de los mejores profesionales del sector. Ponte guapo y reserva cita online en tan solo 3 clics."
        }, 
        {
            "service_category": "Depilación", 
            "service": "Barro Raiz", 
            "duration": 5400, 
            "price": "60 € ", 
            "description": "Los barros están compuestos de arcillas, minerales y activos botánicos. Estos ingredientes purifican en profundidad la fibra capilar, consiguiendo restaurarla. Además desintoxican nuestro cuero cabelludo, que vuelve a respirar y recupera su función de barrera protectora. La técnica de los Barros aportar color al cabello sin dañarlo respetando su estructura natural al 100% gracias a la marca de Secretos del Agua. El servicio incluye la coloración en raíz."
        }
    ]
}