{
    "adid": null, 
    "name": "Ciabal", 
    "name_of_contact": "Ciabal", 
    "scrape_page": "https://www.bucmi.com/ciabal", 
    "business_website": "https://www.bucmi.com/ciabal", 
    "areas_covered": null, 
    "description": "Ciabal Wellness Center es un oasis de belleza en la zona de Goya de Madrid. Cristina y Marlene Arana, las responsables de Ciabal Wellness, han decorado este espacio con materiales inocuos para la salud y el medio ambiente: algodones y linos naturales y velas de Maison Trudonel. En este templo beauty podrás saborear las mieles de actos pequeños, inofensivos pero profundamente egoístas como una deluxe manicure, un peeling corporal con thaí oil massage o disfrutar de un ritual reequilibrante mientras te miman durante exquisitos minutos en silencio y te hipnotizan con fragancias alquímicas a base de micronizados de flores, hierbas maceradas con hidrolatos y aceites esenciales.", 
    "img_link": [
        "https://d1nd15w2k87kz0.cloudfront.net/Uploads/636282934634015793.jpg", 
        "https://d1nd15w2k87kz0.cloudfront.net/Uploads/636282934646983926.jpg", 
        "https://d1nd15w2k87kz0.cloudfront.net/Uploads/636282934659796714.jpg", 
        "https://d1nd15w2k87kz0.cloudfront.net/Uploads/636282934675265500.jpg", 
        "https://d1nd15w2k87kz0.cloudfront.net/Uploads/636282934689327767.jpg"
    ], 
    "hqdb_featured_ad_type": "Featured", 
    "hqdb_nr_reviews": "36", 
    "hqdb_review_score": "8,7", 
    "accreditations": null, 
    "category": null, 
    "subcategory": null, 
    "street": null, 
    "city": "Madrid", 
    "zipcode": "28001", 
    "formatted_address": "Madrid, 28001", 
    "country": "es", 
    "office_number": "911377619", 
    "office_number2": null, 
    "mobile_number": null, 
    "mobile_number2": null, 
    "unidentified_phone_numbers": null, 
    "latitude": "40.4256661000", 
    "longitude": "-3.6773302000", 
    "business_email": null, 
    "yelp_page": null, 
    "facebook": null, 
    "twitter": null, 
    "instagram": null, 
    "venue_images": "https://d1nd15w2k87kz0.cloudfront.net/Logotipos/636282935591352016.jpg", 
    "opening_hours_raw": null, 
    "pricelist_link": null, 
    "services": [
        {
            "service_category": "Preferente", 
            "service": "Masaje Corporal Piedras Calientes 55 Minutos", 
            "duration": 3600, 
            "price": "80 € ", 
            "description": "Esta terapia combina el masaje terapéutico tradicional con la aplicación de piedras a distintas temperaturas sobre la piel, para facilitar que fluya la energía vital y aliviar así trastornos físicos y emocionales. Mejora las funciones de nuestro organismo, reduce los dolores crónicos y ayuda a equilibrar el sistema nervioso y el circulatorio. Favorece la relajación mediante el correcto flujo de la energía, armonizando cuerpo, mente y espíritu."
        }, 
        {
            "service_category": "Preferente", 
            "service": "Tratamiento Corporal Ritual Reequilibrante (85Min)", 
            "duration": 5400, 
            "price": "180 € ", 
            "description": "Déjate llevar, confía, siente y disfruta. Encuentra la armonía y el equilibrio con nuestro ritual. Aplicamos leche de rosa y caléndula, retiramos con una toallita caliente con aroma, tonificamos con hidrolato de azahar, realizamos un peeling con aceite de almendras y aplicamos envoltura con micronizados de pasiflora y salvia. Incluye además una higiene facial con limpieza, peeling y aceites esenciales, además de un masaje holístico en todo el cuerpo para finalizar."
        }, 
        {
            "service_category": "Preferente", 
            "service": "Tratamiento Facial Aromatherapy Deluxe (85Min)", 
            "duration": 5400, 
            "price": "150 € ", 
            "description": "Mantén tu piel saludable con un buen cuidado, empezando por conocer su estado y necesidades. Con nuestro tratamiento facial Aromatherapy Deluxe estará más luminosa y sana que nunca. Primero realizamos un diagnóstico, acompañado de una infusión de bienvenida. Después realizamos una higiene facial con rosas y caléndula, y un peeling con arcilla verde y cola de caballo. Aplicamos mascarilla y un tratamiento de manos con esmaltado. Después aplicamos aceites esenciales, limpiando y aplicamos serum y crema 24h."
        }, 
        {
            "service_category": "Estética", 
            "service": "8 Sstratamiento Facial Vip Purificante (55Min)", 
            "duration": 3600, 
            "price": "640 € ", 
            "description": "8 sesiones de facial Vip Purificante. Higiene con leche limpiadora de rosas y caléndula. Incluye: peeling, mascarilla de arcilla blanca, cola de caballo hojas de salvia, pétalos caléndula, flores de primavera, flores azahar y raíz de lirio. Mientras la dejamos actuar recibirás un masaje de manos. Además del sérum , aplicación de aceites esenciales lavanda, limón, Ylang Ylang, masaje facial, aplicación de hidrolato y crema hidratante."
        }, 
        {
            "service_category": "Estética", 
            "service": "10 Sesiones Masaje Corporal Anticelulitico (55Min)", 
            "duration": 3600, 
            "price": "900 € ", 
            "description": "Para presumir de unas piernas sexys y elegantes de cara al próximo verano le sugerimos el tratamiento anticelulítico que consiste en una limpieza con leche de rosas, seguido de una tonificación con hidrolato de hinojo más peeling acompañado de un masaje, por último le aplicaremos un emplasto de mezcla anticelulítico y finalizamos con un drenaje linfático que contribuirá en la eliminación de las toxinas, la retención de líquido y ese aspecto a piel de naranja tan molesto."
        }, 
        {
            "service_category": "Estética", 
            "service": "Higiene Facial Deluxe Y Manicura Ciabal (85Min)", 
            "duration": 5400, 
            "price": "150 € ", 
            "description": "Le realizaremos una higiene facial profunda acompañada de peeling y una mascarilla específica para su piel y un masaje unido a aceites esenciales personalizados con sus principios activos ricos en vitaminas y nutrientes para tratar cada tipo de piel de una manera totalmente personalizada. Realizamos también Manicura completa, con peeling y masaje de manos y brazos, y esmaltado semipermenente OPI."
        }, 
        {
            "service_category": "Estética", 
            "service": "Peeling Corporal Y Masaje En Pareja", 
            "duration": 5400, 
            "price": "230 € ", 
            "description": "Disfruta junto a tu pareja de este ritual que consiste en la aplicación del exfoliante con micronizados de hierbas y aceites esenciales personalizados, finalmente le realizaremos un masaje tailandés con aromaterapia, de 45 minutos."
        }, 
        {
            "service_category": "Estética", 
            "service": "Tratamiento Corporal Drenaje Linfático 55 Min.", 
            "duration": 3600, 
            "price": "65 € ", 
            "description": "Tratamiento específico post operatorio indicado para edemas, piernas cansadas y eliminación de toxinas. Muy recomendado para embarazadas. Este servicio es por una sesión de drenaje linfático corporal realizado por nuestros expertos de Ciabal, que tiene una duración de 55 minutos. Haz ya tu reserva online en Bucmi. DDD"
        }, 
        {
            "service_category": "Estética", 
            "service": "Tratamiento Corporal Drenaje Linfático 85 Min.", 
            "duration": 5400, 
            "price": "85 € ", 
            "description": "Tratamiento específico post operatorio indicado para edemas, piernas cansadas y eliminación de toxinas. Muy recomendado para embarazadas. Este servicio es por una sesión de drenaje linfático corporal realizado por nuestros expertos de Ciabal, que tiene una duración de 85 minutos. Haz ya tu reserva online en Bucmi."
        }, 
        {
            "service_category": "Estética", 
            "service": "Tratamiento Corporal Reafirmante (55Min)", 
            "duration": 3600, 
            "price": "90 € ", 
            "description": "Recupera la firmeza y elasticidad de tu piel con nuestro tratamiento reafirmante. Primero realizamos una limpieza, un peeling y tonificamos con hidrolato. Después aplicamos una mascarilla complex con gandioleo, hidrolato de pepino y un masaje reafirmante con aceites específicos, esencia de romero y crema corporal."
        }, 
        {
            "service_category": "Estética", 
            "service": "Tratamiento Corporal Ritual Reequilibrante (85Min)", 
            "duration": 5400, 
            "price": "180 € ", 
            "description": "Déjate llevar, confía, siente y disfruta. Encuentra la armonía y el equilibrio con nuestro ritual. Aplicamos leche de rosa y caléndula, retiramos con una toallita caliente con aroma, tonificamos con hidrolato de azahar, realizamos un peeling con aceite de almendras y aplicamos envoltura con micronizados de pasiflora y salvia. Incluye además una higiene facial con limpieza, peeling y aceites esenciales, además de un masaje holístico en todo el cuerpo para finalizar."
        }, 
        {
            "service_category": "Estética", 
            "service": "Tratamiento Facial Antiedad 3 Sesiones", 
            "duration": 3600, 
            "price": "150 € ", 
            "description": "Disfrutará de una capacidad de recuperación de su piel, firme e hidratada propia de la juventud con un tratamiento facial ideado para conseguir un resultado que le devolverá la firmeza de su piel. Incluye tres sesiones de 55 minutos. No esperes más y reserva ahora tu cita online con Bucmi.com."
        }, 
        {
            "service_category": "Estética", 
            "service": "Tratamiento Facial Aromatherapy Deluxe", 
            "duration": 5400, 
            "price": "150 € ", 
            "description": "Aplicamos una combinación de aceites esenciales personalizados con sus principios activos ricos en vitaminas y nutrientes para tratar cada tipo de piel de una manera especial, realizando una limpieza profunda con los distintos micronizados de hierbas y mascarillas se consigue recuperar el tono y la vitalidad de la piel, el contorno de ojos, de labios, cuello y el escote reciben una sesión exclusiva de masajes, mientras actúa la mascarilla recibirá un tratamiento hidratante de manos."
        }, 
        {
            "service_category": "Estética", 
            "service": "Tratamiento Facial Aromatherapy Deluxe (85Min)", 
            "duration": 5400, 
            "price": "150 € ", 
            "description": "Mantén tu piel saludable con un buen cuidado, empezando por conocer su estado y necesidades. Con nuestro tratamiento facial Aromatherapy Deluxe estará más luminosa y sana que nunca. Primero realizamos un diagnóstico, acompañado de una infusión de bienvenida. Después realizamos una higiene facial con rosas y caléndula, y un peeling con arcilla verde y cola de caballo. Aplicamos mascarilla y un tratamiento de manos con esmaltado. Después aplicamos aceites esenciales, limpiando y aplicamos serum y crema 24h."
        }, 
        {
            "service_category": "Estética", 
            "service": "Tratamiento Facial Contorno De Ojos", 
            "duration": 1800, 
            "price": "45 € ", 
            "description": "La clave para conseguir una mirada sin signos de cansancio, saludable y con una luz de juventud lo conseguirás con el tratamiento para contorno de ojos ideado para ti. Reserva ya en Ciabal con Bucmi.com."
        }, 
        {
            "service_category": "Estética", 
            "service": "Tratamiento Facial Personalizado 45Min", 
            "duration": 2700, 
            "price": "65 € ", 
            "description": "Biológicamente, una piel limpia es una piel sana y es estéticamente bella, con nuestro tratamiento facial personalizado podrá presumir de una piel bien cuidada. Recomendado especialmente para pieles asfixiadas, con manchas, acné, couperosis, grasas, secas, deshidratadas y opacas. 45min."
        }, 
        {
            "service_category": "Estética", 
            "service": "Tratamiento Facial Premium Reafirmante", 
            "duration": 5400, 
            "price": "90 € ", 
            "description": "Limpieza facial con leche de rosas y peeling en conjunto con las técnicas de masaje facial reafirmante aplicando una crema de aguacate y romero finalizando con el serum de aceites esenciales de sándalo, palo de rosa, incienso y enebro. Duración de 70 minutos."
        }, 
        {
            "service_category": "Estética", 
            "service": "Tto Corporal Ritual Reequilibrante", 
            "duration": 5400, 
            "price": "180 € ", 
            "description": "Encuentre la armonía consigo mismo y con la vida, olvídese de los problemas, todo está bien, el equilibrio y la plenitud se apoderan de todo su ser. Déjese llevar, confíe, sienta y disfrute… Es su momento Ritual, le aplicamos leche de rosas y caléndula en todo el cuerpo una vez acabada la limpieza retiramos el producto con una toallita caliente impregnada de aromas, tonificamos todo su cuerpo con hidrolato de azahar, seguidamente le realizamos un peeling con aceite de almendras masajeando suavemente."
        }, 
        {
            "service_category": "Estética", 
            "service": "Tto. Corporal Exfoliación Y Masaje Effleurage", 
            "duration": 3600, 
            "price": "80 € ", 
            "description": "Para lucir una piel suave, hidratada y luminosa es imprescindible realizarse un peeling para eliminar las células muertas que producen asperezas y avejentan la piel. Este ritual consiste en retirar las impurezas con la leche limpiadora seguidamente se retira con una toallita humedecida e impregnada con aromas de naranja y mandarina, a continuación le aplicamos el exfoliante con micronizados de hierbas y aceites esenciales personalizados, finalmente le realizaremos un masaje muy suave con aceites."
        }, 
        {
            "service_category": "Estética", 
            "service": "Peeling Corporal Y Masaje Thai En Pareja", 
            "duration": 5400, 
            "price": "230 € ", 
            "description": "Este ritual consiste en retirar las impurezas con la leche limpiadora seguidamente se retira con una toallita humedecida e impregnada con aromas de naranja y mandarina, a continuación le aplicamos el exfoliante con micronizados de hierbas y aceites esenciales personalizados, finalmente le realizaremos un masaje tailandés con aceite de almendras unido a AE de palo de rosa, menta. Ylang ylang y canela.Duración de 85 minutos. Precio de las dos personas."
        }, 
        {
            "service_category": "Estética", 
            "service": "Tratamiento Corporal Anticelulítico", 
            "duration": 3600, 
            "price": "90 € ", 
            "description": "Para presumir de unas piernas sexys y elegantes de cara al próximo verano le sugerimos el tratamiento anti celulítico que consiste en una limpieza con leche de rosas, seguido de una tonificación con hidrolato de hinojo más peeling acompañado de un masaje, por último le aplicaremos un emplasto de mezcla anticelulítico y finalizamos con un drenaje linfático que contribuirá en la eliminación de las toxinas, la retención de líquido y ese aspecto a piel de naranja tan molesto."
        }, 
        {
            "service_category": "Estética", 
            "service": "Tratamiento Corporal Antiestrías", 
            "duration": 2700, 
            "price": "70 € ", 
            "description": "El tratamiento para las estrías es muy recomendable especialmente para aquellas que no han cicatrizado aún, empezamos aplicando en la zona a tratar el limpiador leche de rosas, después de retirar tonificamos la zona con hidrolato de azahar, seguidamente realizamos el peeling, retirando con agua tonificada, a continuación aplicamos el emplasto de arcilla blanca con aceites esenciales de geranio y ajedrea y micronizado de alholvas, para finalizar aplicamos aceite puro de rosa mosqueta.DDD"
        }, 
        {
            "service_category": "Estética", 
            "service": "Tratamiento Corporal Aromatherapy Ritual Para Dos", 
            "duration": 3600, 
            "price": "120 € ", 
            "description": "La aromaterapia es tan antigua como la humanidad, es el arte de utilizar los aceites esenciales para recuperar la salud, la belleza y el bienestar. Los aceites esenciales son líquidos muy volátiles que proceden de la destilación de las plantas medicinales. Este ritual consiste en un tratamiento de rostro, manos con aceites vehiculares y esenciales, maceraciones de micronizados de flores y hierbas combinado con hidrolatos de lavanda, aguas de rosas o Ylang ylang, finalizado con un masaje relajante. 55 min."
        }, 
        {
            "service_category": "Estética", 
            "service": "Tratamiento Corporal Envoltura De Algas Y Masaje", 
            "duration": 3600, 
            "price": "90 € ", 
            "description": "Este tratamiento está indicado para aquellas personas que quieran reducir esos molestos adipocitos en zonas localizadas del cuerpo, consiste en limpiar la zona a tratar con leche de rosas, seguido de un peeling que se retira con toallas humedecidas e impregnadas de aromas a continuación se le envuelve la zona con algas marinas o un emplasto de hierbas y esencias con propiedades reductoras , mientras dejamos actuar la envoltura usted disfrutará de un masaje capilar o de manos si así lo prefiere.DDD"
        }, 
        {
            "service_category": "Estética", 
            "service": "Tratamiento Corporal Hidratante", 
            "duration": 2700, 
            "price": "70 € ", 
            "description": "Recomendado para pieles opacas, secas y deshidratadas. No se pierda esta experiencia en la cual le realizaremos una limpieza profunda de la piel seguido de un peeling a continuación le aplicaremos hidrolato de manzanilla para calmar tonificar la piel, finalmente le impregnaremos todo el cuerpo de una crema hidratante.DDD"
        }, 
        {
            "service_category": "Estética", 
            "service": "Tratamiento Corporal Reafirmación De Senos", 
            "duration": 3600, 
            "price": "80 € ", 
            "description": "Tiene un acontecimiento especial o simplemente quiere lucir unos senos más firmes y bonitos, le sugerimos este tratamiento que le encantará, consiste en una higiene con leche de rosa, hidrolato de romero, seguido de un peeling acompañado de aceite de almendras y emplasto complex RS, se retira con hidrolato de hamamelis y finalizamos con un masaje unido a aceite especifico para reafirmación de senos.DDD"
        }, 
        {
            "service_category": "Estética", 
            "service": "Tratamiento Corporal Reafirmante (55Min)", 
            "duration": 3600, 
            "price": "90 € ", 
            "description": "La flacidez es uno de los signos más evidentes de que se está llevando una vida sedentaria y poco activa. La huella que va dejando en el cuerpo se traduce en estropear la silueta y de dar un aspecto de dejadez corporal. No entiende de edades.El origen de la perdida de la firmeza y elasticidad de la piel y la fibra muscular es el exceso de grasa en zonas del cuerpo, pérdida de peso, mala alimentación por diversas causas. En conjunto con una dieta equilibrada, prácticas regulares de ejercicios."
        }, 
        {
            "service_category": "Estética", 
            "service": "Tratamiento Corporal Reafirmante 5 Sesiones", 
            "duration": 3600, 
            "price": "450 € ", 
            "description": "Multiplica los efectos de nuestro tratamiento corporal con nuestro bono de 5 sesiones. Con una dieta equilibrada y ejercicio conseguirás combatir la flacidez corporal. Cada sesión incluye limpieza, peeling y tonificación con hidrolato, mascarilla complex con gandioleo, hidrolato de pepino y un masaje reafirmante con aceites específicos, esencia de romero y crema corporal."
        }, 
        {
            "service_category": "Estética", 
            "service": "Tratamiento Facial Express 25 Minutos", 
            "duration": 1800, 
            "price": "40 € ", 
            "description": "Pensado para todos tipos de pieles con productos específicos para lograr un buen resultado en poco tiempo. Duración de 25 minutos aproximadamente. ¿A qué estás esperando para hacer tu reserva? No esperes más y reserva ahora tu cita online a través de Bucmi.com."
        }, 
        {
            "service_category": "Estética", 
            "service": "Tratamiento Facial Vip Purificante", 
            "duration": 3600, 
            "price": "80 € ", 
            "description": "-10 minutos de Bienvenida se le ofrece una taza de infusión y galletas artesanales diet. Seguidamente se le realiza la evaluación de la piel.-10 minutos de higiene facial más peeling-15 minutos mascarilla, mientras la dejamos actuar usted recibirá un masaje de craneal o de manos-20 minutos, aplicación de aceites esenciales ( lavanda, limón, Ylang Ylang, Almendra dulce) masaje facial drenante y detoxificante con piedras volcánicas -5 minutos de finalización: Se retira restos de aceites y mascarilla."
        }, 
        {
            "service_category": "Estética", 
            "service": "Tto Corporal Para Dos Personas: Aromatherapy Ritua", 
            "duration": 3600, 
            "price": "140 € ", 
            "description": "La aromaterapia es tan antigua como la humanidad, es el arte de utilizar los aceites esenciales para recuperar la salud, la belleza y el bienestar. Los aceites esenciales son líquidos muy volátiles que proceden de la destilación de las plantas medicinales. Este ritual consiste en un tratamiento de rostro, manos con aceites vehiculares y esenciales, maceraciones de micronizados de flores y hierbas combinado con hidrolatos de lavanda, aguas de rosas o Ylang ylang, finalizado con un masaje relajante. 55min."
        }, 
        {
            "service_category": "Estética", 
            "service": "Higiene Facial, Peeling Corporal,Masaje Ayurvédico", 
            "duration": 7200, 
            "price": "130 € ", 
            "description": "La clave de una piel saludable es una buena higiene facial con leche limpiadora de rosas y calendula con una exfoliación con micronizado de rosas acompañado de aceites esenciales personalizados, se finaliza con la aplicación del hidrolato de rosas y una crema hidratante enriquecida con rosa mosqueta, naranja y pomelo, peeling corporal y masaje ayurvédico."
        }, 
        {
            "service_category": "Manicura y Pedicura", 
            "service": "Higiene Facial Deluxe Y Manicura Ciabal (85Min)", 
            "duration": 5400, 
            "price": "150 € ", 
            "description": "Le realizaremos una higiene facial profunda acompañada de peeling y una mascarilla específica para su piel y un masaje unido a aceites esenciales personalizados con sus principios activos ricos en vitaminas y nutrientes para tratar cada tipo de piel de una manera totalmente personalizada. Realizamos también Manicura completa, con peeling y masaje de manos y brazos, y esmaltado semipermenente OPI."
        }, 
        {
            "service_category": "Manicura y Pedicura", 
            "service": "Manicura Deluxe (85Min)", 
            "duration": 5400, 
            "price": "70 € ", 
            "description": "El regalo siempre son las manos que lo entregan, cuídalas regalándote este tratamiento Deluxe en el cual mimaremos sus manos con los productos OPI cuidadosamente seleccionados. Le aplicaremos un limpiador con leche de rosas sumergiéndolas seguidamente en un cuenco con aguas e hidrolatos de azahar con flores de lavanda combinados con aceites esenciales de menta, lavanda y naranja, acompañada de una exfoliación de micronizados de flores y aceite de almendras."
        }, 
        {
            "service_category": "Manicura y Pedicura", 
            "service": "Pedicura Ciabal", 
            "duration": 3600, 
            "price": "65 € ", 
            "description": "¡La manicura más exclusiva con este servicio que te ofrecemos! Se sumergen los pies en un cuenco con aguas y pétalos de rosas combinados con aceites esenciales de mirra y rosa mosqueta, se realiza una pedicura básica acompañada de una exfoliación de micronizados de flores y aceite de germen de trigo, y se finaliza con un esmaltado OPI y secante."
        }, 
        {
            "service_category": "Manicura y Pedicura", 
            "service": "Manicura Básica (40Min)", 
            "duration": 2700, 
            "price": "30 € ", 
            "description": "¡Porque la sencillez no es mala, te ofrcemos este servicio de manicura básica! ¡Más es menos! Remojo de las manos con esencias de menta y romero se retiran las cutículas, se hace una manicura básica se finaliza con un esmaltado OPI y secante. Haz ya tu reserva online con Bucmi. Nos vemos en nuestro centro Caibal."
        }, 
        {
            "service_category": "Manicura y Pedicura", 
            "service": "Manicura Ciabal (40Min)", 
            "duration": 2700, 
            "price": "45 € ", 
            "description": "¡La manicura más exclusiva con este servicio que te ofrecemos! Se sumergen las manos en un cuenco con aguas combinada con flores de lavanda u hojas de menta unida a aceites esenciales de romero y naranja, se realiza una manicura básica OPI acompañada de una exfoliación de micronizados de flores y aceite de germen de trigo."
        }, 
        {
            "service_category": "Manicura y Pedicura", 
            "service": "Manicura Ciabal Spa (55Min)", 
            "duration": 3600, 
            "price": "55 € ", 
            "description": "¡Belleza y relajación se dan la mano con este exclusivo servicio de manicura spa! Se sumergen las manos en un cuenco con aguas y pétalos de rosas combinados con aceites esenciales de mirra y rosa mosqueta, se realiza una manicura básica acompañada de una exfoliación de micronizados de flores y aceite de germen de trigo. Se finaliza con un esmaltado OPI y secante."
        }, 
        {
            "service_category": "Manicura y Pedicura", 
            "service": "Manicura Deluxe (85Min)", 
            "duration": 5400, 
            "price": "70 € ", 
            "description": "El regalo siempre son las manos que lo entregan. Deja que cuidemos las tuyas con nuestro tratamiento Deluxe, realizado con productos cuidadosamente seleccionados. Primero aplicamos un limpiador con leche de rosas, sumergimos las manos en agua e hidrolato de azahar con flores de lavanda, aceites esenciales de menta, lavanda y naranja. Exfoliamos con micronizados de flores y aceite de almendras. Realizamos un masaje Thai con crema y terminamos con una manicura personalizada con esmaltado y secante."
        }, 
        {
            "service_category": "Manicura y Pedicura", 
            "service": "Manicura Express (25Min)", 
            "duration": 1800, 
            "price": "25 € ", 
            "description": "¡Porque no tener tiempo ya no es una exusa, te ofrecemos este servicio de manicura express! Se remojan las manos en agua con esencias de mandarina, se realiza una manicura rápida y se finaliza con un esmaltado y secante. Reserva ahora mismo con Bucmi.com está manicura rápida de Ciabal, tus manos bonitas sin necesidad de disponer de mucho tiempo.DDD"
        }, 
        {
            "service_category": "Manicura y Pedicura", 
            "service": "Manicura Sport Básica", 
            "duration": 1800, 
            "price": "30 € ", 
            "description": "¡Una manicura deportiva para las manos que más sufren! Remojo de las manos con esencias de menta y romero se retiran las cutículas, se hace una manicura básica se finaliza con la aplicación de una crema hidratante de manos, ya que la nutrición es esencial para unas manos bonitas. Reserva ya en nuestro centro Ciabal, con tu cita online gracias a Bucmi. DD"
        }, 
        {
            "service_category": "Manicura y Pedicura", 
            "service": "Pedicura Básica", 
            "duration": 2700, 
            "price": "45 € ", 
            "description": "¡Porque la sencillez no es mala, te ofrcemos este servicio de pedicura básica! ¡Más es menos! Remojo de las pies con esencias de menta y romero se retiran las cutículas, se hace una pedicura básica y se finaliza con un esmaltado OPI y secante. Haz ya tu reserva online con Bucmi. Nos vemos en nuestro centro Caibal."
        }, 
        {
            "service_category": "Manicura y Pedicura", 
            "service": "Pedicura Deluxe", 
            "duration": 5400, 
            "price": "80 € ", 
            "description": "Sus pies se merecen un momento de relajación, déjese llevar por nuestras manos, primeramente le envolveremos los pies con unas toallas calentitas impregnadas de árbol de té. Seguidamente le aplicaremos un limpiador con leche de rosas sumergiéndolos en un cuenco con aguas e hidrolato de azahar con flores de lavanda o manzanilla combinados con aceites esenciales de menta, lavanda y naranja, acompañada de una exfoliación de micronizados de flores y aceite de almendras, unido a una reflexología podal thaí."
        }, 
        {
            "service_category": "Manicura y Pedicura", 
            "service": "Pedicura Express", 
            "duration": 900, 
            "price": "35 € ", 
            "description": "¡Porque no tener tiempo ya no es una exusa, te ofrecemos este servicio de pedicua express! Se remojan los pies en agua con esencias de mandarina, se realiza una pedicura rápida y se finaliza con un esmaltado OPI y secante. Reserva ahora mismo con Bucmi.com está manicura rápida de Ciabal, tus pies bonitos sin necesidad de disponer de mucho tiempo."
        }, 
        {
            "service_category": "Manicura y Pedicura", 
            "service": "Pedicura Sport Básica", 
            "duration": 2700, 
            "price": "45 € ", 
            "description": "¡Una pedicura deportiva para los pies que más sufren! Remojo de los pies con esencias de menta y romero se retira las cutículas, se hace una pedicura básica se finaliza con la aplicación de una crema hidratante de pies, ya que la nutrición es esencial para unos pies bonitos."
        }, 
        {
            "service_category": "Manicura y Pedicura", 
            "service": "Pedicura Sport Ciabal", 
            "duration": 3600, 
            "price": "65 € ", 
            "description": "Se sumergen los pies en un cuenco con aguas combinados con flores de manzanilla aceites esenciales de menta y neroli, se realiza una pedicura básica acompañada de una exfoliación de micronizados de flores y aceite de germen de trigo, se finaliza con una reflexología podal thaí."
        }, 
        {
            "service_category": "Masaje", 
            "service": "10 Sesiones Masaje Corporal Anticelulitico (55Min)", 
            "duration": 3600, 
            "price": "900 € ", 
            "description": "Para presumir de unas piernas sexys y elegantes de cara al próximo verano le sugerimos el tratamiento anticelulítico que consiste en una limpieza con leche de rosas, seguido de una tonificación con hidrolato de hinojo más peeling acompañado de un masaje, por último le aplicaremos un emplasto de mezcla anticelulítico y finalizamos con un drenaje linfático que contribuirá en la eliminación de las toxinas, la retención de líquido y ese aspecto a piel de naranja tan molesto."
        }, 
        {
            "service_category": "Masaje", 
            "service": "5 Sesiones Masaje Ayurvédico (115Min)", 
            "duration": 7200, 
            "price": "600 € ", 
            "description": "El Ayurveda es un sistema holístico y preventivo de salud más antiguo del mundo. Fue desarrollado en India. La palabra Ayurveda proviene del sánscrito, se traduce como 'conocimiento o ciencia de la vida' y es una forma natural de crear equilibrio y fortalecer las capacidades autocurativas del cuerpo. Consiste en un masaje acompañado de una cuidadosa elección de aceites esenciales personalizados. Actúa en el plano físico y energético."
        }, 
        {
            "service_category": "Masaje", 
            "service": "Masaje Ayurvédico 115 Minutos", 
            "duration": 7200, 
            "price": "120 € ", 
            "description": "El Ayurveda es un sistema holístico y preventivo de salud más antiguo del mundo. Fue desarrollado en India. La palabra Ayurveda proviene del sánscrito ayus -vida- y veda -ciencia o conocimiento-, se traduce como 'conocimiento o ciencia de la vida' y es una forma natural de crear equilibrio y fortalecer las capacidades auto-curativas del cuerpo. Consiste en un masaje acompañado de una cuidadosa elección de aceites esenciales personalizados. Actúa en el plano físico y energético. DD"
        }, 
        {
            "service_category": "Masaje", 
            "service": "Masaje Ayurvédico 85 Minutos", 
            "duration": 5400, 
            "price": "90 € ", 
            "description": "El Ayurveda es un sistema holístico y preventivo de salud más antiguo del mundo. Fue desarrollado en India. La palabra Ayurveda proviene del sánscrito, se traduce como 'conocimiento o ciencia de la vida' y es una forma natural de crear equilibrio y fortalecer las capacidades auto-curativas del cuerpo. Consiste en un masaje acompañado de una cuidadosa elección de aceites esenciales personalizados. Actúa en el plano físico y energético. DD"
        }, 
        {
            "service_category": "Masaje", 
            "service": "Masaje Corporal Piedras Calientes 55 Minutos", 
            "duration": 3600, 
            "price": "80 € ", 
            "description": "Esta terapia combina el masaje terapéutico tradicional con la aplicación de piedras a distintas temperaturas sobre la piel, para facilitar que fluya la energía vital y aliviar así trastornos físicos y emocionales. Mejora las funciones de nuestro organismo, reduce los dolores crónicos y ayuda a equilibrar el sistema nervioso y el circulatorio. Favorece la relajación mediante el correcto flujo de la energía, armonizando cuerpo, mente y espíritu."
        }, 
        {
            "service_category": "Masaje", 
            "service": "Masaje Relajante 55 Minutos", 
            "duration": 3600, 
            "price": "60 € ", 
            "description": "¡Relájate con nuestro servicio de masaje relajente! Disfruta de un momento para ti y date un capricho a la vez que recargas tus pilas gracias a este completo masaje relajante corporal tiene una duración de 55 minutos de realizado por nuestros expertos del centro Ciabal. Reserva ya con Bucmi.com ¡Vive una experiencia única!DDD"
        }, 
        {
            "service_category": "Masaje", 
            "service": "Masaje Thai 85 Minutos", 
            "duration": 5400, 
            "price": "90 € ", 
            "description": "El masaje tailandés es un arte milenario con unas técnicas de digitopresiones, amasamientos y estiramientos movilizando todas las articulaciones y además trabaja sobre unas líneas invisibles llamadas Sen permitiendo la correcta distribución de energía por el organismo. Este masaje se realiza con una ropa holgada tumbado en un futón. DDD"
        }, 
        {
            "service_category": "Masaje", 
            "service": "Osteopatía 85 Minutos", 
            "duration": 5400, 
            "price": "85 € ", 
            "description": "El tratamiento se realiza mediante suaves manipulaciones orientadas a aliviar el dolor, restaurar funciones y así promover la salud y el bienestar. Se utilizan un amplio abanico de técnicas para mejorar las funciones estructurales, sensoriales, faciales que respetan los tejidos y no van más allá de los límites que las estructuras del cuerpo nos permite. DDD"
        }, 
        {
            "service_category": "Masaje", 
            "service": "Peeling Corporal Y Masaje En Pareja", 
            "duration": 5400, 
            "price": "230 € ", 
            "description": "Disfruta junto a tu pareja de este ritual que consiste en la aplicación del exfoliante con micronizados de hierbas y aceites esenciales personalizados, finalmente le realizaremos un masaje tailandés con aromaterapia, de 45 minutos."
        }, 
        {
            "service_category": "Masaje", 
            "service": "Reflexología Podal Thai (55Min)", 
            "duration": 3600, 
            "price": "55 € ", 
            "description": "Método diagnóstico y alivio de molestias de forma refleja.La duración de la sesión es de 50 minutos y gracias a nuestras técnicas thai utilizadas en la planta de tu pie conseguirás recargar las pilas y estar a punto. No esperes más y reserva ahora tu cita online a través de Bucmi.com."
        }, 
        {
            "service_category": "Masaje", 
            "service": "Tratamiento Corporal Ritual Oriental (70Min)", 
            "duration": 3600, 
            "price": "110 € ", 
            "description": "Una combinación limpieza y exfoliación acompañado de aceites de almendras seguido de un Thai massage con reflexología podal para alcanzar una plena armonía de relajación mental y corporal, luciendo una piel suave y luminosa. Duración de 70 minutos."
        }, 
        {
            "service_category": "Masaje", 
            "service": "Masaje Con Pindas En Pareja: Herball Compress", 
            "duration": 3600, 
            "price": "140 € ", 
            "description": "Su origen está en la medicina oriental y ayurvédica. Es una técnica de tratamientos terapéuticos y de bienestar. Las pindas son saquitos de tela que se rellenan con hierbas medicinales mezcladas con aceites esenciales y se calientan al vapor. Se aplica sobre el cuerpo con el fin de potenciar sus propiedades relajantes, hidratantes, desintoxicantes y descontracturantes que penetrarán en la piel. El precio es para las dos personas. 55min."
        }, 
        {
            "service_category": "Masaje", 
            "service": "Masaje Corporal Piedras Calientes 85 Minutos", 
            "duration": 5400, 
            "price": "100 € ", 
            "description": "Esta terapia combina el masaje terapéutico tradicional con la aplicación de piedras a distintas temperaturas sobre la piel, para facilitar que fluya la energía vital y aliviar así trastornos físicos y emocionales. Mejora las funciones de nuestro organismo, reduce los dolores crónicos y ayuda a equilibrar el sistema nervioso y el circulatorio. Favorece la relajación mediante el correcto flujo de la energía, armonizando cuerpo, mente y espíritu."
        }, 
        {
            "service_category": "Masaje", 
            "service": "Peeling Corporal Y Masaje Thai En Pareja", 
            "duration": 5400, 
            "price": "230 € ", 
            "description": "Este ritual consiste en retirar las impurezas con la leche limpiadora seguidamente se retira con una toallita humedecida e impregnada con aromas de naranja y mandarina, a continuación le aplicamos el exfoliante con micronizados de hierbas y aceites esenciales personalizados, finalmente le realizaremos un masaje tailandés con aceite de almendras unido a AE de palo de rosa, menta. Ylang ylang y canela.Duración de 85 minutos. Precio de las dos personas."
        }, 
        {
            "service_category": "Masaje", 
            "service": "Quiromasaje 25M", 
            "duration": 1800, 
            "price": "35 € ", 
            "description": "Masaje especial para eliminar y aliviar dolencias musculares. Reserva ahora mismo con Bucmi.com nuestro completo quiromasaje descontracturante de 25 minutos de duración del centro Ciabal. Saldrás como nuevo."
        }, 
        {
            "service_category": "Masaje", 
            "service": "Quiromasaje 55M", 
            "duration": 3600, 
            "price": "60 € ", 
            "description": "Masaje especial para eliminar y aliviar dolencias musculares. Reserva ahora mismo con Bucmi.com nuestro completo quiromasaje descontracturante de 55 minutos de duración del centro Ciabal. Saldrás como nuevo."
        }, 
        {
            "service_category": "Masaje", 
            "service": "Higiene Facial, Peeling Corporal,Masaje Ayurvédico", 
            "duration": 7200, 
            "price": "130 € ", 
            "description": "La clave de una piel saludable es una buena higiene facial con leche limpiadora de rosas y calendula con una exfoliación con micronizado de rosas acompañado de aceites esenciales personalizados, se finaliza con la aplicación del hidrolato de rosas y una crema hidratante enriquecida con rosa mosqueta, naranja y pomelo, peeling corporal y masaje ayurvédico."
        }, 
        {
            "service_category": "Masaje", 
            "service": "Masaje Ayurvedico 55 Minutos", 
            "duration": 3600, 
            "price": "65 € ", 
            "description": "El Ayurveda es un sistema holístico y preventivo de salud más antiguo del mundo. Fue desarrollado en India. La palabra Ayurveda proviene del sánscrito, se traduce como 'conocimiento o ciencia de la vida' y es una forma natural de crear equilibrio y fortalecer las capacidades auto-curativas del cuerpo. Consiste en un masaje acompañado de una cuidadosa elección de aceites esenciales personalizados. Actúa en el plano físico y energético. DDD"
        }, 
        {
            "service_category": "Masaje", 
            "service": "Masaje Corporal Piernas Cansadas (25Min)", 
            "duration": 1800, 
            "price": "40 € ", 
            "description": "¡Ya es hora de mejorar la circulación de tus piernas y que desaparezca la sesnsación de piernas cansadas! Masaje de 30 minutos de duración, ideal para mejorar la circulación de tus piernas y quitarte de encima ese efecto cansancio que genera el ritmo de trabajo y estrés diario. No te arrepentirás del resultado. Reserva ya tu cita online en Ciabal con Bucmi. DD"
        }, 
        {
            "service_category": "Masaje", 
            "service": "Masaje Craneofacial 25Min", 
            "duration": 1800, 
            "price": "35 € ", 
            "description": "¡Si sientes más presión que nunca en tu cabeza y tienes dolores constantes este masaje cráneofacial es lo que necesitas! Ideal para personas que sufran dolores de cabeza, migrañas, jaquecas, tensión en los hombros o en el cuello. ¿A quéestás esperando para reservar en tu cita online con Bumi? No te arrepentirás."
        }, 
        {
            "service_category": "Masaje", 
            "service": "Masaje Deportivo 25 Minutos", 
            "duration": 1800, 
            "price": "35 € ", 
            "description": "¡Estira los musculos de tu cuerpo evitando así lesiones deportivas! Este masaje deportivo es aconsejado antes y después de realizar una actividad deportiva. Nuestro masaje deportivo tiene una duración de 25 minutos y te ayudará a prevenir y eliminar posibles lesiones. Reserva ya en Ciabal con tu cita online.DDD"
        }, 
        {
            "service_category": "Masaje", 
            "service": "Masaje Deportivo 55 Minutos", 
            "duration": 3600, 
            "price": "60 € ", 
            "description": "¡Estira los musculos de tu cuerpo evitando así lesiones deportivas! Este masaje deportivo es aconsejado antes y después de realizar una actividad deportiva. Nuestro masaje deportivo tiene una duración de 55 minutos y te ayudará a prevenir y eliminar posibles lesiones. Reserva ya en Ciabal con tu cita online.DDD"
        }, 
        {
            "service_category": "Masaje", 
            "service": "Masaje Relajante 25 Minutos", 
            "duration": 1800, 
            "price": "30 € ", 
            "description": "¡Relájate con nuestro servicio de masaje relajente! Disfruta de un momento para ti y date un capricho a la vez que recargas tus pilas gracias a este completo masaje relajante corporal tiene una duración de 25 minutos de realizado por nuestros expertos del centro Ciabal. Reserva ya con Bucmi.com ¡Vive una experiencia única!DDD"
        }, 
        {
            "service_category": "Masaje", 
            "service": "Masaje Sueco (40 Min)", 
            "duration": 2700, 
            "price": "50 € ", 
            "description": "¡Si lo tuyo son los masajes fuertes, no puedes dejar de probar este masaje sueco para tu cuerpo! Activa la circulación y relaja la musculatura, es un masaje fuerte a base de amasamientos presiones, fricciones, vibraciones y palmoteos. Duración del masaje de 45 minutos. No te quedes sin tu masaje, reserva ya tu cita online con Bucmi.DDD"
        }, 
        {
            "service_category": "Masaje", 
            "service": "Masaje Thai 115 Minutos", 
            "duration": 7200, 
            "price": "120 € ", 
            "description": "El masaje tailandés es un arte milenario con unas técnicas de digitopresiones, amasamientos y estiramientos movilizando todas las articulaciones y además trabaja sobre unas líneas invisibles llamadas Sen permitiendo la correcta distribución de energía por el organismo. Este masaje se realiza con una ropa holgada tumbado en un futón. DDD"
        }, 
        {
            "service_category": "Masaje", 
            "service": "Masaje Thai 55 Minutos", 
            "duration": 3600, 
            "price": "65 € ", 
            "description": "El masaje tailandés es un arte milenario con unas técnicas de digitopresiones, amasamientos y estiramientos movilizando todas las articulaciones y además trabaja sobre unas líneas invisibles llamadas Sen permitiendo la correcta distribución de energía por el organismo. Este masaje se realiza con una ropa holgada tumbado en un futón. DDD"
        }, 
        {
            "service_category": "Masaje", 
            "service": "Osteopatía 55 Minutos", 
            "duration": 3600, 
            "price": "65 € ", 
            "description": "El tratamiento se realiza mediante suaves manipulaciones orientadas a aliviar el dolor, restaurar funciones y así promover la salud y el bienestar. Se utilizan un amplio abanico de técnicas para mejorar las funciones estructurales, sensoriales, faciales que respetan los tejidos y no van más allá de los límites que las estructuras del cuerpo nos permite. DDD"
        }, 
        {
            "service_category": "Depilación", 
            "service": "Depilación Cera Femenina Axilas", 
            "duration": 900, 
            "price": "20 € ", 
            "description": "Elimina el vello desde la raíz gracias a nuestros expertos esteticistas de Ciabal y a nuestra cera de un sólo uso de alta calidad. Conseguirás una piel suave y sedosa por un par de semanas. Porque además te añadimos una crema hidratante para calmar e hidratar tu piel. Haz ya tu reserva con Bucmi.com. ¡Nos vemos en Ciabal!."
        }, 
        {
            "service_category": "Depilación", 
            "service": "Depilación Cera Femenina Ingles Brasileñas", 
            "duration": 900, 
            "price": "50 € ", 
            "description": "Elimina el vello desde la raíz gracias a nuestros expertos esteticistas de Ciabal y a nuestra cera de un sólo uso de alta calidad. Conseguirás una piel suave y sedosa por un par de semanas. Porque además te añadimos una crema hidratante para calmar e hidratar tu piel. Haz ya tu reserva con Bucmi.com. ¡Nos vemos en Ciabal!."
        }, 
        {
            "service_category": "Depilación", 
            "service": "Depilación Cera Femenina Ingles Normales", 
            "duration": 900, 
            "price": "20 € ", 
            "description": "Elimina el vello desde la raíz gracias a nuestros expertos esteticistas de Ciabal y a nuestra cera de un sólo uso de alta calidad. Conseguirás una piel suave y sedosa por un par de semanas. Porque además te añadimos una crema hidratante para calmar e hidratar tu piel. Haz ya tu reserva con Bucmi.com. ¡Nos vemos en Ciabal!."
        }, 
        {
            "service_category": "Depilación", 
            "service": "Depilación Cera Femenina Labio", 
            "duration": 900, 
            "price": "12 € ", 
            "description": "Elimina el vello desde la raíz gracias a nuestros expertos esteticistas de Ciabal y a nuestra cera de un sólo uso de alta calidad. Conseguirás una piel suave y sedosa por un par de semanas. Porque además te añadimos una crema hidratante para calmar e hidratar tu piel. Haz ya tu reserva con Bucmi.com. ¡Nos vemos en Ciabal!."
        }, 
        {
            "service_category": "Depilación", 
            "service": "Depilación Cera Femenina Medias Piernas", 
            "duration": 900, 
            "price": "25 € ", 
            "description": "Elimina el vello desde la raíz gracias a nuestros expertos esteticistas de Ciabal y a nuestra cera de un sólo uso de alta calidad. Conseguirás una piel suave y sedosa por un par de semanas. Porque además te añadimos una crema hidratante para calmar e hidratar tu piel. Haz ya tu reserva con Bucmi.com. ¡Nos vemos en Ciabal!."
        }, 
        {
            "service_category": "Depilación", 
            "service": "Depilación Cera Femenina Piernas Enteras", 
            "duration": 1800, 
            "price": "45 € ", 
            "description": "Elimina el vello desde la raíz gracias a nuestros expertos esteticistas de Ciabal y a nuestra cera de un sólo uso de alta calidad. Conseguirás una piel suave y sedosa por un par de semanas. Porque además te añadimos una crema hidratante para calmar e hidratar tu piel. Haz ya tu reserva con Bucmi.com. ¡Nos vemos en Ciabal!."
        }, 
        {
            "service_category": "Depilación", 
            "service": "Depilación Cera Femenina Retoque Cejas", 
            "duration": 900, 
            "price": "12 € ", 
            "description": "Elimina el vello desde la raíz gracias a nuestros expertos esteticistas de Ciabal y a nuestra cera de un sólo uso de alta calidad. Conseguirás una piel suave y sedosa por un par de semanas. Porque además te añadimos una crema hidratante para calmar e hidratar tu piel. Haz ya tu reserva con Bucmi.com. ¡Nos vemos en Ciabal!."
        }, 
        {
            "service_category": "Depilación", 
            "service": "Depilación Cera Masculina Espalda", 
            "duration": 900, 
            "price": "35 € ", 
            "description": "Elimina el vello desde la raíz gracias a nuestros expertos esteticistas de Ciabal y a nuestra cera de un sólo uso de alta calidad. Conseguirás una piel suave y sedosa por un par de semanas. Porque además te añadimos una crema hidratante para calmar e hidratar tu piel. Haz ya tu reserva con Bucmi.com. ¡Nos vemos en Ciabal!."
        }, 
        {
            "service_category": "Depilación", 
            "service": "Depilación Cera Masculina Pecho", 
            "duration": 900, 
            "price": "35 € ", 
            "description": "Elimina el vello desde la raíz gracias a nuestros expertos esteticistas de Ciabal y a nuestra cera de un sólo uso de alta calidad. Conseguirás una piel suave y sedosa por un par de semanas. Porque además te añadimos una crema hidratante para calmar e hidratar tu piel. Haz ya tu reserva con Bucmi.com. ¡Nos vemos en Ciabal!."
        }, 
        {
            "service_category": "Depilación", 
            "service": "Depilación Cera Unisex Brazos", 
            "duration": 1800, 
            "price": "25 € ", 
            "description": "Elimina el vello desde la raíz gracias a nuestros expertos esteticistas de Ciabal y a nuestra cera de un sólo uso de alta calidad. Conseguirás una piel suave y sedosa por un par de semanas. Porque además te añadimos una crema hidratante para calmar e hidratar tu piel. Haz ya tu reserva con Bucmi.com. ¡Nos vemos en Ciabal!."
        }, 
        {
            "service_category": "Depilación", 
            "service": "Diseño De Cejas 25Min", 
            "duration": 1800, 
            "price": "25 € ", 
            "description": "Haremos un estudio previo de tu óvalo facial para conseguir el diseño de cejas más adecuado a tu perfil, facciones y estilo para que salgas realmente guapa de Ciabal. Te encantarán los resultados. Ya es hora de que luzcas unas cejas acorde con tu rostro, sacándote el máximo partido y potenciándolo. Haz ya tu reserva online en Bucmi."
        }
    ]
}