{
    "adid": null, 
    "name": "Girón y Navarro", 
    "name_of_contact": "Girón y Navarro", 
    "scrape_page": "https://www.bucmi.com/gironynavarroes", 
    "business_website": "https://www.bucmi.com/gironynavarroes", 
    "areas_covered": null, 
    "description": "Girón y Navarro es una peluquería y centro estético avanzado situado en el Centro Comercial Colombia en Bucaramanga 213, en el distrito de Hortaleza en Madrid. Sus profesionales ofrecen tanto servicios de peluquería que incluye mechas, alisados y extensiones con las mejores marcas del sector como Alfabellezza y Secador PHS, como de depilación con láser de diodo atenea o lightseer y tratamientos corporales y faciales. Disponen de la aparatología más moderna, un ejemplo son los equipos de laser Yag Q-switched para eliminación de manchas y tatuajes, y los lipolaser y el sistema bodyter para reducir la grasa acumulada. Ofrece además servicios de manicura y pedicura permanente con la marca Shellac.", 
    "img_link": [
        "https://d1nd15w2k87kz0.cloudfront.net/Uploads/635933029810911195.jpg", 
        "https://d1nd15w2k87kz0.cloudfront.net/Uploads/635933029870754822.jpg", 
        "https://d1nd15w2k87kz0.cloudfront.net/Uploads/635933029891382598.jpg", 
        "https://d1nd15w2k87kz0.cloudfront.net/Uploads/635933029910132542.jpg", 
        "https://d1nd15w2k87kz0.cloudfront.net/Uploads/635933029935913715.jpg", 
        "https://d1nd15w2k87kz0.cloudfront.net/Uploads/636113763861054364.jpg", 
        "https://d1nd15w2k87kz0.cloudfront.net/Uploads/636113763891522049.jpg", 
        "https://d1nd15w2k87kz0.cloudfront.net/Uploads/636362527678530254.jpg", 
        "https://d1nd15w2k87kz0.cloudfront.net/Uploads/636362528558210831.jpg"
    ], 
    "hqdb_featured_ad_type": "Featured", 
    "hqdb_nr_reviews": "11", 
    "hqdb_review_score": "8,2", 
    "accreditations": null, 
    "category": null, 
    "subcategory": null, 
    "street": "C/ Veneras, 9", 
    "city": "Madrid", 
    "zipcode": "28033", 
    "formatted_address": "C/ Veneras, 9, Madrid, 28033", 
    "country": "es", 
    "office_number": "913818878", 
    "office_number2": null, 
    "mobile_number": "650328823", 
    "mobile_number2": null, 
    "unidentified_phone_numbers": null, 
    "latitude": "40.4721900000", 
    "longitude": "-3.6363800000", 
    "business_email": null, 
    "yelp_page": null, 
    "facebook": null, 
    "twitter": null, 
    "instagram": null, 
    "venue_images": "https://d1nd15w2k87kz0.cloudfront.net/Logotipos/635933046916692957.jpg", 
    "opening_hours_raw": null, 
    "pricelist_link": null, 
    "services": [
        {
            "service_category": "Preferente", 
            "service": "Limpieza Facial Y Microdermoabrasión", 
            "duration": 5400, 
            "price": "44 € ", 
            "description": "Tratamiento con el que conseguirás un rostro perfecto con una limpieza facial profunda y una microdermoabrasión con punta de diamante. La piel quedará cuidada, tersa y sin rastro de impurezas. Confía en nuestros expertos profesionales de Girón y Navarro y disfruta de unos resultados únicos desde el primer momento. ¿A qué estás esperando para hacer tu reserva online? De un solo clic gracias a Bucmi.com."
        }, 
        {
            "service_category": "Preferente", 
            "service": "Manicura Semipermanente", 
            "duration": 2700, 
            "price": "19,9 € ", 
            "description": "Consigue unas manos increíbles y de aspecto cuidado gracias a nuestros expertos esteticistas de Girón y Navarro y no te arrepentirás. El servicio incluye el limado de la uña, la hidratación, el cuidado de cutículas y el esmaltado a escoger entre nuestra gama de colores. Haz tu reserva de un solo clic gracias a Bucmi.com y no te arrepentirás de los resultados. Te encantará."
        }, 
        {
            "service_category": "Preferente", 
            "service": "Corte Y Peinado", 
            "duration": 2700, 
            "price": "25 € ", 
            "description": "¿Estas pensando en un nuevo corte? Ponte en manos de nuestros profesionales para que tengas el mejor corte para ti, teniendo en cuenta tu estilo y rasgos para que saque lo mejor de ti. El servicio incluye también peinado para que salgas ideal de nuestro centro, con lavado previo con champú. Confía en nuestros expertos profesionales de Girón y Navarro y disfruta de unos resultados únicos desde el primer momento. ¿A qué estás esperando para hacer tu reserva online? De un solo clic gracias a Bucmi.com."
        }, 
        {
            "service_category": "Preferente", 
            "service": "Pedicura Semipermanente", 
            "duration": 3600, 
            "price": "30 € ", 
            "description": "Consigue unos pies increíbles y de aspecto cuidado gracias a nuestros expertos esteticistas de Girón y Navarro y no te arrepentirás. El servicio incluye el limado de la uña, la hidratación, el cuidado de cutículas y durezas y el esmaltado a escoger entre nuestra gama de colores. Haz tu reserva de un solo clic gracias a Bucmi.com y no te arrepentirás de los resultados. Te encantará."
        }, 
        {
            "service_category": "Preferente", 
            "service": "Corte De Pelo Hombre", 
            "duration": 1800, 
            "price": "11,9 € ", 
            "description": "Servicio exclusivo para el hombre. Consigue un corte de tendencia, asesorado por nuestros estilistas, y disfruta de un look renovado, acorde a tus facciones y tu estilo para que salgas encantado de nuestro salón. El servicio incluye el corte de tendencia, el lavado con champú, y acabado con styling. No lo dudes más y haz tu reserva online."
        }, 
        {
            "service_category": "Peluquería", 
            "service": "Alisado Brasileño Pelo Corto", 
            "duration": 9000, 
            "price": "160 € ", 
            "description": "No solo alisa sino que revitaliza tu cabello, nuestro alisado con ácido hialurónico, se convertirá en el aliado perfecto para la belleza de tu pelo. Se considera pelo corto a las melenas que llegan hasta el hombro. En caso de no cumplir la largura se cobrará suplemento en el salón. No lo dudes más y reserva en Girón y Navarro y disfruta de una melena más lisa e hidratada."
        }, 
        {
            "service_category": "Peluquería", 
            "service": "Alisado Brasileño Pelo Largo", 
            "duration": 9000, 
            "price": "200 € ", 
            "description": "No solo alisa sino que revitaliza tu cabello, nuestro alisado con ácido hialurónico, se convertirá en el aliado perfecto para la belleza de tu pelo. Se considera pelo lergo a las melenas a partir del hombro. En caso de pelo extralargo o con mucho volumen puede existir suplemento en el salón. No lo dudes más y reserva en Girón y Navarro y disfruta de una melena más lisa e hidratada."
        }, 
        {
            "service_category": "Peluquería", 
            "service": "Tto Capilar Antiencrespamiento Bótox Capilar", 
            "duration": 2700, 
            "price": "79 € ", 
            "description": "¿Cabello rebelde? ¿pelo tosco y deshidratado?nunca más. Ten el pelo cuidado, en muchos casos no sabes como darle un cuidado correcto. Ten el pelo como siempre has soñado. El servicio hace que engrose e hidrate tu cutícula capilar, para relajar los rizos y mejorar el encrespamiento que tan poco te gusta. Tu melena lucirá mucho más sedosa gracias a nuestros expertos estilistas y a nuestro producto de alta calidad."
        }, 
        {
            "service_category": "Peluquería", 
            "service": "Tinte, Corte Y Peinado", 
            "duration": 3600, 
            "price": "38 € ", 
            "description": "Este tratamiento te dejará un look perfecto, incluye tinte en raíz, lavado con champú, corte y peinado. Utilizamos los mejores productos para que tengas el mejor resultado en tu pelo. Confía en nuestros expertos profesionales de Girón y Navarro y disfruta de unos resultados únicos desde el primer momento. ¿A qué estás esperando para hacer tu reserva online? De un solo clic gracias a Bucmi.com."
        }, 
        {
            "service_category": "Peluquería", 
            "service": "Corte Y Peinado", 
            "duration": 2700, 
            "price": "25 € ", 
            "description": "¿Estas pensando en un nuevo corte? Ponte en manos de nuestros profesionales para que tengas el mejor corte para ti, teniendo en cuenta tu estilo y rasgos para que saque lo mejor de ti. El servicio incluye también peinado para que salgas ideal de nuestro centro, con lavado previo con champú. Confía en nuestros expertos profesionales de Girón y Navarro y disfruta de unos resultados únicos desde el primer momento. ¿A qué estás esperando para hacer tu reserva online? De un solo clic gracias a Bucmi.com."
        }, 
        {
            "service_category": "Peluquería", 
            "service": "Mechas, Corte Y Peinado", 
            "duration": 3600, 
            "price": "50 € ", 
            "description": "Da vida a tu pelo con unas mechas, las cuales irán acorde a tu estilo y gustos. Además el servicio incluye corte, lavado con champú y peinado para que no solo tu pelo tenga la tonalidad ideal. Confía en nuestros expertos profesionales de Girón y Navarro y disfruta de unos resultados únicos desde el primer momento. ¿A qué estás esperando para hacer tu reserva online? De un solo clic gracias a Bucmi.com."
        }, 
        {
            "service_category": "Peluquería", 
            "service": "Corte De Pelo Hombre", 
            "duration": 1800, 
            "price": "11,9 € ", 
            "description": "Servicio exclusivo para el hombre. Consigue un corte de tendencia, asesorado por nuestros estilistas, y disfruta de un look renovado, acorde a tus facciones y tu estilo para que salgas encantado de nuestro salón. El servicio incluye el corte de tendencia, el lavado con champú, y acabado con styling. No lo dudes más y haz tu reserva online."
        }, 
        {
            "service_category": "Peluquería", 
            "service": "Corte De Pelo Mujer", 
            "duration": 2700, 
            "price": "13,5 € ", 
            "description": "Servicio exclusivo para la mujere. Consigue un corte de tendencia, asesorado por nuestros estilistas, y disfruta de un look renovado, acorde a tus facciones y tu estilo para que salgas encantado de nuestro salón. El servicio incluye el corte de tendencia, el lavado con champú, pero no incluye peinado. No lo dudes más y haz tu reserva online."
        }, 
        {
            "service_category": "Peluquería", 
            "service": "Corte Y Permanente", 
            "duration": 7200, 
            "price": "32 € ", 
            "description": "¿Te gustan los rizos? Ten el mejor resultado de permanente con un tratamiento que incluye permanente, lavado, corte y lavado con champú para que tu pelo tenga una vitalidad y volumen ideal. Así podrás darle volumen y vida a tu melena lacia durante una temporada. ¿A qué estás esperando para hacer tu reserva online? Todo gracias a Bucmi.com."
        }, 
        {
            "service_category": "Peluquería", 
            "service": "Lavado Y Peinado Pelo Corto", 
            "duration": 1800, 
            "price": "14,5 € ", 
            "description": "Disfruta de una melena cuidado y estilosa gracias a nuestro completo servicio de lavado con champú y peinado de la melena. Para peinados muy elaborados consulta posible suplemento con el salón. No incluye recogidos ni semirecogidos. Confía en nuestros expertos profesionales de Girón y Navarro y disfruta de unos resultados únicos desde el primer momento. ¿A qué estás esperando para hacer tu reserva online? De un solo clic gracias a Bucmi.com."
        }, 
        {
            "service_category": "Peluquería", 
            "service": "Lavado Y Peinado Pelo Largo", 
            "duration": 1800, 
            "price": "17,5 € ", 
            "description": "Disfruta de una melena cuidado y estilosa gracias a nuestro completo servicio de lavado con champú y peinado de la melena. Para peinados muy elaborados consulta posible suplemento con el salón. No incluye recogidos ni semirecogidos. Confía en nuestros expertos profesionales de Girón y Navarro y disfruta de unos resultados únicos desde el primer momento. ¿A qué estás esperando para hacer tu reserva online? De un solo clic gracias a Bucmi.com."
        }, 
        {
            "service_category": "Estética", 
            "service": "Alisado Brasileño Pelo Corto", 
            "duration": 9000, 
            "price": "160 € ", 
            "description": "No solo alisa sino que revitaliza tu cabello, nuestro alisado con ácido hialurónico, se convertirá en el aliado perfecto para la belleza de tu pelo. Se considera pelo corto a las melenas que llegan hasta el hombro. En caso de no cumplir la largura se cobrará suplemento en el salón. No lo dudes más y reserva en Girón y Navarro y disfruta de una melena más lisa e hidratada."
        }, 
        {
            "service_category": "Estética", 
            "service": "Alisado Brasileño Pelo Largo", 
            "duration": 9000, 
            "price": "200 € ", 
            "description": "No solo alisa sino que revitaliza tu cabello, nuestro alisado con ácido hialurónico, se convertirá en el aliado perfecto para la belleza de tu pelo. Se considera pelo lergo a las melenas a partir del hombro. En caso de pelo extralargo o con mucho volumen puede existir suplemento en el salón. No lo dudes más y reserva en Girón y Navarro y disfruta de una melena más lisa e hidratada."
        }, 
        {
            "service_category": "Estética", 
            "service": "Tto Capilar Antiencrespamiento Bótox Capilar", 
            "duration": 2700, 
            "price": "79 € ", 
            "description": "¿Cabello rebelde? ¿pelo tosco y deshidratado?nunca más. Ten el pelo cuidado, en muchos casos no sabes como darle un cuidado correcto. Ten el pelo como siempre has soñado. El servicio hace que engrose e hidrate tu cutícula capilar, para relajar los rizos y mejorar el encrespamiento que tan poco te gusta. Tu melena lucirá mucho más sedosa gracias a nuestros expertos estilistas y a nuestro producto de alta calidad."
        }, 
        {
            "service_category": "Estética", 
            "service": "Tinte, Corte Y Peinado", 
            "duration": 3600, 
            "price": "38 € ", 
            "description": "Este tratamiento te dejará un look perfecto, incluye tinte en raíz, lavado con champú, corte y peinado. Utilizamos los mejores productos para que tengas el mejor resultado en tu pelo. Confía en nuestros expertos profesionales de Girón y Navarro y disfruta de unos resultados únicos desde el primer momento. ¿A qué estás esperando para hacer tu reserva online? De un solo clic gracias a Bucmi.com."
        }, 
        {
            "service_category": "Estética", 
            "service": "Corte Y Peinado", 
            "duration": 2700, 
            "price": "25 € ", 
            "description": "¿Estas pensando en un nuevo corte? Ponte en manos de nuestros profesionales para que tengas el mejor corte para ti, teniendo en cuenta tu estilo y rasgos para que saque lo mejor de ti. El servicio incluye también peinado para que salgas ideal de nuestro centro, con lavado previo con champú. Confía en nuestros expertos profesionales de Girón y Navarro y disfruta de unos resultados únicos desde el primer momento. ¿A qué estás esperando para hacer tu reserva online? De un solo clic gracias a Bucmi.com."
        }, 
        {
            "service_category": "Estética", 
            "service": "Mechas, Corte Y Peinado", 
            "duration": 3600, 
            "price": "50 € ", 
            "description": "Da vida a tu pelo con unas mechas, las cuales irán acorde a tu estilo y gustos. Además el servicio incluye corte, lavado con champú y peinado para que no solo tu pelo tenga la tonalidad ideal. Confía en nuestros expertos profesionales de Girón y Navarro y disfruta de unos resultados únicos desde el primer momento. ¿A qué estás esperando para hacer tu reserva online? De un solo clic gracias a Bucmi.com."
        }, 
        {
            "service_category": "Estética", 
            "service": "Corte De Pelo Hombre", 
            "duration": 1800, 
            "price": "11,9 € ", 
            "description": "Servicio exclusivo para el hombre. Consigue un corte de tendencia, asesorado por nuestros estilistas, y disfruta de un look renovado, acorde a tus facciones y tu estilo para que salgas encantado de nuestro salón. El servicio incluye el corte de tendencia, el lavado con champú, y acabado con styling. No lo dudes más y haz tu reserva online."
        }, 
        {
            "service_category": "Estética", 
            "service": "Corte De Pelo Mujer", 
            "duration": 2700, 
            "price": "13,5 € ", 
            "description": "Servicio exclusivo para la mujere. Consigue un corte de tendencia, asesorado por nuestros estilistas, y disfruta de un look renovado, acorde a tus facciones y tu estilo para que salgas encantado de nuestro salón. El servicio incluye el corte de tendencia, el lavado con champú, pero no incluye peinado. No lo dudes más y haz tu reserva online."
        }, 
        {
            "service_category": "Manicura y Pedicura", 
            "service": "Alisado Brasileño Pelo Corto", 
            "duration": 9000, 
            "price": "160 € ", 
            "description": "No solo alisa sino que revitaliza tu cabello, nuestro alisado con ácido hialurónico, se convertirá en el aliado perfecto para la belleza de tu pelo. Se considera pelo corto a las melenas que llegan hasta el hombro. En caso de no cumplir la largura se cobrará suplemento en el salón. No lo dudes más y reserva en Girón y Navarro y disfruta de una melena más lisa e hidratada."
        }, 
        {
            "service_category": "Manicura y Pedicura", 
            "service": "Alisado Brasileño Pelo Largo", 
            "duration": 9000, 
            "price": "200 € ", 
            "description": "No solo alisa sino que revitaliza tu cabello, nuestro alisado con ácido hialurónico, se convertirá en el aliado perfecto para la belleza de tu pelo. Se considera pelo lergo a las melenas a partir del hombro. En caso de pelo extralargo o con mucho volumen puede existir suplemento en el salón. No lo dudes más y reserva en Girón y Navarro y disfruta de una melena más lisa e hidratada."
        }, 
        {
            "service_category": "Depilación", 
            "service": "Alisado Brasileño Pelo Corto", 
            "duration": 9000, 
            "price": "160 € ", 
            "description": "No solo alisa sino que revitaliza tu cabello, nuestro alisado con ácido hialurónico, se convertirá en el aliado perfecto para la belleza de tu pelo. Se considera pelo corto a las melenas que llegan hasta el hombro. En caso de no cumplir la largura se cobrará suplemento en el salón. No lo dudes más y reserva en Girón y Navarro y disfruta de una melena más lisa e hidratada."
        }, 
        {
            "service_category": "Depilación", 
            "service": "Alisado Brasileño Pelo Largo", 
            "duration": 9000, 
            "price": "200 € ", 
            "description": "No solo alisa sino que revitaliza tu cabello, nuestro alisado con ácido hialurónico, se convertirá en el aliado perfecto para la belleza de tu pelo. Se considera pelo lergo a las melenas a partir del hombro. En caso de pelo extralargo o con mucho volumen puede existir suplemento en el salón. No lo dudes más y reserva en Girón y Navarro y disfruta de una melena más lisa e hidratada."
        }, 
        {
            "service_category": "Depilación", 
            "service": "Tto Capilar Antiencrespamiento Bótox Capilar", 
            "duration": 2700, 
            "price": "79 € ", 
            "description": "¿Cabello rebelde? ¿pelo tosco y deshidratado?nunca más. Ten el pelo cuidado, en muchos casos no sabes como darle un cuidado correcto. Ten el pelo como siempre has soñado. El servicio hace que engrose e hidrate tu cutícula capilar, para relajar los rizos y mejorar el encrespamiento que tan poco te gusta. Tu melena lucirá mucho más sedosa gracias a nuestros expertos estilistas y a nuestro producto de alta calidad."
        }, 
        {
            "service_category": "Depilación", 
            "service": "Tinte, Corte Y Peinado", 
            "duration": 3600, 
            "price": "38 € ", 
            "description": "Este tratamiento te dejará un look perfecto, incluye tinte en raíz, lavado con champú, corte y peinado. Utilizamos los mejores productos para que tengas el mejor resultado en tu pelo. Confía en nuestros expertos profesionales de Girón y Navarro y disfruta de unos resultados únicos desde el primer momento. ¿A qué estás esperando para hacer tu reserva online? De un solo clic gracias a Bucmi.com."
        }, 
        {
            "service_category": "Depilación", 
            "service": "Corte Y Peinado", 
            "duration": 2700, 
            "price": "25 € ", 
            "description": "¿Estas pensando en un nuevo corte? Ponte en manos de nuestros profesionales para que tengas el mejor corte para ti, teniendo en cuenta tu estilo y rasgos para que saque lo mejor de ti. El servicio incluye también peinado para que salgas ideal de nuestro centro, con lavado previo con champú. Confía en nuestros expertos profesionales de Girón y Navarro y disfruta de unos resultados únicos desde el primer momento. ¿A qué estás esperando para hacer tu reserva online? De un solo clic gracias a Bucmi.com."
        }
    ]
}