{
    "adid": null, 
    "name": "Inés Mera", 
    "name_of_contact": "Inés Mera", 
    "scrape_page": "https://www.bucmi.com/inesmerapeluqueros", 
    "business_website": "https://www.bucmi.com/inesmerapeluqueros", 
    "areas_covered": null, 
    "description": "Inés Mera es un salón de peluquería y estética ubicado en la zona de Acacias, Madrid. Utilizamos los mejores productos para tu piel y tu cabello. Disponemos de wifi y de una zona infantil para que tus hijos jueguen mientras te cuidamos.", 
    "img_link": [
        "https://d1nd15w2k87kz0.cloudfront.net/Uploads/635924346303206468.jpg", 
        "https://d1nd15w2k87kz0.cloudfront.net/Uploads/635924346322737664.jpg", 
        "https://d1nd15w2k87kz0.cloudfront.net/Uploads/635924346349786203.jpg", 
        "https://d1nd15w2k87kz0.cloudfront.net/Uploads/635924346374473633.jpg", 
        "https://d1nd15w2k87kz0.cloudfront.net/Uploads/635924346396504813.jpg", 
        "https://d1nd15w2k87kz0.cloudfront.net/Uploads/635924346415879756.jpg", 
        "https://d1nd15w2k87kz0.cloudfront.net/Uploads/635924346436192182.jpg"
    ], 
    "hqdb_featured_ad_type": "Featured", 
    "hqdb_nr_reviews": "25", 
    "hqdb_review_score": "8,4", 
    "accreditations": null, 
    "category": null, 
    "subcategory": null, 
    "street": "C/ Moratines, 17", 
    "city": "Madrid", 
    "zipcode": "28005", 
    "formatted_address": "C/ Moratines, 17, Madrid, 28005", 
    "country": "es", 
    "office_number": "912323770", 
    "office_number2": null, 
    "mobile_number": "645394437", 
    "mobile_number2": null, 
    "unidentified_phone_numbers": null, 
    "latitude": "40.4028160000", 
    "longitude": "-3.7032341000", 
    "business_email": null, 
    "yelp_page": null, 
    "facebook": null, 
    "twitter": null, 
    "instagram": null, 
    "venue_images": "https://d1nd15w2k87kz0.cloudfront.net/Logotipos/635924388312399463.jpg", 
    "opening_hours_raw": null, 
    "pricelist_link": null, 
    "services": [
        {
            "service_category": "Preferente", 
            "service": "Corte, Producto Kerastase Y Peinar Pelo Largo", 
            "duration": 3600, 
            "price": "36 € ", 
            "description": "Si quieres cambiar, no lo dudes, éste es el salón indicado para hacerlo. Tú salón. El servicio incluye: Corte, Peinado, Crema, Baño y texturizante para pelo Largo, todo con productos KERASTASE. En caso de pelo extralargo, consulte con el centro."
        }, 
        {
            "service_category": "Preferente", 
            "service": "Corte, Productos Kerastase Y Peinar Pelo Corto.", 
            "duration": 2700, 
            "price": "31 € ", 
            "description": "Te ofrecemos cambios de estilo o simplemente un mantenimiento de puntas. Tú eliges. El servicio incluye: Corte, Peinado, Crema, Baño y texturizante para pelo corto, todo con productos KERASTASE."
        }, 
        {
            "service_category": "Preferente", 
            "service": "Lavar + Corte Caballero", 
            "duration": 1800, 
            "price": "12 € ", 
            "description": "En el corte incluimos: lavado antes y después, peinado, gel ,espuma ó cera"
        }, 
        {
            "service_category": "Peluquería", 
            "service": "Tratamiento Capilar De Caviar De Kerastase", 
            "duration": 1800, 
            "price": "50 € ", 
            "description": "Este tratamiento te hidrata el cuero cabelludo y cabello en profundidad, dando unos momentos de relajación muy especiales. Indicado para cuero cabelludo y cabellos secos, siempre con productos kerastase. El servicio no incluye peinado."
        }, 
        {
            "service_category": "Peluquería", 
            "service": "Alisado Brasileño Media Melena L'oreal", 
            "duration": 7200, 
            "price": "90 € ", 
            "description": "Con este alisado lo que se consigue es reducir volumen, bajar el rizo y el encrespado del cabello. Con este tratamiento que te ofrece Inés Mera verás tu melena como nunca antes: completamente lisa, rejuvenecida y llena de vida. El servicio incluye lavado. Trabajamos con productos L'OREAL y KERASTASE."
        }, 
        {
            "service_category": "Peluquería", 
            "service": "Alisado Con Taninoplastia", 
            "duration": 14400, 
            "price": "190 € ", 
            "description": "Alisado, 0% formol,0%glioxilico, 0% carbocisteina , sin corservantes. Un resultado espectacular y compatible con cualquier quimica, incluso cabellos decolorados. Este precio es de melena corta. Por encima de los hombros."
        }, 
        {
            "service_category": "Peluquería", 
            "service": "Alisado Con Taninoplastia", 
            "duration": 14400, 
            "price": "275 € ", 
            "description": "Alisado 0% formol, 0% acido glioxilico, 0% carbocisteinay no tiene conservantes. Compatible con cualquier quimica, incluso decoloracion. Este servicio es para media melena( maximo dos dedos por debajo de los hombros).resultados espectaculares."
        }, 
        {
            "service_category": "Peluquería", 
            "service": "Color, Peinado, Baño Kerastase Y Texturizante Larg", 
            "duration": 7200, 
            "price": "56 € ", 
            "description": "Tinte Inoa L'OREAL, peinado baño KERASTASE, texturizante para pelo Largo. La coloración sin amoniaco, sin olor y con una hidratación espectacular."
        }, 
        {
            "service_category": "Peluquería", 
            "service": "Color, Peinado, Prod Kerastase Y Texturizante Cort", 
            "duration": 7200, 
            "price": "49 € ", 
            "description": "Tinte de Inoa L'OREAL, Productos KERASTASE y texturizante para pelo corto. La colocación sin amoniaco, sin olor y una hidratación espectacular."
        }, 
        {
            "service_category": "Peluquería", 
            "service": "Corte, Peinado Y Tratamiento De Caviar Pelo Largo", 
            "duration": 7200, 
            "price": "78 € ", 
            "description": "El tratamiento de Caviar de KERASTASE aporta a tu cabello una hidratación en profundidad. Realizamos corte de pelo con asesoramiento personalizado, tratamiento completo de media hora y peinado en pelo largo."
        }, 
        {
            "service_category": "Peluquería", 
            "service": "Corte, Producto Kerastase Y Peinar Pelo Largo", 
            "duration": 3600, 
            "price": "36 € ", 
            "description": "Si quieres cambiar, no lo dudes, éste es el salón indicado para hacerlo. Tú salón. El servicio incluye: Corte, Peinado, Crema, Baño y texturizante para pelo Largo, todo con productos KERASTASE. En caso de pelo extralargo, consulte con el centro."
        }, 
        {
            "service_category": "Peluquería", 
            "service": "Corte, Productos Kerastase Y Peinar Pelo Corto.", 
            "duration": 2700, 
            "price": "31 € ", 
            "description": "Te ofrecemos cambios de estilo o simplemente un mantenimiento de puntas. Tú eliges. El servicio incluye: Corte, Peinado, Crema, Baño y texturizante para pelo corto, todo con productos KERASTASE."
        }, 
        {
            "service_category": "Peluquería", 
            "service": "Extensiones Ahdesivas 10", 
            "duration": 7200, 
            "price": "150 € ", 
            "description": "Este trabajo consiste en poner las extensiones,cortarlas y peinarlas. El resultado es espectacular. Con esta cantidad se puede alargar una melena. Este trabajo precisa ver un dia antes a la client@ para que nuestros profesionales puedan ver el estado del cabello."
        }, 
        {
            "service_category": "Peluquería", 
            "service": "Extensiones Cosidas 50 Cm", 
            "duration": 7200, 
            "price": "100 € ", 
            "description": "¿Has soñado con tener una melena más larga y con volumen? ¡Reserva nuestras extensiones cosidas a tu pelo! Incluye dos tiras de pelo natural de 50 centímetros de largo cada una. Es obligatorio acercarse al centro un día antes de la puesta para que nuestros profesionales puedan determinar exactamente qué tonalidad se adapta mejor a tu pelo natural. En caso de querer más de dos tiras se abonará la diferencia en el centro. Cada tira tiene un coste de 50 €. No incluye lavado, ni peinado, ni corte."
        }, 
        {
            "service_category": "Peluquería", 
            "service": "Lavar + Corte Caballero", 
            "duration": 1800, 
            "price": "12 € ", 
            "description": "En el corte incluimos: lavado antes y después, peinado, gel ,espuma ó cera"
        }, 
        {
            "service_category": "Peluquería", 
            "service": "Lavar + Crema+ Peinar Extra Largo", 
            "duration": 2700, 
            "price": "24,5 € ", 
            "description": "Este precio es para secador de mano. En caso de querer un peinado con plancha su precio será de 5 € más."
        }, 
        {
            "service_category": "Peluquería", 
            "service": "Lavar Con Kerastase Y Cortar", 
            "duration": 1800, 
            "price": "15 € ", 
            "description": "El servicio incluye lavado KERASTASE y corte, no incluye peinado. Consigue el corte deseado, reserva online hoy mismo a través de Bucmi.com."
        }, 
        {
            "service_category": "Peluquería", 
            "service": "Lavar Con Kérastase Y Peinar Cabello Largo", 
            "duration": 1800, 
            "price": "16,5 € ", 
            "description": "Este precio es con secador de mano. Con plancha llevaría un recargo de 4€"
        }, 
        {
            "service_category": "Peluquería", 
            "service": "Lavar Con Kerastase Y Peinar En Cabello Corto", 
            "duration": 1800, 
            "price": "13,5 € ", 
            "description": "¿Quieres lucir una melena bonita y con mucho brillo? Ven a tu Salón de Belleza Inés Mera y ponte en manos de nuestros mejores profesionales. Luce una melena con mucho brillo y luminosidad. Disfruta de un pelo hidratado y bonito, con productos KERASTASE. Estarás guapísima. Reserva tu cita cómodamente online a través de Bucmi.com. este precio es para secador de mano. Con plancha sería 4€ mas"
        }, 
        {
            "service_category": "Peluquería", 
            "service": "Lavar Con Kerastase Y Peinar Media Melena", 
            "duration": 1800, 
            "price": "15,5 € ", 
            "description": "¿Quieres lucir una melena bonita y con mucho brillo? Ven a tu Salón de Belleza Inés Mera y ponte en manos de nuestros mejores profesionales. Luce una melena con mucho brillo y luminosidad. Disfruta de un pelo hidratado y bonito, con productos KERASTASE. Estarás guapísima. Reserva tu cita cómodamente online a través de Bucmi.com."
        }, 
        {
            "service_category": "Peluquería", 
            "service": "Maquillaje De Novia", 
            "duration": 1800, 
            "price": "50 € ", 
            "description": "Te realizamos un maquillaje fantástico (con ampolla flash 5€ mas)"
        }, 
        {
            "service_category": "Peluquería", 
            "service": "Mechas Californianas Media Melena", 
            "duration": 3600, 
            "price": "34 € ", 
            "description": "Las mechas californianas sientan fenomenal, son atemporales y te hacen estar a la moda. En Inés Mera conocemos bien esta técnica y la realizamos con cuidado y precisión. Además no requiere de grandes cuidados a nivel del color. EL servicio incluye lavado pero el peinado no está en el precio. Trabajamos con productos L'OREAL y KERASTASE."
        }, 
        {
            "service_category": "Peluquería", 
            "service": "Mechas Californianas Y Peinado Pelo Largo", 
            "duration": 7200, 
            "price": "62 € ", 
            "description": "La mechas más naturales y que aportan a tu cabello color y luminosidad de las manos de las mejores profesionales. En Ines Mera estamos especializados en esta nueva técnica y te asesoraremos para conseguir sacar el mejor partido a tu pelo. El servicio incluye mechas, lavado, crema y peinado. Trabajamos con productos L'OREAL y KERASTASE."
        }, 
        {
            "service_category": "Peluquería", 
            "service": "Mechas De Plata Media Melena", 
            "duration": 3600, 
            "price": "37 € ", 
            "description": "Reserva online unas mechas de plata, de toda la vida. Eso aportará un toque de luz a tu melena y por tanto a tu mirada. Déjate asesorar y sácate el máximo partido. Servicio válido para media melena. El servicio incluye lavado pero el precio no incluye el peinado. Trabajamos con productos L'OREAL y KERASTASE."
        }, 
        {
            "service_category": "Peluquería", 
            "service": "Mechas De Plata Pelo Corto", 
            "duration": 2700, 
            "price": "34 € ", 
            "description": "Reserva online unas mechas de plata, de toda la vida. Eso aportará un toque de luz a tu melena y por tanto a tu mirada. Déjate asesorar y sácate el máximo partido. Servicio válido para melena corta. El servicio incluye lavado pero el precio no incluye el peinado. Trabajamos con productos L'OREAL y KERASTASE."
        }, 
        {
            "service_category": "Peluquería", 
            "service": "Mechas De Plata Pelo Extralargo", 
            "duration": 9000, 
            "price": "48 € ", 
            "description": "Reserva online unas mechas de plata, de toda la vida. Eso aportará un toque de luz a tu melena y por tanto a tu mirada. Déjate asesorar y sácate el máximo partido. Servicio válido para pelo extralargo. El servicio incluye lavado pero el precio no incluye el peinado."
        }, 
        {
            "service_category": "Peluquería", 
            "service": "Mechas De Plata Pelo Largo", 
            "duration": 10800, 
            "price": "46 € ", 
            "description": "Déjate asesorar y sácate el máximo partido. Reserva online unas mechas de plata, de toda la vida. Eso aportará un toque de luz a tu melena y por tanto a tu mirada. Servicio válido para pelo largo. El servicio incluye lavado pero el precio no incluye el peinado. Trabajamos con productos L'OREAL y KERASTASE."
        }, 
        {
            "service_category": "Peluquería", 
            "service": "Moldeador Completo Corto", 
            "duration": 5400, 
            "price": "54 € ", 
            "description": "Esta técnica consiste en el rizado del cabello aportándole cuerpo y volumen a tu pelo. El moldeado es una técnica más suave, y tiene como resultado una onda más abierta, todo depende del estilo que quieras conseguir. Se compone por: lavado ,corte,moldeador, espuma y peinado en cabello corto. Trabajamos con productos L'OREAL y KERASTASE."
        }, 
        {
            "service_category": "Peluquería", 
            "service": "Moldeador Completo Media Melena", 
            "duration": 7200, 
            "price": "69 € ", 
            "description": "Se compone de: lavado + corte + moldeador + espuma + peinado en media melena.Trabajamos con productos L'OREAL y KERASTASE. Ponte en manos de nuestros mejores profesionales y luce un pelo bonico y cuidado. Reserva hoy mismo con Bucmi.com"
        }, 
        {
            "service_category": "Peluquería", 
            "service": "Prueba Maquillaje De Novia", 
            "duration": 1800, 
            "price": "30 € ", 
            "description": "Te hacemos una prueba para que luzcas un maquillaje maravilloso el día de tu boda, siempre fiel a tu estilo y sacándote el máximo partido posible (la prueba no incluye ampolla flash)"
        }, 
        {
            "service_category": "Peluquería", 
            "service": "Recogido Cabello Largo", 
            "duration": 5400, 
            "price": "40 € ", 
            "description": "Luce un cabello recogido con las ultimas tendencias. Estarás guapísima. Trenzados, semirecojidos, etc."
        }, 
        {
            "service_category": "Peluquería", 
            "service": "Recogido De Fiesta Media Melena. Por El Hombro", 
            "duration": 3600, 
            "price": "35 € ", 
            "description": "¿Tienes un evento especial? Si quieres estar perfecta y se avecina una fiesta, reserva online tu recogido. Las últimas tendencias en Inés mera. El precio puede variar dependiendo de lo complejo que sea el recogido."
        }, 
        {
            "service_category": "Peluquería", 
            "service": "Recogido Para Novia", 
            "duration": 5400, 
            "price": "60 € ", 
            "description": "En el mejor día de tu vida, confía en Inés Mera, que te cuidará y mimará como te mereces, además de hacer que estés perfecta ese día tan especial. Recogido para novias de la mano de los mejores estilistas."
        }, 
        {
            "service_category": "Estética", 
            "service": "Tratamiento Capilar De Caviar De Kerastase", 
            "duration": 1800, 
            "price": "50 € ", 
            "description": "Este tratamiento te hidrata el cuero cabelludo y cabello en profundidad, dando unos momentos de relajación muy especiales. Indicado para cuero cabelludo y cabellos secos, siempre con productos kerastase. El servicio no incluye peinado."
        }, 
        {
            "service_category": "Estética", 
            "service": "Alisado Brasileño Media Melena L'oreal", 
            "duration": 7200, 
            "price": "90 € ", 
            "description": "Con este alisado lo que se consigue es reducir volumen, bajar el rizo y el encrespado del cabello. Con este tratamiento que te ofrece Inés Mera verás tu melena como nunca antes: completamente lisa, rejuvenecida y llena de vida. El servicio incluye lavado. Trabajamos con productos L'OREAL y KERASTASE."
        }, 
        {
            "service_category": "Estética", 
            "service": "Alisado Con Taninoplastia", 
            "duration": 14400, 
            "price": "190 € ", 
            "description": "Alisado, 0% formol,0%glioxilico, 0% carbocisteina , sin corservantes. Un resultado espectacular y compatible con cualquier quimica, incluso cabellos decolorados. Este precio es de melena corta. Por encima de los hombros."
        }, 
        {
            "service_category": "Estética", 
            "service": "Alisado Con Taninoplastia", 
            "duration": 14400, 
            "price": "275 € ", 
            "description": "Alisado 0% formol, 0% acido glioxilico, 0% carbocisteinay no tiene conservantes. Compatible con cualquier quimica, incluso decoloracion. Este servicio es para media melena( maximo dos dedos por debajo de los hombros).resultados espectaculares."
        }, 
        {
            "service_category": "Estética", 
            "service": "Color, Peinado, Baño Kerastase Y Texturizante Larg", 
            "duration": 7200, 
            "price": "56 € ", 
            "description": "Tinte Inoa L'OREAL, peinado baño KERASTASE, texturizante para pelo Largo. La coloración sin amoniaco, sin olor y con una hidratación espectacular."
        }, 
        {
            "service_category": "Estética", 
            "service": "Color, Peinado, Prod Kerastase Y Texturizante Cort", 
            "duration": 7200, 
            "price": "49 € ", 
            "description": "Tinte de Inoa L'OREAL, Productos KERASTASE y texturizante para pelo corto. La colocación sin amoniaco, sin olor y una hidratación espectacular."
        }, 
        {
            "service_category": "Estética", 
            "service": "Corte, Peinado Y Tratamiento De Caviar Pelo Largo", 
            "duration": 7200, 
            "price": "78 € ", 
            "description": "El tratamiento de Caviar de KERASTASE aporta a tu cabello una hidratación en profundidad. Realizamos corte de pelo con asesoramiento personalizado, tratamiento completo de media hora y peinado en pelo largo."
        }, 
        {
            "service_category": "Estética", 
            "service": "Corte, Producto Kerastase Y Peinar Pelo Largo", 
            "duration": 3600, 
            "price": "36 € ", 
            "description": "Si quieres cambiar, no lo dudes, éste es el salón indicado para hacerlo. Tú salón. El servicio incluye: Corte, Peinado, Crema, Baño y texturizante para pelo Largo, todo con productos KERASTASE. En caso de pelo extralargo, consulte con el centro."
        }, 
        {
            "service_category": "Estética", 
            "service": "Corte, Productos Kerastase Y Peinar Pelo Corto.", 
            "duration": 2700, 
            "price": "31 € ", 
            "description": "Te ofrecemos cambios de estilo o simplemente un mantenimiento de puntas. Tú eliges. El servicio incluye: Corte, Peinado, Crema, Baño y texturizante para pelo corto, todo con productos KERASTASE."
        }, 
        {
            "service_category": "Estética", 
            "service": "Extensiones Ahdesivas 10", 
            "duration": 7200, 
            "price": "150 € ", 
            "description": "Este trabajo consiste en poner las extensiones,cortarlas y peinarlas. El resultado es espectacular. Con esta cantidad se puede alargar una melena. Este trabajo precisa ver un dia antes a la client@ para que nuestros profesionales puedan ver el estado del cabello."
        }, 
        {
            "service_category": "Estética", 
            "service": "Extensiones Cosidas 50 Cm", 
            "duration": 7200, 
            "price": "100 € ", 
            "description": "¿Has soñado con tener una melena más larga y con volumen? ¡Reserva nuestras extensiones cosidas a tu pelo! Incluye dos tiras de pelo natural de 50 centímetros de largo cada una. Es obligatorio acercarse al centro un día antes de la puesta para que nuestros profesionales puedan determinar exactamente qué tonalidad se adapta mejor a tu pelo natural. En caso de querer más de dos tiras se abonará la diferencia en el centro. Cada tira tiene un coste de 50 €. No incluye lavado, ni peinado, ni corte."
        }, 
        {
            "service_category": "Estética", 
            "service": "Lavar + Corte Caballero", 
            "duration": 1800, 
            "price": "12 € ", 
            "description": "En el corte incluimos: lavado antes y después, peinado, gel ,espuma ó cera"
        }, 
        {
            "service_category": "Manicura y Pedicura", 
            "service": "Tratamiento Capilar De Caviar De Kerastase", 
            "duration": 1800, 
            "price": "50 € ", 
            "description": "Este tratamiento te hidrata el cuero cabelludo y cabello en profundidad, dando unos momentos de relajación muy especiales. Indicado para cuero cabelludo y cabellos secos, siempre con productos kerastase. El servicio no incluye peinado."
        }, 
        {
            "service_category": "Manicura y Pedicura", 
            "service": "Alisado Brasileño Media Melena L'oreal", 
            "duration": 7200, 
            "price": "90 € ", 
            "description": "Con este alisado lo que se consigue es reducir volumen, bajar el rizo y el encrespado del cabello. Con este tratamiento que te ofrece Inés Mera verás tu melena como nunca antes: completamente lisa, rejuvenecida y llena de vida. El servicio incluye lavado. Trabajamos con productos L'OREAL y KERASTASE."
        }, 
        {
            "service_category": "Manicura y Pedicura", 
            "service": "Alisado Con Taninoplastia", 
            "duration": 14400, 
            "price": "190 € ", 
            "description": "Alisado, 0% formol,0%glioxilico, 0% carbocisteina , sin corservantes. Un resultado espectacular y compatible con cualquier quimica, incluso cabellos decolorados. Este precio es de melena corta. Por encima de los hombros."
        }, 
        {
            "service_category": "Manicura y Pedicura", 
            "service": "Alisado Con Taninoplastia", 
            "duration": 14400, 
            "price": "275 € ", 
            "description": "Alisado 0% formol, 0% acido glioxilico, 0% carbocisteinay no tiene conservantes. Compatible con cualquier quimica, incluso decoloracion. Este servicio es para media melena( maximo dos dedos por debajo de los hombros).resultados espectaculares."
        }, 
        {
            "service_category": "Manicura y Pedicura", 
            "service": "Color, Peinado, Baño Kerastase Y Texturizante Larg", 
            "duration": 7200, 
            "price": "56 € ", 
            "description": "Tinte Inoa L'OREAL, peinado baño KERASTASE, texturizante para pelo Largo. La coloración sin amoniaco, sin olor y con una hidratación espectacular."
        }, 
        {
            "service_category": "Manicura y Pedicura", 
            "service": "Color, Peinado, Prod Kerastase Y Texturizante Cort", 
            "duration": 7200, 
            "price": "49 € ", 
            "description": "Tinte de Inoa L'OREAL, Productos KERASTASE y texturizante para pelo corto. La colocación sin amoniaco, sin olor y una hidratación espectacular."
        }, 
        {
            "service_category": "Manicura y Pedicura", 
            "service": "Corte, Peinado Y Tratamiento De Caviar Pelo Largo", 
            "duration": 7200, 
            "price": "78 € ", 
            "description": "El tratamiento de Caviar de KERASTASE aporta a tu cabello una hidratación en profundidad. Realizamos corte de pelo con asesoramiento personalizado, tratamiento completo de media hora y peinado en pelo largo."
        }, 
        {
            "service_category": "Masaje", 
            "service": "Tratamiento Capilar De Caviar De Kerastase", 
            "duration": 1800, 
            "price": "50 € ", 
            "description": "Este tratamiento te hidrata el cuero cabelludo y cabello en profundidad, dando unos momentos de relajación muy especiales. Indicado para cuero cabelludo y cabellos secos, siempre con productos kerastase. El servicio no incluye peinado."
        }, 
        {
            "service_category": "Masaje", 
            "service": "Alisado Brasileño Media Melena L'oreal", 
            "duration": 7200, 
            "price": "90 € ", 
            "description": "Con este alisado lo que se consigue es reducir volumen, bajar el rizo y el encrespado del cabello. Con este tratamiento que te ofrece Inés Mera verás tu melena como nunca antes: completamente lisa, rejuvenecida y llena de vida. El servicio incluye lavado. Trabajamos con productos L'OREAL y KERASTASE."
        }, 
        {
            "service_category": "Depilación", 
            "service": "Tratamiento Capilar De Caviar De Kerastase", 
            "duration": 1800, 
            "price": "50 € ", 
            "description": "Este tratamiento te hidrata el cuero cabelludo y cabello en profundidad, dando unos momentos de relajación muy especiales. Indicado para cuero cabelludo y cabellos secos, siempre con productos kerastase. El servicio no incluye peinado."
        }, 
        {
            "service_category": "Depilación", 
            "service": "Alisado Brasileño Media Melena L'oreal", 
            "duration": 7200, 
            "price": "90 € ", 
            "description": "Con este alisado lo que se consigue es reducir volumen, bajar el rizo y el encrespado del cabello. Con este tratamiento que te ofrece Inés Mera verás tu melena como nunca antes: completamente lisa, rejuvenecida y llena de vida. El servicio incluye lavado. Trabajamos con productos L'OREAL y KERASTASE."
        }, 
        {
            "service_category": "Depilación", 
            "service": "Alisado Con Taninoplastia", 
            "duration": 14400, 
            "price": "190 € ", 
            "description": "Alisado, 0% formol,0%glioxilico, 0% carbocisteina , sin corservantes. Un resultado espectacular y compatible con cualquier quimica, incluso cabellos decolorados. Este precio es de melena corta. Por encima de los hombros."
        }, 
        {
            "service_category": "Depilación", 
            "service": "Alisado Con Taninoplastia", 
            "duration": 14400, 
            "price": "275 € ", 
            "description": "Alisado 0% formol, 0% acido glioxilico, 0% carbocisteinay no tiene conservantes. Compatible con cualquier quimica, incluso decoloracion. Este servicio es para media melena( maximo dos dedos por debajo de los hombros).resultados espectaculares."
        }, 
        {
            "service_category": "Depilación", 
            "service": "Color, Peinado, Baño Kerastase Y Texturizante Larg", 
            "duration": 7200, 
            "price": "56 € ", 
            "description": "Tinte Inoa L'OREAL, peinado baño KERASTASE, texturizante para pelo Largo. La coloración sin amoniaco, sin olor y con una hidratación espectacular."
        }
    ]
}