{
    "adid": null, 
    "name": "Rozalen Aluche", 
    "name_of_contact": "Rozalen Aluche", 
    "scrape_page": "https://www.bucmi.com/rozalencd", 
    "business_website": "https://www.bucmi.com/rozalencd", 
    "areas_covered": null, 
    "description": "Amplio y selecto grupo de especialistas. Con tres clínicas situadas en plantas bajas de fincas de vecinos con acceso adaptado y directo sin barreras arquitectónicas, las tres clínicas cuentan con una distribución similar.", 
    "img_link": [
        "https://d1nd15w2k87kz0.cloudfront.net/Uploads/635659990449080592.jpg", 
        "https://d1nd15w2k87kz0.cloudfront.net/Uploads/635659990464550550.jpg", 
        "https://d1nd15w2k87kz0.cloudfront.net/Uploads/635659990652690239.jpg", 
        "https://d1nd15w2k87kz0.cloudfront.net/Uploads/635659990712695256.jpg", 
        "https://d1nd15w2k87kz0.cloudfront.net/Uploads/635659990733946949.jpg"
    ], 
    "hqdb_featured_ad_type": "Featured", 
    "hqdb_nr_reviews": "0", 
    "hqdb_review_score": "0,0", 
    "accreditations": null, 
    "category": null, 
    "subcategory": null, 
    "street": null, 
    "city": "Madrid", 
    "zipcode": "28047", 
    "formatted_address": "Madrid, 28004, Madrid, 28047", 
    "country": "es", 
    "office_number": "914658464", 
    "office_number2": null, 
    "mobile_number": null, 
    "mobile_number2": null, 
    "unidentified_phone_numbers": null, 
    "latitude": "40.3915990000", 
    "longitude": "-3.7455683000", 
    "business_email": null, 
    "yelp_page": null, 
    "facebook": null, 
    "twitter": null, 
    "instagram": null, 
    "venue_images": "https://d1nd15w2k87kz0.cloudfront.net/Logotipos/635974662631505980.jpg", 
    "opening_hours_raw": null, 
    "pricelist_link": null, 
    "services": [
        {
            "service_category": "Preferente", 
            "service": "Bono 5 Sesiones Fisioterapia", 
            "duration": 2700, 
            "price": "175 € ", 
            "description": "Este bono es válido durante un año y se puede transferir. La Fisioterapia es una disciplina de la Salud que ofrece una alternativa terapéutica y ayuda a paliar los síntomas de múltiples dolencias, tanto agudas como crónicas."
        }, 
        {
            "service_category": "Preferente", 
            "service": "Sesión De Fisioterapia", 
            "duration": 2700, 
            "price": "35 € ", 
            "description": "Terapia que elimina la dolencia en la zona localizada.Ofrecemos una alternativa terapéutica y ayuda a paliar los síntomas de múltiples dolencias, tanto agudas como crónicas."
        }, 
        {
            "service_category": "Preferente", 
            "service": "Drenaje Linfático", 
            "duration": 2700, 
            "price": "40 € ", 
            "description": "Terapia manual destinada a mejorar las funciones del sistema linfático. Indicado para mejorar problemas como migraña, estrés, problemas respiratorios, etc."
        }, 
        {
            "service_category": "Estética", 
            "service": "Drenaje Linfático", 
            "duration": 2700, 
            "price": "40 € ", 
            "description": "Terapia manual destinada a mejorar las funciones del sistema linfático. Indicado para mejorar problemas como migraña, estrés, problemas respiratorios, etc."
        }, 
        {
            "service_category": "Masaje", 
            "service": "Drenaje Linfático", 
            "duration": 2700, 
            "price": "40 € ", 
            "description": "Terapia manual destinada a mejorar las funciones del sistema linfático. Indicado para mejorar problemas como migraña, estrés, problemas respiratorios, etc."
        }, 
        {
            "service_category": "Masaje", 
            "service": "Bono De 10 Sesiones De Fisioterapia", 
            "duration": 2700, 
            "price": "350 € ", 
            "description": "Este bono es válido durante un año y se puede transferir. La Fisioterapia es una disciplina de la Salud que ofrece una alternativa terapéutica y ayuda a paliar los síntomas de múltiples dolencias, tanto agudas como crónicas."
        }, 
        {
            "service_category": "Masaje", 
            "service": "Bono 5 Sesiones Fisioterapia", 
            "duration": 2700, 
            "price": "175 € ", 
            "description": "Este bono es válido durante un año y se puede transferir. La Fisioterapia es una disciplina de la Salud que ofrece una alternativa terapéutica y ayuda a paliar los síntomas de múltiples dolencias, tanto agudas como crónicas."
        }, 
        {
            "service_category": "Masaje", 
            "service": "Fisioterapia Suelo Pélvico (1ª Sesión)", 
            "duration": 3600, 
            "price": "80 € ", 
            "description": "Fortalece tu zona pélvica con este servicio. El servicio incluye sesión de fisioterapia pélvica y sonda vaginal en la primera sesión."
        }, 
        {
            "service_category": "Masaje", 
            "service": "Fisioterapia Suelo Pélvico (2ª Sesión)", 
            "duration": 1800, 
            "price": "45 € ", 
            "description": "Fortalece tu zona pélvica con este servicio. Este servicio sólo se puede realizar cuando ya has realizado una sesión previa ya que la sonda no está incluida."
        }, 
        {
            "service_category": "Masaje", 
            "service": "Sesión De Fisioterapia", 
            "duration": 2700, 
            "price": "35 € ", 
            "description": "Terapia que elimina la dolencia en la zona localizada.Ofrecemos una alternativa terapéutica y ayuda a paliar los síntomas de múltiples dolencias, tanto agudas como crónicas."
        }
    ]
}