{
    "adid": null, 
    "name": "Luis y Tachi", 
    "name_of_contact": "Luis y Tachi", 
    "scrape_page": "https://www.bucmi.com/luisytachi", 
    "business_website": "https://www.bucmi.com/luisytachi", 
    "areas_covered": null, 
    "description": "Luis & Tachi Peluqueros está ubicado en la Calle de José Ortega y Gasset, 74 al lado de la parada Lista en pleno barrio de Salamanca de Madrid. Cuenta con expertos en coloración adecuada para todo tipo de cabello, edad y tendencias de moda, de la mano de L’Oréal Professional, en Rituales capilares Kerastasse y Bioesthétique. En Luis y Tachi tienen obsesión por el color, la moda y la máxima calidad en servicios profesionales, por eso trabajan con la marca Essie, Inoa y Diarichesse.", 
    "img_link": [
        "https://d1nd15w2k87kz0.cloudfront.net/Uploads/635937164993920940.jpg", 
        "https://d1nd15w2k87kz0.cloudfront.net/Uploads/635937169067849395.jpg", 
        "https://d1nd15w2k87kz0.cloudfront.net/Uploads/635937171239570738.jpg", 
        "https://d1nd15w2k87kz0.cloudfront.net/Uploads/636276120968016616.jpg", 
        "https://d1nd15w2k87kz0.cloudfront.net/Uploads/636276120981297598.jpg", 
        "https://d1nd15w2k87kz0.cloudfront.net/Uploads/636276121021921494.jpg", 
        "https://d1nd15w2k87kz0.cloudfront.net/Uploads/636276121090982105.jpg"
    ], 
    "hqdb_featured_ad_type": "Featured", 
    "hqdb_nr_reviews": "69", 
    "hqdb_review_score": "9,2", 
    "accreditations": null, 
    "category": null, 
    "subcategory": null, 
    "street": "C/ Cartagena, 1", 
    "city": "Madrid", 
    "zipcode": "28006", 
    "formatted_address": "C/ Cartagena, 1, Madrid, 28006", 
    "country": "es", 
    "office_number": "914016949", 
    "office_number2": null, 
    "mobile_number": null, 
    "mobile_number2": null, 
    "unidentified_phone_numbers": null, 
    "latitude": "40.4296636000", 
    "longitude": "-3.6739966999", 
    "business_email": null, 
    "yelp_page": null, 
    "facebook": null, 
    "twitter": null, 
    "instagram": null, 
    "venue_images": "https://d1nd15w2k87kz0.cloudfront.net/Logotipos/636276121590811950.jpg", 
    "opening_hours_raw": null, 
    "pricelist_link": null, 
    "services": [
        {
            "service_category": "Preferente", 
            "service": "Afeitado Clásico A Navaja", 
            "duration": 1800, 
            "price": "18,3 € ", 
            "description": "Llevamos más de 40 años realizando el afeitado clásico con navaja, toallas calientes con productos y cuchillas de primera calidad. Disfruta de la experiencia de la Barbería. Es el momento de cuidarte y mimarte de la mano de los profesionales de Luis y Tachi. Relájate y consigue un look cuidado según tu estilo. Siempre nos adaptamos a tus gustos con un asesoramiento personalizado. Reserva cita online al mejor precio."
        }, 
        {
            "service_category": "Preferente", 
            "service": "Corte De Pelo Hombre", 
            "duration": 1800, 
            "price": "22,9 € ", 
            "description": "Tanto si quiere un cambio de estilo como sanear tu cabello, ponte en manos de los estilistas de Luis y Tachi; ellos te ofrecerán un asesoramiento personalizado para sacar la mejor versión de ti mismo. Cambia tu look con este servicio que incluye lavado con champú específico, corte para hombre, baño tratamiento con Kerastase Homme y peinado con productos de acabado REDKEN para el hombre. ¡No esperes más y reserva online!"
        }, 
        {
            "service_category": "Preferente", 
            "service": "Corte De Pelo Mujer Y Baño Tratamiento Kerastase", 
            "duration": 2700, 
            "price": "28,9 € ", 
            "description": "Los estilistas cualificados de Luis y Tachi están a tu disposición para conseguir un estilo que se ajuste a lo que tu buscas. Además, te ofrecen un asesoramiento personalizado para dejarte perfecta. Dale un nuevo look a tu melena con este servicio de corte para mujer, incluye lavado con baño personalizado Kerastase para nutrir y reparar tu cabello dañado. No te arrepentirás del resultado."
        }, 
        {
            "service_category": "Preferente", 
            "service": "Color Raíz Absoluto Inoa", 
            "duration": 3600, 
            "price": "37,9 € ", 
            "description": "Unifica el color de tu melena con este servicio de color Absoluto by Inoa sin amoniaco, una de las mejores marcas del mercado, para que tu cabello esté cuidado desde el inicio del tratamiento y no se dañe. El servicio incluye el lavado con champú específico e hidratación y la coloración INOA en la zona de raíz. Si deseas un cambio de color se abonará en el salón un suplemento de 8,30€. El servicio no incluye peinado del cabello."
        }, 
        {
            "service_category": "Peluquería", 
            "service": "Afeitado Clásico A Navaja", 
            "duration": 1800, 
            "price": "18,3 € ", 
            "description": "Llevamos más de 40 años realizando el afeitado clásico con navaja, toallas calientes con productos y cuchillas de primera calidad. Disfruta de la experiencia de la Barbería. Es el momento de cuidarte y mimarte de la mano de los profesionales de Luis y Tachi. Relájate y consigue un look cuidado según tu estilo. Siempre nos adaptamos a tus gustos con un asesoramiento personalizado. Reserva cita online al mejor precio."
        }, 
        {
            "service_category": "Peluquería", 
            "service": "Corte De Pelo Hombre", 
            "duration": 1800, 
            "price": "22,9 € ", 
            "description": "Tanto si quiere un cambio de estilo como sanear tu cabello, ponte en manos de los estilistas de Luis y Tachi; ellos te ofrecerán un asesoramiento personalizado para sacar la mejor versión de ti mismo. Cambia tu look con este servicio que incluye lavado con champú específico, corte para hombre, baño tratamiento con Kerastase Homme y peinado con productos de acabado REDKEN para el hombre. ¡No esperes más y reserva online!"
        }, 
        {
            "service_category": "Peluquería", 
            "service": "Diseño Y Arreglo De Barba", 
            "duration": 900, 
            "price": "15,3 € ", 
            "description": "Las barbas están de moda, pero en Luis y Tachi sabemos que estas requieren cuidados para tener una barba perfecta,.Si empiezas a notar tu estupenda barba desarreglada haz tu reserva online en LUIS&TACHI, de nuestro completo servicio de arreglo de barba. Nuestros expertos barberos, conseguiran la imagen deseada para tu barba. No lo pienses más y luce una barba molona y arreglada para un look perfecto."
        }, 
        {
            "service_category": "Peluquería", 
            "service": "Alisado De Keratina", 
            "duration": 7200, 
            "price": "201 € ", 
            "description": "Si quieres despedirte del cabello fosco, sin vida e indomable, tu solución es reservar online un tratamiento de Alisado de Keratina. Ahora podrás decir adiós al pelo encrespado y lucir esa melena lisa que tanto has deseado con el alisado de keratina 100% libre de formol de Luis Y Tachi. En caso de tener una melena extralarga o con mucha densidad consulta por posible suplemento en el salón ¡Amarás tu pelo de una vez por todas!"
        }, 
        {
            "service_category": "Peluquería", 
            "service": "Color Inoa, Tto Kerastase Y Peinado", 
            "duration": 5400, 
            "price": "57 € ", 
            "description": "En Luis y Tachi trabajamos con marcas de primera calidad para aportar lo mejor a tu cabello. Unifica el color de tu melena con este servicio de color Absoluto by Inoa sin amoniaco, una de las mejores marcas del mercado. El servicio incluye el lavado con champú específico e hidratación Kerastase para aportar fuerza a tu cabello y la coloración INOA. Incluye peinado a tu gusto. Reserva online en tan dolo 2 clics."
        }, 
        {
            "service_category": "Peluquería", 
            "service": "Color Natural Bb Color", 
            "duration": 2700, 
            "price": "25,6 € ", 
            "description": "Si estás pensando en aportar a tu cabello un color natural y sin dañar apenas tu cabello, reserva online este color Bb. Se trata de un Baño de color super brillante, ideal para disimular tus primeras canas y conseguir una hidratación de terciopelo. El servicio incluye el lavado de la melena con champú e hidratación y la coloración. No incluye el peinado. Conseguiremos el look que deseas."
        }, 
        {
            "service_category": "Peluquería", 
            "service": "Color Natural Bb, Peinado Y Tto Kerastase", 
            "duration": 5400, 
            "price": "45 € ", 
            "description": "Este pack es perfecto si deseas aportar color a tu cabello y además deseas lucirlo con más brillo y sedosidad. El tratamiento consiste en un Baño de color super brillante, ideal para disimular tus primeras canas y un tratamiento de hidratación Kerastase, para conseguir una hidratación de terciopelo. El servicio incluye el lavado de la melena con champú e hidratación y la coloración. El servicio Incluye el peinado."
        }, 
        {
            "service_category": "Peluquería", 
            "service": "Mechas Profesionales Smartbond", 
            "duration": 3600, 
            "price": "62,9 € ", 
            "description": "Las Mechas Profesionales Smartbond harán que tengas un look perfecto. Déjate aconsejar por nuestros expertos y dale un toque de luz a tu melena con este servicio de mechas con el que se verá más luminosa. El servicio incluye la iluminación de la melena y el lavado con champú, aplicación de smartbond para proteger tu cabello y secado natural para quitar la humidad. Reserva online al mejor precio en tan solo 3 clics."
        }, 
        {
            "service_category": "Peluquería", 
            "service": "Peinado Y Baño Tratamiento Kerastase", 
            "duration": 1800, 
            "price": "19,3 € ", 
            "description": "¿Tienes un evento especial y no consigues domar tu pelo? Reserva este servicio de peinado y saldrás estupenda. Además trataremos tu cabello con un Baño Kerastase adaptado a tus necesidades. Los profesionales de Luis y Tachi sabrán cuidar y mimar tu cabello como se merece para conseguir el look que deseas. El servicio incluye lavado con champú específico, un baño de hidratación y el peinado a tu gusto. ¡Reserva cita online!"
        }, 
        {
            "service_category": "Peluquería", 
            "service": "Corte De Pelo Mujer Y Baño Tratamiento Kerastase", 
            "duration": 2700, 
            "price": "28,9 € ", 
            "description": "Los estilistas cualificados de Luis y Tachi están a tu disposición para conseguir un estilo que se ajuste a lo que tu buscas. Además, te ofrecen un asesoramiento personalizado para dejarte perfecta. Dale un nuevo look a tu melena con este servicio de corte para mujer, incluye lavado con baño personalizado Kerastase para nutrir y reparar tu cabello dañado. No te arrepentirás del resultado."
        }, 
        {
            "service_category": "Peluquería", 
            "service": "Color Raíz Absoluto Inoa", 
            "duration": 3600, 
            "price": "37,9 € ", 
            "description": "Unifica el color de tu melena con este servicio de color Absoluto by Inoa sin amoniaco, una de las mejores marcas del mercado, para que tu cabello esté cuidado desde el inicio del tratamiento y no se dañe. El servicio incluye el lavado con champú específico e hidratación y la coloración INOA en la zona de raíz. Si deseas un cambio de color se abonará en el salón un suplemento de 8,30€. El servicio no incluye peinado del cabello."
        }, 
        {
            "service_category": "Estética", 
            "service": "Terapia De Limpieza Facial La Biosthetique", 
            "duration": 3600, 
            "price": "67,8 € ", 
            "description": "Cuida de tu rostro, lucha contra el envejecimiento prematuro e imperfecciones como manchas, arrugas, líneas de expresión o acné y todo en manos de los mejores esteticistas y profesionales de Luis y Tachi. Tratamiento para eliminar las impurezas cutáneas de forma intensiva y al mismo tiempoespecialmente suave con las tecnicas de la exclusiva marca LA BIOSTHETIQUE. Te encantará el resultado lleno de luz."
        }, 
        {
            "service_category": "Estética", 
            "service": "Extensiones De Pestañas 3D Eyes", 
            "duration": 5400, 
            "price": "95 € ", 
            "description": "Las extensiones de pestañas son el método profesional, fácil y sencillo que alargará y moldeará tus pestañas hasta el infinito. Se integran entre las pestañas naturales para mejorar su grosor, longitud y volumen, logrando un encanto especial y destacar el atractivo de los ojos. Tendrás la mirada que siempre has soñado y te olvidarás de la marcara de pestañas. Sacaremos la mejor versión de ti misma con este efecto 3D."
        }, 
        {
            "service_category": "Manicura y Pedicura", 
            "service": "Manicura Completa Masglo", 
            "duration": 1800, 
            "price": "17,6 € ", 
            "description": "Las manos son una parte fundamental del cuerpo y dicen mucho de ti, por eso queremos que las lleves cuidadas, perfectas y a todo color. Disfruta de una manicura completa con la marca Masglo. Te realizamos un diagnóstico de la uña y te aplicaremos la rutina de tratamiento que necesites, aplicamos guante de tratamiento ,damos forma a la uña, retiramos cutícula y esmaltamos del tono que más te guste ¿Sabrás de color escoger?"
        }, 
        {
            "service_category": "Manicura y Pedicura", 
            "service": "Manicura Semipermanente Masglo", 
            "duration": 2700, 
            "price": "31,9 € ", 
            "description": "Tus uñas perfectas durante 3 semanas, con el esmaltado semipermanente de Masglo Gel. El servicio es completo, incluye el esmaltado en el color que elijas, limado de la uña, hidratación de la piel y el cuidado de las cutículas. Para los profesionales de Luis y Tachi es fundamental que tengas un resultado perfecto y por tanto, unas manos y uñas impecables. Tendrás el color intacto durante más de 2 semanas sin dañar tu uña."
        }, 
        {
            "service_category": "Manicura y Pedicura", 
            "service": "Pedicura By Masglo", 
            "duration": 2700, 
            "price": "37,9 € ", 
            "description": "Muchas veces olvidamos que los pies soportan la carga del día a día y que están sometidos a agresiones continuas, como los cambios de temperaturas o el calzado que muchas veces no es el más adecuado. Disfruta de un momento de placer y relax. Después de un diagnóstico personalizado, aplicaremos un tratamiento según el tipo de uña, aplicamos tratamiento hidratante, masaje y finalizamos con esmaltado de la prestigiosa marca Masglo"
        }, 
        {
            "service_category": "Manicura y Pedicura", 
            "service": "Pedicura Semipermanente Masglo Gel", 
            "duration": 3600, 
            "price": "52,3 € ", 
            "description": "Es necesario dar un respiro a tus pies y proporcionarles un descanso de vez en cuando. Luis y Tachi quiere que te dejes cuidar y mantener tus pies perfectos para afrontar el día a día. Disfruta de una pedicura relajante realizada con las mejores especialistas en mani-pedi y embellece tus uñas con un esmaltado semipermanente realizado con los productos de la prestigiosa marca Masglo ¡Dispones de un montón de tonos ideales!"
        }, 
        {
            "service_category": "Masaje", 
            "service": "Masaje Hot Oil Relajante", 
            "duration": 5400, 
            "price": "83,5 € ", 
            "description": "Es momento de relajarte y evadirse la rutina gracias a este super masaje corporal Hoy Oil. El masaje intensivo relaja de forma especialmente agradable las tensiones corporales y alivia del estrés diario. La cera líquida caliente con aroma frutal a albaricoque proporciona una piel suave como la seda, aparte de aportarle un cuidado intenso. Disfruta de 90 minutos de placer total ¡Es tu momento!"
        }, 
        {
            "service_category": "Masaje", 
            "service": "Masaje Relajante Antiestrés", 
            "duration": 2700, 
            "price": "46,9 € ", 
            "description": "Nuestro cuerpo sufre con nuestras fatigas diarias, y a veces una contractura, un dolor de espalda o de cuello o una pequeña lesión deportiva pueden frenar nuestra actividad. ¡No permitas que eso ocurra! El servicio tiene una duración aproximada de 45 minutos de masaje corporal relajante realizado con aceite esenciales. Desconecta y date un respiro gracias a nuestros expertos terapeutas de Luis y Tachi."
        }, 
        {
            "service_category": "Depilación", 
            "service": "Depilación De Cejas", 
            "duration": 900, 
            "price": "7,2 € ", 
            "description": "Las cejas son parte fundamental del rostro y por ello es necesario llevarlas cuidadas. Realizada por nuestras profesionales con pinzas y cera, si fuera necesario en zona superior y entrecejo. ¡Y olvídate del vello por un par de semanas gracias a Luis y Tachi! No incluye diseño de cejas. Reserva online en tan solo 3 clics al mejor precio a través de Bucmi. ¡Te gustará el resultado!"
        }, 
        {
            "service_category": "Depilación", 
            "service": "Depilación Piernas Completas Cera Caliente", 
            "duration": 900, 
            "price": "24,3 € ", 
            "description": "Si quieres conseguir unas piernas bonitas, suaves y de escándalo, opta por la depilación con cera caliente, que es muy duradera. Disfruta de un servicio de depilación en nuestras cómodas cabinas y realizado por las mejores profesionales. Luce unas piernas increíbles gracias a nuestros expertos esteticistas de Luis y Tachi ¡Y olvídate del vello por un par de semanas gracias a Luis y Tachi! Reserva online en tan solo 3 clics."
        }
    ]
}