{
    "adid": null, 
    "name": "DeLujo Zone", 
    "name_of_contact": "DeLujo Zone", 
    "scrape_page": "https://www.bucmi.com/delujozone", 
    "business_website": "https://www.bucmi.com/delujozone", 
    "areas_covered": null, 
    "description": "Junto a Gran Vía, Centro de Belleza y Bienestar, con un trato al cliente que es el que queremos para nosotros mismos. Nuestro servicio es personal, sin prisas, con dedicación exclusiva al cliente, en un ambiente de paz y relajación, sin intrusismos.", 
    "img_link": [
        "https://d1nd15w2k87kz0.cloudfront.net/Uploads/636225813654240922.jpg", 
        "https://d1nd15w2k87kz0.cloudfront.net/Uploads/636225813704553039.jpg", 
        "https://d1nd15w2k87kz0.cloudfront.net/Uploads/636225813760802546.jpg", 
        "https://d1nd15w2k87kz0.cloudfront.net/Uploads/636225813819083309.jpg", 
        "https://d1nd15w2k87kz0.cloudfront.net/Uploads/636225813887363966.jpg", 
        "https://d1nd15w2k87kz0.cloudfront.net/Uploads/636225813969394634.jpg", 
        "https://d1nd15w2k87kz0.cloudfront.net/Uploads/636225814022831773.jpg", 
        "https://d1nd15w2k87kz0.cloudfront.net/Uploads/636225814134549701.jpg", 
        "https://d1nd15w2k87kz0.cloudfront.net/Uploads/636225814196111787.jpg", 
        "https://d1nd15w2k87kz0.cloudfront.net/Uploads/636225814258923618.jpg", 
        "https://d1nd15w2k87kz0.cloudfront.net/Uploads/636225814335954419.jpg", 
        "https://d1nd15w2k87kz0.cloudfront.net/Uploads/636225814409703714.jpg", 
        "https://d1nd15w2k87kz0.cloudfront.net/Uploads/636225814486265766.jpg", 
        "https://d1nd15w2k87kz0.cloudfront.net/Uploads/636225814557202519.jpg", 
        "https://d1nd15w2k87kz0.cloudfront.net/Uploads/636225823058855329.jpg", 
        "https://d1nd15w2k87kz0.cloudfront.net/Uploads/636225823132604811.jpg", 
        "https://d1nd15w2k87kz0.cloudfront.net/Uploads/636225823187292031.jpg", 
        "https://d1nd15w2k87kz0.cloudfront.net/Uploads/636225823277916111.jpg", 
        "https://d1nd15w2k87kz0.cloudfront.net/Uploads/636225823348540550.jpg", 
        "https://d1nd15w2k87kz0.cloudfront.net/Uploads/636225823420727560.jpg", 
        "https://d1nd15w2k87kz0.cloudfront.net/Uploads/636225823481039599.jpg", 
        "https://d1nd15w2k87kz0.cloudfront.net/Uploads/636225823557757669.jpg", 
        "https://d1nd15w2k87kz0.cloudfront.net/Uploads/636225823669475594.jpg", 
        "https://d1nd15w2k87kz0.cloudfront.net/Uploads/636225823736506458.jpg", 
        "https://d1nd15w2k87kz0.cloudfront.net/Uploads/636225823799630817.jpg"
    ], 
    "hqdb_featured_ad_type": "Featured", 
    "hqdb_nr_reviews": "98", 
    "hqdb_review_score": "10,0", 
    "accreditations": null, 
    "category": null, 
    "subcategory": null, 
    "street": "C/ Dulzaina, 9", 
    "city": "Madrid", 
    "zipcode": "28004", 
    "formatted_address": "C/ Dulzaina, 9, Madrid, 28004", 
    "country": "es", 
    "office_number": "916015267", 
    "office_number2": null, 
    "mobile_number": null, 
    "mobile_number2": null, 
    "unidentified_phone_numbers": null, 
    "latitude": "40.4213619999", 
    "longitude": "-3.6996759999", 
    "business_email": null, 
    "yelp_page": null, 
    "facebook": null, 
    "twitter": null, 
    "instagram": null, 
    "venue_images": "https://d1nd15w2k87kz0.cloudfront.net/Logotipos/636225827185385929.jpg", 
    "opening_hours_raw": null, 
    "pricelist_link": null, 
    "services": [
        {
            "service_category": "Preferente", 
            "service": "Extensiones De Pestañas", 
            "duration": 7200, 
            "price": "80 € ", 
            "description": "Se requiere un test de alergia gratuito 24 horas antes de la realización del tratamiento, hablar con el centro. Tratamiento sencillo, seguro e indoloro, siempre que sea aplicado por un técnico cualificado. Lucirás unas pestañas más largas, más curvas y con más grosor además de una mirada más atractiva y con un aspecto muy natural. En este tratamiento se ponen entre 90/100 pestañas en cada ojo. Por su seguridad, 'exija siempre un técnico profesional certificado y productos con todas las garantías de calidad"
        }, 
        {
            "service_category": "Peluquería", 
            "service": "Masaje Envoltura Barros Del Mar Muerto", 
            "duration": 2700, 
            "price": "40 € ", 
            "description": "Contienen gran variedad de sedimentos ricos en sales y minerales que aportan una gran cantidad de beneficios para el cuidado y equilibrio de la piel. Rico en magnesio, que ayuda a drenar el ácido láctico del músculo que cuando se acumula produce contracciones y fatiga muscular; mejora el sistema circulatorio, por lo que resulta efectivo para el tratamiento de varices; propiedades relajantes, fundamentalmente por el bromo que suaviza la piel, calma los nervios y relaja los músculos antiinflamatorio..."
        }, 
        {
            "service_category": "Estética", 
            "service": "Masaje Envoltura Barros Del Mar Muerto", 
            "duration": 2700, 
            "price": "40 € ", 
            "description": "Contienen gran variedad de sedimentos ricos en sales y minerales que aportan una gran cantidad de beneficios para el cuidado y equilibrio de la piel. Rico en magnesio, que ayuda a drenar el ácido láctico del músculo que cuando se acumula produce contracciones y fatiga muscular; mejora el sistema circulatorio, por lo que resulta efectivo para el tratamiento de varices; propiedades relajantes, fundamentalmente por el bromo que suaviza la piel, calma los nervios y relaja los músculos antiinflamatorio..."
        }, 
        {
            "service_category": "Estética", 
            "service": "Extensiones De Pestañas", 
            "duration": 7200, 
            "price": "80 € ", 
            "description": "Se requiere un test de alergia gratuito 24 horas antes de la realización del tratamiento, hablar con el centro. Tratamiento sencillo, seguro e indoloro, siempre que sea aplicado por un técnico cualificado. Lucirás unas pestañas más largas, más curvas y con más grosor además de una mirada más atractiva y con un aspecto muy natural. En este tratamiento se ponen entre 90/100 pestañas en cada ojo. Por su seguridad, 'exija siempre un técnico profesional certificado y productos con todas las garantías de calidad"
        }, 
        {
            "service_category": "Estética", 
            "service": "Extensiones De Pestañas Expres", 
            "duration": 2700, 
            "price": "25 € ", 
            "description": "Se requiere un test de alergia gratuito 24 horas antes de la realización del tratamiento, hablar con el centro. Tratamiento sencillo, seguro e indoloro, siempre que sea aplicado por un técnico cualificado. Un discreto toque en el que se ponen unas 25 pestañas en el final de cada ojo. No tiene mantenimientos. Por su seguridad, 'exija siempre un técnico profesional certificado y productos con todas las garantías de calidad"
        }, 
        {
            "service_category": "Estética", 
            "service": "Extensiones De Pestañas Natural", 
            "duration": 3600, 
            "price": "50 € ", 
            "description": "Se requiere un test de alergia gratuito 24 horas antes de la realización del tratamiento, hablar con el centro. Tratamiento sencillo, seguro e indoloro, siempre que sea aplicado por un técnico cualificado. Lucirás unas pestañas más largas, más curvas y con más grosor además de una mirada más atractiva y con un aspecto muy natural. En este tratamiento se ponen entre 50/60 pestañas en cada ojo. Por su seguridad, 'exija siempre un técnico profesional certificado y productos con todas las garantías de calidad"
        }, 
        {
            "service_category": "Estética", 
            "service": "Mantenimiento Extensiónes De Pestañas Natural", 
            "duration": 1800, 
            "price": "25 € ", 
            "description": "El tratamiento de extensiones de pestañas necesita de un mantenimiento entre la 2ª y 3ª semana para poder lucir tus extensiones como el primer día. Consiste en ir completando los huecos que han dejado las pestañas que se han caído debido al ciclo natural de crecimiento de cada pestaña. No se harán mantenimientos de tratamientos no realizados en nuestro centro. Por su seguridad, 'exija siempre un técnico profesional certificado y productos con todas las garantías de calidad'"
        }, 
        {
            "service_category": "Estética", 
            "service": "Mantenimiento Extensiones Pestañas", 
            "duration": 3600, 
            "price": "40 € ", 
            "description": "El tratamiento de extensiones de pestañas necesita de un mantenimiento entre la 3ª y 4ª semana para poder lucir tus extensiones como el primer día. Consiste en ir completando los huecos que han dejado las pestañas que se han caído debido al ciclo natural de crecimiento de cada pestaña. No se harán mantenimientos de tratamientos no realizados en nuestro centro. Por su seguridad, 'exija siempre un técnico profesional certificado y productos con todas las garantías de calidad'."
        }, 
        {
            "service_category": "Estética", 
            "service": "Masaje Peeling Azucar Moreno Y Aloe Vera", 
            "duration": 1800, 
            "price": "25 € ", 
            "description": "Azúcar moreno es un auténtico exfoliador en profundidad; limpia la piel y elimina las células muertas en profundad de forma rápida y efectiva. El azúcar moreno contiene ácido glicólico natural que ayuda a exfoliar la piel a nivel químico y no solo por abrasión. El AloeVera tiene poder reparador, emoliente y suavizante, absorbe y retiene el agua en la piel hidratándola por más tiempo. Penetra en las tres capas de la piel: la epidermis, la dermis y la hipodermis, y expulsa al exterior las bacterias y los ..."
        }, 
        {
            "service_category": "Estética", 
            "service": "Masaje Peeling Azúcar Moreno, Neroli Y Loto", 
            "duration": 1800, 
            "price": "25 € ", 
            "description": "Azúcar moreno es un auténtico exfoliador en profundidad; limpia la piel y elimina las células muertas en profundad de forma rápida y efectiva. El azúcar moreno contiene ácido glicólico natural que ayuda a exfoliar la piel a nivel químico y no solo por abrasión. Neroli también posee muchas propiedades beneficiosas para la salud: actúa como antiséptico, desinfectante, antiespasmódico, bactericida, antidepresivo y sedante. El loto, símbolo de pureza y vitalidad combaten los radicales libres y el estrés oxid..."
        }, 
        {
            "service_category": "Estética", 
            "service": "Masaje Peeling Cacao Bio, Azúcar Moreno Y Naranja", 
            "duration": 1800, 
            "price": "25 € ", 
            "description": "Cacao rico en antioxidantes ayuda a mantener su piel firme, elástica y suave, nutre e hidrata. Aporta flexibilidad, suavidad y tiene efectos calmantes. Los antioxidantes ayudan a reducir el daño de los radicales libres y promueve la desintoxicación saludable de células muertas de la piel, esto ayuda al proceso de renovación celular. Azúcar moreno es un auténtico exfoliador en profundidad; limpia la piel y elimina las células muertas en profundad de forma rápida y efectiva. El azúcar moreno contiene ácido .."
        }, 
        {
            "service_category": "Estética", 
            "service": "Peeling Corporal Arroz Bio, Incienso Y Mirra", 
            "duration": 1800, 
            "price": "25 € ", 
            "description": "El arroz es suavizante, exfoliante, e hidratante y además es un gran aliado contra el envejecimiento porque posee antioxidantes naturales, péptidos y proteínas que estimulan la reconstrucción de la piel aportándole suavidad y elasticidad. El aceite esencial de incienso es cicatrices y arrugas, alivia los síntomas de ansiedad y estrés. El aceite esencial de mirra previene los signos del envejecimiento, ayuda a recuperar la piel agrietada, es antioxidantes, antimicóticos, antivirales, antiinflamatorio ...."
        }, 
        {
            "service_category": "Estética", 
            "service": "Peeling Corporal Arroz, Neroli Y Loto", 
            "duration": 1800, 
            "price": "25 € ", 
            "description": "El arroz es suavizante, exfoliante e hidratante y además es un gran aliado contra el envejecimiento porque posee antioxidantes naturales, péptidos y proteínas que estimulan la reconstrucción de la piel aportándole suavidad y elasticidad. Neroli tiene muchas propiedades beneficiosas para la salud. Actúa como antiséptico, desinfectante, antiespasmódico, bactericida, antidepresivo y sedante. El loto, símbolo de pureza y vitalidad combaten los radicales libres y el estrés oxidativo."
        }, 
        {
            "service_category": "Estética", 
            "service": "Peeling Corporal Sal Y Barro Mar Muerto", 
            "duration": 1800, 
            "price": "25 € ", 
            "description": "La gran cantidad de minerales que contiene el Mar Muerto tienen la capacidad de ser absorbidos por las células y, debido a sus características, mejoran la hidratación natural de la piel. Posee efectos rejuvenecedores, relajantes, descontracturantes, anti-estrés. Actúan como calmantes, hidratantes y refrescantes. Fortalecen el organismo y revitalizan el tejido celular de la piel. La sal exfolia y limpia, el barro limpia y desintoxica la piel, las propiedades penetran en tu piel, mejora la capacidad de ..."
        }, 
        {
            "service_category": "Estética", 
            "service": "Tratamiento Facial *Revitalizante* Casmara", 
            "duration": 3600, 
            "price": "40 € ", 
            "description": "Función revitalizante. Para todo tipo de pieles, especialmente pieles envejecidas, fatigadas o con arrugas. Con extracto de trigo y avena , reconstruye el equilibrio cutáneo y la renovación celular. Aportes energéticos para el metabolismo celular. Tratamiento en 4 pasos que termina con 'Máscara facial con sistema Peel-Off' a base de extractos de algas marinas durante 20 minutos y mientras actúa un masaje en pies o manos para un completo relax."
        }, 
        {
            "service_category": "Estética", 
            "service": "Tratamiento Facial *Calmante* Casmara", 
            "duration": 3600, 
            "price": "40 € ", 
            "description": "Calmante para pieles sensibles, fácilmente irritables y enrojecidas con tendencia a piel rosácea. Su composición a base de regaliz, alantonia y avenaratamiento en 4 pasos que termina con aplicación de una 'Máscara facial con sistema Peel-Off' con extractos de algas marinas y mientras actúa un masaje en pies o manos para un completo relax."
        }, 
        {
            "service_category": "Estética", 
            "service": "Tratamiento Facial *Detoxifica_Equilibrante* Casma", 
            "duration": 3600, 
            "price": "40 € ", 
            "description": "Función equilibrante para pieles castigadas. Para piel mixta, grasa, acnéica que presentan descamación o con brillos. Composición a base de aminoácido, hidrolizado de colágeno y extracto de malva que protege la parte más externa de la piel. inmerso en un derivado de algas marinas que proporcionan equilibrio e hidratación. Tratamiento en 4 pasos que termina con 'Máscara facial con sistema Peel-Off' a base de extractos de algas marinas y mientras actúa un masaje en pies o manos para un completo relax."
        }, 
        {
            "service_category": "Estética", 
            "service": "Tratamiento Facial *Especifico* Casmara", 
            "duration": 3600, 
            "price": "40 € ", 
            "description": "Según tipo de piel y necesidad, que valorará nuestra técnico, se realiza el tratamiento en cuatro pasos: PASO 1: preparamos la piel con nuestros limpiadores a base de activos naturales que equilibran y protegen la epidermis, exfoliación /oxigenación ;PASO 2: aplicamos de ampolla con el activo especifico; PASO 3: hidratación/nutrición con masaje de penetración; PASO 4: máscara a base de extractos de algas marinas durante 20 minutos en los que realizamos masaje en pies o manos para una completa relajación."
        }, 
        {
            "service_category": "Estética", 
            "service": "Tratamiento Facial *Hidratación Intensa* Casmara", 
            "duration": 3600, 
            "price": "40 € ", 
            "description": "Función de hidratación intensa. Para todo tipo de pieles, especialmente pieles secas y deshidratadas. Formulado a base de minerales y aminoácidos que protegen la epidermis, hidratándola y equilibrando su metabolismo. Aporta sensación de suavidad y confort en la zona tratada. Tratamiento en 4 que termina con 'Máscara facial con sistema Peel-Off' a base de extractos de algas marinas durante 20 minutos y mientras actúa un masaje en pies o manos para un completo relax."
        }, 
        {
            "service_category": "Estética", 
            "service": "Tratamiento Facial *Reafirmante* Casmara", 
            "duration": 3600, 
            "price": "40 € ", 
            "description": "Reafirmante para la flacidez a base de aminoácidos de elastina y extracto de malva, necesarios para conseguir elasticidad y firmeza y vitaminas del grupo A,C,E que aportan a la iones de sodio para facilitar la hidratación de la misma. Prevenir arrugas, perdida de elasticidad, flacidez y envejecimiento prematuro. Tratamiento en 4 pasos que termina con una 'Máscara facial con sistema Peel-Off' a base de extractos de algas marinas durante 20 minutos y mientras actúa un masaje en pies o manos para un completo"
        }, 
        {
            "service_category": "Estética", 
            "service": "Tratamiento Facial *Rejuvenecedor* Casmara", 
            "duration": 3600, 
            "price": "40 € ", 
            "description": "Función rejuvenecedora. Para todo tipo de pieles, edad y sexo. Para una hidratación intensa con una alta concentración de ácido hialurónico, rellenador de arrugas a nivel interno mejorando el aspecto general de la piel aumentando la turgencia y flexibilidad. Tratamiento en 4 pasos que termina con 'Máscara facial con sistema Peel-Off' a base de extractos de algas marinas durante 20 minutos y mientras actúa un masaje en pies o manos para un completo relax."
        }, 
        {
            "service_category": "Estética", 
            "service": "Tratamiento Facial *Reparador* Casmara", 
            "duration": 3600, 
            "price": "40 € ", 
            "description": "Regenera y repara en profundidad todo tipo de piel,. A base de extracto vegetal de trigo, algas marinas y péptidos de altramuz. El extracto de trigo estimula la reconstrucción de los tejidos cutáneos, las algas marinas contribuyen a la regeneración celular, el péptido de altramuz protege las células generadoras de fibras de colágeno reparando la epidermis. Tratamiento en 4 pasos que termina con 'Máscara facial con sistema Peel-Off' a base de extractos de algas y un relajante masaje en pies o manos."
        }, 
        {
            "service_category": "Estética", 
            "service": "Tratamiento Facial Bio *Equilibrante* Piel Grasa", 
            "duration": 3600, 
            "price": "40 € ", 
            "description": "COSMÉTICA ORGÁNICA PHYTS.Purifica y protege la piel normal con tendencia a grasa con la ayuda de un cóctel de principios activos purificantes y astringentes específicos Comienza con una limpieza suave de la piel, seguida de una fase de exfoliación para que desaparezca el sebo y las impurezas. El masaje específico que se realiza después con el serum ofrece a la piel una asociación de principios activos, cuya acción se optimiza con la mascarilla aplicada."
        }, 
        {
            "service_category": "Estética", 
            "service": "Tratamiento Facial Bio *Equilibrante* Piel Seca Ph", 
            "duration": 3600, 
            "price": "40 € ", 
            "description": "COSMÉTICA ORGÁNICA PHYTS. Nutrir y proteger la piel normal con tendencia a seca gracias a una mezcla de ingredientes nutritivos que preservan la película hidrolipídica de la piel. Suave limpieza de la piel, antes de liberar la piel de las células muertas con una delicada exfoliación. Serun que ejerce toda su potencia mediante un masaje específico en el rostro antes de la aplicación de una mascarilla aplicada."
        }, 
        {
            "service_category": "Estética", 
            "service": "Tratamiento Facial Bio *Hidratante* Aqua Phyt’S", 
            "duration": 5400, 
            "price": "50 € ", 
            "description": "COSMETICA ORGANICA PHYTS.Delicioso baño de hidratación para pieles secas o normales a mixtas. Con notas almendradas-afrutadas de este tratamiento equilibrante del agua. Limpieza/exfoliación con un ramo de con un ramo de activos ecológicos,masaje envolvente, en el menú: Menta piperita tónica, Palmarosa regeneradora, Aloe Vera y Ácido Hialurónico, auténtica trampa para el agua, los dos pilares del tratamiento. Sentirá un abandono total durante la aplicación de la mascarilla. Piel hidratada y protegida."
        }, 
        {
            "service_category": "Estética", 
            "service": "Tratamiento Facial Bio *Nutritivo* Oligo Vital+30", 
            "duration": 5400, 
            "price": "50 € ", 
            "description": "COSMÉTICA ORGÁNICA PHYTS. El arma antiedad para las pieles maduras con tendencia seca. Nutritivo,para la finura de estas pieles a las que les falta nutrición. Primero un desmaquillado suave con notas de verbena y limón, seguido por la aplicación de un concentrado a base de canela que estimula la piel para una eficacia reforzada. Después, llega el modelado antiarrugas con aceites maravillosos, que ataca las arrugas y protege la epidermis."
        }, 
        {
            "service_category": "Estética", 
            "service": "Tratamiento Facial Bio *Oxigenante* Energie Vitale", 
            "duration": 3600, 
            "price": "40 € ", 
            "description": "COSMÉTICA ORGÁNICA, cuidado dirigido y dedicado a las pieles que necesitan recuperar su vitalidad. Empieza con una suave limpieza, seguida de un masaje firma de Phyt’s y operaciones revitalizantes para lograr el equilibrio de la piel.máscara Reviderm revitalizante para acabar con las notas verdes de la crema de cuidado final. La piel respira, quedando activa, revitalizada y visiblemente más fuerte para lograr un tono aún más brillante.Tipo de piel : Piel opaca, cansada, estresada y ausente de brillo"
        }, 
        {
            "service_category": "Estética", 
            "service": "Tratamiento Facial Bio *Tonificante* D’ O +30 Phyt", 
            "duration": 5400, 
            "price": "50 € ", 
            "description": "Tratamiento antiedad COSMÉTICA ORGÁNICA phyt’s formulado exclusivamente para pieles tendencia grasa, tonifica la piel que recupera frescura y luminosidad gracias a la sinergia energética del calor y el frío. Después de una limpieza suave, se aplica el calor activo del Prélude 108, que activa la microcirculación cutánea que favorece la penetración de los activos. El Sérum Cytyl garantiza la relajación, estimulando la epidermis. Frescura con la acción de la mascarilla,una piel luminosa y matificada."
        }, 
        {
            "service_category": "Estética", 
            "service": "Tratamiento Facial Bio*Multivita* Phyts", 
            "duration": 5400, 
            "price": "60 € ", 
            "description": "COSMETIVA ORGÁNICA PHYTS. Con activos potentes que luchan contra los signos del envejecimiento cutáneo.Aromas sutiles y especiados para este tratamiento antiedad. Limpieza de la piel con auténtico tratamiento tensor antiedad, modelado exclusivo con palillos de bambu ataca con precisión las arrugas para una acción local. Se estimulan los tejidos, se remodelan antes de aplicarla mascarilla, antes de aplicar la Crème Absolue, para una belleza en su apogeo."
        }, 
        {
            "service_category": "Estética", 
            "service": "Higiene Facial", 
            "duration": 2700, 
            "price": "30 € ", 
            "description": "Una piel limpia y cuidada es salud. Eliminar las células muertas de la capa superficial de la piel donde se acumulan los factores externos contaminantes que obstruyen y ensucian nuestros poros es esencial para la buena salud de nuestra piel. Limpieza profunda sin vapor para descongestionar los poros del exceso de grasa, con un masaje en rostro, cuello y escote y 'Algae peel-off facial mask' para terminar con masaje en pies o manos durante el reposo de la mascarilla. ¡Una higiene perfecta!"
        }, 
        {
            "service_category": "Manicura y Pedicura", 
            "service": "Masaje Envoltura Barros Del Mar Muerto", 
            "duration": 2700, 
            "price": "40 € ", 
            "description": "Contienen gran variedad de sedimentos ricos en sales y minerales que aportan una gran cantidad de beneficios para el cuidado y equilibrio de la piel. Rico en magnesio, que ayuda a drenar el ácido láctico del músculo que cuando se acumula produce contracciones y fatiga muscular; mejora el sistema circulatorio, por lo que resulta efectivo para el tratamiento de varices; propiedades relajantes, fundamentalmente por el bromo que suaviza la piel, calma los nervios y relaja los músculos antiinflamatorio..."
        }, 
        {
            "service_category": "Manicura y Pedicura", 
            "service": "Extensiones De Pestañas", 
            "duration": 7200, 
            "price": "80 € ", 
            "description": "Se requiere un test de alergia gratuito 24 horas antes de la realización del tratamiento, hablar con el centro. Tratamiento sencillo, seguro e indoloro, siempre que sea aplicado por un técnico cualificado. Lucirás unas pestañas más largas, más curvas y con más grosor además de una mirada más atractiva y con un aspecto muy natural. En este tratamiento se ponen entre 90/100 pestañas en cada ojo. Por su seguridad, 'exija siempre un técnico profesional certificado y productos con todas las garantías de calidad"
        }, 
        {
            "service_category": "Manicura y Pedicura", 
            "service": "Extensiones De Pestañas Expres", 
            "duration": 2700, 
            "price": "25 € ", 
            "description": "Se requiere un test de alergia gratuito 24 horas antes de la realización del tratamiento, hablar con el centro. Tratamiento sencillo, seguro e indoloro, siempre que sea aplicado por un técnico cualificado. Un discreto toque en el que se ponen unas 25 pestañas en el final de cada ojo. No tiene mantenimientos. Por su seguridad, 'exija siempre un técnico profesional certificado y productos con todas las garantías de calidad"
        }, 
        {
            "service_category": "Manicura y Pedicura", 
            "service": "Extensiones De Pestañas Natural", 
            "duration": 3600, 
            "price": "50 € ", 
            "description": "Se requiere un test de alergia gratuito 24 horas antes de la realización del tratamiento, hablar con el centro. Tratamiento sencillo, seguro e indoloro, siempre que sea aplicado por un técnico cualificado. Lucirás unas pestañas más largas, más curvas y con más grosor además de una mirada más atractiva y con un aspecto muy natural. En este tratamiento se ponen entre 50/60 pestañas en cada ojo. Por su seguridad, 'exija siempre un técnico profesional certificado y productos con todas las garantías de calidad"
        }, 
        {
            "service_category": "Manicura y Pedicura", 
            "service": "Mantenimiento Extensiónes De Pestañas Natural", 
            "duration": 1800, 
            "price": "25 € ", 
            "description": "El tratamiento de extensiones de pestañas necesita de un mantenimiento entre la 2ª y 3ª semana para poder lucir tus extensiones como el primer día. Consiste en ir completando los huecos que han dejado las pestañas que se han caído debido al ciclo natural de crecimiento de cada pestaña. No se harán mantenimientos de tratamientos no realizados en nuestro centro. Por su seguridad, 'exija siempre un técnico profesional certificado y productos con todas las garantías de calidad'"
        }, 
        {
            "service_category": "Manicura y Pedicura", 
            "service": "Mantenimiento Extensiones Pestañas", 
            "duration": 3600, 
            "price": "40 € ", 
            "description": "El tratamiento de extensiones de pestañas necesita de un mantenimiento entre la 3ª y 4ª semana para poder lucir tus extensiones como el primer día. Consiste en ir completando los huecos que han dejado las pestañas que se han caído debido al ciclo natural de crecimiento de cada pestaña. No se harán mantenimientos de tratamientos no realizados en nuestro centro. Por su seguridad, 'exija siempre un técnico profesional certificado y productos con todas las garantías de calidad'."
        }, 
        {
            "service_category": "Manicura y Pedicura", 
            "service": "Masaje Peeling Azucar Moreno Y Aloe Vera", 
            "duration": 1800, 
            "price": "25 € ", 
            "description": "Azúcar moreno es un auténtico exfoliador en profundidad; limpia la piel y elimina las células muertas en profundad de forma rápida y efectiva. El azúcar moreno contiene ácido glicólico natural que ayuda a exfoliar la piel a nivel químico y no solo por abrasión. El AloeVera tiene poder reparador, emoliente y suavizante, absorbe y retiene el agua en la piel hidratándola por más tiempo. Penetra en las tres capas de la piel: la epidermis, la dermis y la hipodermis, y expulsa al exterior las bacterias y los ..."
        }, 
        {
            "service_category": "Manicura y Pedicura", 
            "service": "Masaje Peeling Azúcar Moreno, Neroli Y Loto", 
            "duration": 1800, 
            "price": "25 € ", 
            "description": "Azúcar moreno es un auténtico exfoliador en profundidad; limpia la piel y elimina las células muertas en profundad de forma rápida y efectiva. El azúcar moreno contiene ácido glicólico natural que ayuda a exfoliar la piel a nivel químico y no solo por abrasión. Neroli también posee muchas propiedades beneficiosas para la salud: actúa como antiséptico, desinfectante, antiespasmódico, bactericida, antidepresivo y sedante. El loto, símbolo de pureza y vitalidad combaten los radicales libres y el estrés oxid..."
        }, 
        {
            "service_category": "Manicura y Pedicura", 
            "service": "Masaje Peeling Cacao Bio, Azúcar Moreno Y Naranja", 
            "duration": 1800, 
            "price": "25 € ", 
            "description": "Cacao rico en antioxidantes ayuda a mantener su piel firme, elástica y suave, nutre e hidrata. Aporta flexibilidad, suavidad y tiene efectos calmantes. Los antioxidantes ayudan a reducir el daño de los radicales libres y promueve la desintoxicación saludable de células muertas de la piel, esto ayuda al proceso de renovación celular. Azúcar moreno es un auténtico exfoliador en profundidad; limpia la piel y elimina las células muertas en profundad de forma rápida y efectiva. El azúcar moreno contiene ácido .."
        }, 
        {
            "service_category": "Manicura y Pedicura", 
            "service": "Peeling Corporal Arroz Bio, Incienso Y Mirra", 
            "duration": 1800, 
            "price": "25 € ", 
            "description": "El arroz es suavizante, exfoliante, e hidratante y además es un gran aliado contra el envejecimiento porque posee antioxidantes naturales, péptidos y proteínas que estimulan la reconstrucción de la piel aportándole suavidad y elasticidad. El aceite esencial de incienso es cicatrices y arrugas, alivia los síntomas de ansiedad y estrés. El aceite esencial de mirra previene los signos del envejecimiento, ayuda a recuperar la piel agrietada, es antioxidantes, antimicóticos, antivirales, antiinflamatorio ...."
        }, 
        {
            "service_category": "Manicura y Pedicura", 
            "service": "Peeling Corporal Arroz, Neroli Y Loto", 
            "duration": 1800, 
            "price": "25 € ", 
            "description": "El arroz es suavizante, exfoliante e hidratante y además es un gran aliado contra el envejecimiento porque posee antioxidantes naturales, péptidos y proteínas que estimulan la reconstrucción de la piel aportándole suavidad y elasticidad. Neroli tiene muchas propiedades beneficiosas para la salud. Actúa como antiséptico, desinfectante, antiespasmódico, bactericida, antidepresivo y sedante. El loto, símbolo de pureza y vitalidad combaten los radicales libres y el estrés oxidativo."
        }, 
        {
            "service_category": "Manicura y Pedicura", 
            "service": "Peeling Corporal Sal Y Barro Mar Muerto", 
            "duration": 1800, 
            "price": "25 € ", 
            "description": "La gran cantidad de minerales que contiene el Mar Muerto tienen la capacidad de ser absorbidos por las células y, debido a sus características, mejoran la hidratación natural de la piel. Posee efectos rejuvenecedores, relajantes, descontracturantes, anti-estrés. Actúan como calmantes, hidratantes y refrescantes. Fortalecen el organismo y revitalizan el tejido celular de la piel. La sal exfolia y limpia, el barro limpia y desintoxica la piel, las propiedades penetran en tu piel, mejora la capacidad de ..."
        }, 
        {
            "service_category": "Manicura y Pedicura", 
            "service": "Tratamiento Facial *Revitalizante* Casmara", 
            "duration": 3600, 
            "price": "40 € ", 
            "description": "Función revitalizante. Para todo tipo de pieles, especialmente pieles envejecidas, fatigadas o con arrugas. Con extracto de trigo y avena , reconstruye el equilibrio cutáneo y la renovación celular. Aportes energéticos para el metabolismo celular. Tratamiento en 4 pasos que termina con 'Máscara facial con sistema Peel-Off' a base de extractos de algas marinas durante 20 minutos y mientras actúa un masaje en pies o manos para un completo relax."
        }, 
        {
            "service_category": "Manicura y Pedicura", 
            "service": "Tratamiento Facial *Calmante* Casmara", 
            "duration": 3600, 
            "price": "40 € ", 
            "description": "Calmante para pieles sensibles, fácilmente irritables y enrojecidas con tendencia a piel rosácea. Su composición a base de regaliz, alantonia y avenaratamiento en 4 pasos que termina con aplicación de una 'Máscara facial con sistema Peel-Off' con extractos de algas marinas y mientras actúa un masaje en pies o manos para un completo relax."
        }, 
        {
            "service_category": "Manicura y Pedicura", 
            "service": "Tratamiento Facial *Detoxifica_Equilibrante* Casma", 
            "duration": 3600, 
            "price": "40 € ", 
            "description": "Función equilibrante para pieles castigadas. Para piel mixta, grasa, acnéica que presentan descamación o con brillos. Composición a base de aminoácido, hidrolizado de colágeno y extracto de malva que protege la parte más externa de la piel. inmerso en un derivado de algas marinas que proporcionan equilibrio e hidratación. Tratamiento en 4 pasos que termina con 'Máscara facial con sistema Peel-Off' a base de extractos de algas marinas y mientras actúa un masaje en pies o manos para un completo relax."
        }, 
        {
            "service_category": "Manicura y Pedicura", 
            "service": "Tratamiento Facial *Especifico* Casmara", 
            "duration": 3600, 
            "price": "40 € ", 
            "description": "Según tipo de piel y necesidad, que valorará nuestra técnico, se realiza el tratamiento en cuatro pasos: PASO 1: preparamos la piel con nuestros limpiadores a base de activos naturales que equilibran y protegen la epidermis, exfoliación /oxigenación ;PASO 2: aplicamos de ampolla con el activo especifico; PASO 3: hidratación/nutrición con masaje de penetración; PASO 4: máscara a base de extractos de algas marinas durante 20 minutos en los que realizamos masaje en pies o manos para una completa relajación."
        }, 
        {
            "service_category": "Manicura y Pedicura", 
            "service": "Tratamiento Facial *Hidratación Intensa* Casmara", 
            "duration": 3600, 
            "price": "40 € ", 
            "description": "Función de hidratación intensa. Para todo tipo de pieles, especialmente pieles secas y deshidratadas. Formulado a base de minerales y aminoácidos que protegen la epidermis, hidratándola y equilibrando su metabolismo. Aporta sensación de suavidad y confort en la zona tratada. Tratamiento en 4 que termina con 'Máscara facial con sistema Peel-Off' a base de extractos de algas marinas durante 20 minutos y mientras actúa un masaje en pies o manos para un completo relax."
        }, 
        {
            "service_category": "Manicura y Pedicura", 
            "service": "Tratamiento Facial *Reafirmante* Casmara", 
            "duration": 3600, 
            "price": "40 € ", 
            "description": "Reafirmante para la flacidez a base de aminoácidos de elastina y extracto de malva, necesarios para conseguir elasticidad y firmeza y vitaminas del grupo A,C,E que aportan a la iones de sodio para facilitar la hidratación de la misma. Prevenir arrugas, perdida de elasticidad, flacidez y envejecimiento prematuro. Tratamiento en 4 pasos que termina con una 'Máscara facial con sistema Peel-Off' a base de extractos de algas marinas durante 20 minutos y mientras actúa un masaje en pies o manos para un completo"
        }, 
        {
            "service_category": "Manicura y Pedicura", 
            "service": "Tratamiento Facial *Rejuvenecedor* Casmara", 
            "duration": 3600, 
            "price": "40 € ", 
            "description": "Función rejuvenecedora. Para todo tipo de pieles, edad y sexo. Para una hidratación intensa con una alta concentración de ácido hialurónico, rellenador de arrugas a nivel interno mejorando el aspecto general de la piel aumentando la turgencia y flexibilidad. Tratamiento en 4 pasos que termina con 'Máscara facial con sistema Peel-Off' a base de extractos de algas marinas durante 20 minutos y mientras actúa un masaje en pies o manos para un completo relax."
        }, 
        {
            "service_category": "Masaje", 
            "service": "Masaje Envoltura Barros Del Mar Muerto", 
            "duration": 2700, 
            "price": "40 € ", 
            "description": "Contienen gran variedad de sedimentos ricos en sales y minerales que aportan una gran cantidad de beneficios para el cuidado y equilibrio de la piel. Rico en magnesio, que ayuda a drenar el ácido láctico del músculo que cuando se acumula produce contracciones y fatiga muscular; mejora el sistema circulatorio, por lo que resulta efectivo para el tratamiento de varices; propiedades relajantes, fundamentalmente por el bromo que suaviza la piel, calma los nervios y relaja los músculos antiinflamatorio..."
        }, 
        {
            "service_category": "Masaje", 
            "service": "Extensiones De Pestañas", 
            "duration": 7200, 
            "price": "80 € ", 
            "description": "Se requiere un test de alergia gratuito 24 horas antes de la realización del tratamiento, hablar con el centro. Tratamiento sencillo, seguro e indoloro, siempre que sea aplicado por un técnico cualificado. Lucirás unas pestañas más largas, más curvas y con más grosor además de una mirada más atractiva y con un aspecto muy natural. En este tratamiento se ponen entre 90/100 pestañas en cada ojo. Por su seguridad, 'exija siempre un técnico profesional certificado y productos con todas las garantías de calidad"
        }, 
        {
            "service_category": "Masaje", 
            "service": "Extensiones De Pestañas Expres", 
            "duration": 2700, 
            "price": "25 € ", 
            "description": "Se requiere un test de alergia gratuito 24 horas antes de la realización del tratamiento, hablar con el centro. Tratamiento sencillo, seguro e indoloro, siempre que sea aplicado por un técnico cualificado. Un discreto toque en el que se ponen unas 25 pestañas en el final de cada ojo. No tiene mantenimientos. Por su seguridad, 'exija siempre un técnico profesional certificado y productos con todas las garantías de calidad"
        }, 
        {
            "service_category": "Masaje", 
            "service": "Extensiones De Pestañas Natural", 
            "duration": 3600, 
            "price": "50 € ", 
            "description": "Se requiere un test de alergia gratuito 24 horas antes de la realización del tratamiento, hablar con el centro. Tratamiento sencillo, seguro e indoloro, siempre que sea aplicado por un técnico cualificado. Lucirás unas pestañas más largas, más curvas y con más grosor además de una mirada más atractiva y con un aspecto muy natural. En este tratamiento se ponen entre 50/60 pestañas en cada ojo. Por su seguridad, 'exija siempre un técnico profesional certificado y productos con todas las garantías de calidad"
        }, 
        {
            "service_category": "Masaje", 
            "service": "Mantenimiento Extensiónes De Pestañas Natural", 
            "duration": 1800, 
            "price": "25 € ", 
            "description": "El tratamiento de extensiones de pestañas necesita de un mantenimiento entre la 2ª y 3ª semana para poder lucir tus extensiones como el primer día. Consiste en ir completando los huecos que han dejado las pestañas que se han caído debido al ciclo natural de crecimiento de cada pestaña. No se harán mantenimientos de tratamientos no realizados en nuestro centro. Por su seguridad, 'exija siempre un técnico profesional certificado y productos con todas las garantías de calidad'"
        }, 
        {
            "service_category": "Masaje", 
            "service": "Mantenimiento Extensiones Pestañas", 
            "duration": 3600, 
            "price": "40 € ", 
            "description": "El tratamiento de extensiones de pestañas necesita de un mantenimiento entre la 3ª y 4ª semana para poder lucir tus extensiones como el primer día. Consiste en ir completando los huecos que han dejado las pestañas que se han caído debido al ciclo natural de crecimiento de cada pestaña. No se harán mantenimientos de tratamientos no realizados en nuestro centro. Por su seguridad, 'exija siempre un técnico profesional certificado y productos con todas las garantías de calidad'."
        }, 
        {
            "service_category": "Masaje", 
            "service": "Masaje Peeling Azucar Moreno Y Aloe Vera", 
            "duration": 1800, 
            "price": "25 € ", 
            "description": "Azúcar moreno es un auténtico exfoliador en profundidad; limpia la piel y elimina las células muertas en profundad de forma rápida y efectiva. El azúcar moreno contiene ácido glicólico natural que ayuda a exfoliar la piel a nivel químico y no solo por abrasión. El AloeVera tiene poder reparador, emoliente y suavizante, absorbe y retiene el agua en la piel hidratándola por más tiempo. Penetra en las tres capas de la piel: la epidermis, la dermis y la hipodermis, y expulsa al exterior las bacterias y los ..."
        }, 
        {
            "service_category": "Masaje", 
            "service": "Masaje Peeling Azúcar Moreno, Neroli Y Loto", 
            "duration": 1800, 
            "price": "25 € ", 
            "description": "Azúcar moreno es un auténtico exfoliador en profundidad; limpia la piel y elimina las células muertas en profundad de forma rápida y efectiva. El azúcar moreno contiene ácido glicólico natural que ayuda a exfoliar la piel a nivel químico y no solo por abrasión. Neroli también posee muchas propiedades beneficiosas para la salud: actúa como antiséptico, desinfectante, antiespasmódico, bactericida, antidepresivo y sedante. El loto, símbolo de pureza y vitalidad combaten los radicales libres y el estrés oxid..."
        }, 
        {
            "service_category": "Depilación", 
            "service": "Masaje Envoltura Barros Del Mar Muerto", 
            "duration": 2700, 
            "price": "40 € ", 
            "description": "Contienen gran variedad de sedimentos ricos en sales y minerales que aportan una gran cantidad de beneficios para el cuidado y equilibrio de la piel. Rico en magnesio, que ayuda a drenar el ácido láctico del músculo que cuando se acumula produce contracciones y fatiga muscular; mejora el sistema circulatorio, por lo que resulta efectivo para el tratamiento de varices; propiedades relajantes, fundamentalmente por el bromo que suaviza la piel, calma los nervios y relaja los músculos antiinflamatorio..."
        }, 
        {
            "service_category": "Depilación", 
            "service": "Extensiones De Pestañas", 
            "duration": 7200, 
            "price": "80 € ", 
            "description": "Se requiere un test de alergia gratuito 24 horas antes de la realización del tratamiento, hablar con el centro. Tratamiento sencillo, seguro e indoloro, siempre que sea aplicado por un técnico cualificado. Lucirás unas pestañas más largas, más curvas y con más grosor además de una mirada más atractiva y con un aspecto muy natural. En este tratamiento se ponen entre 90/100 pestañas en cada ojo. Por su seguridad, 'exija siempre un técnico profesional certificado y productos con todas las garantías de calidad"
        }, 
        {
            "service_category": "Depilación", 
            "service": "Extensiones De Pestañas Expres", 
            "duration": 2700, 
            "price": "25 € ", 
            "description": "Se requiere un test de alergia gratuito 24 horas antes de la realización del tratamiento, hablar con el centro. Tratamiento sencillo, seguro e indoloro, siempre que sea aplicado por un técnico cualificado. Un discreto toque en el que se ponen unas 25 pestañas en el final de cada ojo. No tiene mantenimientos. Por su seguridad, 'exija siempre un técnico profesional certificado y productos con todas las garantías de calidad"
        }, 
        {
            "service_category": "Depilación", 
            "service": "Extensiones De Pestañas Natural", 
            "duration": 3600, 
            "price": "50 € ", 
            "description": "Se requiere un test de alergia gratuito 24 horas antes de la realización del tratamiento, hablar con el centro. Tratamiento sencillo, seguro e indoloro, siempre que sea aplicado por un técnico cualificado. Lucirás unas pestañas más largas, más curvas y con más grosor además de una mirada más atractiva y con un aspecto muy natural. En este tratamiento se ponen entre 50/60 pestañas en cada ojo. Por su seguridad, 'exija siempre un técnico profesional certificado y productos con todas las garantías de calidad"
        }, 
        {
            "service_category": "Depilación", 
            "service": "Mantenimiento Extensiónes De Pestañas Natural", 
            "duration": 1800, 
            "price": "25 € ", 
            "description": "El tratamiento de extensiones de pestañas necesita de un mantenimiento entre la 2ª y 3ª semana para poder lucir tus extensiones como el primer día. Consiste en ir completando los huecos que han dejado las pestañas que se han caído debido al ciclo natural de crecimiento de cada pestaña. No se harán mantenimientos de tratamientos no realizados en nuestro centro. Por su seguridad, 'exija siempre un técnico profesional certificado y productos con todas las garantías de calidad'"
        }, 
        {
            "service_category": "Depilación", 
            "service": "Mantenimiento Extensiones Pestañas", 
            "duration": 3600, 
            "price": "40 € ", 
            "description": "El tratamiento de extensiones de pestañas necesita de un mantenimiento entre la 3ª y 4ª semana para poder lucir tus extensiones como el primer día. Consiste en ir completando los huecos que han dejado las pestañas que se han caído debido al ciclo natural de crecimiento de cada pestaña. No se harán mantenimientos de tratamientos no realizados en nuestro centro. Por su seguridad, 'exija siempre un técnico profesional certificado y productos con todas las garantías de calidad'."
        }, 
        {
            "service_category": "Depilación", 
            "service": "Masaje Peeling Azucar Moreno Y Aloe Vera", 
            "duration": 1800, 
            "price": "25 € ", 
            "description": "Azúcar moreno es un auténtico exfoliador en profundidad; limpia la piel y elimina las células muertas en profundad de forma rápida y efectiva. El azúcar moreno contiene ácido glicólico natural que ayuda a exfoliar la piel a nivel químico y no solo por abrasión. El AloeVera tiene poder reparador, emoliente y suavizante, absorbe y retiene el agua en la piel hidratándola por más tiempo. Penetra en las tres capas de la piel: la epidermis, la dermis y la hipodermis, y expulsa al exterior las bacterias y los ..."
        }, 
        {
            "service_category": "Depilación", 
            "service": "Masaje Peeling Azúcar Moreno, Neroli Y Loto", 
            "duration": 1800, 
            "price": "25 € ", 
            "description": "Azúcar moreno es un auténtico exfoliador en profundidad; limpia la piel y elimina las células muertas en profundad de forma rápida y efectiva. El azúcar moreno contiene ácido glicólico natural que ayuda a exfoliar la piel a nivel químico y no solo por abrasión. Neroli también posee muchas propiedades beneficiosas para la salud: actúa como antiséptico, desinfectante, antiespasmódico, bactericida, antidepresivo y sedante. El loto, símbolo de pureza y vitalidad combaten los radicales libres y el estrés oxid..."
        }, 
        {
            "service_category": "Depilación", 
            "service": "Masaje Peeling Cacao Bio, Azúcar Moreno Y Naranja", 
            "duration": 1800, 
            "price": "25 € ", 
            "description": "Cacao rico en antioxidantes ayuda a mantener su piel firme, elástica y suave, nutre e hidrata. Aporta flexibilidad, suavidad y tiene efectos calmantes. Los antioxidantes ayudan a reducir el daño de los radicales libres y promueve la desintoxicación saludable de células muertas de la piel, esto ayuda al proceso de renovación celular. Azúcar moreno es un auténtico exfoliador en profundidad; limpia la piel y elimina las células muertas en profundad de forma rápida y efectiva. El azúcar moreno contiene ácido .."
        }, 
        {
            "service_category": "Depilación", 
            "service": "Peeling Corporal Arroz Bio, Incienso Y Mirra", 
            "duration": 1800, 
            "price": "25 € ", 
            "description": "El arroz es suavizante, exfoliante, e hidratante y además es un gran aliado contra el envejecimiento porque posee antioxidantes naturales, péptidos y proteínas que estimulan la reconstrucción de la piel aportándole suavidad y elasticidad. El aceite esencial de incienso es cicatrices y arrugas, alivia los síntomas de ansiedad y estrés. El aceite esencial de mirra previene los signos del envejecimiento, ayuda a recuperar la piel agrietada, es antioxidantes, antimicóticos, antivirales, antiinflamatorio ...."
        }, 
        {
            "service_category": "Depilación", 
            "service": "Peeling Corporal Arroz, Neroli Y Loto", 
            "duration": 1800, 
            "price": "25 € ", 
            "description": "El arroz es suavizante, exfoliante e hidratante y además es un gran aliado contra el envejecimiento porque posee antioxidantes naturales, péptidos y proteínas que estimulan la reconstrucción de la piel aportándole suavidad y elasticidad. Neroli tiene muchas propiedades beneficiosas para la salud. Actúa como antiséptico, desinfectante, antiespasmódico, bactericida, antidepresivo y sedante. El loto, símbolo de pureza y vitalidad combaten los radicales libres y el estrés oxidativo."
        }, 
        {
            "service_category": "Depilación", 
            "service": "Peeling Corporal Sal Y Barro Mar Muerto", 
            "duration": 1800, 
            "price": "25 € ", 
            "description": "La gran cantidad de minerales que contiene el Mar Muerto tienen la capacidad de ser absorbidos por las células y, debido a sus características, mejoran la hidratación natural de la piel. Posee efectos rejuvenecedores, relajantes, descontracturantes, anti-estrés. Actúan como calmantes, hidratantes y refrescantes. Fortalecen el organismo y revitalizan el tejido celular de la piel. La sal exfolia y limpia, el barro limpia y desintoxica la piel, las propiedades penetran en tu piel, mejora la capacidad de ..."
        }, 
        {
            "service_category": "Bienestar", 
            "service": "Masaje Envoltura Barros Del Mar Muerto", 
            "duration": 2700, 
            "price": "40 € ", 
            "description": "Contienen gran variedad de sedimentos ricos en sales y minerales que aportan una gran cantidad de beneficios para el cuidado y equilibrio de la piel. Rico en magnesio, que ayuda a drenar el ácido láctico del músculo que cuando se acumula produce contracciones y fatiga muscular; mejora el sistema circulatorio, por lo que resulta efectivo para el tratamiento de varices; propiedades relajantes, fundamentalmente por el bromo que suaviza la piel, calma los nervios y relaja los músculos antiinflamatorio..."
        }, 
        {
            "service_category": "Bienestar", 
            "service": "Extensiones De Pestañas", 
            "duration": 7200, 
            "price": "80 € ", 
            "description": "Se requiere un test de alergia gratuito 24 horas antes de la realización del tratamiento, hablar con el centro. Tratamiento sencillo, seguro e indoloro, siempre que sea aplicado por un técnico cualificado. Lucirás unas pestañas más largas, más curvas y con más grosor además de una mirada más atractiva y con un aspecto muy natural. En este tratamiento se ponen entre 90/100 pestañas en cada ojo. Por su seguridad, 'exija siempre un técnico profesional certificado y productos con todas las garantías de calidad"
        }, 
        {
            "service_category": "Varios", 
            "service": "Masaje Envoltura Barros Del Mar Muerto", 
            "duration": 2700, 
            "price": "40 € ", 
            "description": "Contienen gran variedad de sedimentos ricos en sales y minerales que aportan una gran cantidad de beneficios para el cuidado y equilibrio de la piel. Rico en magnesio, que ayuda a drenar el ácido láctico del músculo que cuando se acumula produce contracciones y fatiga muscular; mejora el sistema circulatorio, por lo que resulta efectivo para el tratamiento de varices; propiedades relajantes, fundamentalmente por el bromo que suaviza la piel, calma los nervios y relaja los músculos antiinflamatorio..."
        }, 
        {
            "service_category": "Varios", 
            "service": "Extensiones De Pestañas", 
            "duration": 7200, 
            "price": "80 € ", 
            "description": "Se requiere un test de alergia gratuito 24 horas antes de la realización del tratamiento, hablar con el centro. Tratamiento sencillo, seguro e indoloro, siempre que sea aplicado por un técnico cualificado. Lucirás unas pestañas más largas, más curvas y con más grosor además de una mirada más atractiva y con un aspecto muy natural. En este tratamiento se ponen entre 90/100 pestañas en cada ojo. Por su seguridad, 'exija siempre un técnico profesional certificado y productos con todas las garantías de calidad"
        }, 
        {
            "service_category": "Varios", 
            "service": "Extensiones De Pestañas Expres", 
            "duration": 2700, 
            "price": "25 € ", 
            "description": "Se requiere un test de alergia gratuito 24 horas antes de la realización del tratamiento, hablar con el centro. Tratamiento sencillo, seguro e indoloro, siempre que sea aplicado por un técnico cualificado. Un discreto toque en el que se ponen unas 25 pestañas en el final de cada ojo. No tiene mantenimientos. Por su seguridad, 'exija siempre un técnico profesional certificado y productos con todas las garantías de calidad"
        }, 
        {
            "service_category": "Varios", 
            "service": "Extensiones De Pestañas Natural", 
            "duration": 3600, 
            "price": "50 € ", 
            "description": "Se requiere un test de alergia gratuito 24 horas antes de la realización del tratamiento, hablar con el centro. Tratamiento sencillo, seguro e indoloro, siempre que sea aplicado por un técnico cualificado. Lucirás unas pestañas más largas, más curvas y con más grosor además de una mirada más atractiva y con un aspecto muy natural. En este tratamiento se ponen entre 50/60 pestañas en cada ojo. Por su seguridad, 'exija siempre un técnico profesional certificado y productos con todas las garantías de calidad"
        }, 
        {
            "service_category": "Varios", 
            "service": "Mantenimiento Extensiónes De Pestañas Natural", 
            "duration": 1800, 
            "price": "25 € ", 
            "description": "El tratamiento de extensiones de pestañas necesita de un mantenimiento entre la 2ª y 3ª semana para poder lucir tus extensiones como el primer día. Consiste en ir completando los huecos que han dejado las pestañas que se han caído debido al ciclo natural de crecimiento de cada pestaña. No se harán mantenimientos de tratamientos no realizados en nuestro centro. Por su seguridad, 'exija siempre un técnico profesional certificado y productos con todas las garantías de calidad'"
        }, 
        {
            "service_category": "Varios", 
            "service": "Mantenimiento Extensiones Pestañas", 
            "duration": 3600, 
            "price": "40 € ", 
            "description": "El tratamiento de extensiones de pestañas necesita de un mantenimiento entre la 3ª y 4ª semana para poder lucir tus extensiones como el primer día. Consiste en ir completando los huecos que han dejado las pestañas que se han caído debido al ciclo natural de crecimiento de cada pestaña. No se harán mantenimientos de tratamientos no realizados en nuestro centro. Por su seguridad, 'exija siempre un técnico profesional certificado y productos con todas las garantías de calidad'."
        }, 
        {
            "service_category": "Varios", 
            "service": "Masaje Peeling Azucar Moreno Y Aloe Vera", 
            "duration": 1800, 
            "price": "25 € ", 
            "description": "Azúcar moreno es un auténtico exfoliador en profundidad; limpia la piel y elimina las células muertas en profundad de forma rápida y efectiva. El azúcar moreno contiene ácido glicólico natural que ayuda a exfoliar la piel a nivel químico y no solo por abrasión. El AloeVera tiene poder reparador, emoliente y suavizante, absorbe y retiene el agua en la piel hidratándola por más tiempo. Penetra en las tres capas de la piel: la epidermis, la dermis y la hipodermis, y expulsa al exterior las bacterias y los ..."
        }, 
        {
            "service_category": "Varios", 
            "service": "Masaje Peeling Azúcar Moreno, Neroli Y Loto", 
            "duration": 1800, 
            "price": "25 € ", 
            "description": "Azúcar moreno es un auténtico exfoliador en profundidad; limpia la piel y elimina las células muertas en profundad de forma rápida y efectiva. El azúcar moreno contiene ácido glicólico natural que ayuda a exfoliar la piel a nivel químico y no solo por abrasión. Neroli también posee muchas propiedades beneficiosas para la salud: actúa como antiséptico, desinfectante, antiespasmódico, bactericida, antidepresivo y sedante. El loto, símbolo de pureza y vitalidad combaten los radicales libres y el estrés oxid..."
        }, 
        {
            "service_category": "Varios", 
            "service": "Masaje Peeling Cacao Bio, Azúcar Moreno Y Naranja", 
            "duration": 1800, 
            "price": "25 € ", 
            "description": "Cacao rico en antioxidantes ayuda a mantener su piel firme, elástica y suave, nutre e hidrata. Aporta flexibilidad, suavidad y tiene efectos calmantes. Los antioxidantes ayudan a reducir el daño de los radicales libres y promueve la desintoxicación saludable de células muertas de la piel, esto ayuda al proceso de renovación celular. Azúcar moreno es un auténtico exfoliador en profundidad; limpia la piel y elimina las células muertas en profundad de forma rápida y efectiva. El azúcar moreno contiene ácido .."
        }
    ]
}