{
    "adid": null, 
    "name": "Sonia Martín", 
    "name_of_contact": "Sonia Martín", 
    "scrape_page": "https://www.bucmi.com/soniamartin", 
    "business_website": "https://www.bucmi.com/soniamartin", 
    "areas_covered": null, 
    "description": "Salón de belleza de lo más cosmopolita situado en pleno barrio de Salamanca, en Madrid. Salón totalmente accesible a todos los públicos. Contamos con todas las nuevas tendencias en los servicios de peluquería. Belleza y bienestar a un solo clic en Bucmi.", 
    "img_link": [
        "https://d1nd15w2k87kz0.cloudfront.net/Uploads/635835321486781153.jpg", 
        "https://d1nd15w2k87kz0.cloudfront.net/Uploads/635962496954400181.jpg", 
        "https://d1nd15w2k87kz0.cloudfront.net/Uploads/635962496958150554.jpg", 
        "https://d1nd15w2k87kz0.cloudfront.net/Uploads/635962496959400162.jpg", 
        "https://d1nd15w2k87kz0.cloudfront.net/Uploads/635962496958618915.jpg"
    ], 
    "hqdb_featured_ad_type": "Featured", 
    "hqdb_nr_reviews": "47", 
    "hqdb_review_score": "9,0", 
    "accreditations": null, 
    "category": null, 
    "subcategory": null, 
    "street": null, 
    "city": "Madrid", 
    "zipcode": "28009", 
    "formatted_address": "Madrid, 28009", 
    "country": "es", 
    "office_number": "914312763", 
    "office_number2": null, 
    "mobile_number": null, 
    "mobile_number2": null, 
    "unidentified_phone_numbers": null, 
    "latitude": "40.4220982000", 
    "longitude": "-3.6803397999", 
    "business_email": null, 
    "yelp_page": null, 
    "facebook": null, 
    "twitter": null, 
    "instagram": null, 
    "venue_images": "https://d1nd15w2k87kz0.cloudfront.net/Logotipos/635962498656626826.jpg", 
    "opening_hours_raw": null, 
    "pricelist_link": null, 
    "services": [
        {
            "service_category": "Preferente", 
            "service": "Corte Pelo Mujer", 
            "duration": 1800, 
            "price": "22 € ", 
            "description": "Sea cual sea tu estilo y el look que quieras adoptar, en Sonia Martín te asesoramos como te mereces. ¡Los mejores estilistas cualificados están esperándote para ponerte guapa! El servicio incluye lavado con champú neutro y corte. ¿Quieres sanearte o, por el contrario, cambiar radicalmente de look? Sea lo que sea en nuestra peluquería Sonia Martín te ayudamos. ¡Reserva ya en Bucmi y te encantará!"
        }, 
        {
            "service_category": "Preferente", 
            "service": "Corte De Pelo Para Él", 
            "duration": 1800, 
            "price": "17 € ", 
            "description": "Sanéate el pelo y ponte a punto en Sonia Martín para comerte el mundo. Un pequeño cambio, aunque sea un corte, puede hacerte sentir que puedes cambiarlo todo. El servicio incluye lavado y corte. ¿Quién dice que los hombres no se preocupan por su aspecto? Reserva ya este servicio con nosotros y saldrás satisfecho de nuestro centro."
        }, 
        {
            "service_category": "Peluquería", 
            "service": "Pack Tinte, Corte Y Peinado", 
            "duration": 5400, 
            "price": "73,95 € ", 
            "description": "Pack completo, pon tu cabello en orden dándole el color y la forma que necesita. El servicio es completo e incluye coloración Redken (con posible aumento de precio dependiendo del largo y grosor del cabello,abonandolo en el centro)del cabello, corte de tendencia, lavado con champú e hidratación y peinado de la melena. Todo un pack de peluquería con el que saldrás como nueva de nuestro centro. En Sonia Martín nos preocupamos por tu belleza. ¡Reserva ya online con nosotros y que no te lo cuenten!"
        }, 
        {
            "service_category": "Peluquería", 
            "service": "Peinado Y Maquillaje Novia", 
            "duration": 7200, 
            "price": "200 € ", 
            "description": "Peinado y maquillaje para el día más especial de tu vida. Estarás perfecta el día de tu boda gracias a los profesionales de Sonia Martín, que te sacarán el máximo partido posible. ¡Ya dicen que la novia debe ser la más guapa de la fiesta y en el centro de Sonia Martín lo llevamos al pie de la letra! Reserva ya este servicio con nosotros y no te arrepentirás."
        }, 
        {
            "service_category": "Peluquería", 
            "service": "Prueba Peinado Y Maquillaje Novia", 
            "duration": 7200, 
            "price": "200 € ", 
            "description": "Prueba de Peinado y maquillaje para el día más especial de tu vida. Estarás perfecta el día de tu boda gracias a los profesionales de Sonia Martín, que te sacarán el máximo partido posible. ¡Ya dicen que la novia debe ser la más guapa de la fiesta y en el centro de Sonia Martín lo llevamos al pie de la letra! Reserva ya este servicio con nosotros y no te arrepentirás."
        }, 
        {
            "service_category": "Peluquería", 
            "service": "Brushing Media Melena", 
            "duration": 1800, 
            "price": "17,95 € ", 
            "description": "La técnica del brushing consiste en peinar y hacerle ondas al pelo. Levantar las puntas del cabello con secador y cepillo redondo, o bien con plancha o tenazas. Trabajamos con productos de la gama Living Proof. ¡Luce una melena espectacular gracias a este servicio de peinado, siempre en manos de nuestro equipo de expertos que darán con la imagen que más te favorezca! Reserva ya en Bucmi y que no te lo cuenten. Servicio para media melena."
        }, 
        {
            "service_category": "Peluquería", 
            "service": "Brushing Pelo Corto", 
            "duration": 900, 
            "price": "15,95 € ", 
            "description": "La técnica del brushing consiste en peinar y hacerle ondas al pelo. Levantar las puntas del cabello con secador y cepillo redondo, o bien con plancha o tenazas. Trabajamos con la gama de productos Living Proof. ¡Luce una melena espectacular gracias a este servicio de peinado, siempre en manos de nuestro equipo de expertos que darán con la imagen que más te favorezca! Reserva ya en Bucmi y que no te lo cuenten. Servicio para pelo corto."
        }, 
        {
            "service_category": "Peluquería", 
            "service": "Brushing Pelo Largo", 
            "duration": 1800, 
            "price": "19,95 € ", 
            "description": "La técnica del brushing consiste en peinar y hacerle ondas al pelo. Levantar las puntas del cabello con secador y cepillo redondo, o bien con plancha o tenazas. ¡Luce una melena espectacular gracias a este servicio de peinado, siempre en manos de nuestro equipo de expertos que darán con la imagen que más te favorezca! Reserva ya en Bucmi y que no te lo cuenten. Servicio para pelo largo."
        }, 
        {
            "service_category": "Peluquería", 
            "service": "Color Chromattics", 
            "duration": 2700, 
            "price": "32 € ", 
            "description": "Color profesional que fortalece cada hebra para que tenga un brillo y una luminosidad especial. Melena fuerte, sana, rejuvenecida y lleno de brillo con el color Chromattics. ¿Quieres dejar atrás tu melena triste y apagada? Reserva entonces este servicio que incluye el lavado con champú específico y la aplicación del color, siempre en manos de nuestro equipo de expertos que sacarán lo mejor de tí. ¿A qué estás esperando?"
        }, 
        {
            "service_category": "Peluquería", 
            "service": "Color Redken, Cortar Y Brushing", 
            "duration": 5400, 
            "price": "71,95 € ", 
            "description": "Ponte guapa de las manos de las mejores profesionales, con este pack completo de peluquería. Realizamos color con asesoramiento personalizado de acuerdo con cada tipo de melena, lavado con champú específico, corte de pelo y brushing. Productos Redken y gama Living Proof. ¡Podrás lucir así una melena envidiable, todo en manos de nuestros mejores profesionales! ¡Reserva ya en Bucmi y que no te lo cuenten!"
        }, 
        {
            "service_category": "Peluquería", 
            "service": "Corte Pelo Mujer", 
            "duration": 1800, 
            "price": "22 € ", 
            "description": "Sea cual sea tu estilo y el look que quieras adoptar, en Sonia Martín te asesoramos como te mereces. ¡Los mejores estilistas cualificados están esperándote para ponerte guapa! El servicio incluye lavado con champú neutro y corte. ¿Quieres sanearte o, por el contrario, cambiar radicalmente de look? Sea lo que sea en nuestra peluquería Sonia Martín te ayudamos. ¡Reserva ya en Bucmi y te encantará!"
        }, 
        {
            "service_category": "Peluquería", 
            "service": "Mechas Californianas", 
            "duration": 3600, 
            "price": "62 € ", 
            "description": "Coloración de partes especificas del pelo para dar luz a tu rostro y endulzar los rasgos de tu cara. Las mechas californianas están ahora de moda. El servicio incluye el lavado con champú específico, la aplicación de las mechas y el secado natural. ¡Confía en nuestro equipo de profesionales y dale brillo, luminosidad y color a tu melena! Reserva ya online y quedarás muy satisfecha."
        }, 
        {
            "service_category": "Peluquería", 
            "service": "Mechas, Corte Y Brushing", 
            "duration": 5400, 
            "price": "96,95 € ", 
            "description": "Ponte en las manos de los mejores profesionales del sector de la belleza para conseguir resaltar lo mejor de ti. Realizamos mechas a elegir (mechas de plata, balayage, californianas...), lavado con champú especifico, corte de pelo y brushing. Con nuestra gama de productos Living Proof. En conclusión, un cambio radical de imagen en el estás asesorado en todo momento por nuestros expertos estilistas. ¡Te encantará!"
        }, 
        {
            "service_category": "Peluquería", 
            "service": "Tratamiento Capilar Taninoplastia Corto", 
            "duration": 7200, 
            "price": "70 € ", 
            "description": "Apúntate al tratamiento capilar rejuvenecedor 100% orgánico y natural. Un tratamiento que elimina el encrespado, aporta brillo y fuerza, y moldea el cabello según el estilo que busques. Si tienes una melena muy estropeada, es tu tratamiento ideal. No daña el pelo y tiene un duración de hasta 6 meses. Según la longitud exacta y el volumen, se cobra un suplemento."
        }, 
        {
            "service_category": "Peluquería", 
            "service": "Tratamiento Capilar Taninoplastia Largo", 
            "duration": 10800, 
            "price": "250 € ", 
            "description": "Apúntate al tratamiento capilar rejuvenecedor 100% orgánico y natural. Un tratamiento que elimina el encrespado, aporta brillo y fuerza, y moldea el cabello según el estilo que busques. Si tienes una melena muy estropeada, es tu tratamiento ideal. No daña el pelo y tiene un duración de hasta 6 meses. Según la longitud exacta y el volumen, se cobra un suplemento."
        }, 
        {
            "service_category": "Peluquería", 
            "service": "Tratamiento Capilar Taninoplastia Medio", 
            "duration": 9000, 
            "price": "125 € ", 
            "description": "Apúntate al tratamiento capilar rejuvenecedor 100% orgánico y natural. Un tratamiento que elimina el encrespado, aporta brillo y fuerza, y moldea el cabello según el estilo que busques. Si tienes una melena muy estropeada, es tu tratamiento ideal. No daña el pelo y tiene un duración de hasta 6 meses. Según la longitud exacta y el volumen, se cobra un suplemento."
        }, 
        {
            "service_category": "Peluquería", 
            "service": "Corte De Pelo Para Él", 
            "duration": 1800, 
            "price": "17 € ", 
            "description": "Sanéate el pelo y ponte a punto en Sonia Martín para comerte el mundo. Un pequeño cambio, aunque sea un corte, puede hacerte sentir que puedes cambiarlo todo. El servicio incluye lavado y corte. ¿Quién dice que los hombres no se preocupan por su aspecto? Reserva ya este servicio con nosotros y saldrás satisfecho de nuestro centro."
        }, 
        {
            "service_category": "Estética", 
            "service": "Peinado Y Maquillaje Novia", 
            "duration": 7200, 
            "price": "200 € ", 
            "description": "Peinado y maquillaje para el día más especial de tu vida. Estarás perfecta el día de tu boda gracias a los profesionales de Sonia Martín, que te sacarán el máximo partido posible. ¡Ya dicen que la novia debe ser la más guapa de la fiesta y en el centro de Sonia Martín lo llevamos al pie de la letra! Reserva ya este servicio con nosotros y no te arrepentirás."
        }, 
        {
            "service_category": "Estética", 
            "service": "Prueba Peinado Y Maquillaje Novia", 
            "duration": 7200, 
            "price": "200 € ", 
            "description": "Prueba de Peinado y maquillaje para el día más especial de tu vida. Estarás perfecta el día de tu boda gracias a los profesionales de Sonia Martín, que te sacarán el máximo partido posible. ¡Ya dicen que la novia debe ser la más guapa de la fiesta y en el centro de Sonia Martín lo llevamos al pie de la letra! Reserva ya este servicio con nosotros y no te arrepentirás."
        }
    ]
}