{
    "adid": null, 
    "name": "OZONO", 
    "name_of_contact": "OZONO", 
    "scrape_page": "https://www.bucmi.com/ozonopeluqueros", 
    "business_website": "https://www.bucmi.com/ozonopeluqueros", 
    "areas_covered": null, 
    "description": "Las técnicas más avanzadas del momento, los estilismos más vanguardistas y los artículos más afamados del momento les están esperando. Un grupo de profesionales en peluquería y estética les atenderá y asesorará acerca de cualquier duda que les surja.", 
    "img_link": [
        "https://d1nd15w2k87kz0.cloudfront.net/Uploads/635218854604729656.jpg", 
        "https://d1nd15w2k87kz0.cloudfront.net/Uploads/635218854831322616.jpg", 
        "https://d1nd15w2k87kz0.cloudfront.net/Uploads/635218855502461003.jpg"
    ], 
    "hqdb_featured_ad_type": "Featured", 
    "hqdb_nr_reviews": "86", 
    "hqdb_review_score": "9,0", 
    "accreditations": null, 
    "category": null, 
    "subcategory": null, 
    "street": "C/ Hermosilla, 124", 
    "city": "Madrid", 
    "zipcode": "28033", 
    "formatted_address": "C/ Hermosilla, 124, Madrid, 28033", 
    "country": "es", 
    "office_number": "913816506", 
    "office_number2": null, 
    "mobile_number": null, 
    "mobile_number2": null, 
    "unidentified_phone_numbers": null, 
    "latitude": "40.4779855000", 
    "longitude": "-3.6470521999", 
    "business_email": null, 
    "yelp_page": null, 
    "facebook": null, 
    "twitter": null, 
    "instagram": null, 
    "venue_images": "https://d1nd15w2k87kz0.cloudfront.net/Logotipos/635954754892670883.jpg", 
    "opening_hours_raw": null, 
    "pricelist_link": null, 
    "services": [
        {
            "service_category": "Preferente", 
            "service": "Corte De Pelo Hombre", 
            "duration": 1800, 
            "price": "13,5 € ", 
            "description": "No dejes que tu pelo se quede sin control ¡ven y déjate asesorar por nuestros mejores profesionales! Promoción valida para primeros cortes, consulte con su profesional. El servicio incluye lavado y corte con productos de acabado."
        }, 
        {
            "service_category": "Preferente", 
            "service": "Corte De Pelo Mujer", 
            "duration": 1800, 
            "price": "13,5 € ", 
            "description": "Renuévate, cambia de estilo y date otro aire. Ponte en buenas manos y luce tu melena brillante, suave y bonita. Promoción válida para primeros cortes, consulte con su profesional. El servicio incluye lavado con champu normal, corte y secado."
        }, 
        {
            "service_category": "Preferente", 
            "service": "Color", 
            "duration": 3600, 
            "price": "20,3 € ", 
            "description": "¿Rubio? ¿Castaño? ¿Pelirrojo? El servicio incluye lavado con champú normal y color. Disfruta de las tendencias del momento y déjate asesorar por nuestros profesionales. Aporta color a tu vida y a tu pelo ¡Estarás perfecta!"
        }, 
        {
            "service_category": "Peluquería", 
            "service": "Corte De Pelo Hombre", 
            "duration": 1800, 
            "price": "13,5 € ", 
            "description": "No dejes que tu pelo se quede sin control ¡ven y déjate asesorar por nuestros mejores profesionales! Promoción valida para primeros cortes, consulte con su profesional. El servicio incluye lavado y corte con productos de acabado."
        }, 
        {
            "service_category": "Peluquería", 
            "service": "Corte De Pelo Mujer", 
            "duration": 1800, 
            "price": "13,5 € ", 
            "description": "Renuévate, cambia de estilo y date otro aire. Ponte en buenas manos y luce tu melena brillante, suave y bonita. Promoción válida para primeros cortes, consulte con su profesional. El servicio incluye lavado con champu normal, corte y secado."
        }, 
        {
            "service_category": "Peluquería", 
            "service": "Color", 
            "duration": 3600, 
            "price": "20,3 € ", 
            "description": "¿Rubio? ¿Castaño? ¿Pelirrojo? El servicio incluye lavado con champú normal y color. Disfruta de las tendencias del momento y déjate asesorar por nuestros profesionales. Aporta color a tu vida y a tu pelo ¡Estarás perfecta!"
        }, 
        {
            "service_category": "Peluquería", 
            "service": "Color, Corte Y Peinado Media Melena Y Corto", 
            "duration": 7200, 
            "price": "41,65 € ", 
            "description": "Cambia de look y déjate aconsejar. Disfruta de este pack de color a escoger entre nuestra gama de colores, corte de pelo de tendencia y peinado definido para media melena. Reserva ya con Bucmi.com."
        }, 
        {
            "service_category": "Peluquería", 
            "service": "Cortar Y Peinar Media Melena Y Corto", 
            "duration": 3600, 
            "price": "23,15 € ", 
            "description": "Te miras atentamente al espejo y te das cuenta que quieres un cambio de look, lo que se dice, cortar por lo sano y aportar un aire diferente a tu mirada. Cambia de look y déjate asesorar. El servicio incluye un corte y peinado para una media melena. Incluye lavado."
        }, 
        {
            "service_category": "Peluquería", 
            "service": "Cortar Y Peinar Pelo Largo", 
            "duration": 3600, 
            "price": "24,3 € ", 
            "description": "Te miras atentamente al espejo y te das cuenta que quieres un cambio de look, lo que se dice, cortar por lo sano y aportar un aire diferente a tu mirada. El servicio incluye un corte y peinado para un pelo largo. El servicio incluye lavado."
        }, 
        {
            "service_category": "Peluquería", 
            "service": "Mechas, Corte Y Peinado Media Melena Y Corto", 
            "duration": 9000, 
            "price": "49,6 € ", 
            "description": "Las nuevas y actuales tendencias sobre el cabello las encuentras en Ozono. Endulza los rasgos de tu cara y da luz a tu rostro. El servicio incluye mechas, corte y peinado para media melena."
        }, 
        {
            "service_category": "Peluquería", 
            "service": "Mechas, Corte Y Peinado Pelo Extralargo", 
            "duration": 9000, 
            "price": "54,15 € ", 
            "description": "Las nuevas y actuales tendencias sobre el cabello las encuentras en Ozono. Endulza los rasgos de tu cara y da luz a tu rostro. El servicio incluye mechas, corte y peinado para pelo extralargo."
        }, 
        {
            "service_category": "Peluquería", 
            "service": "Mechas, Corte Y Peinado Pelo Largo", 
            "duration": 9000, 
            "price": "51,85 € ", 
            "description": "Las nuevas y actuales tendencias sobre el cabello las encuentras en Ozono. Este servicio incluye mechas, corte y peinado para pelo largo. En caso de pelo extralargo, se podrá cobrar un suplemento en el centro. También incluye lavado."
        }, 
        {
            "service_category": "Peluquería", 
            "service": "Mechas, Tinte, Corte Y Peinar Extralargo", 
            "duration": 10800, 
            "price": "80 € ", 
            "description": "Las nuevas y actuales tendencias sobre el cabello las encuentras en Ozono. El servicio incluye mechas y tinte podrás modelar el color que siempre quisiste o perfeccionar el que ya tienes. Además incluye cortar y peinar para un pelo extralargo. Incluye peinado."
        }, 
        {
            "service_category": "Peluquería", 
            "service": "Mechas, Tinte, Corte Y Peinar Media Melena", 
            "duration": 10800, 
            "price": "68,75 € ", 
            "description": "Las nuevas y actuales tendencias sobre el cabello las encuentras en Ozono. El pack perfecto para ti y para tu cambio de look. Este servicio sólo sirve para un cliente con media melena."
        }, 
        {
            "service_category": "Peluquería", 
            "service": "Mechas, Tinte, Corte Y Peinar Pelo Largo", 
            "duration": 10800, 
            "price": "71,05 € ", 
            "description": "Las nuevas y actuales tendencias sobre el cabello las encuentras en Ozono. El pack perfecto para ti y para tu cambio de look. Este servicio sólo sirve para un cliente con media melena."
        }, 
        {
            "service_category": "Peluquería", 
            "service": "Peinado Media Melena Y Corto", 
            "duration": 2700, 
            "price": "11,25 € ", 
            "description": "Puedes lucir una melena suave y lisa o bien optar por un peinado con ondas ¡Tú eliges! Cambia de look en manos de los mejores. El servicio incluye lavado con champú normal y un peinado para media melena."
        }, 
        {
            "service_category": "Peluquería", 
            "service": "Peinado Pelo Extralargo", 
            "duration": 2700, 
            "price": "14,65 € ", 
            "description": "Puedes lucir una melena suave y lisa o bien optar por un peinado con ondas ¡Tú eliges! El servicio incluye un lavado con champú normal y peinado para pelo extralargo. Incluye lavado."
        }, 
        {
            "service_category": "Peluquería", 
            "service": "Peinado Pelo Largo", 
            "duration": 2700, 
            "price": "12,4 € ", 
            "description": "Puedes lucir una melena suave y lisa o bien optar por un peinado con ondas ¡Tú eliges! El servicio incluye un lavado con champu normal y peinado para un pelo largo."
        }, 
        {
            "service_category": "Peluquería", 
            "service": "Alisado De Keratina Pelo Largo", 
            "duration": 9000, 
            "price": "165 € ", 
            "description": "Deja tu pelo liso, suave, brillante, flexible y libre de encrespamiento de 8 a 12 semanas. Es ideal para cualquier tipo de cabello. Disfruta de una vez por todas del pelo que siempre has querido tener y luce perfecta para cualquier ocasión."
        }, 
        {
            "service_category": "Peluquería", 
            "service": "Corte De Pelo Niño/A", 
            "duration": 1800, 
            "price": "11,25 € ", 
            "description": "En Ozono peluqueros estarán encantados de poner guapos a los más peques de la peluquería. El servicio no incluye lavado."
        }, 
        {
            "service_category": "Peluquería", 
            "service": "Peinado Y Recogido", 
            "duration": 7200, 
            "price": "47 € ", 
            "description": "Si tienes un evento especial o quieres estar guapa en cualquier momento, en Ozono te asesoramos como te mereces. Luce tu pelo con un peinado elaborado y favorecedor. El servicio incluye lavado, peinado y recogido."
        }, 
        {
            "service_category": "Peluquería", 
            "service": "Cortar Y Peinar Extralargo", 
            "duration": 5400, 
            "price": "26,55 € ", 
            "description": "Te miras atentamente al espejo y te das cuenta que quieres un cambio de look, lo que se dice, cortar por lo sano y aportar un aire diferente a tu mirada. El servicio incluye un corte y peinado para un pelo extralargo (por debajo de la mitad de la espalda). Incluye lavado."
        }, 
        {
            "service_category": "Peluquería", 
            "service": "Color Sin Amoniaco Y Corte", 
            "duration": 5400, 
            "price": "35,5 € ", 
            "description": "Si quieres lucir un color sano y natural sin dañar tu pelo, decídete por este servicio que incluye color sin amoniaco, corte de pelo y secado natural."
        }, 
        {
            "service_category": "Peluquería", 
            "service": "Color, Corte Y Peinado Pelo Extralargo", 
            "duration": 7200, 
            "price": "46,2 € ", 
            "description": "Cambia de look y déjate aconsejar. Disfruta de este pack de color a escoger entre nuestra gama de colores, corte de pelo de tendencia y peinado definido para media melena. Reserva ya con Bucmi.com."
        }, 
        {
            "service_category": "Peluquería", 
            "service": "Color, Corte Y Peinado Pelo Largo", 
            "duration": 7200, 
            "price": "43,95 € ", 
            "description": "Cambia de look y déjate aconsejar. Disfruta de este pack de color a escoger entre nuestra gama de colores, corte de pelo de tendencia y peinado definido para media melena. Reserva ya con Bucmi.com."
        }, 
        {
            "service_category": "Peluquería", 
            "service": "Corte De Pelo Hombre Y Afeitado Barba", 
            "duration": 2700, 
            "price": "20,2 € ", 
            "description": "No dejes que tu pelo se quede sin control ¡ven y déjate asesorar por nuestros mejores profesionales! Promoción valida para primeros cortes, consulte con su profesional. El servicio incluye lavado y corte con productos de acabado. Incluye afeitado de barba."
        }, 
        {
            "service_category": "Estética", 
            "service": "Bono 10 Sesiones De Radiofrecuencia Corporal", 
            "duration": 2700, 
            "price": "200 € ", 
            "description": "Este servicio incluye: un Bono de 10 Sesiones de Radiofrecuencia Corporal. ¿Quieres lucir un cuerpo tonificado y sentirte mucho mejor contigo mism@? Ven a tu Peluquería Ozono y ponte en manos de nuestros mejores profesionales. Te asesorarán en todo momento. Presume de un cuerpo tonificado y libre de grasa localizada y celulitis. Reduce, reafirma y realza la figura. Reserva tu cita cómodamente online a través de Bucmi.com. ¡Ven a visitarnos! ¡No dejes que te lo cuenten!"
        }, 
        {
            "service_category": null, 
            "service": "Alisado De Keratina Pelo Largo", 
            "duration": 9000, 
            "price": "165 € ", 
            "description": "Deja tu pelo liso, suave, brillante, flexible y libre de encrespamiento de 8 a 12 semanas. Es ideal para cualquier tipo de cabello. Disfruta de una vez por todas del pelo que siempre has querido tener y luce perfecta para cualquier ocasión."
        }
    ]
}