{
    "adid": null, 
    "name": "SyB Estética", 
    "name_of_contact": "SyB Estética", 
    "scrape_page": "https://www.bucmi.com/sybestetica", 
    "business_website": "https://www.bucmi.com/sybestetica", 
    "areas_covered": null, 
    "description": "SyB Estética es un centro de belleza ubicado en el barrio de Salamanca en Madrid,que cuenta con completos tratamientos faciales y corporales,para que te cuides tanto por dentro como por fuera.Disfruta de nuestras instalaciones y nuestra gente con un clic", 
    "img_link": [
        "https://d1nd15w2k87kz0.cloudfront.net/Uploads/636241374129474553.jpg", 
        "https://d1nd15w2k87kz0.cloudfront.net/Uploads/636241374708688788.jpg", 
        "https://d1nd15w2k87kz0.cloudfront.net/Uploads/636241375690873868.jpg", 
        "https://d1nd15w2k87kz0.cloudfront.net/Uploads/636263886713498367.jpg", 
        "https://d1nd15w2k87kz0.cloudfront.net/Uploads/636263886770059466.jpg", 
        "https://d1nd15w2k87kz0.cloudfront.net/Uploads/636263886913805487.jpg", 
        "https://d1nd15w2k87kz0.cloudfront.net/Uploads/636263886985366089.jpg", 
        "https://d1nd15w2k87kz0.cloudfront.net/Uploads/636263887072551140.jpg", 
        "https://d1nd15w2k87kz0.cloudfront.net/Uploads/636264055469261043.jpg", 
        "https://d1nd15w2k87kz0.cloudfront.net/Uploads/636264055508322452.jpg", 
        "https://d1nd15w2k87kz0.cloudfront.net/Uploads/636264056425328920.jpg", 
        "https://d1nd15w2k87kz0.cloudfront.net/Uploads/636264056439703619.jpg"
    ], 
    "hqdb_featured_ad_type": "Featured", 
    "hqdb_nr_reviews": "13", 
    "hqdb_review_score": "9,8", 
    "accreditations": null, 
    "category": null, 
    "subcategory": null, 
    "street": "C/ Maldonado, 26", 
    "city": "Madrid", 
    "zipcode": "28006", 
    "formatted_address": "C/ Maldonado, 26, Madrid, 28006", 
    "country": "es", 
    "office_number": "915764232", 
    "office_number2": null, 
    "mobile_number": "632130550", 
    "mobile_number2": null, 
    "unidentified_phone_numbers": null, 
    "latitude": "40.4336302000", 
    "longitude": "-3.6813201999", 
    "business_email": null, 
    "yelp_page": null, 
    "facebook": null, 
    "twitter": null, 
    "instagram": null, 
    "venue_images": "https://d1nd15w2k87kz0.cloudfront.net/Logotipos/636264025051018717.jpg", 
    "opening_hours_raw": null, 
    "pricelist_link": null, 
    "services": [
        {
            "service_category": "Preferente", 
            "service": "Extensión De Pestañas Primera Puesta", 
            "duration": 3600, 
            "price": "55 € ", 
            "description": "Extensiones de pestañas de seda, suaves, ligeras y flexibles pegadas una a una a tus pestañas naturales que te ayudarán a tener una mirada bonita y atractiva sin necesidad de utilizar máscara durante aprox. un mes. Si quieres lucir una mirada de película, ven a tu centro SyB Estética. ¡No dejes que te lo cuenten!"
        }, 
        {
            "service_category": "Preferente", 
            "service": "Limpieza Facial Profunda Con Tratamiento", 
            "duration": 3600, 
            "price": "50 € ", 
            "description": "Limpieza Facial Profunda donde utilizaremos la espátula ultrasónica para la extracción de puntitos negros y demás impurezas, para continuar con una mascarilla acorde a tu tipo de piel durante 15 minutos dejándola actuar, terminando con un pequeño masaje para la crema final. ¡Todo un gustazo!"
        }, 
        {
            "service_category": "Preferente", 
            "service": "Tto Facial Antimanchas", 
            "duration": 3600, 
            "price": "50 € ", 
            "description": "Tratamiento dirigido a la renovación profunda y completa facial. Para las pieles con manchas y marcas faciales. El ritual comienza con una exfoliación química y profunda, para tener la piel receptiva a los activos despigmentantes y renovadores que se aplicarán posteriormente. Tratamiento totalmente manual, con el que saldrás con una piel más uniforme y luminosa."
        }, 
        {
            "service_category": "Preferente", 
            "service": "Tto Facial Microdermoabrasión (Punta De Diamante)", 
            "duration": 3600, 
            "price": "50 € ", 
            "description": "La microdermoabrasión (o peeling con punta de diamante) es una técnica ideal para mantener una piel joven, suave y limpia. Se obtienen resultados similares a los peelings, pero de una manera menos agresiva, permitiendo retornar a las actividades habituales de forma inmediata. Es ideal para que la piel se renueve naturalmente ayudando a eliminar cicatrices y disminuir arrugas. Es un procedimiento estético que elimina las capas exteriores de células muertas en la piel, promoviendo así la regeneración celular,"
        }, 
        {
            "service_category": "Estética", 
            "service": "Extensión De Pestañas Primera Puesta", 
            "duration": 3600, 
            "price": "55 € ", 
            "description": "Extensiones de pestañas de seda, suaves, ligeras y flexibles pegadas una a una a tus pestañas naturales que te ayudarán a tener una mirada bonita y atractiva sin necesidad de utilizar máscara durante aprox. un mes. Si quieres lucir una mirada de película, ven a tu centro SyB Estética. ¡No dejes que te lo cuenten!"
        }, 
        {
            "service_category": "Estética", 
            "service": "Fotorrejuvenecimiento Facial (Luz Pulsada)", 
            "duration": 2700, 
            "price": "70 € ", 
            "description": "Tratamiento ideal que acabar con las irregularidades y manchas oscuras de la piel, tanto marrones como rojas, a través de la IPL, fuente lumínica de alta intensidad que actúa como bisturí inteligente, disminuyendo el tamaño del poro y la profundidad de las arrugas, así como generando nuevo colágeno y dando lugar a una mejora de la textura cutánea. Presume de una piel lisa, suave, tersa y mucho más joven. Reserva ya tu cita online en Bucmi.com."
        }, 
        {
            "service_category": "Estética", 
            "service": "Lifting De Pestañas + Tinte De Pestañas", 
            "duration": 2700, 
            "price": "45 € ", 
            "description": "Si quieres tener unas pestañas más largas y densas, ven a conocer este tratamiento innovador. Además, aplicamos un tinte especial de pestañas que las oscurece. Conseguirás una mirada más atractiva durante semanas. En SyB Estética nos preocupamos por tu belleza. ¡No lo piense más!"
        }, 
        {
            "service_category": "Estética", 
            "service": "Limpieza Facial Express", 
            "duration": 1800, 
            "price": "35 € ", 
            "description": "Para quien no dispone de mucho tiempo, Limpieza Facial realizada mediante Peeling Ultrasónico, número uno en limpieza facial, ya que realiza un peeling profundo, con extracción de puntitos negros e impurezas. Disfruta de un cutis libre de impurezas e imperfecciones. ¡Estarás radiante! En SyB Estética nos preocupamos de tu belleza."
        }, 
        {
            "service_category": "Estética", 
            "service": "Limpieza Facial Profunda Con Tratamiento", 
            "duration": 3600, 
            "price": "50 € ", 
            "description": "Limpieza Facial Profunda donde utilizaremos la espátula ultrasónica para la extracción de puntitos negros y demás impurezas, para continuar con una mascarilla acorde a tu tipo de piel durante 15 minutos dejándola actuar, terminando con un pequeño masaje para la crema final. ¡Todo un gustazo!"
        }, 
        {
            "service_category": "Estética", 
            "service": "Masaje Reductor/Anticelulítico", 
            "duration": 1800, 
            "price": "40 € ", 
            "description": "Masaje fuerte a base de amasamiento. Reduce volumen y celulitis desde la primera sesión. Tiene un duración de unos 30 minutos. ¿Quieres presumir de un cuerpo tonificado? Ven a tu Centro de Estética SyB y ponte en manos de nuestros mejores profesionales. Luce un cuerpo tonificado y realza tu figura. Dí adiós a la grasa localizada y la celulitis. Reduce y remodela. Te encantarán los resultados. Reserva tu cita cómodamente online a través de Bucmi.com. ¡Ven a visitarnos! ¡No dejes que te lo cuenten!"
        }, 
        {
            "service_category": "Estética", 
            "service": "Microdermoabrasión (Punta De Diamante) 35 Min.", 
            "duration": 2700, 
            "price": "40 € ", 
            "description": "La microdermoabrasión (o peeling con punta de diamante) es el tratamiento estrella para mantener una piel joven, suave y limpia. Ideal para la renovación de la piel ayudando a eliminar cicatrices y disminuir arrugas. ¿Quieres lucir una piel perfecta? Ven a SyB Estética y ponte en manos de nuestros mejores profesionales. Presume de una piel lisa, sedosa, mucho más tersa y joven. Porque la edad simplemente es un número y en nuestro centro lo sabemos. ¿A qué esperas? Tiene una duración de 35 minutos."
        }, 
        {
            "service_category": "Estética", 
            "service": "Tinte De Pestañas", 
            "duration": 1800, 
            "price": "15 € ", 
            "description": "Si lo que quieres es olvidarte de la máscara de pestañas todos los días y lucir unas pestañas más densas y largas, ven a SyB Estética y en tan solo 20 minutos conseguiremos esa mirada. ¡No lo piense más!"
        }, 
        {
            "service_category": "Estética", 
            "service": "Tto Corporal Exfoliación E Hidratación", 
            "duration": 2700, 
            "price": "40 € ", 
            "description": "Renueva tu piel para poder lucirla más sana y luminosa. Exfoliación acompañada de Aromaterapia con la que disfrutarás durante 45 minutos a la vez que le aportas a tu piel lo que necesita. ¿Quieres lucir una piel limpia, fresca e hidratada? Ven a tu Centro de Estética SyB y ponte en manos de nuestros mejores profesionales y presume de una piel suave y nutrida. Reserva tu cita cómodamente online a través de Bucmi.com. ¡Ven a visitarnos!"
        }, 
        {
            "service_category": "Estética", 
            "service": "Tto Corporal Presoterapia 40 Min.", 
            "duration": 2700, 
            "price": "25 € ", 
            "description": "Ayuda a mejorar la circulación mediante un drenaje linfático. Indicada para disminuir la retención de líquidos, combatir la celulitis y en tratamientos como piernas cansadas, tobillos hinchados... Disfruta de este tratamiento durante 40 minutos. Ven a tu centro de belleza SyB Estética y ponte en manos de nuestros mejores profesionales. ¡No lo piense más!"
        }, 
        {
            "service_category": "Estética", 
            "service": "Tto Facial Ácido Hialurónico", 
            "duration": 3600, 
            "price": "50 € ", 
            "description": "Tratamiento indicado para pieles deshidratadas y apagadas. Se personalizará según las necesidades de la piel, dando prioridad al uso de Ácido Hialurónico, con el que ayudaremos a nuestra piel a captar la hidratación interna. Así tendrás una piel suave, hidratada y luminosa. No dejes pasar más tiempo y ven a tu centro de belleza SyB Estética."
        }, 
        {
            "service_category": "Estética", 
            "service": "Tto Facial Antiacné", 
            "duration": 3600, 
            "price": "50 € ", 
            "description": "Tratamiento específico adaptado al grado de Acné y tipo de piel que se presente. La finalidad del tratamiento será controlar el exceso de seborrea, acción bactericida y regeneración de la piel evitando las marcas que el acné deja en algunas ocasiones."
        }, 
        {
            "service_category": "Estética", 
            "service": "Tto Facial Antimanchas", 
            "duration": 3600, 
            "price": "50 € ", 
            "description": "Tratamiento dirigido a la renovación profunda y completa facial. Para las pieles con manchas y marcas faciales. El ritual comienza con una exfoliación química y profunda, para tener la piel receptiva a los activos despigmentantes y renovadores que se aplicarán posteriormente. Tratamiento totalmente manual, con el que saldrás con una piel más uniforme y luminosa."
        }, 
        {
            "service_category": "Estética", 
            "service": "Tto Facial Biolifting", 
            "duration": 1800, 
            "price": "40 € ", 
            "description": "Si notas que los músculos de tu cara ya no tienen la misma elasticidad que antes y comienzas a ver pequeñas arrugas o lineas de expresión, es tiempo de que pongas tus músculos faciales a trabajar. Mediante gimnasia pasiva, corregimos la flacidez y fortalecemos los músculos faciales. ¿Quieres lucir una piel perfecta, lisa y tersa? Ven a tu centro de belleza SyB Estética y presume de una piel lisa, mucho más tersa y joven. Di adiós a la flacidez. ¡Una piel radiante!"
        }, 
        {
            "service_category": "Estética", 
            "service": "Tto Facial Microdermoabrasión (Punta De Diamante)", 
            "duration": 3600, 
            "price": "50 € ", 
            "description": "La microdermoabrasión (o peeling con punta de diamante) es una técnica ideal para mantener una piel joven, suave y limpia. Se obtienen resultados similares a los peelings, pero de una manera menos agresiva, permitiendo retornar a las actividades habituales de forma inmediata. Es ideal para que la piel se renueve naturalmente ayudando a eliminar cicatrices y disminuir arrugas. Es un procedimiento estético que elimina las capas exteriores de células muertas en la piel, promoviendo así la regeneración celular,"
        }, 
        {
            "service_category": "Estética", 
            "service": "Tto Facial Peeling Químico", 
            "duration": 2700, 
            "price": "40 € ", 
            "description": "La exfoliación química de la piel está indicada para lograr cambios en la textura de la piel, tratar manchas, arrugas finas, poros dilatados y cicatrices. Consiste en la aplicación de un producto químico para exfoliar y desprender las células viejas y dañadas que son reemplazadas por una nueva piel regenerada. Totalmente inocuo. Luce una piel libre de imperfecciones e impurezas. Presume de un rostro sin manchas ni arruguitas. Reserva tu cita online en Bucmi.com. ¡Te encantará!"
        }, 
        {
            "service_category": "Estética", 
            "service": "Tto Facial Radiofrecuencia", 
            "duration": 1800, 
            "price": "40 € ", 
            "description": "No podemos detener el tiempo pero sí mantenernos jóvenes. Con la radiofrecuencia facial se consigue renovar el colágeno y la elastina, reafirmando y remodelando los tejidos. Es uno de los tratamientos más efectivos para prevenir el envejecimiento de la piel. Luce una piel lisa, hidratada, mucho más tersa y joven. ¡Porque la edad simplemente es un número y en nuestro centro lo sabemos! Reserva tu cita en Bucmi.com."
        }, 
        {
            "service_category": "Estética", 
            "service": "Tto Facial Vita C Iluminador", 
            "duration": 3600, 
            "price": "50 € ", 
            "description": "Indicado para aquellas pieles que se han vuelto mates, devolviendo así la luminosidad que necesita e igualando el tono facial para lucir un rostro más uniforme y bonito.Se basa en la aplicación de Vitamina C mediante ampollas y mascarilla, siendo una de las más completas fuentes de belleza. Devuelve a tu piel su color y aspecto natural. ¡Tu piel estará radiante! Reserva tu cita cómodamente online a través de Bucmi.com. ¡Ven a visitarnos! ¡Te encantará!"
        }, 
        {
            "service_category": "Manicura y Pedicura", 
            "service": "Extensión De Pestañas Primera Puesta", 
            "duration": 3600, 
            "price": "55 € ", 
            "description": "Extensiones de pestañas de seda, suaves, ligeras y flexibles pegadas una a una a tus pestañas naturales que te ayudarán a tener una mirada bonita y atractiva sin necesidad de utilizar máscara durante aprox. un mes. Si quieres lucir una mirada de película, ven a tu centro SyB Estética. ¡No dejes que te lo cuenten!"
        }, 
        {
            "service_category": "Manicura y Pedicura", 
            "service": "Fotorrejuvenecimiento Facial (Luz Pulsada)", 
            "duration": 2700, 
            "price": "70 € ", 
            "description": "Tratamiento ideal que acabar con las irregularidades y manchas oscuras de la piel, tanto marrones como rojas, a través de la IPL, fuente lumínica de alta intensidad que actúa como bisturí inteligente, disminuyendo el tamaño del poro y la profundidad de las arrugas, así como generando nuevo colágeno y dando lugar a una mejora de la textura cutánea. Presume de una piel lisa, suave, tersa y mucho más joven. Reserva ya tu cita online en Bucmi.com."
        }, 
        {
            "service_category": "Manicura y Pedicura", 
            "service": "Lifting De Pestañas + Tinte De Pestañas", 
            "duration": 2700, 
            "price": "45 € ", 
            "description": "Si quieres tener unas pestañas más largas y densas, ven a conocer este tratamiento innovador. Además, aplicamos un tinte especial de pestañas que las oscurece. Conseguirás una mirada más atractiva durante semanas. En SyB Estética nos preocupamos por tu belleza. ¡No lo piense más!"
        }, 
        {
            "service_category": "Manicura y Pedicura", 
            "service": "Limpieza Facial Express", 
            "duration": 1800, 
            "price": "35 € ", 
            "description": "Para quien no dispone de mucho tiempo, Limpieza Facial realizada mediante Peeling Ultrasónico, número uno en limpieza facial, ya que realiza un peeling profundo, con extracción de puntitos negros e impurezas. Disfruta de un cutis libre de impurezas e imperfecciones. ¡Estarás radiante! En SyB Estética nos preocupamos de tu belleza."
        }, 
        {
            "service_category": "Manicura y Pedicura", 
            "service": "Limpieza Facial Profunda Con Tratamiento", 
            "duration": 3600, 
            "price": "50 € ", 
            "description": "Limpieza Facial Profunda donde utilizaremos la espátula ultrasónica para la extracción de puntitos negros y demás impurezas, para continuar con una mascarilla acorde a tu tipo de piel durante 15 minutos dejándola actuar, terminando con un pequeño masaje para la crema final. ¡Todo un gustazo!"
        }, 
        {
            "service_category": "Manicura y Pedicura", 
            "service": "Masaje Reductor/Anticelulítico", 
            "duration": 1800, 
            "price": "40 € ", 
            "description": "Masaje fuerte a base de amasamiento. Reduce volumen y celulitis desde la primera sesión. Tiene un duración de unos 30 minutos. ¿Quieres presumir de un cuerpo tonificado? Ven a tu Centro de Estética SyB y ponte en manos de nuestros mejores profesionales. Luce un cuerpo tonificado y realza tu figura. Dí adiós a la grasa localizada y la celulitis. Reduce y remodela. Te encantarán los resultados. Reserva tu cita cómodamente online a través de Bucmi.com. ¡Ven a visitarnos! ¡No dejes que te lo cuenten!"
        }, 
        {
            "service_category": "Masaje", 
            "service": "Extensión De Pestañas Primera Puesta", 
            "duration": 3600, 
            "price": "55 € ", 
            "description": "Extensiones de pestañas de seda, suaves, ligeras y flexibles pegadas una a una a tus pestañas naturales que te ayudarán a tener una mirada bonita y atractiva sin necesidad de utilizar máscara durante aprox. un mes. Si quieres lucir una mirada de película, ven a tu centro SyB Estética. ¡No dejes que te lo cuenten!"
        }, 
        {
            "service_category": "Masaje", 
            "service": "Fotorrejuvenecimiento Facial (Luz Pulsada)", 
            "duration": 2700, 
            "price": "70 € ", 
            "description": "Tratamiento ideal que acabar con las irregularidades y manchas oscuras de la piel, tanto marrones como rojas, a través de la IPL, fuente lumínica de alta intensidad que actúa como bisturí inteligente, disminuyendo el tamaño del poro y la profundidad de las arrugas, así como generando nuevo colágeno y dando lugar a una mejora de la textura cutánea. Presume de una piel lisa, suave, tersa y mucho más joven. Reserva ya tu cita online en Bucmi.com."
        }, 
        {
            "service_category": "Masaje", 
            "service": "Lifting De Pestañas + Tinte De Pestañas", 
            "duration": 2700, 
            "price": "45 € ", 
            "description": "Si quieres tener unas pestañas más largas y densas, ven a conocer este tratamiento innovador. Además, aplicamos un tinte especial de pestañas que las oscurece. Conseguirás una mirada más atractiva durante semanas. En SyB Estética nos preocupamos por tu belleza. ¡No lo piense más!"
        }, 
        {
            "service_category": "Masaje", 
            "service": "Limpieza Facial Express", 
            "duration": 1800, 
            "price": "35 € ", 
            "description": "Para quien no dispone de mucho tiempo, Limpieza Facial realizada mediante Peeling Ultrasónico, número uno en limpieza facial, ya que realiza un peeling profundo, con extracción de puntitos negros e impurezas. Disfruta de un cutis libre de impurezas e imperfecciones. ¡Estarás radiante! En SyB Estética nos preocupamos de tu belleza."
        }, 
        {
            "service_category": "Masaje", 
            "service": "Limpieza Facial Profunda Con Tratamiento", 
            "duration": 3600, 
            "price": "50 € ", 
            "description": "Limpieza Facial Profunda donde utilizaremos la espátula ultrasónica para la extracción de puntitos negros y demás impurezas, para continuar con una mascarilla acorde a tu tipo de piel durante 15 minutos dejándola actuar, terminando con un pequeño masaje para la crema final. ¡Todo un gustazo!"
        }, 
        {
            "service_category": "Depilación", 
            "service": "Extensión De Pestañas Primera Puesta", 
            "duration": 3600, 
            "price": "55 € ", 
            "description": "Extensiones de pestañas de seda, suaves, ligeras y flexibles pegadas una a una a tus pestañas naturales que te ayudarán a tener una mirada bonita y atractiva sin necesidad de utilizar máscara durante aprox. un mes. Si quieres lucir una mirada de película, ven a tu centro SyB Estética. ¡No dejes que te lo cuenten!"
        }, 
        {
            "service_category": "Depilación", 
            "service": "Fotorrejuvenecimiento Facial (Luz Pulsada)", 
            "duration": 2700, 
            "price": "70 € ", 
            "description": "Tratamiento ideal que acabar con las irregularidades y manchas oscuras de la piel, tanto marrones como rojas, a través de la IPL, fuente lumínica de alta intensidad que actúa como bisturí inteligente, disminuyendo el tamaño del poro y la profundidad de las arrugas, así como generando nuevo colágeno y dando lugar a una mejora de la textura cutánea. Presume de una piel lisa, suave, tersa y mucho más joven. Reserva ya tu cita online en Bucmi.com."
        }, 
        {
            "service_category": "Depilación", 
            "service": "Lifting De Pestañas + Tinte De Pestañas", 
            "duration": 2700, 
            "price": "45 € ", 
            "description": "Si quieres tener unas pestañas más largas y densas, ven a conocer este tratamiento innovador. Además, aplicamos un tinte especial de pestañas que las oscurece. Conseguirás una mirada más atractiva durante semanas. En SyB Estética nos preocupamos por tu belleza. ¡No lo piense más!"
        }, 
        {
            "service_category": "Depilación", 
            "service": "Limpieza Facial Express", 
            "duration": 1800, 
            "price": "35 € ", 
            "description": "Para quien no dispone de mucho tiempo, Limpieza Facial realizada mediante Peeling Ultrasónico, número uno en limpieza facial, ya que realiza un peeling profundo, con extracción de puntitos negros e impurezas. Disfruta de un cutis libre de impurezas e imperfecciones. ¡Estarás radiante! En SyB Estética nos preocupamos de tu belleza."
        }, 
        {
            "service_category": "Depilación", 
            "service": "Limpieza Facial Profunda Con Tratamiento", 
            "duration": 3600, 
            "price": "50 € ", 
            "description": "Limpieza Facial Profunda donde utilizaremos la espátula ultrasónica para la extracción de puntitos negros y demás impurezas, para continuar con una mascarilla acorde a tu tipo de piel durante 15 minutos dejándola actuar, terminando con un pequeño masaje para la crema final. ¡Todo un gustazo!"
        }, 
        {
            "service_category": "Depilación", 
            "service": "Masaje Reductor/Anticelulítico", 
            "duration": 1800, 
            "price": "40 € ", 
            "description": "Masaje fuerte a base de amasamiento. Reduce volumen y celulitis desde la primera sesión. Tiene un duración de unos 30 minutos. ¿Quieres presumir de un cuerpo tonificado? Ven a tu Centro de Estética SyB y ponte en manos de nuestros mejores profesionales. Luce un cuerpo tonificado y realza tu figura. Dí adiós a la grasa localizada y la celulitis. Reduce y remodela. Te encantarán los resultados. Reserva tu cita cómodamente online a través de Bucmi.com. ¡Ven a visitarnos! ¡No dejes que te lo cuenten!"
        }, 
        {
            "service_category": "Depilación", 
            "service": "Microdermoabrasión (Punta De Diamante) 35 Min.", 
            "duration": 2700, 
            "price": "40 € ", 
            "description": "La microdermoabrasión (o peeling con punta de diamante) es el tratamiento estrella para mantener una piel joven, suave y limpia. Ideal para la renovación de la piel ayudando a eliminar cicatrices y disminuir arrugas. ¿Quieres lucir una piel perfecta? Ven a SyB Estética y ponte en manos de nuestros mejores profesionales. Presume de una piel lisa, sedosa, mucho más tersa y joven. Porque la edad simplemente es un número y en nuestro centro lo sabemos. ¿A qué esperas? Tiene una duración de 35 minutos."
        }, 
        {
            "service_category": "Depilación", 
            "service": "Tinte De Pestañas", 
            "duration": 1800, 
            "price": "15 € ", 
            "description": "Si lo que quieres es olvidarte de la máscara de pestañas todos los días y lucir unas pestañas más densas y largas, ven a SyB Estética y en tan solo 20 minutos conseguiremos esa mirada. ¡No lo piense más!"
        }, 
        {
            "service_category": "Depilación", 
            "service": "Tto Corporal Exfoliación E Hidratación", 
            "duration": 2700, 
            "price": "40 € ", 
            "description": "Renueva tu piel para poder lucirla más sana y luminosa. Exfoliación acompañada de Aromaterapia con la que disfrutarás durante 45 minutos a la vez que le aportas a tu piel lo que necesita. ¿Quieres lucir una piel limpia, fresca e hidratada? Ven a tu Centro de Estética SyB y ponte en manos de nuestros mejores profesionales y presume de una piel suave y nutrida. Reserva tu cita cómodamente online a través de Bucmi.com. ¡Ven a visitarnos!"
        }, 
        {
            "service_category": "Depilación", 
            "service": "Tto Corporal Presoterapia 40 Min.", 
            "duration": 2700, 
            "price": "25 € ", 
            "description": "Ayuda a mejorar la circulación mediante un drenaje linfático. Indicada para disminuir la retención de líquidos, combatir la celulitis y en tratamientos como piernas cansadas, tobillos hinchados... Disfruta de este tratamiento durante 40 minutos. Ven a tu centro de belleza SyB Estética y ponte en manos de nuestros mejores profesionales. ¡No lo piense más!"
        }, 
        {
            "service_category": "Depilación", 
            "service": "Tto Facial Ácido Hialurónico", 
            "duration": 3600, 
            "price": "50 € ", 
            "description": "Tratamiento indicado para pieles deshidratadas y apagadas. Se personalizará según las necesidades de la piel, dando prioridad al uso de Ácido Hialurónico, con el que ayudaremos a nuestra piel a captar la hidratación interna. Así tendrás una piel suave, hidratada y luminosa. No dejes pasar más tiempo y ven a tu centro de belleza SyB Estética."
        }, 
        {
            "service_category": "Depilación", 
            "service": "Tto Facial Antiacné", 
            "duration": 3600, 
            "price": "50 € ", 
            "description": "Tratamiento específico adaptado al grado de Acné y tipo de piel que se presente. La finalidad del tratamiento será controlar el exceso de seborrea, acción bactericida y regeneración de la piel evitando las marcas que el acné deja en algunas ocasiones."
        }, 
        {
            "service_category": "Depilación", 
            "service": "Tto Facial Antimanchas", 
            "duration": 3600, 
            "price": "50 € ", 
            "description": "Tratamiento dirigido a la renovación profunda y completa facial. Para las pieles con manchas y marcas faciales. El ritual comienza con una exfoliación química y profunda, para tener la piel receptiva a los activos despigmentantes y renovadores que se aplicarán posteriormente. Tratamiento totalmente manual, con el que saldrás con una piel más uniforme y luminosa."
        }, 
        {
            "service_category": "Depilación", 
            "service": "Tto Facial Biolifting", 
            "duration": 1800, 
            "price": "40 € ", 
            "description": "Si notas que los músculos de tu cara ya no tienen la misma elasticidad que antes y comienzas a ver pequeñas arrugas o lineas de expresión, es tiempo de que pongas tus músculos faciales a trabajar. Mediante gimnasia pasiva, corregimos la flacidez y fortalecemos los músculos faciales. ¿Quieres lucir una piel perfecta, lisa y tersa? Ven a tu centro de belleza SyB Estética y presume de una piel lisa, mucho más tersa y joven. Di adiós a la flacidez. ¡Una piel radiante!"
        }, 
        {
            "service_category": "Depilación", 
            "service": "Tto Facial Microdermoabrasión (Punta De Diamante)", 
            "duration": 3600, 
            "price": "50 € ", 
            "description": "La microdermoabrasión (o peeling con punta de diamante) es una técnica ideal para mantener una piel joven, suave y limpia. Se obtienen resultados similares a los peelings, pero de una manera menos agresiva, permitiendo retornar a las actividades habituales de forma inmediata. Es ideal para que la piel se renueve naturalmente ayudando a eliminar cicatrices y disminuir arrugas. Es un procedimiento estético que elimina las capas exteriores de células muertas en la piel, promoviendo así la regeneración celular,"
        }, 
        {
            "service_category": "Depilación", 
            "service": "Tto Facial Peeling Químico", 
            "duration": 2700, 
            "price": "40 € ", 
            "description": "La exfoliación química de la piel está indicada para lograr cambios en la textura de la piel, tratar manchas, arrugas finas, poros dilatados y cicatrices. Consiste en la aplicación de un producto químico para exfoliar y desprender las células viejas y dañadas que son reemplazadas por una nueva piel regenerada. Totalmente inocuo. Luce una piel libre de imperfecciones e impurezas. Presume de un rostro sin manchas ni arruguitas. Reserva tu cita online en Bucmi.com. ¡Te encantará!"
        }, 
        {
            "service_category": "Depilación", 
            "service": "Tto Facial Radiofrecuencia", 
            "duration": 1800, 
            "price": "40 € ", 
            "description": "No podemos detener el tiempo pero sí mantenernos jóvenes. Con la radiofrecuencia facial se consigue renovar el colágeno y la elastina, reafirmando y remodelando los tejidos. Es uno de los tratamientos más efectivos para prevenir el envejecimiento de la piel. Luce una piel lisa, hidratada, mucho más tersa y joven. ¡Porque la edad simplemente es un número y en nuestro centro lo sabemos! Reserva tu cita en Bucmi.com."
        }, 
        {
            "service_category": "Depilación", 
            "service": "Tto Facial Vita C Iluminador", 
            "duration": 3600, 
            "price": "50 € ", 
            "description": "Indicado para aquellas pieles que se han vuelto mates, devolviendo así la luminosidad que necesita e igualando el tono facial para lucir un rostro más uniforme y bonito.Se basa en la aplicación de Vitamina C mediante ampollas y mascarilla, siendo una de las más completas fuentes de belleza. Devuelve a tu piel su color y aspecto natural. ¡Tu piel estará radiante! Reserva tu cita cómodamente online a través de Bucmi.com. ¡Ven a visitarnos! ¡Te encantará!"
        }, 
        {
            "service_category": "Depilación", 
            "service": "Manicura", 
            "duration": 1800, 
            "price": "15 € ", 
            "description": "Para quienes quieren tener unas manos cuidadas y perfectas, el tratamiento incluye: limado de uñas, tratamiento de cutículas, esmaltado de la marca Vinylux de 7 días de duración y pequeño masaje para la hidratación de las manos. ¡Ven a visitarnos!"
        }, 
        {
            "service_category": "Depilación", 
            "service": "Manicura Express Permanente Shellac", 
            "duration": 900, 
            "price": "12 € ", 
            "description": "Incluye únicamente el esmaltado permanente ¡para que luzcas 14 días las uñas impecables! (No incluye retirada de esmalte)"
        }, 
        {
            "service_category": "Depilación", 
            "service": "Manicura Permanente Shellac", 
            "duration": 2700, 
            "price": "28 € ", 
            "description": "¡El poder está en tus manos! 14 días de brillo impecable. Si la manicura clásica no te dura... ¡Esta es tu solución! Una manicura completa en la que incluye el limado de uñas, retirada de cutículas y el esmaltado permanente de 2 semanas de duración. (No incluye retirada de esmalte permanente)"
        }, 
        {
            "service_category": "Depilación", 
            "service": "Pedicura Básica", 
            "duration": 1800, 
            "price": "17 € ", 
            "description": "Con la pedicura básica lucirás unos pies bonitos, con las uñas perfectas. Incluye el limado de la uña, retirada de cutículas y el esmaltado de la uña."
        }, 
        {
            "service_category": "Depilación", 
            "service": "Pedicura Completa", 
            "duration": 2700, 
            "price": "25 € ", 
            "description": "¡Tus pies quedarán bonitos y suaves! Incluye el limado de uñas, retirada de cutículas, limpieza de durezas y esmaltado de las uñas. Además saldrás con el pie hidratado gracias al pequeño masaje final con crema humetante"
        }, 
        {
            "service_category": "Depilación", 
            "service": "Pedicura Permanente Shellac", 
            "duration": 1800, 
            "price": "32 € ", 
            "description": "¡Con la pedicura SHELLAC luce unas uñas perfectas en tus pies! Incluye el limado de uñas, retirada de cutículas y esmaltado permanente. Además la hidratación del pie con un pequeño masaje."
        }, 
        {
            "service_category": "Depilación", 
            "service": "Masaje Con Ventosas", 
            "duration": 1800, 
            "price": "40 € ", 
            "description": "¿No conoces esta técnica? Ven a tu Centro de Estética SyB y descubre la relajación que te aportan, consiguiendo un efecto sedante sobre el músculo. Nuestros profesionales te asesorarán en todo momento y conseguirás desconectar de tu rutina diaria. Saldrás renovad@ de nuestro Centro y conseguirás descansar mucho mejor por las noches. Empezarás los días con mucha energía y vitalidad. Sumérgete en un universo de relax y bienestar gracias a este tratamiento. Reserva tu cita online a través de Bucmi.com."
        }, 
        {
            "service_category": "Depilación", 
            "service": "Masaje Corporal Piernas Cansadas", 
            "duration": 1800, 
            "price": "25 € ", 
            "description": "Masaje de 20 minutos de duración indicado para piernas cansadas y retención de líquidos. ¿Notas tus piernas cansadas y pesadas al final del día? Ven a tu Centro de Estética SyB y ponte en manos de nuestros profesionales. Te asesorarán en todo momento y conseguirán que desconectes de tu rutina diaria. Sumérgete en un universo de relax y bienestar. Reserva tu cita cómodamente online a través de Bucmi.com. ¡Te encantará!"
        }, 
        {
            "service_category": "Depilación", 
            "service": "Masaje Corporal Velas Calientes Aromáticas", 
            "duration": 1800, 
            "price": "40 € ", 
            "description": "Déjate llevar con nuestro Masaje de Velas. Una sensación única e inigualable gracias al calor que aporta el aceite directamente de la Vela. ¿Quieres probar un masaje diferente? Ven a tu Centro de Estética SyB y ponte en manos de nuestros mejores profesionales. Sumérgete en un universo de relax y bienestar. Desconecta de tu rutina diaria y las preocupaciones. Despeja tu mente y cuerpo. Respira un ambiente de relajación y tranquilidad con un toque a vela aromática. Reserva tu cita online en Bucmi.com."
        }, 
        {
            "service_category": "Depilación", 
            "service": "Masaje Relajante 40 Minutos", 
            "duration": 2700, 
            "price": "40 € ", 
            "description": "Masaje relajante de piernas y espalda, de 40 minutos de duración, para aliviar el dolor, la ansiedad y el estrés. Relaja tus músculos y disfruta de un gran momento de relax. ¿Necesitas desconectar de tu rutina diaria? Ven a tu Centro de Estética SyB y ponte en manos de nuestros mejores profesionales. Sumérgete en un universo de relax y bienestar. Envuélvete en una atmósfera de tranquilidad. Saldrás renovad@ de nuestro Centro. Conseguirás descansar mejor por las noches y empezarás los días con mucha energía."
        }, 
        {
            "service_category": "Depilación", 
            "service": "Masaje Relajante De Espalda", 
            "duration": 1800, 
            "price": "25 € ", 
            "description": "¡Cuánta tensión acumula nuestra espalda a lo largo del día! Relaja los músculos, siéntete bien y disfruta del momento. El masaje tiene una duración de 20 minutos. ¿Necesitas desconectar de tu rutina diaria? Ven a SyB Estética y sumérgete en un universo de relax y bienestar. Envuélvete en una atmósfera de tranquilidad. Saldrás renovad@ de nuestro Centro. ¡Reserva ya!."
        }, 
        {
            "service_category": "Depilación", 
            "service": "Depilación Cera Hombre, Abdomen", 
            "duration": 900, 
            "price": "15 € ", 
            "description": "Elimina ese vello antiestético y molesto y deja tu piel en nuestras manos. Utilizamos cera en Roll-on de un solo uso y aplicamos al terminar una crema refrescante e hidratante. No esperes más y reserva ahora tu cita online a través de Bucmi.com"
        }, 
        {
            "service_category": "Depilación", 
            "service": "Depilación Cera Hombre, Brazos", 
            "duration": 1800, 
            "price": "20 € ", 
            "description": "Elimina ese vello antiestético y molesto y deja tu piel en nuestras manos. Utilizamos cera en Roll-on de un solo uso y aplicamos al terminar una crema refrescante e hidratante. No esperes más y reserva ahora tu cita online a través de Bucmi.com"
        }
    ]
}