{
    "adid": null, 
    "name": "Lyuba Fisioestetica Spa", 
    "name_of_contact": "Lyuba Fisioestetica Spa", 
    "scrape_page": "https://www.bucmi.com/lyuba", 
    "business_website": "https://www.bucmi.com/lyuba", 
    "areas_covered": null, 
    "description": "Centro situado en pleno Barrio de Salamanca. Disfruta de los mejores servicios y tratamientos para tu cuerpo y mente. Con años de experiencia en el sector podrás disfrutar de nuestros profesionales y de un espacio único. Ven a visitarnos y te sorprenderá", 
    "img_link": [
        "https://d1nd15w2k87kz0.cloudfront.net/Uploads/635858766636611848.jpg", 
        "https://d1nd15w2k87kz0.cloudfront.net/Uploads/635858766658017701.jpg", 
        "https://d1nd15w2k87kz0.cloudfront.net/Uploads/635858766706767615.jpg", 
        "https://d1nd15w2k87kz0.cloudfront.net/Uploads/635858766755991522.jpg", 
        "https://d1nd15w2k87kz0.cloudfront.net/Uploads/635858766793186365.jpg", 
        "https://d1nd15w2k87kz0.cloudfront.net/Uploads/635858766817873774.jpg", 
        "https://d1nd15w2k87kz0.cloudfront.net/Uploads/635858766898811032.jpg"
    ], 
    "hqdb_featured_ad_type": "Featured", 
    "hqdb_nr_reviews": "14", 
    "hqdb_review_score": "9,6", 
    "accreditations": null, 
    "category": null, 
    "subcategory": null, 
    "street": null, 
    "city": "Madrid", 
    "zipcode": "28006", 
    "formatted_address": "Madrid, 28032, Madrid, 28029, Madrid, 28006", 
    "country": "es", 
    "office_number": "915653035", 
    "office_number2": null, 
    "mobile_number": null, 
    "mobile_number2": null, 
    "unidentified_phone_numbers": null, 
    "latitude": "40.4350424000", 
    "longitude": "-3.6780275999", 
    "business_email": null, 
    "yelp_page": null, 
    "facebook": null, 
    "twitter": null, 
    "instagram": null, 
    "venue_images": "https://d1nd15w2k87kz0.cloudfront.net/Logotipos/635908691984684541.jpg", 
    "opening_hours_raw": null, 
    "pricelist_link": null, 
    "services": [
        {
            "service_category": "Preferente", 
            "service": "Masaje Kobido Facial Lifting", 
            "duration": 3600, 
            "price": "75 € ", 
            "description": "Considerado como un"
        }, 
        {
            "service_category": "Preferente", 
            "service": "Masaje Relajante", 
            "duration": 3600, 
            "price": "60 € ", 
            "description": "¿Estás buscando desconectar de la rutina? ¡Reserva este servicio! Masaje indicado para situaciones de estrés ya que son absolutamente terapéuticos a nivel psíquicos y físicos. Podrás relajar y tonificar tus músculos y tu sistema nervioso."
        }, 
        {
            "service_category": "Preferente", 
            "service": "Limpieza Facial Y Masaje Tensor Relajante", 
            "duration": 3600, 
            "price": "49 € ", 
            "description": "Se aplican cremas abrasivas para eliminar capas superficiales, también aplicamos cremas antisépticas y realizamos un drenaje linfático. Para terminar se pone una mascarilla nutritiva a base de vitaminas y colágeno."
        }, 
        {
            "service_category": "Estética", 
            "service": "Masaje Kobido Facial Lifting", 
            "duration": 3600, 
            "price": "75 € ", 
            "description": "Considerado como un"
        }, 
        {
            "service_category": "Estética", 
            "service": "3 Sesiones Tto. Facial O Corporal Láser Vascular", 
            "duration": 1800, 
            "price": "330 € ", 
            "description": "Precio por bono de 3 sesiones. Este láser elimina las lesiones y arañas vasculares. En nuestro centro contamos con la última aparatología para conseguir los resultados deseados. Este tratamiento consiste en la penetración de la energía del láser en la piel a través de la fibras, produciendo así una coagulación térmica y bloqueando esa lesión muscular. Este tratamiento está indicado para la cara o el cuerpo. ¡No lo dudes y reserva ya tu cita cómodamente online a través de Bucmi.com! Notarás la mejoría."
        }, 
        {
            "service_category": "Estética", 
            "service": "Tto Facial Rejuvenecedor Ultrasonido Hifu 3 Zonas", 
            "duration": 1800, 
            "price": "360 € ", 
            "description": "Rejuvenece la piel de tu rostro reservando este servicio. El Hifu consiste en aplicar ultrasonidos para la regeneración celular. De esta forma, notarás tu piel mucho más reafirmada. Este tratamiento es más potente que la radiofrecuencia. Incluye las 3 zonas del rostro."
        }, 
        {
            "service_category": "Estética", 
            "service": "Drenaje Linfático", 
            "duration": 3600, 
            "price": "65 € ", 
            "description": "Olvídate de las piernas cansadas con esta terapia que se realiza de forma manual para eliminar la retención de líquidos. Consiste en estimular el sistema linfático a través de suaves movimientos por todo el cuerpo."
        }, 
        {
            "service_category": "Estética", 
            "service": "Limpieza Facial Y Masaje Tensor Relajante", 
            "duration": 3600, 
            "price": "49 € ", 
            "description": "Se aplican cremas abrasivas para eliminar capas superficiales, también aplicamos cremas antisépticas y realizamos un drenaje linfático. Para terminar se pone una mascarilla nutritiva a base de vitaminas y colágeno."
        }, 
        {
            "service_category": "Estética", 
            "service": "Tto Facial Rejuvenecedor Ultrasonido Hifu 1 Zona", 
            "duration": 1800, 
            "price": "120 € ", 
            "description": "Rejuvenece la piel de tu rostro reservando este servicio. El Hifu consiste en aplicar ultrasonidos para la regeneración celular. De esta forma, notarás tu piel mucho más reafirmada. Este tratamiento es más potente que la radiofrecuencia. Incluye una zona de la cara. A elegir entre: frente - ojos, boca, cuello - escote."
        }, 
        {
            "service_category": "Estética", 
            "service": "Tto. Facial O Corporal Láser Vascular", 
            "duration": 1800, 
            "price": "110 € ", 
            "description": "Precio por una sesión. Este láser elimina las lesiones y arañas vasculares. En nuestro centro contamos con la última aparatología para conseguir los resultados deseados. Este tratamiento consiste en la penetración de la energía del láser en la piel a través de la fibras, produciendo así una coagulación térmica y bloqueando esa lesión muscular. Este tratamiento está indicado para la cara o el cuerpo. ¡No lo dudes y reserva ya tu cita cómodamente online a través de Bucmi.com! Notarás la mejoría."
        }, 
        {
            "service_category": "Masaje", 
            "service": "Masaje Kobido Facial Lifting", 
            "duration": 3600, 
            "price": "75 € ", 
            "description": "Considerado como un"
        }, 
        {
            "service_category": "Masaje", 
            "service": "Masaje Relajante", 
            "duration": 3600, 
            "price": "60 € ", 
            "description": "¿Estás buscando desconectar de la rutina? ¡Reserva este servicio! Masaje indicado para situaciones de estrés ya que son absolutamente terapéuticos a nivel psíquicos y físicos. Podrás relajar y tonificar tus músculos y tu sistema nervioso."
        }, 
        {
            "service_category": "Masaje", 
            "service": "Masaje Terapéutico O Descontracturante", 
            "duration": 3600, 
            "price": "60 € ", 
            "description": "Técnica de masaje neuromuscular especializada en tratar las contracturas musculares de la espalda o de cualquier parte del cuerpo producidas por tensiones y malas posturas. Es un masaje fuerte en intensidad y profundidad."
        }, 
        {
            "service_category": "Depilación", 
            "service": "3 Sesiones Tto. Facial O Corporal Láser Vascular", 
            "duration": 1800, 
            "price": "330 € ", 
            "description": "Precio por bono de 3 sesiones. Este láser elimina las lesiones y arañas vasculares. En nuestro centro contamos con la última aparatología para conseguir los resultados deseados. Este tratamiento consiste en la penetración de la energía del láser en la piel a través de la fibras, produciendo así una coagulación térmica y bloqueando esa lesión muscular. Este tratamiento está indicado para la cara o el cuerpo. ¡No lo dudes y reserva ya tu cita cómodamente online a través de Bucmi.com! Notarás la mejoría."
        }, 
        {
            "service_category": "Depilación", 
            "service": "Depilación Láser Diodo Medias Piernas", 
            "duration": 2700, 
            "price": "60 € ", 
            "description": "¿Te gustaría poder lucir unas piernas suaves y sedosas? ¡Reserva ahora esta sesión de depilación láser! Incluye la sesión en la zona de la medias piernas. Eliminarás ese vello molesto definitivamente y lucirás unas piernas de infarto."
        }, 
        {
            "service_category": "Depilación", 
            "service": "Depilación Láser Diodo Zona Pequeña", 
            "duration": 900, 
            "price": "30 € ", 
            "description": "¿Te gustaría eliminar el vello para siempre? Ahora puedes deshacerte del vello de la zona pequeña que elijas gracias a esta sesión de depilación láser. Puedes elegir entre varias zonas como: labio, cejas, entrecejo, axilas, cuello e ingles."
        }, 
        {
            "service_category": "Depilación", 
            "service": "Tto. Facial O Corporal Láser Vascular", 
            "duration": 1800, 
            "price": "110 € ", 
            "description": "Precio por una sesión. Este láser elimina las lesiones y arañas vasculares. En nuestro centro contamos con la última aparatología para conseguir los resultados deseados. Este tratamiento consiste en la penetración de la energía del láser en la piel a través de la fibras, produciendo así una coagulación térmica y bloqueando esa lesión muscular. Este tratamiento está indicado para la cara o el cuerpo. ¡No lo dudes y reserva ya tu cita cómodamente online a través de Bucmi.com! Notarás la mejoría."
        }
    ]
}