{
    "adid": null, 
    "name": "Drakefor Internacional", 
    "name_of_contact": "Drakefor Internacional", 
    "scrape_page": "https://www.bucmi.com/drakefor", 
    "business_website": "https://www.bucmi.com/drakefor", 
    "areas_covered": null, 
    "description": "Drakefor Internacional es un Instituto de Belleza ubicado en el Barrio de Salamanca. Nuestra leyenda se inicia en la época de oro de la monarquía francesa, concretamente en 1767. Nuestra dedicación nos acerca a tus deseos, creando el exclusivo y selecto.", 
    "img_link": [
        "https://d1nd15w2k87kz0.cloudfront.net/Uploads/635908840320756354.jpg", 
        "https://d1nd15w2k87kz0.cloudfront.net/Uploads/635908840342005992.jpg", 
        "https://d1nd15w2k87kz0.cloudfront.net/Uploads/635908840393880833.jpg", 
        "https://d1nd15w2k87kz0.cloudfront.net/Uploads/635908840417318263.jpg", 
        "https://d1nd15w2k87kz0.cloudfront.net/Uploads/635908840442943191.jpg", 
        "https://d1nd15w2k87kz0.cloudfront.net/Uploads/635908840466536866.jpg", 
        "https://d1nd15w2k87kz0.cloudfront.net/Uploads/635908840503441021.jpg"
    ], 
    "hqdb_featured_ad_type": "Featured", 
    "hqdb_nr_reviews": "5", 
    "hqdb_review_score": "9,2", 
    "accreditations": null, 
    "category": null, 
    "subcategory": null, 
    "street": null, 
    "city": "Madrid", 
    "zipcode": "28001", 
    "formatted_address": "Madrid, 28001", 
    "country": "es", 
    "office_number": "914319144", 
    "office_number2": null, 
    "mobile_number": null, 
    "mobile_number2": null, 
    "unidentified_phone_numbers": null, 
    "latitude": "40.4266196000", 
    "longitude": "-3.6812198000", 
    "business_email": null, 
    "yelp_page": null, 
    "facebook": null, 
    "twitter": null, 
    "instagram": null, 
    "venue_images": "https://d1nd15w2k87kz0.cloudfront.net/Logotipos/635908841646005726.jpg", 
    "opening_hours_raw": null, 
    "pricelist_link": null, 
    "services": [
        {
            "service_category": "Preferente", 
            "service": "Alisado Queratina Brasileño", 
            "duration": 7200, 
            "price": "240 € ", 
            "description": "Tratamiento alisador de queratina destinado a personas con todo tipo de cabello, incluidos los teñidos, con mechas o decolorados, con melena o con pelo corto. Alisado brasileño fotónico con queratina sin formol para un pelo perfecto. Cuidaremos tu cabello desde el principio y conseguiremos que luzcas la melena que siempre has soñado: brillante, bonita, sedosa y libre de encespamiento. Reserva online tu cita al mejor precio."
        }, 
        {
            "service_category": "Preferente", 
            "service": "Mechas Babylights", 
            "duration": 5400, 
            "price": "63 € ", 
            "description": "Iluminan, dan movimiento y son el último 'hit' en cabello. Lleva las mechas del momento.Aboga por la naturalidad y da todo el protagonismo a los puntos de luz con las mechas babylight: unas finísimas mechas que parten de la raíz con hasta dos tonalidades más claras que la base y que buscan conseguir ese efecto suave y delicado que tienen los niños pequeños en el cabello, como si hubiésemos pasado una larga temporada bajo el sol y unos suaves reflejos sublimaran la melena. Incluye: lavado/masaje/brushing"
        }, 
        {
            "service_category": "Preferente", 
            "service": "Criolipólisis Y Termolipólisis Facial", 
            "duration": 3600, 
            "price": "99 € ", 
            "description": "Rejuvenece extraeordinariamente tu rostro mediante Criolipólisis y Termolipólisis facial con aplicación de cremas a base de celulas madres y ácido Hialurónico. Nuestros profesionales de Drakefor ajustarán el tratamiento según las necesidades de tu piel, siempre utilizando productos con la máxima calidad. Cuida tu piel y deja que te mimen como te mereces. El mejor precio lo encontrarás aquí."
        }, 
        {
            "service_category": "Peluquería", 
            "service": "Alisado Queratina Brasileño", 
            "duration": 7200, 
            "price": "240 € ", 
            "description": "Tratamiento alisador de queratina destinado a personas con todo tipo de cabello, incluidos los teñidos, con mechas o decolorados, con melena o con pelo corto. Alisado brasileño fotónico con queratina sin formol para un pelo perfecto. Cuidaremos tu cabello desde el principio y conseguiremos que luzcas la melena que siempre has soñado: brillante, bonita, sedosa y libre de encespamiento. Reserva online tu cita al mejor precio."
        }, 
        {
            "service_category": "Peluquería", 
            "service": "Mechas Babylights", 
            "duration": 5400, 
            "price": "63 € ", 
            "description": "Iluminan, dan movimiento y son el último 'hit' en cabello. Lleva las mechas del momento.Aboga por la naturalidad y da todo el protagonismo a los puntos de luz con las mechas babylight: unas finísimas mechas que parten de la raíz con hasta dos tonalidades más claras que la base y que buscan conseguir ese efecto suave y delicado que tienen los niños pequeños en el cabello, como si hubiésemos pasado una larga temporada bajo el sol y unos suaves reflejos sublimaran la melena. Incluye: lavado/masaje/brushing"
        }, 
        {
            "service_category": "Estética", 
            "service": "Goodbye Celulitis, Adios!", 
            "duration": 3600, 
            "price": "149 € ", 
            "description": "Aprovecha nuestro programa de 4 sesiones de 1 hora que incluye: CAVITACIÓN - RADIOFRECUENCIA - VACUMTERAPIA. La unión de estos 3 tratamientos sumado a una vida sana y mucho líquido da unos resultados IMPRESIONANTES. No sólo reduces y eliminas grasas sino que también: Reactivas la circulación, remodelas el contorno del cuerpo, mejoras la textura de tu piel aumentando la producción de tu propio colágeno."
        }, 
        {
            "service_category": "Estética", 
            "service": "Bono 5 S Anticelulítico Biotecnológico Reductor", 
            "duration": 7200, 
            "price": "400 € ", 
            "description": "Este super pack de 5 sesiones hará que tengas el cuerpo que siempre has soñado. Nuestros profesionales te atenderán según tus necesidades y te mimarán como te mereces. Servicio que incluye 5 sesiones de criolipolisis, cavitación, vacumterapia, radiofrecuencia, photonterapia y masaje anticelulítico con crema hecha de Celúlas Madre. ¡Reserva ya tu cita online!"
        }, 
        {
            "service_category": "Estética", 
            "service": "Peeling Corporal, Cavitación Y Masaje", 
            "duration": 3600, 
            "price": "120 € ", 
            "description": "Peeling corporal con sales del Mar Muerto y Aceite de Argán además de la Cavitación, la aplicación de crema liporeductora frío-calor y por último el masaje anticelulítico. ¡Reserva onlineF"
        }, 
        {
            "service_category": "Estética", 
            "service": "Peeling Corporal, Fototerapia Y Radiofrecuencia", 
            "duration": 3600, 
            "price": "160 € ", 
            "description": "El servicio incluye un Peeling Corporal, el Tratamiento Liporeductor Frío- Calor aplicado mediante cavitación, la Fototerapia y por último la Radio Frecuencia. Ahorra tiempo y reserva onlineF"
        }, 
        {
            "service_category": "Estética", 
            "service": "Peeling Facial Lujo", 
            "duration": 3600, 
            "price": "120 € ", 
            "description": "Peeling Facial de Lujo con regeneración celular Extrema por crema de células madre aplicada con ultrasonidos, Fototerapia, Iones (Iontoforesis) para una perfecta, extrema y delicada penetración de los principios activos de tu pielF"
        }, 
        {
            "service_category": "Estética", 
            "service": "Criolipólisis Y Termolipólisis Facial", 
            "duration": 3600, 
            "price": "99 € ", 
            "description": "Rejuvenece extraeordinariamente tu rostro mediante Criolipólisis y Termolipólisis facial con aplicación de cremas a base de celulas madres y ácido Hialurónico. Nuestros profesionales de Drakefor ajustarán el tratamiento según las necesidades de tu piel, siempre utilizando productos con la máxima calidad. Cuida tu piel y deja que te mimen como te mereces. El mejor precio lo encontrarás aquí."
        }
    ]
}