{
    "adid": null, 
    "name": "Dynamic Look O'Donnell", 
    "name_of_contact": "Dynamic Look O'Donnell", 
    "scrape_page": "https://www.bucmi.com/dynamiclooko", 
    "business_website": "https://www.bucmi.com/dynamiclooko", 
    "areas_covered": null, 
    "description": "Dynamic Look O'Donnell está compuesto por un equipo de asesores de imagen. Contamos con más de 30 años de experiencia en color. Previamente al servicio te realizamos un estudio teniendo en cuenta el tipo de cabello, rostro, color de ojos y estilo de vida", 
    "img_link": [
        "https://d1nd15w2k87kz0.cloudfront.net/Uploads/635908847376338671.jpg", 
        "https://d1nd15w2k87kz0.cloudfront.net/Uploads/635908847410713671.jpg", 
        "https://d1nd15w2k87kz0.cloudfront.net/Uploads/635908847492900968.jpg", 
        "https://d1nd15w2k87kz0.cloudfront.net/Uploads/635908847612588302.jpg", 
        "https://d1nd15w2k87kz0.cloudfront.net/Uploads/635908847787588526.jpg", 
        "https://d1nd15w2k87kz0.cloudfront.net/Uploads/635908847842901710.jpg"
    ], 
    "hqdb_featured_ad_type": "Featured", 
    "hqdb_nr_reviews": "2", 
    "hqdb_review_score": "4,0", 
    "accreditations": null, 
    "category": null, 
    "subcategory": null, 
    "street": null, 
    "city": "Madrid", 
    "zipcode": "28009", 
    "formatted_address": "Madrid, 28034, Madrid, 28036, Madrid, 28022, Madrid, 28032, Madrid, 28035, Madrid, 28034, Madrid, 28030, Madrid, 28053, Madrid, 28017, Madrid, 28009", 
    "country": "es", 
    "office_number": "915745187", 
    "office_number2": null, 
    "mobile_number": null, 
    "mobile_number2": null, 
    "unidentified_phone_numbers": null, 
    "latitude": "40.4212876000", 
    "longitude": "-3.6740909000", 
    "business_email": null, 
    "yelp_page": null, 
    "facebook": null, 
    "twitter": null, 
    "instagram": null, 
    "venue_images": "https://d1nd15w2k87kz0.cloudfront.net/Logotipos/635908858599340154.jpg", 
    "opening_hours_raw": null, 
    "pricelist_link": null, 
    "services": [
        {
            "service_category": "Preferente", 
            "service": "Corte De Pelo Para Hombre", 
            "duration": 1800, 
            "price": "27 € ", 
            "description": "Incluye lavar cortar y peinado siempre asesorado por los mejores profesionales para que seas capaz de peinarte en casa. El asesor de imagen te aconsejará el corte más adecuado para tu cabello, estilo de vida y facciones del rostro."
        }, 
        {
            "service_category": "Preferente", 
            "service": "Diseño De Cejas", 
            "duration": 900, 
            "price": "20 € ", 
            "description": "¿Sabes lo importante que es sacar el máximo partido a tu mirada? Tener las cejas arregladas es fundamental para lograr armonía y belleza en tu rostro, por eso en Dynamic Look cuentas con estilistas que te harán un asesoramiento personalizado. Depilación de cejas con pinzas."
        }, 
        {
            "service_category": "Preferente", 
            "service": "Cortar Y Peinar", 
            "duration": 2700, 
            "price": "53 € ", 
            "description": "Incluye lavar cortar y peinado siempre asesorado por los mejores profesionales para que seas capaz de peinarte en casa. El asesor de imagen te aconsejará el corte más adecuado para tu cabello, estilo de vida y facciones del rostro. Incluye lavado con masaje craneal y champú personalizado según el tipo de cabello."
        }, 
        {
            "service_category": "Peluquería", 
            "service": "Corte De Pelo Para Hombre", 
            "duration": 1800, 
            "price": "27 € ", 
            "description": "Incluye lavar cortar y peinado siempre asesorado por los mejores profesionales para que seas capaz de peinarte en casa. El asesor de imagen te aconsejará el corte más adecuado para tu cabello, estilo de vida y facciones del rostro."
        }, 
        {
            "service_category": "Peluquería", 
            "service": "Keratina Dynamic Repair", 
            "duration": 5400, 
            "price": "90 € ", 
            "description": "El mejor tratamiento para el cabello seco. Consigue un cabello extra suave y brillante. Repara todo tipo de cabellos secos y quebradizos dejando el cabello suave y totalmente reparado. Incluye lavado con masaje craneal y champú personalizado según el tipo de cabello."
        }, 
        {
            "service_category": "Peluquería", 
            "service": "Alisado Keratina Pelo Largo", 
            "duration": 7200, 
            "price": "250 € ", 
            "description": "Además de reducir el encrespamiento o frizz de tu cabello, le aportarás un extra de brillo y nutrición a tu pelo, alisándolo al máximo con el tratamiento de keratina. Tendrás el pelo que siempre has soñado: rejuvenecido y manejable."
        }, 
        {
            "service_category": "Peluquería", 
            "service": "Alisado Keratina Pelo Medio", 
            "duration": 5400, 
            "price": "200 € ", 
            "description": "Porque sabemos lo difícil que es mantenerlo todo bajo control…En Dynamic Look queremos ponértelo un poco más sencillo y ayudarte a conseguir el cabello que siempre has deseado. Si alguna vez has soñado con salir de la ducha y olvidarte de abusar del secador y las planchas, te ofrecemos un tratamiento de hará que ames tu pelo más que nunca."
        }, 
        {
            "service_category": "Peluquería", 
            "service": "Cortar Y Peinar", 
            "duration": 2700, 
            "price": "53 € ", 
            "description": "Incluye lavar cortar y peinado siempre asesorado por los mejores profesionales para que seas capaz de peinarte en casa. El asesor de imagen te aconsejará el corte más adecuado para tu cabello, estilo de vida y facciones del rostro. Incluye lavado con masaje craneal y champú personalizado según el tipo de cabello."
        }, 
        {
            "service_category": "Peluquería", 
            "service": "Corte De Pelo Para Mujer", 
            "duration": 1800, 
            "price": "31 € ", 
            "description": "Reserva online tu corte de pelo mujer y cambia de look de la mano de los mejores. Ellos sabrán sacarte el partido que te mereces, según tu estilo. El servicio No incluye ni Peinado ni Secado."
        }, 
        {
            "service_category": "Peluquería", 
            "service": "Mechas Dynamic High-Light", 
            "duration": 5400, 
            "price": "97 € ", 
            "description": "Técnica especial de mechas más naturales, lavar, peinar. Técnica creada por Dynamic Look pensada para iluminar el cabello potenciando más claridad al rostro. Aclara 3 tonos sin dañar el cabello iluminando la melena. Incluye lavado con masaje craneal y champú personalizado según el tipo de cabello."
        }, 
        {
            "service_category": "Peluquería", 
            "service": "Peinado Mujer Largo", 
            "duration": 1800, 
            "price": "33 € ", 
            "description": "En Dynamic Look te asesorarán como tu mereces y te realizarán un peinado a la altura de tus espectativas. El servicio incluye lavado y peinado en cabello largo."
        }, 
        {
            "service_category": "Peluquería", 
            "service": "Peinado Mujer Media Melena", 
            "duration": 1800, 
            "price": "25 € ", 
            "description": "En Dynamic Look te asesorarán como tu mereces y te realizarán un peinado a la altura de tus espectativas. El servicio incluye lavado y peinado en cabello medio."
        }, 
        {
            "service_category": "Peluquería", 
            "service": "Reflejos De Sol", 
            "duration": 5400, 
            "price": "83 € ", 
            "description": "Técnica exclusiva de Dynamic Look. Reflejos naturales que aclaran tu cabello 2 o 3 tonos para iluminar tu melena sin dañar. Al crecer el cabello no tiene efecto raíz. Incluye lavado con masaje craneal y champú personalizado según el tipo de cabello, lavado y peinado."
        }, 
        {
            "service_category": "Depilación", 
            "service": "Diseño De Cejas", 
            "duration": 900, 
            "price": "20 € ", 
            "description": "¿Sabes lo importante que es sacar el máximo partido a tu mirada? Tener las cejas arregladas es fundamental para lograr armonía y belleza en tu rostro, por eso en Dynamic Look cuentas con estilistas que te harán un asesoramiento personalizado. Depilación de cejas con pinzas."
        }, 
        {
            "service_category": null, 
            "service": "Keratina Dynamic Repair", 
            "duration": 5400, 
            "price": "90 € ", 
            "description": "El mejor tratamiento para el cabello seco. Consigue un cabello extra suave y brillante. Repara todo tipo de cabellos secos y quebradizos dejando el cabello suave y totalmente reparado. Incluye lavado con masaje craneal y champú personalizado según el tipo de cabello."
        }
    ]
}