{
    "adid": null, 
    "name": "Relief Madrid Centro", 
    "name_of_contact": "Relief Madrid Centro", 
    "scrape_page": "https://www.bucmi.com/relief", 
    "business_website": "https://www.bucmi.com/relief", 
    "areas_covered": null, 
    "description": "Relief nace en la ciudad de Berlín para ayudar a miles de alemanes a dejar de fumar. El método innovador Soft Láser se basa en la acupuntura aplicándose en terminaciones nervisosas con el objetivo de calmar la adición. Estamos en la zona céntrica de Sol.", 
    "img_link": [
        "https://d1nd15w2k87kz0.cloudfront.net/Uploads/636268226328594330.jpg", 
        "https://d1nd15w2k87kz0.cloudfront.net/Uploads/636268226375780505.jpg", 
        "https://d1nd15w2k87kz0.cloudfront.net/Uploads/636268226590774787.jpg", 
        "https://d1nd15w2k87kz0.cloudfront.net/Uploads/636268226616086495.jpg", 
        "https://d1nd15w2k87kz0.cloudfront.net/Uploads/636268226673272614.jpg"
    ], 
    "hqdb_featured_ad_type": "Featured", 
    "hqdb_nr_reviews": "1", 
    "hqdb_review_score": "7,0", 
    "accreditations": null, 
    "category": null, 
    "subcategory": null, 
    "street": "C/ Toledo, 12", 
    "city": "Madrid", 
    "zipcode": "28001", 
    "formatted_address": "C/ Toledo, 12, Madrid, 28001", 
    "country": "es", 
    "office_number": "911431443", 
    "office_number2": null, 
    "mobile_number": null, 
    "mobile_number2": null, 
    "unidentified_phone_numbers": null, 
    "latitude": "40.4144602999", 
    "longitude": "-3.7076742000", 
    "business_email": null, 
    "yelp_page": null, 
    "facebook": null, 
    "twitter": null, 
    "instagram": null, 
    "venue_images": "https://d1nd15w2k87kz0.cloudfront.net/Logotipos/636268234701493689.jpg", 
    "opening_hours_raw": null, 
    "pricelist_link": null, 
    "services": [
        {
            "service_category": "Preferente", 
            "service": "Terapia Alternativa: Soft-Láser Antiestrés", 
            "duration": 3600, 
            "price": "30 € ", 
            "description": "Sesión de técnica Soft-Láser para reducir la ansiedad y el estrés. Soft-laser sirve para controlar el estress y la ansiedad. ¡Pruébalo! Combina el soft-láser, dirección, apoyo y motivación. Haz ya tu reserva con Bucmi.com y repetirás seguro en nuestro centro."
        }, 
        {
            "service_category": "Estética", 
            "service": "Terapia Altenativa: 4 Ss Soft-Láser Antiestrés", 
            "duration": 3600, 
            "price": "160 € ", 
            "description": "Bono de cuatro sesiones de una hora de duración de terapia Soft-laser para controlar el estress y la ansiedad. ¡Pruébalo! Combina el soft-láser, dirección, apoyo y motivación. Haz ya tu reserva con Bucmi.com y repetirás seguro en nuestro centro."
        }, 
        {
            "service_category": "Estética", 
            "service": "Terapia Alternativa: Soft-Láser Antiestrés", 
            "duration": 3600, 
            "price": "30 € ", 
            "description": "Sesión de técnica Soft-Láser para reducir la ansiedad y el estrés. Soft-laser sirve para controlar el estress y la ansiedad. ¡Pruébalo! Combina el soft-láser, dirección, apoyo y motivación. Haz ya tu reserva con Bucmi.com y repetirás seguro en nuestro centro."
        }, 
        {
            "service_category": "Estética", 
            "service": "Tto Corporal: Bono 4 Tto. Soft Láser Control Peso", 
            "duration": 3600, 
            "price": "160 € ", 
            "description": "Bono de cuatro sesiones de 60 minutos de duración. El servicio va acompañado de dietas personalizadas marcadas semanalmente por una nutricionista. Haz ya tu reserva con Bucmi.com y repetirás seguro en nuestro centro."
        }, 
        {
            "service_category": "Estética", 
            "service": "Tto Corporal: Soft-Láser Control De Peso", 
            "duration": 3600, 
            "price": "45 € ", 
            "description": "Esta sesión va acompañada de una dieta personalizada marcada por una nutricionista. Dispondrás de una dieta y seguimiento por nuestra nutricionista. Haz ya tu reserva con Bucmi.com y repetirás seguro en nuestro centro."
        }, 
        {
            "service_category": "Bienestar", 
            "service": "Terapia Alternativa: Dejar De Fumar (2 Personas)", 
            "duration": 5400, 
            "price": "432 € ", 
            "description": "El servicio consta de cinco sesiones, una primera sesión de 60 minutos de duración, tres sesiones de 15 minutos de control de ansiedad y una quinta sesión de refuerzo. Olvídate del tabaco tú y tu amigo/a de la mano de los mejores profesionales. Reserva ahora tu cita online a través de Bucmi.com."
        }, 
        {
            "service_category": "Bienestar", 
            "service": "Terapia Alternativa: Soft-Láser Antiestrés", 
            "duration": 3600, 
            "price": "30 € ", 
            "description": "Sesión de técnica Soft-Láser para reducir la ansiedad y el estrés. Soft-laser sirve para controlar el estress y la ansiedad. ¡Pruébalo! Combina el soft-láser, dirección, apoyo y motivación. Haz ya tu reserva con Bucmi.com y repetirás seguro en nuestro centro."
        }, 
        {
            "service_category": "Bienestar", 
            "service": "Terapia Alternativa: Tto Soft-Láser Dejar De Fumar", 
            "duration": 5400, 
            "price": "270 € ", 
            "description": "El servicio consta de cinco sesiones, una primera sesión de 60 minutos de duración, tres sesiones de 15 minutos de control de ansiedad y una quinta sesión de refuerzo. Olvídate del tabaco de la mano de los mejores profesionales. No esperes más y reserva ahora tu cita online de la forma más fácil a través de Bucmi.com."
        }
    ]
}