{
    "adid": null, 
    "name": "Zen Sano", 
    "name_of_contact": "Zen Sano", 
    "scrape_page": "https://www.bucmi.com/zensano", 
    "business_website": "https://www.bucmi.com/zensano", 
    "areas_covered": null, 
    "description": "Zen Sano es un Centro de Estética ubicado en la zona de Lacoma, Madrid. Encontrarás un espacio holístico que ofrece servicios para cuidar de tu salud, belleza y bienestar. Descubre los tratamientos personalizados para disfrutar de una belleza natural.", 
    "img_link": [
        "https://d1nd15w2k87kz0.cloudfront.net/Uploads/635963213114785063.jpg", 
        "https://d1nd15w2k87kz0.cloudfront.net/Uploads/635963213115722565.jpg", 
        "https://d1nd15w2k87kz0.cloudfront.net/Uploads/635963213119785049.jpg", 
        "https://d1nd15w2k87kz0.cloudfront.net/Uploads/635963213119316377.jpg", 
        "https://d1nd15w2k87kz0.cloudfront.net/Uploads/635963213118691285.jpg", 
        "https://d1nd15w2k87kz0.cloudfront.net/Uploads/635963213119785049.jpg", 
        "https://d1nd15w2k87kz0.cloudfront.net/Uploads/635963213120253797.jpg", 
        "https://d1nd15w2k87kz0.cloudfront.net/Uploads/635963213120410136.jpg", 
        "https://d1nd15w2k87kz0.cloudfront.net/Uploads/635963213120878838.jpg"
    ], 
    "hqdb_featured_ad_type": "Featured", 
    "hqdb_nr_reviews": "3", 
    "hqdb_review_score": "8,7", 
    "accreditations": null, 
    "category": null, 
    "subcategory": null, 
    "street": null, 
    "city": "Madrid", 
    "zipcode": "28035", 
    "formatted_address": "Madrid, 28039, Madrid, 28035", 
    "country": "es", 
    "office_number": "912244154", 
    "office_number2": null, 
    "mobile_number": null, 
    "mobile_number2": null, 
    "unidentified_phone_numbers": null, 
    "latitude": "40.4839695999", 
    "longitude": "-3.7289627000", 
    "business_email": null, 
    "yelp_page": null, 
    "facebook": null, 
    "twitter": null, 
    "instagram": null, 
    "venue_images": "https://d1nd15w2k87kz0.cloudfront.net/Logotipos/635963260402708584.jpg", 
    "opening_hours_raw": null, 
    "pricelist_link": null, 
    "services": [
        {
            "service_category": "Preferente", 
            "service": "Bono 5 Ss Tratamiento Corporal Anticelulítico", 
            "duration": 3600, 
            "price": "400 € ", 
            "description": "Zen-Sano ha comprado la aparatología más rápida y puntera para eliminar celulitis y grasa 'Ondas de Choque' Storz Medical. ¿Quieres lucir un cuerpo tonificado y libre de celulitis? Ven a tu Centro de Estética Zen-Sano y ponte en manos de nuestros mejores profesionales. Luce un cuerpo tonificado y realza tu figura. Dí adiós a la celulitis y la grasa localizada. Trabajamos con aparatología de última generación. Reserva tu cita cómodamente online a través de Bucmi.com. ¡Notarás los resultados!"
        }, 
        {
            "service_category": "Preferente", 
            "service": "Manicura", 
            "duration": 2700, 
            "price": "20 € ", 
            "description": "Reserva nuestra manicura básica y luce unas manos cuidadas y bonitas. Esta manicura incluye: limar, retirada de cutícula para el cuidado de la uña, masaje para una hidratación previa y un esmaltado del color que escojas."
        }, 
        {
            "service_category": "Preferente", 
            "service": "Manicura Semipermanente", 
            "duration": 3600, 
            "price": "35 € ", 
            "description": "Disfruta en nuestro centro de estética Zen Sano de una manicura completa con esmaltado semipermanente. Realizamos un cuidado completo de tus uñas para que puedas lucir unas uñas bonitas por mucho más tiempo, gracias al esmalte semipermanente que aplicamos."
        }, 
        {
            "service_category": "Preferente", 
            "service": "Tinte Y Permanente De Pestañas", 
            "duration": 3600, 
            "price": "30 € ", 
            "description": "¿Te gustaría lucir unas uñas de infarto? Reserva nuestro tinte y permanente de pestañas. Durante el servicio te oscurecemos y rizamos tus pestañas. Notarás como se realzan tus pestañas y da una forma curvada a las mismas."
        }, 
        {
            "service_category": "Preferente", 
            "service": "Diseño De Cejas", 
            "duration": 1800, 
            "price": "8 € ", 
            "description": "¿Te gustaría tener un diseño de cejas acorde a tus rasgos? Reserva este servicio y te verás más favorecida al instante. El servicio incluye una sesión con uno de nuestros profesionales en estética para la realización del diseño de cejas con pinzas."
        }, 
        {
            "service_category": "Estética", 
            "service": "Tratamiento Corporal Transdermoterapia", 
            "duration": 900, 
            "price": "50 € ", 
            "description": "Reduce Abdomen o Cartucheras en tan sólo en 15 minutos reservando nuestro tratamiento corporal transdérmico. Gracias a esta técnica conseguimos reafirmar, reducir y tensar los tejidos para eliminar la flacidez de la piel."
        }, 
        {
            "service_category": "Estética", 
            "service": "Bono 5 Ss Tratamiento Corporal Anticelulítico", 
            "duration": 3600, 
            "price": "400 € ", 
            "description": "Zen-Sano ha comprado la aparatología más rápida y puntera para eliminar celulitis y grasa 'Ondas de Choque' Storz Medical. ¿Quieres lucir un cuerpo tonificado y libre de celulitis? Ven a tu Centro de Estética Zen-Sano y ponte en manos de nuestros mejores profesionales. Luce un cuerpo tonificado y realza tu figura. Dí adiós a la celulitis y la grasa localizada. Trabajamos con aparatología de última generación. Reserva tu cita cómodamente online a través de Bucmi.com. ¡Notarás los resultados!"
        }, 
        {
            "service_category": "Estética", 
            "service": "Bono 10 Sesiones Radiofrecuencia Facial Indiba", 
            "duration": 3600, 
            "price": "550 € ", 
            "description": "¿Quieres mejorar el aspecto de la piel de tu rostro? ¡Reserva nuestro bono de 10 sesiones de nuestro tratamiento facial antiedad! Durante el servicio aplicamos radiofrecuencia INDIBA para conseguir rejuvenecer la piel de tu cara."
        }, 
        {
            "service_category": "Estética", 
            "service": "Bono 8 Sesiones Tto Transdermoterapia Corporal", 
            "duration": 900, 
            "price": "400 € ", 
            "description": "¡Aprovecha nuestro bono de 8 sesiones de transdermoterapia corporal! Conseguirás reducir el Abdomen o Cartucheras en tan sólo en 15 minutos. Gracias a esta técnica conseguimos reafirmar, reducir y tensar los tejidos para eliminar la flacidez de la piel."
        }, 
        {
            "service_category": "Estética", 
            "service": "Bono Tto Facial Hidratante Con Ácido Hialurónico", 
            "duration": 3600, 
            "price": "180 € ", 
            "description": "Reserva nuestro bono de 4 sesiones de nuestro tratamiento facial hidratante con ácido hialurónico. Además, te regalamos 2 sesiones más. En total serían 6 sesiones. Cada sesión tiene una duración de 60 minutos."
        }, 
        {
            "service_category": "Estética", 
            "service": "Higiene Facial Con Ultrasonido", 
            "duration": 3600, 
            "price": "30 € ", 
            "description": "Limpia en profundidad la piel de tu rostro gracias nuestra Higiene Facial con Ultrasonido. El servicio incluye la extracción de granitos, comedones, si fuese necesario, y la aplicación de ultrasonido para una limpieza completa"
        }, 
        {
            "service_category": "Estética", 
            "service": "Higiene Facial Personalizada", 
            "duration": 5400, 
            "price": "50 € ", 
            "description": "¿A qué esperas para probar nuestra Higiene Facial totalmente personalizada? El servicio incluye una limpieza facial profunda con extracción de comedones e ionización de principios activos personalizado según las necesidades de tu piel."
        }, 
        {
            "service_category": "Estética", 
            "service": "Mesoterapia Corporal", 
            "duration": 1800, 
            "price": "45 € ", 
            "description": "¡Reserva nuestra sesión de mesoterapia corporal! Gracias a este tratamiento conseguimos acabar con la celulitis y rejuvenecer la piel de determinadas zonas de tu cuerpo. El servicio incluye sólo una sesión de mesoterapia corporal."
        }, 
        {
            "service_category": "Estética", 
            "service": "Tratamiento Corporal Anticelulítico Lpg", 
            "duration": 900, 
            "price": "20 € ", 
            "description": "¿Te gustaría eliminar la incómoda celulitis? ¡Reserva nuestro tratamiento corporal anticelulítico LPG! Te damos a elegir una zona localizada a tratar entre: abdomen o cartucheras. Te encantará el resultado."
        }, 
        {
            "service_category": "Estética", 
            "service": "Tto Corporal Reafirmante Indiba Terapéutico", 
            "duration": 2700, 
            "price": "40 € ", 
            "description": "¿A qué esperas para reservar nuestro tratamiento corporal reafirmante Indiba? El precio reflejado es por sesión. La sesión tiene una duración de 50 minutos. Ven a nuestro centro Zen Sano, tu centro de estética en Madrid."
        }, 
        {
            "service_category": "Estética", 
            "service": "Tinte Y Permanente De Pestañas", 
            "duration": 3600, 
            "price": "30 € ", 
            "description": "¿Te gustaría lucir unas uñas de infarto? Reserva nuestro tinte y permanente de pestañas. Durante el servicio te oscurecemos y rizamos tus pestañas. Notarás como se realzan tus pestañas y da una forma curvada a las mismas."
        }, 
        {
            "service_category": "Manicura y Pedicura", 
            "service": "Manicura", 
            "duration": 2700, 
            "price": "20 € ", 
            "description": "Reserva nuestra manicura básica y luce unas manos cuidadas y bonitas. Esta manicura incluye: limar, retirada de cutícula para el cuidado de la uña, masaje para una hidratación previa y un esmaltado del color que escojas."
        }, 
        {
            "service_category": "Manicura y Pedicura", 
            "service": "Manicura Zen Sano", 
            "duration": 3600, 
            "price": "30 € ", 
            "description": "¡Disfruta de nuestra manicura especial Zen Sano! Esta manicura es bastante completa, ya que incluye principios de parafina, limado, pulido, retirada de cutículas. Y por último, pasamos a aplicar el esmalte normal en el color que elijas."
        }, 
        {
            "service_category": "Manicura y Pedicura", 
            "service": "Pedicura Básica", 
            "duration": 2700, 
            "price": "20 € ", 
            "description": "¡Cuida y embellece tus pies reservando nuestra pedicura básica! En el servicio está incluido: limado y esmaltado de uñas en el color que más te guste. Pies bonitos, hidratados y sin durezas."
        }, 
        {
            "service_category": "Manicura y Pedicura", 
            "service": "Pedicura Semipermanente", 
            "duration": 3600, 
            "price": "45 € ", 
            "description": "El servicio incluye lo mismo que la pedicura completa, es decir, limado y pulido de uñas, retiración de cutículas y durezas, y por último hidratación y esmaltado permanente. Luce unos pies más bonitos durante mucho más tiempo."
        }, 
        {
            "service_category": "Manicura y Pedicura", 
            "service": "Manicura Semipermanente", 
            "duration": 3600, 
            "price": "35 € ", 
            "description": "Disfruta en nuestro centro de estética Zen Sano de una manicura completa con esmaltado semipermanente. Realizamos un cuidado completo de tus uñas para que puedas lucir unas uñas bonitas por mucho más tiempo, gracias al esmalte semipermanente que aplicamos."
        }, 
        {
            "service_category": "Masaje", 
            "service": "Bono 10 Masajes Relajantes", 
            "duration": 1800, 
            "price": "200 € ", 
            "description": "Este servicio incluye un bono de 10 sesiones de masaje relajante. Relájate con este bono masajes y eliminarás tensiones. ¡Ven a Zen Sano centro de estética, no te arrepentirás! No lo dudes más."
        }, 
        {
            "service_category": "Masaje", 
            "service": "Masaje Relajante O Descontracturante", 
            "duration": 1800, 
            "price": "20 € ", 
            "description": "¿Necesitas relajar o descontracturar tus músculos? ¡Reserva nuestro masaje relajante o desconcracturante! El servicio será realizado por una esteticista o quiropráctico, en función de lo que necesites y desees."
        }, 
        {
            "service_category": "Depilación", 
            "service": "Depilación Cera Medias Piernas", 
            "duration": 1800, 
            "price": "11 € ", 
            "description": "¿Necesitas tener unas piernas suaves y sedosas urgentemente? ¡Reserva nuestra depilación con cera! El precio incluye una sesión de depilación con cera tibia de un sólo uso con principios de Aloe Vera. En Zen Sano, métodos sanos."
        }, 
        {
            "service_category": "Depilación", 
            "service": "Depilación Cera Piernas Completas", 
            "duration": 2700, 
            "price": "15 € ", 
            "description": "¿Necesitas lucir unas piernas sin vello? Reserva nuestra depilación de piernas completas. Lo realizamos con cera tibia de un sólo uso con principios de Aloe Vera. No incluye ingles básicas."
        }, 
        {
            "service_category": "Depilación", 
            "service": "Diseño De Cejas", 
            "duration": 1800, 
            "price": "8 € ", 
            "description": "¿Te gustaría tener un diseño de cejas acorde a tus rasgos? Reserva este servicio y te verás más favorecida al instante. El servicio incluye una sesión con uno de nuestros profesionales en estética para la realización del diseño de cejas con pinzas."
        }, 
        {
            "service_category": "Bienestar", 
            "service": "Terapia Natural: Homeopatía", 
            "duration": 5400, 
            "price": "40 € ", 
            "description": "¡Reserva nuestra sesión de Homeopatía! En este servicio está incluido solo la primera sesión de la primera consulta. La homeopatía es eficaz para prevenir y tratar enfermedades agudas como crónicas."
        }
    ]
}