{
    "adid": null, 
    "name": "Splendida", 
    "name_of_contact": "Splendida", 
    "scrape_page": "https://www.bucmi.com/splendida", 
    "business_website": "https://www.bucmi.com/splendida", 
    "areas_covered": null, 
    "description": "Centro de Estética cerca de Avenida de América y Prosperidad que cuenta con servicios de peluquería y estética para sentirte bien tanto por dentro como por fuera. Ahora no te lo pierdas y reserva tu cita online con nosotros.¡Conócenos y te encantará!", 
    "img_link": [
        "https://d1nd15w2k87kz0.cloudfront.net/Uploads/635913325081575219.jpg", 
        "https://d1nd15w2k87kz0.cloudfront.net/Uploads/635913325102200158.jpg", 
        "https://d1nd15w2k87kz0.cloudfront.net/Uploads/635913325123137595.jpg", 
        "https://d1nd15w2k87kz0.cloudfront.net/Uploads/635913325147356269.jpg", 
        "https://d1nd15w2k87kz0.cloudfront.net/Uploads/635913325175637434.jpg", 
        "https://d1nd15w2k87kz0.cloudfront.net/Uploads/635913325195637379.jpg", 
        "https://d1nd15w2k87kz0.cloudfront.net/Uploads/635913325216418562.jpg"
    ], 
    "hqdb_featured_ad_type": "Featured", 
    "hqdb_nr_reviews": "42", 
    "hqdb_review_score": "9,4", 
    "accreditations": null, 
    "category": null, 
    "subcategory": null, 
    "street": null, 
    "city": "Madrid", 
    "zipcode": "28002", 
    "formatted_address": "Madrid, 28039, Madrid, 28006, Madrid, 28009, Madrid, 28034, Madrid, 28002", 
    "country": "es", 
    "office_number": "911768522", 
    "office_number2": null, 
    "mobile_number": null, 
    "mobile_number2": null, 
    "unidentified_phone_numbers": null, 
    "latitude": "40.4386533000", 
    "longitude": "-3.6790949999", 
    "business_email": null, 
    "yelp_page": null, 
    "facebook": null, 
    "twitter": null, 
    "instagram": null, 
    "venue_images": "https://d1nd15w2k87kz0.cloudfront.net/Logotipos/635913326520923802.jpg", 
    "opening_hours_raw": null, 
    "pricelist_link": null, 
    "services": [
        {
            "service_category": "Preferente", 
            "service": "Tto Capilar: Plástica. Pelo Corto O Media Melena", 
            "duration": 5400, 
            "price": "120 € ", 
            "description": "Reparación e hidratación total del cabello, brillo, elasticidad reparando fisuras en el tallo del cabello y intensificando el color y quitando el encrespamiento, en esta terapia trabajamos además de principios activos naturales el sistema de infrarrojo y ultrasonido que actúa activando el crecimiento, reduce la caída y regula el cuero cabelludo."
        }, 
        {
            "service_category": "Preferente", 
            "service": "Mechas Californianas Media Melena", 
            "duration": 7200, 
            "price": "110 € ", 
            "description": "Este servicio de Mechas Californianas incluye Matiz, Lavado, Botox (hidratación profunda) y para finalizar peinado del cabello. Este servicio es para media melena. No esperes más y reserva ahora tu cita online, ¡no te arrepntirás!"
        }, 
        {
            "service_category": "Preferente", 
            "service": "Manicura Y Pedicura Básica", 
            "duration": 5400, 
            "price": "35 € ", 
            "description": "Luce unas manos y pies perfectos con esta manipedi básica que incluye tratamiento de pies y manos, limado de uñas, hidratación y esmaltado en una amplía gama de colores. Escoge el tono que más te guste, que más vaya con tu estilo y personalidad. ¡Porque unas uñas cuidadas y bonitas serán una buena carta de presentación! ¡No esperes más y reserva ya tu cita cómodamente online! ¿A qué estás esperando? ¡No dejes que te lo cuentenF"
        }, 
        {
            "service_category": "Preferente", 
            "service": "Cortar Y Peinar", 
            "duration": 3600, 
            "price": "29,9 € ", 
            "description": "Luce el corte de pelo que siempre has querido de la mano de los mejores profesionales. Lavamos tu melena, realizamos corte de pelo totalmente asesorado y peinamos para que salgas perfecta del salón. Este servicio está indicado para cualquier largo de cabello. Reserva ahora tu cita online."
        }, 
        {
            "service_category": "Preferente", 
            "service": "Tto. Keratina Brasileña Media Melena", 
            "duration": 7200, 
            "price": "130 € ", 
            "description": "¡Reserva ya este tratamiento de alisado de keratina brasileña, uno de los mejores del mercado! En nuestro centro contamos con productos de primera calidad de origen natural y sin formol, para que el resultado sea verdaderamente efectivo. Elimina el encrespamiento y consigue una melena suave y lisa por un increíble precio. ¡No lo dudes y reserva ya tu cita cómodamente online! ¿A qué está esperando? ¡Una melena siempre perfecta para cualquier ocasión! Precio indicado para media melena."
        }, 
        {
            "service_category": "Preferente", 
            "service": "Tto. Keratina Brasileña Pelo Corto", 
            "duration": 7200, 
            "price": "105 € ", 
            "description": "Este tratamiento de keratina brasileña deja tu cabello encrespado, liso y fácil a peinar. Es un producto 100% orgánico, sin sustancias dañinas para el pelo. Si tienes el pelo maltratado o teñido este es el tratamiento perfecto para ti."
        }, 
        {
            "service_category": "Preferente", 
            "service": "Tto. Keratina Brasileña Pelo Extralargo", 
            "duration": 9000, 
            "price": "190 € ", 
            "description": "El pelo extralargo necesita un cuidado y una atención especial. Las puntas se dañan y el cabello se vuelve encrespado y seco. Es el tratamiento justo para devolver al cabello suavidad y luminosidad gracias a la keratina brasileña. Este tratamiento permite de obtener un pelo sano y fortalecido."
        }, 
        {
            "service_category": "Preferente", 
            "service": "Tto. Keratina Brasileña Pelo Largo", 
            "duration": 9000, 
            "price": "150 € ", 
            "description": "Esta keratina brasileña gracias a su formulación completamente orgánica y libre de formol, devuelve a tu melena brillo y suavidad. Elimina el efecto frizz para obtener un pelo liso y sano y repara los daños causados por tratamientos químicos pasados."
        }, 
        {
            "service_category": "Peluquería", 
            "service": "Tto Capilar: Plástica. Pelo Corto O Media Melena", 
            "duration": 5400, 
            "price": "120 € ", 
            "description": "Reparación e hidratación total del cabello, brillo, elasticidad reparando fisuras en el tallo del cabello y intensificando el color y quitando el encrespamiento, en esta terapia trabajamos además de principios activos naturales el sistema de infrarrojo y ultrasonido que actúa activando el crecimiento, reduce la caída y regula el cuero cabelludo."
        }, 
        {
            "service_category": "Peluquería", 
            "service": "Mechas Californianas Media Melena", 
            "duration": 7200, 
            "price": "110 € ", 
            "description": "Este servicio de Mechas Californianas incluye Matiz, Lavado, Botox (hidratación profunda) y para finalizar peinado del cabello. Este servicio es para media melena. No esperes más y reserva ahora tu cita online, ¡no te arrepntirás!"
        }, 
        {
            "service_category": "Peluquería", 
            "service": "Mechas Californianas Pelo Largo", 
            "duration": 7200, 
            "price": "142 € ", 
            "description": "Este servicio de Mechas Californianas incluye Matiz, Lavado, Botox (hidratación profunda) y para finalizar peinado de tu cabello. Servicio indicado para cabellos largos. No dudes más y reserva ahora tu cita de una forma rápida y sencilla a través de Bucmi.com."
        }, 
        {
            "service_category": "Peluquería", 
            "service": "Color, Lavar, Bótox Capilar Y Peinado Media Melena", 
            "duration": 7200, 
            "price": "84 € ", 
            "description": "¿Quieres cambiar radicalmente de look? ¿Estás cansada de un color triste y apagado? Reserva ya con nosotros este servicio que incluye lavado, el tinte con productos SENS.US (producto italiano) sin amoniaco y sin parafenilendiamina (causantes de alergias, picores y escamación del cuero cabelludo), y el peinado. Además, incluye el tratamiento de bótox capilar que aporta una hidratación profunda. Siempre en manos de los mejores profesionales. En el centro Splendida buscamos la mejor imagen para ti."
        }, 
        {
            "service_category": "Peluquería", 
            "service": "Lavar, Cortar, Bótox Capilar Y Peinar Pelo Largo", 
            "duration": 3600, 
            "price": "89 € ", 
            "description": "¿Quieres cambiar radicalmente de look o sanear tu melena? Sea como sea, este es tu momento. Reserva ya con nosotros este servicio que incluye lavado, corte con nuestro estilista profesional y peinado, todo por un increíble precio. Siempre en manos de los mejores profesionales. Regalamos el bótox capilar, un tratamiento de hidratación profunda. ¡Reserva ya en Bucmi y notarás los resultados! En el centro Splendida buscamos la imagen que más te favorezca. Precio indicado para pelo largoF"
        }, 
        {
            "service_category": "Peluquería", 
            "service": "Lavar, Cortar, Bótox Capilar Y Peinar Media Melena", 
            "duration": 3600, 
            "price": "78 € ", 
            "description": "¿Quieres cambiar radicalmente de look o sanear tu melena? Sea como sea, este es tu momento. Reserva ya con nosotros este servicio que incluye lavado, corte con nuestro estilista profesional y peinado, todo por un increíble precio. Siempre en manos de los mejores profesionales. Regalamos el bótox capilar, un tratamiento de hidratación profunda. ¡Reserva ya en Bucmi y notarás los resultados! En el centro Splendida buscamos la imagen que más te favorezca. Precio indicado para media melenaF"
        }, 
        {
            "service_category": "Peluquería", 
            "service": "Color, Lavar, Bótox Capilar Y Peinado Pelo Corto", 
            "duration": 7200, 
            "price": "75 € ", 
            "description": "¿Quieres cambiar radicalmente de look? ¿Estás cansada de un color triste y apagado? Reserva ya con nosotros este servicio que incluye lavado, el tinte con productos SENS.US (producto italiano) sin amoniaco y sin parafenilendiamina (causantes de alergias, picores y escamación del cuero cabelludo), y el peinado. Además, incluye el tratamiento de bótox capilar que aporta una hidratación profunda. Siempre en manos de los mejores profesionales. Buscamos la mejor imagen para ti. Precio para pelo cortoF"
        }, 
        {
            "service_category": "Peluquería", 
            "service": "Color, Lavar, Bótox Capilar Y Peinado Pelo Largo", 
            "duration": 7200, 
            "price": "95 € ", 
            "description": "¿Quieres cambiar radicalmente de look? ¿Estás cansada de un color triste y apagado?Reserva ya con nosotros este servicio que incluye lavado, el tinte con productos SENS.US (producto italiano) sin amoniaco y sin parafenilendiamina (causantes de alergias, picores y escamación del cuero cabelludo), y el peinado. Además, incluye el tratamiento de bótox capilar que aporta una hidratación profunda. Siempre en manos de los mejores profesionales. Buscamos la mejor imagen para ti. Precio para pero largoF"
        }, 
        {
            "service_category": "Peluquería", 
            "service": "Mechas, Lavar, Hidratación Bótox Y Peinar Largo", 
            "duration": 7200, 
            "price": "107 € ", 
            "description": "Este servicio incluye: mechas, lavar, tratamiento capilar de hidratación de bótox y peinado para Pelo Largo. ¿Quieres unirte al movimiento que más está ahora de moda? Escoge este pack de Mechas y ven a visitarnos a tu Peluquería Splendida. Presume de un cabello con mucho brillo y luminosidad. Tu pelo mucho más sedoso y súper hidratado y nutrido. Reserva tu cita cómodamente online a través de Bucmi.com."
        }, 
        {
            "service_category": "Peluquería", 
            "service": "Lavar, Cortar, Bótox Capilar Y Peinar Pelo Corto", 
            "duration": 3600, 
            "price": "69 € ", 
            "description": "¿Quieres cambiar radicalmente de look o sanear tu melena? Sea como sea, este es tu momento. Reserva ya con nosotros este servicio que incluye lavado, corte con nuestro estilista profesional y peinado, todo por un increíble precio. Siempre en manos de los mejores profesionales. Regalamos el bótox capilar, un tratamiento de hidratación profunda. ¡Reserva ya en Bucmi y notarás los resultados! En el centro Splendida buscamos la imagen que más te favorezca. Precio indicado para pelo cortoF"
        }, 
        {
            "service_category": "Peluquería", 
            "service": "Color, Cortar, Bótox Capilar Y Peinar Media Melena", 
            "duration": 5400, 
            "price": "95 € ", 
            "description": "¿Quieres cambiar radicalmente de look? Reserva ya con nosotros este servicio que incluye lavado, corte asesorado, el tinte con productos SENS.US (producto italiano) sin amoniaco y sin parafenilendiamina (causantes de alergias, picores y escamación del cuero cabelludo). Incluye también un tratamiento de bótox capilar que aporta una hidratación profunda. Siempre en manos de los mejores profesionales. ¡Reserva ya en Bucmi y notarás los resultados!F"
        }, 
        {
            "service_category": "Peluquería", 
            "service": "Color, Cortar, Bótox Capilar Y Peinar Pelo Corto", 
            "duration": 5400, 
            "price": "91 € ", 
            "description": "¿Quieres cambiar radicalmente de look? Reserva ya con nosotros este servicio que incluye lavado, corte asesorado, el tinte con productos SENS.US (producto italiano) sin amoniaco y sin parafenilendiamina (causantes de alergias, picores y escamación del cuero cabelludo), todo por un increíble precio. Incluye también un tratamiento de bótox capilar que aporta una hidratación profunda. En manos de los mejores profesionales. ¡Reserva ya en Bucmi! En Splendida siempre buscamos lo mejor para tu imagenF"
        }, 
        {
            "service_category": "Peluquería", 
            "service": "Color, Cortar, Bótox Capilar Y Peinar Pelo Largo", 
            "duration": 5400, 
            "price": "97 € ", 
            "description": "¿Quieres cambiar radicalmente de look? Reserva ya con nosotros este servicio que incluye lavado, corte asesorado, el tinte con productos SENS.US (producto italiano) sin amoniaco y sin parafenilendiamina (causantes de alergias, picores y escamación del cuero cabelludo) y peinado. Incluye también un tratamiento de bótox capilar. En manos de los mejores profesionales de Splendida. ¡Haz tu reserva con Bucmi hoy mismoF"
        }, 
        {
            "service_category": "Peluquería", 
            "service": "Cortar Y Peinar", 
            "duration": 3600, 
            "price": "29,9 € ", 
            "description": "Luce el corte de pelo que siempre has querido de la mano de los mejores profesionales. Lavamos tu melena, realizamos corte de pelo totalmente asesorado y peinamos para que salgas perfecta del salón. Este servicio está indicado para cualquier largo de cabello. Reserva ahora tu cita online."
        }, 
        {
            "service_category": "Peluquería", 
            "service": "Corte Pelo Hombre", 
            "duration": 900, 
            "price": "15 € ", 
            "description": "¿Quién dice que ellos no se preocupan por su imagen? El centro Splendida ofrece este servicio de corte de caballero que incluye el lavado, el corte asesorado, la hidratación y los productos de acabado. ¡Ponte en manos de nuestro equipo de profesionales y consigue el look que más te favorezca! No lo dudes y reserva ya en Bucmi. ¿A qué estás esperando? ¡No dejes que te lo cuentenF"
        }, 
        {
            "service_category": "Peluquería", 
            "service": "Corte Pelo Niño", 
            "duration": 900, 
            "price": "15 € ", 
            "description": "En el centro Splendida te ofrecemos también un servicio de corte de pelo para los más peques de la casa. El servicio incluye el lavado, el corte y el secado natural. ¡Reserva ya en Bucmi por un precio increíble! ¡Ellos también quieren ser lo más guapos del cole! Reserva ya tu cita cómodamente online. ¡Se sentirán como en casa! ¡Ellos también quieren lucir las últimas tendenciasF"
        }, 
        {
            "service_category": "Peluquería", 
            "service": "Mechas, Lavar, Hidratación Bótox Y Peinar Medio", 
            "duration": 7200, 
            "price": "93 € ", 
            "description": "Este servicio incluye: mechas, lavar, tratamiento capilar de hidratación de bótox y peinado para Media Melena. ¿Quieres unirte al movimiento que más está ahora de moda? Escoge este pack de Mechas y ven a visitarnos a tu Peluquería Splendida. Presume de un cabello con mucho brillo y luminosidad. Tu pelo mucho más sedoso y súper hidratado y nutrido. Reserva tu cita cómodamente online a través de Bucmi.com."
        }, 
        {
            "service_category": "Peluquería", 
            "service": "Pack Novias Y Eventos", 
            "duration": 14400, 
            "price": "280 € ", 
            "description": "En un evento o en un día tan especial como tu propia boda, cualquier cuidado es poco. Por ello, te ofrecemos este pack que incluye el peinado y recogido con lavado, la hidratación capilar, la limpieza facial con mascarilla de colágeno, prueba de peluquería y maquillaje, el maquillaje en el día, la manicura, la pedicura y la depilación de cejas. ¡Un completo pack dedicado a tu belleza! ¿A qué estás esperando? ¡No dejes que te lo cuentenF"
        }, 
        {
            "service_category": "Peluquería", 
            "service": "Pack Tto.Facial, Manicura, Hidrat. Capilar Y Peina", 
            "duration": 5400, 
            "price": "95 € ", 
            "description": "¡Reserva ya este pack de servicios que incluye tratamiento facial con Vitamina C, 20 minutos de Mesoterapia, Peeling Ultrasónico, Manicura ( Tratamiento de manos y uñas, loción hidratante y esmaltado de colo a elegir) más peinado con lavado y Botox hidratación capilar. ¡Atrévete y cambia de look de pies a cabeza!"
        }, 
        {
            "service_category": "Peluquería", 
            "service": "Tto. Keratina Brasileña Media Melena", 
            "duration": 7200, 
            "price": "130 € ", 
            "description": "¡Reserva ya este tratamiento de alisado de keratina brasileña, uno de los mejores del mercado! En nuestro centro contamos con productos de primera calidad de origen natural y sin formol, para que el resultado sea verdaderamente efectivo. Elimina el encrespamiento y consigue una melena suave y lisa por un increíble precio. ¡No lo dudes y reserva ya tu cita cómodamente online! ¿A qué está esperando? ¡Una melena siempre perfecta para cualquier ocasión! Precio indicado para media melena."
        }, 
        {
            "service_category": "Peluquería", 
            "service": "Tto. Keratina Brasileña Pelo Corto", 
            "duration": 7200, 
            "price": "105 € ", 
            "description": "Este tratamiento de keratina brasileña deja tu cabello encrespado, liso y fácil a peinar. Es un producto 100% orgánico, sin sustancias dañinas para el pelo. Si tienes el pelo maltratado o teñido este es el tratamiento perfecto para ti."
        }, 
        {
            "service_category": "Peluquería", 
            "service": "Tto. Keratina Brasileña Pelo Extralargo", 
            "duration": 9000, 
            "price": "190 € ", 
            "description": "El pelo extralargo necesita un cuidado y una atención especial. Las puntas se dañan y el cabello se vuelve encrespado y seco. Es el tratamiento justo para devolver al cabello suavidad y luminosidad gracias a la keratina brasileña. Este tratamiento permite de obtener un pelo sano y fortalecido."
        }, 
        {
            "service_category": "Peluquería", 
            "service": "Tto. Keratina Brasileña Pelo Largo", 
            "duration": 9000, 
            "price": "150 € ", 
            "description": "Esta keratina brasileña gracias a su formulación completamente orgánica y libre de formol, devuelve a tu melena brillo y suavidad. Elimina el efecto frizz para obtener un pelo liso y sano y repara los daños causados por tratamientos químicos pasados."
        }, 
        {
            "service_category": "Estética", 
            "service": "Bono 10 Sesiones De Presoterapia", 
            "duration": 1800, 
            "price": "155 € ", 
            "description": "¡Luce una figura mucho más esbelta, ideal para cualquier temporada del año! La presoterapia te ayudará a eliminar esos focos localizados de grasa, lo que denominamos celulitis. Además, mejora la circulación. Además, nuestro centro cuenta con lo último en aparatología. ¡Disfruta ya de este bono de 10 sesiones por un precio increíble! Notarás los resultados desde la primera sesión. ¡No lo dudes y reserva ya tu cita cómodamente online! ¿A qué estás esperando? ¡No dejes que te lo cuenten."
        }, 
        {
            "service_category": "Estética", 
            "service": "Higiene Facial Con Tto. Ultrasónico Y Manicura", 
            "duration": 5400, 
            "price": "65 € ", 
            "description": "Un auténtico pack dedicado a tu belleza. Podrás disfrutar de una higiene facial con tratamiento ultrasónico. Es una de las limpiezas faciales más efectivas ya que se realiza un peeling, una extracción, la estimulación del colágeno e ionización de una sola vez. Además, podrás lucir unas uñas perfectas gracias a esta manicura básica. ¡No lo dudes y reserva ya tu cita cómodamente online! Te encantará el resultado.F"
        }, 
        {
            "service_category": "Estética", 
            "service": "Bono 6 Sesiones Radiofrecuencia O Cavitación", 
            "duration": 2700, 
            "price": "360 € ", 
            "description": "Bono de 6 sesiones de radiofrecuencia o cavitación de 50 minutos cada sesión. El servicio es a elegir entre radiofrecuencia facial o corporal (tratamiento indicado para la celulitis y la flacidez facial y corporal). En Splendida contamos con lo último en aparatología. Podrás lucir una figura mucho mas tonificada o un rostro mucho más terso. ¡No lo dudes, confía en nuestro equipo de profesionales y reserva ya tu cita cómodamente online! ¿A qué estás esperando? ¡No dejes que te lo cuentenF"
        }, 
        {
            "service_category": "Estética", 
            "service": "Masaje Corporal Reductor Detox", 
            "duration": 5400, 
            "price": "80 € ", 
            "description": "¡Un auténtico tratamiento dedicado a tu cuerpo! E servicio incluye exfoliación corporal, masaje con principios de activos, drenaje, envoltura y manta térmica. Reduce tres centímetros en la primera sesión. ¡Luce así una figura mucho más esbelta, en manos de nuestro equipo de profesionales! ¡No lo dudes y reserva ya tu cita cómodamente online! Estarás encantada con los resultados! ¿A qué estás esperando? ¡Siéntete ideal en cualquier momentoF"
        }, 
        {
            "service_category": "Estética", 
            "service": "Bono 10 Sesiones Mesoterapia O Electroestimulación", 
            "duration": 1800, 
            "price": "165 € ", 
            "description": "Bono de 10 sesiones a elegir entre mesoterapia o electroestimulación. Elige el servicio que mejor te convenga, si dispones de alguna duda puedes consultar siempre que lo necesites con el centro. Podrás lucir una figura mucho más tonificada, libre de los focos localizados de grasa. ¡No lo dudes y reserva ya tu cita cómodamente online! En Splendida contamos con la mejor aparatología del mercado. ¿A qué estás esperando? ¡Notarás los resultados desde la primera sesiónF"
        }, 
        {
            "service_category": "Estética", 
            "service": "Bono 10 Sesiones Reductor Detox", 
            "duration": 5400, 
            "price": "390 € ", 
            "description": "Cada sesión tiene una duración de 80 minutos. Incluye exfoliación corporal con envolturas, masaje con principios de activos quemagrada, dreanaje, envoltura y manta térmica. Reduce tres centímetros en la primera sesión. ¡No dudes más y reserva ahora tu cita!"
        }, 
        {
            "service_category": "Estética", 
            "service": "Bono 10 Sesiones Tratamiento Antiedad", 
            "duration": 3600, 
            "price": "380 € ", 
            "description": "Tratamiento de regeneración de cutis antiedad. Contamos con varios procedimientos que incluyen peeling diamantado, radiofrecuencia, galvánica o IPL. Después de un buen diagnóstico de tu piel indicaremos los mejores procedimientos con mascarillas de velo de colágeno, Vitamina C. Reserva ahora tu cita a través de Bucmi.com y ponte en manos de nuestros mejores profesionales."
        }, 
        {
            "service_category": "Estética", 
            "service": "Bono 20 Sesiones Presoterapia Y Plataforma", 
            "duration": 3600, 
            "price": "119 € ", 
            "description": "Bono de 10 sesiones de presoterapia de 40 minutos y 10 sesiones de plataforma vibratoria de 10 minutos. Con ambos equipos y aparatologías, notarás como tu figura se va tonificando, a medida que vas avanzando en la sesiones. Además, conseguirás eliminar esos focos localizados de grasa que tanto te acomplejan. ¡No lo dudes y reserva ya tu cita cómodamente online! ¿A qué estás esperando para reservar? ¡No dejes que te lo cuenten! Duración exacta del servicio de 50 minutos. F"
        }, 
        {
            "service_category": "Estética", 
            "service": "Bono 5 Sesiones Tratamiento Antimanchas O Antiacné", 
            "duration": 3600, 
            "price": "195 € ", 
            "description": "Tratamientos de peeling diamantados, peeling ultrasínico, la mejor liempieza facial que se puede encontrar en este momento. Se realiza peeling, extracción, estimulación del colágeno e ionización e hidratación de una sola vez. Incluye También alta frecuencia más IPL más productos de alta calidad. No esperes más y reserva ahora tu cita online a través de Bucmi.com."
        }, 
        {
            "service_category": "Estética", 
            "service": "Drenaje Linfático", 
            "duration": 3600, 
            "price": "49,9 € ", 
            "description": "Conseguirás eliminar el efecto cansancio de tus piernas y mejorar la circulación gracias a este masaje de drenaje linfático, que además te ayudará a eliminar la grasa localizada. En Splendida no sólo nos preocupamos por tu belleza sino también por tu bienestar. ¡No lo dudes, confía en nuestro equipo de profesionales y reserva ya tu cita cómodamente online! ¡Notarás la mejoría en tu calidad de vida! Duración exacta del servicio de 55 minutos."
        }, 
        {
            "service_category": "Estética", 
            "service": "Limpieza De Cutis, Peeling Y Diseño De Cejas", 
            "duration": 3600, 
            "price": "55 € ", 
            "description": "Este pack incluye una limpieza de cutis, peeling Ultrasónico y depilación y diseño de cejas. De esta forma, podrás lucir un rostro ideal y libre de cualquier impurezas, con productos de Germaine Capuccini. Pack ideal para salir como nueva del salón y reformada. Confía en nuestro equipo de profesionales que trabajarán para conseguir el mejor resultado ¡Reserva ya tu cita cómodamente online! ¿A qué estás esperando? ¡No dejes que te lo cuenten. Tiene una duración de 70 minutos."
        }, 
        {
            "service_category": "Estética", 
            "service": "Maderoterapia Facial", 
            "duration": 5400, 
            "price": "80 € ", 
            "description": "Maderoterapia facial pensada para tu bienestar, arrugas, anti - envejecimiento, flacidez. Los resultados son 100% positivos visibles desde la primera sesión. ¡Porque la cara es el espejo del alma y un buen cuidado de tu piel es esencial! Además, en Splendida sabemos que la edad es sólo un numero. ¡No lo dudes, déjate mimar y reserva ya tu cita cómodamente online! ¿A qué estás esperando? ¡Utilizamos las mejores técnicas para resultados eficacesF"
        }, 
        {
            "service_category": "Estética", 
            "service": "Masaje Reductor Detox", 
            "duration": 5400, 
            "price": "80 € ", 
            "description": "Este masaje Reductor Detox incluye exfoliación corporal en movimientos de masaje, envoltura con principios de activos quemagrasa y reductor, manta térmica y finaliza con masaje drenaje linfático. Reduce tres centímetros en la primera sesión."
        }, 
        {
            "service_category": "Estética", 
            "service": "Pack Tto.Facial, Manicura, Hidrat. Capilar Y Peina", 
            "duration": 5400, 
            "price": "95 € ", 
            "description": "¡Reserva ya este pack de servicios que incluye tratamiento facial con Vitamina C, 20 minutos de Mesoterapia, Peeling Ultrasónico, Manicura ( Tratamiento de manos y uñas, loción hidratante y esmaltado de colo a elegir) más peinado con lavado y Botox hidratación capilar. ¡Atrévete y cambia de look de pies a cabeza!"
        }, 
        {
            "service_category": "Estética", 
            "service": "Permanente Y Tinte De Pestañas", 
            "duration": 5400, 
            "price": "39 € ", 
            "description": "¡Luce una mirada mucho más intensa gracias a este tinte y permanente de pestañas! El tinte te permitirá lucir un color mucho más intenso, olvidándote así de la máscara. Por otro lado, el permanente darán las forma que estás buscando para tus pestañas. ¡No lo dudes y reserva ya tu cita cómodamente online! ¿A qué estás esperando? ¡Confía en nuestros expertos y saldrás como nueva de nuestro centroF"
        }, 
        {
            "service_category": "Manicura y Pedicura", 
            "service": "Higiene Facial Con Tto. Ultrasónico Y Manicura", 
            "duration": 5400, 
            "price": "65 € ", 
            "description": "Un auténtico pack dedicado a tu belleza. Podrás disfrutar de una higiene facial con tratamiento ultrasónico. Es una de las limpiezas faciales más efectivas ya que se realiza un peeling, una extracción, la estimulación del colágeno e ionización de una sola vez. Además, podrás lucir unas uñas perfectas gracias a esta manicura básica. ¡No lo dudes y reserva ya tu cita cómodamente online! Te encantará el resultado.F"
        }, 
        {
            "service_category": "Manicura y Pedicura", 
            "service": "Manicura Normal", 
            "duration": 1800, 
            "price": "15 € ", 
            "description": "Luce unas uñas perfectas de la mano de los mejores profesionales gracias a esta manicura normal. Esta manicura incluye limado, retirada de cutículas y esmaltado del color que prefieras a elegir entre una amplia gama. No esperes más y reserva ahora tu cita online a través de Bucmi.com."
        }, 
        {
            "service_category": "Manicura y Pedicura", 
            "service": "Manicura Semipermanente", 
            "duration": 2700, 
            "price": "20 € ", 
            "description": "Luce unas uñas perfectas de la mano de los mejores profesionales del sector. El servicio incluye limado, retirada de cutículas y esmaltado del color que prefieras a elegir entre una amplia gama. No esperes más y reserva ahora tu cita online de la forma más fácil a través de Bucmi.com."
        }, 
        {
            "service_category": "Manicura y Pedicura", 
            "service": "Manicura Y Pedicura Básica", 
            "duration": 5400, 
            "price": "35 € ", 
            "description": "Luce unas manos y pies perfectos con esta manipedi básica que incluye tratamiento de pies y manos, limado de uñas, hidratación y esmaltado en una amplía gama de colores. Escoge el tono que más te guste, que más vaya con tu estilo y personalidad. ¡Porque unas uñas cuidadas y bonitas serán una buena carta de presentación! ¡No esperes más y reserva ya tu cita cómodamente online! ¿A qué estás esperando? ¡No dejes que te lo cuentenF"
        }, 
        {
            "service_category": "Manicura y Pedicura", 
            "service": "Manicura Y Pedicura Spa", 
            "duration": 5400, 
            "price": "45 € ", 
            "description": "Disfruta de una manicura y una pedicura spa por este magnífico precio. Ambos servicios incluyen el tratamiento de uñas, manos y pies, tratamiento de cutículas, masaje spa con loción hidratante y esmaltado de color. Escoge el tono que más te guste, que más vaya con tu estilo y personalidad. Con este servicio no solo lucirás unas manos y pies perfectos sino que te relajarás en manos de nuestro equipo de profesionales. ¡No esperes más y reserva ya tu cita cómodamente onlineF"
        }, 
        {
            "service_category": "Manicura y Pedicura", 
            "service": "Beauty Day: Manicura Y Pedicura, Masaje....", 
            "duration": 14400, 
            "price": "145 € ", 
            "description": "¡Disfruta de este magnífico pack de ensueño! Resérvalo para ti o una amiga. Incluye una manicura y pedicura; un masaje corporal; una hidratación facial con masaje; depilación con cera de cejas y labio superior. También podrás disfrutar de un tentempié y una bebida. Para más información, consulte con el centro. ¡No lo dudes, pasa un día distinto con quien te apetezca y reserva ya este pack cómodamente online! ¡Te encantará la experiencia."
        }, 
        {
            "service_category": "Masaje", 
            "service": "Masaje Corporal Reductor Detox", 
            "duration": 5400, 
            "price": "80 € ", 
            "description": "¡Un auténtico tratamiento dedicado a tu cuerpo! E servicio incluye exfoliación corporal, masaje con principios de activos, drenaje, envoltura y manta térmica. Reduce tres centímetros en la primera sesión. ¡Luce así una figura mucho más esbelta, en manos de nuestro equipo de profesionales! ¡No lo dudes y reserva ya tu cita cómodamente online! Estarás encantada con los resultados! ¿A qué estás esperando? ¡Siéntete ideal en cualquier momentoF"
        }, 
        {
            "service_category": "Masaje", 
            "service": "Bono 10 Ss Maderoterapia Corporal", 
            "duration": 3600, 
            "price": "380 € ", 
            "description": "Magnífico bono de 10 sesiones. ¿Quieres eliminar los complejos y lucir un cuerpo mucho más esbelta? Ponte en manos de nuestros profesionales de Splendida y disfruta de este tratamiento innovador de maderoterapia corporal. Detox con maderoterapia que elimina toxinas, combate la piel de naranja y celulitis y reduce hasta 3 cm desde la primera sesión. ¡No lo dudes y reserva ya tu cita cómodamente online! Notarás resultados verdaderamente efectivos.F"
        }, 
        {
            "service_category": "Masaje", 
            "service": "Bono 5 Sesiones Masaje Manual", 
            "duration": 3600, 
            "price": "195 € ", 
            "description": "Cada sesión tiene una duración de 55 minutos. Aprovecha este bono de masajes a elegir entre descontracturante, reafirmante y relajante. Elimina las tensiones ocasionadas por el día a día y acude a nuestro centro. Nuestros profesionales trabajarán para conseguir el mejor resultado. ¡Saldrás totalmente como nuevo de nuestro centro! Reserva tu cita online y descubre los beneficios que dispone este tratamiento. ¿A qué estás esperando? ¡No dejes que te lo cuentenF"
        }, 
        {
            "service_category": "Masaje", 
            "service": "Maderoterapia Facial", 
            "duration": 5400, 
            "price": "80 € ", 
            "description": "Maderoterapia facial pensada para tu bienestar, arrugas, anti - envejecimiento, flacidez. Los resultados son 100% positivos visibles desde la primera sesión. ¡Porque la cara es el espejo del alma y un buen cuidado de tu piel es esencial! Además, en Splendida sabemos que la edad es sólo un numero. ¡No lo dudes, déjate mimar y reserva ya tu cita cómodamente online! ¿A qué estás esperando? ¡Utilizamos las mejores técnicas para resultados eficacesF"
        }, 
        {
            "service_category": "Masaje", 
            "service": "Masaje Descontracturante", 
            "duration": 3600, 
            "price": "49,9 € ", 
            "description": "Un masaje descontracturante en manos de nuestro cualificado equipo de profesionales. Podrás así deshacerte de pequeñas dolencias en varias zonas localizadas que están complicando tu día a día. ¡Saldrás verdaderamente renovad@ del centro! ¡No lo dudes, déjate cuidar y reserva ya tu cita cómodamente online! ¿A qué estás esperando para reservar? ¡No dejes que te lo cuentenF"
        }, 
        {
            "service_category": "Masaje", 
            "service": "Masaje Descontracturante De Espalda", 
            "duration": 1800, 
            "price": "36 € ", 
            "description": "Un masaje descontracturante en manos de nuestro cualificado equipo de profesionales. Podrás así deshacerte de pequeñas dolencias en la espalda, que están complicando tu día a día. ¡Saldrás verdaderamente renovad@ del centro! ¡No lo dudes, déjate cuidar y reserva ya tu cita cómodamente online! ¿A qué estás esperando para reservar? ¡No dejes que te lo cuentenF"
        }, 
        {
            "service_category": "Masaje", 
            "service": "Masaje Piernas Cansadas", 
            "duration": 1800, 
            "price": "26 € ", 
            "description": "Este servicio tiene una duración de 20 minutos. Si notas tus piernas cansadas o cargadas este servicio es para ti. Consigue un alivio para tus piernas con productos de geles fríos estimulando la circulación de tus piernas. ¡No esperes más y reserva ahora tu cita!"
        }, 
        {
            "service_category": "Depilación", 
            "service": "Bono 6 Sesiones Fotodepilación Zona Grande", 
            "duration": 900, 
            "price": "275 € ", 
            "description": "Olvídate del vello y reserva ya este bono de 6 sesiones fotodepilación de zona grande a elegir entre piernas completas, brazos completos, espalda o pubis. El precio está indicado para cada sesión. En Splendida utilizamos lo último en aparatología para que los resultados sean verdaderamente efectivo. ¡Despreocúpate para siempre de otros métodos de depilación! ¿A qué estás esperando? ¡No dejes que te lo cuentenF"
        }, 
        {
            "service_category": "Depilación", 
            "service": "Bono 6 Sesiones Fotodepilación Zona Mediana", 
            "duration": 1800, 
            "price": "199 € ", 
            "description": "Olvídate del vello y reserva ya este bono de 6 sesiones fotodepilación de zona mediana a elegir entre medias piernas, ingles brasileñas, medios brazos o pecho. El precio está indicado para cada sesión. En Splendida utilizamos lo último en aparatología para que los resultados sean verdaderamente efectivo. ¡Despreocúpate para siempre de otros métodos de depilación! ¿A qué estás esperando? ¡No dejes que te lo cuentenF"
        }, 
        {
            "service_category": "Depilación", 
            "service": "Bono 6 Sesiones Fotodepilación Zona Mini", 
            "duration": 900, 
            "price": "129 € ", 
            "description": "Olvídate del vello y reserva ya este bono de 6 sesiones fotodepilación de zona mini a elegir entre línea alba, aureola, mentón, labio, entrecejo, manos, nuca, pies o patillas. El precio está indicado para cada sesión. En Splendida utilizamos lo último en aparatología para que los resultados sean verdaderamente efectivo. ¡Despreocúpate para siempre de otros métodos de depilación! ¿A qué estás esperando? ¡No dejes que te lo cuentenF"
        }, 
        {
            "service_category": "Depilación", 
            "service": "Bono 6 Sesiones Fotodepilación Zona Pequeña", 
            "duration": 900, 
            "price": "149 € ", 
            "description": "Olvídate del vello y reserva ya este bono de 6 sesiones de fotodepilación de zona pequeña a elegir entre ingles, axilas, abdomen, cuello, facial, glúteos, hombros, lumbar o barba. El precio está indicado para cada sesión. En Splendida utilizamos lo último en aparatología para que los resultados sean verdaderamente efectivo. ¡Despreocúpate para siempre de otros métodos de depilación! ¿A qué estás esperando? ¡No dejes que te lo cuentenF"
        }, 
        {
            "service_category": "Depilación", 
            "service": "Depilación Cera Ingles,Axilas,Cejas,Labios,Piernas", 
            "duration": 5400, 
            "price": "59 € ", 
            "description": "Pack de depilación con cera caliente o tibia de ingles, axilas, piernas enteras, cejas y labios. Servicio de forma tradicional con cera en todas las zonas para que te sientes más cómoda. De esta forma, podrás lucir una piel mucho más suave y sedosa, ideal para cualquier temporada del año. ¡No lo dudes, ponte en las mejores manos y reserva ya tu cita cómodamente online! Estarás lista las 24 horas del día. ¿A qué estás esperando? ¡No dejes que te lo cuentenF"
        }, 
        {
            "service_category": "Depilación", 
            "service": "Depilación Cera Mujer Medias Piernas", 
            "duration": 1800, 
            "price": "18 € ", 
            "description": "Disfruta de una piel suave y sedosa. Confía en nuestros expertos esteticistas y consigue unos resultados eficaces por un par de semanas. ¿A qué estás esperando para hacer tu reserva onlineF"
        }, 
        {
            "service_category": "Depilación", 
            "service": "Depilación Labio Superior Con Hilo", 
            "duration": 900, 
            "price": "9 € ", 
            "description": "Te ofrecemos esta depilación de labio superior con la técnica milenaria del hilo. Una técnica mucho más eficaz e indolora que retirará todo el vello no deseado. Estarás siempre en manos de un equipo cualificado de profesionales, que trabajarán para conseguir el mejor resultado. ¡No lo dudes y reserva ya tu cita cómodamente online a través de Bucmi.com! ¿A qué estás esperando? ¡No dejes que te lo cuenten! Una piel suave y libre de vello te está esperando.F"
        }, 
        {
            "service_category": "Depilación", 
            "service": "Fotodepilación Zona Grande", 
            "duration": 1800, 
            "price": "59 € ", 
            "description": "¡Olvídate del vello y reserva ya este servicio de fotodepilación de zona mini a elegir entre piernas completas, brazos completos, espalda o pubis. El precio está indicado para cada sesión. En Splendida utilizamos lo último en aparatología para que los resultados sean verdaderamente efectivo. ¡Despreocúpate para siempre de otros métodos de depilación! ¿A qué estás esperando? ¡No dejes que te lo cuentenF"
        }, 
        {
            "service_category": "Depilación", 
            "service": "Fotodepilación Zona Mediana", 
            "duration": 1800, 
            "price": "49 € ", 
            "description": "¡Olvídate del vello y reserva ya este servicio de fotodepilación de zona mini a elegir entre medias piernas, ingles brasileñas, medios brazos o pecho! El precio está indicado para cada sesión. En Splendida utilizamos lo último en aparatología para que los resultados sean verdaderamente efectivo. ¡Despreocúpate para siempre de otros métodos de depilación! ¿A qué estás esperando? ¡No dejes que te lo cuentenF"
        }, 
        {
            "service_category": "Depilación", 
            "service": "Fotodepilación Zona Mini", 
            "duration": 900, 
            "price": "29 € ", 
            "description": "¡Olvídate del vello y reserva ya este servicio de fotodepilación de zona mini a elegir entre línea alba, aureola, mentón, labio, entrecejo, manos, nuca, pies o patillas! El precio está indicado para cada sesión. En Splendida utilizamos lo último en aparatología para que los resultados sean verdaderamente efectivo. ¡Despreocúpate para siempre de otros métodos de depilación! ¿A qué estás esperando? ¡No dejes que te lo cuentenF"
        }, 
        {
            "service_category": "Depilación", 
            "service": "Fotodepilación Zona Pequeña", 
            "duration": 900, 
            "price": "39 € ", 
            "description": "¡Olvídate del vello y reserva ya este servicio de fotodepilación de zona mini a elegir entre ingles, axilas, abdomen, cuello, facial, glúteos, hombros, lumbar o barba! El precio está indicado para cada sesión. En Splendida utilizamos lo último en aparatología para que los resultados sean verdaderamente efectivo. ¡Despreocúpate para siempre de otros métodos de depilación! ¿A qué estás esperando? ¡No dejes que te lo cuentenF"
        }, 
        {
            "service_category": "Bienestar", 
            "service": "Bono 10 Sesiones Mesoterapia O Electroestimulación", 
            "duration": 1800, 
            "price": "165 € ", 
            "description": "Bono de 10 sesiones a elegir entre mesoterapia o electroestimulación. Elige el servicio que mejor te convenga, si dispones de alguna duda puedes consultar siempre que lo necesites con el centro. Podrás lucir una figura mucho más tonificada, libre de los focos localizados de grasa. ¡No lo dudes y reserva ya tu cita cómodamente online! En Splendida contamos con la mejor aparatología del mercado. ¿A qué estás esperando? ¡Notarás los resultados desde la primera sesiónF"
        }, 
        {
            "service_category": null, 
            "service": "Tto. Keratina Brasileña Media Melena", 
            "duration": 7200, 
            "price": "130 € ", 
            "description": "¡Reserva ya este tratamiento de alisado de keratina brasileña, uno de los mejores del mercado! En nuestro centro contamos con productos de primera calidad de origen natural y sin formol, para que el resultado sea verdaderamente efectivo. Elimina el encrespamiento y consigue una melena suave y lisa por un increíble precio. ¡No lo dudes y reserva ya tu cita cómodamente online! ¿A qué está esperando? ¡Una melena siempre perfecta para cualquier ocasión! Precio indicado para media melena."
        }, 
        {
            "service_category": null, 
            "service": "Tto. Keratina Brasileña Pelo Corto", 
            "duration": 7200, 
            "price": "105 € ", 
            "description": "Este tratamiento de keratina brasileña deja tu cabello encrespado, liso y fácil a peinar. Es un producto 100% orgánico, sin sustancias dañinas para el pelo. Si tienes el pelo maltratado o teñido este es el tratamiento perfecto para ti."
        }, 
        {
            "service_category": null, 
            "service": "Tto. Keratina Brasileña Pelo Extralargo", 
            "duration": 9000, 
            "price": "190 € ", 
            "description": "El pelo extralargo necesita un cuidado y una atención especial. Las puntas se dañan y el cabello se vuelve encrespado y seco. Es el tratamiento justo para devolver al cabello suavidad y luminosidad gracias a la keratina brasileña. Este tratamiento permite de obtener un pelo sano y fortalecido."
        }, 
        {
            "service_category": null, 
            "service": "Tto. Keratina Brasileña Pelo Largo", 
            "duration": 9000, 
            "price": "150 € ", 
            "description": "Esta keratina brasileña gracias a su formulación completamente orgánica y libre de formol, devuelve a tu melena brillo y suavidad. Elimina el efecto frizz para obtener un pelo liso y sano y repara los daños causados por tratamientos químicos pasados."
        }
    ]
}