{
    "adid": null, 
    "name": "Imede Quintana", 
    "name_of_contact": "Imede Quintana", 
    "scrape_page": "https://www.bucmi.com/imede", 
    "business_website": "https://www.bucmi.com/imede", 
    "areas_covered": null, 
    "description": "Nuestra meta es que los clientes reciban un trato personalizado, además queremos que sientan bienestar exterior e interior. Trabajamos para conseguir el equilibrio entre cuidarse y vivir el día a día. No dudes en visitarnos.", 
    "img_link": [
        "https://d1nd15w2k87kz0.cloudfront.net/Uploads/635930341239445489.jpg", 
        "https://d1nd15w2k87kz0.cloudfront.net/Uploads/635930341261632888.jpg", 
        "https://d1nd15w2k87kz0.cloudfront.net/Uploads/635930341280695331.jpg", 
        "https://d1nd15w2k87kz0.cloudfront.net/Uploads/635930341308845216.jpg", 
        "https://d1nd15w2k87kz0.cloudfront.net/Uploads/635930341338220133.jpg", 
        "https://d1nd15w2k87kz0.cloudfront.net/Uploads/635930341359938788.jpg", 
        "https://d1nd15w2k87kz0.cloudfront.net/Uploads/635930341382907495.jpg", 
        "https://d1nd15w2k87kz0.cloudfront.net/Uploads/635930341412282407.jpg"
    ], 
    "hqdb_featured_ad_type": "Featured", 
    "hqdb_nr_reviews": "5", 
    "hqdb_review_score": "9,6", 
    "accreditations": null, 
    "category": null, 
    "subcategory": null, 
    "street": "C/ Quintana, 3", 
    "city": "Madrid", 
    "zipcode": "28008", 
    "formatted_address": "C/ Quintana, 3, Madrid, 28008", 
    "country": "es", 
    "office_number": "913571453", 
    "office_number2": null, 
    "mobile_number": null, 
    "mobile_number2": null, 
    "unidentified_phone_numbers": null, 
    "latitude": "40.4285927000", 
    "longitude": "-3.7155083999", 
    "business_email": null, 
    "yelp_page": null, 
    "facebook": null, 
    "twitter": null, 
    "instagram": null, 
    "venue_images": "https://d1nd15w2k87kz0.cloudfront.net/Logotipos/635972923399683812.jpg", 
    "opening_hours_raw": null, 
    "pricelist_link": null, 
    "services": [
        {
            "service_category": "Preferente", 
            "service": "Peeling Facial Diamante", 
            "duration": 3600, 
            "price": "75 € ", 
            "description": "Limpieza profunda de la piel con una terapia de exfoliación con Punta de Diamante para retirar las células muertas promoviendo la recuperación de la piel provocando una apariencia mucho más juvenil. Disfruta de un cutis bonito, suave y libre de impurezas en tan sólo 75 minutos. Reserva ya tu cita online en Bucmi.com."
        }, 
        {
            "service_category": "Preferente", 
            "service": "Radiofrecuencia Corporal Indiba Deep Beauty", 
            "duration": 3600, 
            "price": "75 € ", 
            "description": "La radiofrecuencia regenerativa de Indiba Deep Beauty es un método seguro que logra hidratar, oxigenar, revitalizar y regenerar las células del cuerpo desde el interior, favoreciendo la formación de elastina y colágeno revitalizando y rejuveneciendo. Disfruta de un bonito cuerpo y una piel suave e hidratada. Reserva ahora tu cita online en Bucmi.com."
        }, 
        {
            "service_category": "Preferente", 
            "service": "Limpieza Facial Profunda", 
            "duration": 5400, 
            "price": "60 € ", 
            "description": "Limpieza profunda con arcilla orgánica del Amazonia, rica en sales minerales que elimina las toxinas de la superficie de la piel y que ayuda a combatir los radicales libres. Lucirás una piel suave, bonita y cuidada. Reserva ya tu cita online en Bucmi.com."
        }, 
        {
            "service_category": "Estética", 
            "service": "Mesoterapia Corporal", 
            "duration": 1800, 
            "price": "75 € ", 
            "description": "La Mesoterapia Corporal es una técnica médica, segura, de inyección intradérmica indolora de diversos tipos de fármacos químicos y/o naturales para el tratamiento de celulitis y obesidad localizada, favoreciendo la circulación sanguínea y linfática. Reserva ahora tu cita online en Bucmi.com."
        }, 
        {
            "service_category": "Estética", 
            "service": "Peeling Facial Diamante", 
            "duration": 3600, 
            "price": "75 € ", 
            "description": "Limpieza profunda de la piel con una terapia de exfoliación con Punta de Diamante para retirar las células muertas promoviendo la recuperación de la piel provocando una apariencia mucho más juvenil. Disfruta de un cutis bonito, suave y libre de impurezas en tan sólo 75 minutos. Reserva ya tu cita online en Bucmi.com."
        }, 
        {
            "service_category": "Estética", 
            "service": "Radiofrecuencia Corporal Indiba Deep Beauty", 
            "duration": 3600, 
            "price": "75 € ", 
            "description": "La radiofrecuencia regenerativa de Indiba Deep Beauty es un método seguro que logra hidratar, oxigenar, revitalizar y regenerar las células del cuerpo desde el interior, favoreciendo la formación de elastina y colágeno revitalizando y rejuveneciendo. Disfruta de un bonito cuerpo y una piel suave e hidratada. Reserva ahora tu cita online en Bucmi.com."
        }, 
        {
            "service_category": "Estética", 
            "service": "Tratamiento Corporal Reductor Carboxiterapia", 
            "duration": 1800, 
            "price": "75 € ", 
            "description": "Es un tratamiento no quirúrgico en el que se usa terapéuticamente el anhídrido carbónico (CO2) por vía percutánea, subcutánea o intradérmica. Se aplica para mejorar la microcirculación sanguínea, reducir tejidos grasos y para rejuvenecimiento cutáneo"
        }, 
        {
            "service_category": "Estética", 
            "service": "Botox Cara Completa", 
            "duration": 1800, 
            "price": "400 € ", 
            "description": "Es el tratamiento más eficaz y seguro para tratamiento de las arrugas. Bloquea los impulsos desde el nervio a los músculos faciales relacionados con las líneas de expresión. Se utiliza 1 Vial completo (50uds) de Vistabel. Revisión gratuita a los 15 dias. Este tratamiento requiere una valoración previa por parte del profesional. Reserva ya tu cita online tu cita en Bucmi.com."
        }, 
        {
            "service_category": "Estética", 
            "service": "Limpieza Facial Profunda", 
            "duration": 5400, 
            "price": "60 € ", 
            "description": "Limpieza profunda con arcilla orgánica del Amazonia, rica en sales minerales que elimina las toxinas de la superficie de la piel y que ayuda a combatir los radicales libres. Lucirás una piel suave, bonita y cuidada. Reserva ya tu cita online en Bucmi.com."
        }, 
        {
            "service_category": "Estética", 
            "service": "Mesolifting Biofacial", 
            "duration": 1800, 
            "price": "150 € ", 
            "description": "El Mesolifting Biofacial consiste en la aplicación de ácido hialurónico y vitaminas en la dermis, consiguiendo una hidratación profunda y duradera para rejuvenecer y restaurar la piel activando la producción de colágeno y elastina. Disfrutarás de una piel suave, bonita e hidratada. Reserva ahora en Bucmi.com."
        }, 
        {
            "service_category": "Estética", 
            "service": "Peeling Facial Químico", 
            "duration": 1800, 
            "price": "150 € ", 
            "description": "El peeling químico es un tratamiento médico que consiste en la aplicación de un ácido capaz de provocar una destrucción limitada y controlada de la epidermis y primeras capas de la dermis. Indicado para suavizar y reducir líneas finas del rostro. Disfruta de una piel suave y libre de impurezas. Reserva ahora en Bucmi.com."
        }, 
        {
            "service_category": "Estética", 
            "service": "Tratamiento Facial Antiedad Rellenos Dérmicos", 
            "duration": 1800, 
            "price": "400 € ", 
            "description": "Los rellenos dérmicos, también conocidos como ácido hialurónico, han revolucionado el mercado cosmético y médico en la última década, gracias a su efectividad para restaurar el volumen, proporcionado a la cara una apariencia más joven y hermosa. Este tratamiento requiere una valoración previa por parte del profesional. Reserva ahora en Bucmi.com."
        }, 
        {
            "service_category": "Estética", 
            "service": "Tto Facial Hidrante Bioestimulacion Con Plasma", 
            "duration": 2700, 
            "price": "150 € ", 
            "description": "Hidratación de la piel con Plasma Rico en Plaquetas y Factores de Crecimiento procedente de la extracción de sangre realizada al propio paciente. ¡Di adiós a la piel seca! Luce una piel muy hidratada, bonita y suave. Reserva cómodamente ahora tu cita online a través de Bucmi.com."
        }, 
        {
            "service_category": "Depilación", 
            "service": "Test Depilación Médica Laser", 
            "duration": 900, 
            "price": "10 € ", 
            "description": "Valoración Medica y Test de Depilación Médica Láser con la Mejor Plataforma Láser del Mercado: Alejandrita y Neodimio YAG de Candela. Por muy poco dinero asegúrate antes de comprar cualquier Bono de la eficacia del Tratamiento para tu Fototipo de Piel. Reserva ahora en Bucmi.com."
        }
    ]
}