{
    "adid": null, 
    "name": "Kamiraku", 
    "name_of_contact": "Kamiraku", 
    "scrape_page": "https://www.bucmi.com/kamiraku-masajes", 
    "business_website": "https://www.bucmi.com/kamiraku-masajes", 
    "areas_covered": null, 
    "description": "El centro de masajes Kamiraku, situado en pleno Barrio Salamanca, Madrid, ofrece gran variedad de servicios especializados como son el lifting facial natural kobido, reflexología, masaje lomi lomi, masaje shiatsu y masaje ayurveda entre otros.", 
    "img_link": [
        "https://d1nd15w2k87kz0.cloudfront.net/Uploads/636117163686620679.jpg", 
        "https://d1nd15w2k87kz0.cloudfront.net/Uploads/636117164005207849.jpg", 
        "https://d1nd15w2k87kz0.cloudfront.net/Uploads/636117164052863232.jpg", 
        "https://d1nd15w2k87kz0.cloudfront.net/Uploads/636117164092549743.jpg", 
        "https://d1nd15w2k87kz0.cloudfront.net/Uploads/636117164151611025.jpg", 
        "https://d1nd15w2k87kz0.cloudfront.net/Uploads/636117164198797482.jpg", 
        "https://d1nd15w2k87kz0.cloudfront.net/Uploads/636117164277857892.jpg"
    ], 
    "hqdb_featured_ad_type": "Featured", 
    "hqdb_nr_reviews": "10", 
    "hqdb_review_score": "9,6", 
    "accreditations": null, 
    "category": null, 
    "subcategory": null, 
    "street": "C/ Finisterre, 19", 
    "city": "Madrid", 
    "zipcode": "28006", 
    "formatted_address": "C/ Finisterre, 19, Madrid, 28006", 
    "country": "es", 
    "office_number": "912302105", 
    "office_number2": null, 
    "mobile_number": null, 
    "mobile_number2": null, 
    "unidentified_phone_numbers": null, 
    "latitude": "40.4305898000", 
    "longitude": "-3.6863829999", 
    "business_email": null, 
    "yelp_page": null, 
    "facebook": null, 
    "twitter": null, 
    "instagram": null, 
    "venue_images": "https://d1nd15w2k87kz0.cloudfront.net/Logotipos/636117171932232280.jpg", 
    "opening_hours_raw": null, 
    "pricelist_link": null, 
    "services": [
        {
            "service_category": "Preferente", 
            "service": "Masaje Ayurveda Abyanga", 
            "duration": 3600, 
            "price": "60 € ", 
            "description": "Este masaje propio de la tradición de la India, mejora nuestro metabolismo y nos ofrece un relax total. Se realiza por todo el cuerpo y aplicando distintos aceites con los que se arrastran las toxinas del organismo. No esperes más y reserva ahora tu cita online a través de Bucmi.com."
        }, 
        {
            "service_category": "Preferente", 
            "service": "Masaje Facial Japonés", 
            "duration": 2700, 
            "price": "60 € ", 
            "description": "Este tratamiento facial era uno de los favoritos por las emperatrices de la antigua China, ya que con distintas presiones realizadas en puntos estratégicos, se estimula la circulación y se eliminan las presiones en los nervios faciales. En Kamiraku completamos el ritual con un masaje chino con piedras chinas Gua-Sha, mascarilla facial y masaje craneal shiatsu. Reserva ya a través de Bucmi.com."
        }, 
        {
            "service_category": "Preferente", 
            "service": "Masaje Tailandés", 
            "duration": 3600, 
            "price": "50 € ", 
            "description": "Este masaje incluye los conocimientos de más de 4000 años de medicina tradicional china y se realiza por todo el cuerpo. Durante este masaje se trabaja la energía para relajar los músculos, favorecer el flujo sanguíneo y equilibrar el sistema nervioso. ¡Toda una experiencia de relajación y descontracturante!. Reserva a través de Bucmi.com."
        }, 
        {
            "service_category": "Masaje", 
            "service": "Masaje Ayurveda Abyanga", 
            "duration": 3600, 
            "price": "60 € ", 
            "description": "Este masaje propio de la tradición de la India, mejora nuestro metabolismo y nos ofrece un relax total. Se realiza por todo el cuerpo y aplicando distintos aceites con los que se arrastran las toxinas del organismo. No esperes más y reserva ahora tu cita online a través de Bucmi.com."
        }, 
        {
            "service_category": "Masaje", 
            "service": "Masaje Facial Japonés", 
            "duration": 2700, 
            "price": "60 € ", 
            "description": "Este tratamiento facial era uno de los favoritos por las emperatrices de la antigua China, ya que con distintas presiones realizadas en puntos estratégicos, se estimula la circulación y se eliminan las presiones en los nervios faciales. En Kamiraku completamos el ritual con un masaje chino con piedras chinas Gua-Sha, mascarilla facial y masaje craneal shiatsu. Reserva ya a través de Bucmi.com."
        }, 
        {
            "service_category": "Masaje", 
            "service": "Masaje Lomi Lomi", 
            "duration": 3600, 
            "price": "55 € ", 
            "description": "Los sanadores de las Islas Hawaii utilizaban este masaje para equilibrar cuerpo y mente de una manera relajante. Se trata de un masaje realizado con manos, codos y antebrazos para conseguir una relajación total. No esperes más y reserva ahora tu cita online a través de Bucmi.com."
        }, 
        {
            "service_category": "Masaje", 
            "service": "Masaje Shiatsu", 
            "duration": 3600, 
            "price": "50 € ", 
            "description": "Un buen masaje shiatsu puede mejorar la circulación, el movimiento de las articulaciones y aliviar el dolor en zonas como cuello, espalda y piernas, con su metodología de presiones en zonas clave del cuerpo, realizadas con las manos principalmente. ¡Notarás una total mejoría!. Reserva ahora tu cita online con Bucmi.com."
        }, 
        {
            "service_category": "Masaje", 
            "service": "Masaje Tailandés", 
            "duration": 3600, 
            "price": "50 € ", 
            "description": "Este masaje incluye los conocimientos de más de 4000 años de medicina tradicional china y se realiza por todo el cuerpo. Durante este masaje se trabaja la energía para relajar los músculos, favorecer el flujo sanguíneo y equilibrar el sistema nervioso. ¡Toda una experiencia de relajación y descontracturante!. Reserva a través de Bucmi.com."
        }, 
        {
            "service_category": "Masaje", 
            "service": "Masaje Tailandés Con Aceites", 
            "duration": 3600, 
            "price": "55 € ", 
            "description": "A parte de tener los mismos beneficios que el masaje tailandés convencional, durante el masaje conseguimos paliar el dolor y la rigidez muscular, gracias a las distintas presiones y el efecto de los aceites aromáticos. Además, te aportará una relajación aún más profunda que te dejará como nuevo. ¡Resérvalo ya online!."
        }, 
        {
            "service_category": "Masaje", 
            "service": "Reflexología", 
            "duration": 3600, 
            "price": "50 € ", 
            "description": "Se trata de una terapia nutrida por los conocimientos de diferentes culturas que aprovechan las conexiones que hay entre cierto puntos de los pies y otros organismos para mejorar la circulación, nuestro sistema inmunológico, eliminar toxinas y mejora la calidad del sueño. ¡Pruébalo ahora reservando online!."
        }
    ]
}