{
    "adid": null, 
    "name": "Kinuan", 
    "name_of_contact": "Kinuan", 
    "scrape_page": "https://www.bucmi.com/kinuan", 
    "business_website": "https://www.bucmi.com/kinuan", 
    "areas_covered": null, 
    "description": "Centro de Masajes Orientales Kinuan. El significado de la palabra Kinuan es 'refugio de la seda'. Tu centro de masajes situado en pleno centro de la capital madrileña. Espacio en donde la relajación, equilibrio y cuidado personal se aúnan.", 
    "img_link": [
        "https://d1nd15w2k87kz0.cloudfront.net/Uploads/635665320899803154.jpg", 
        "https://d1nd15w2k87kz0.cloudfront.net/Uploads/635665320902459625.jpg", 
        "https://d1nd15w2k87kz0.cloudfront.net/Uploads/635665320902772149.jpg", 
        "https://d1nd15w2k87kz0.cloudfront.net/Uploads/635665320903084673.jpg", 
        "https://d1nd15w2k87kz0.cloudfront.net/Uploads/635665320904178496.jpg", 
        "https://d1nd15w2k87kz0.cloudfront.net/Uploads/635665320904178496.jpg"
    ], 
    "hqdb_featured_ad_type": "Featured", 
    "hqdb_nr_reviews": "4", 
    "hqdb_review_score": "9,5", 
    "accreditations": null, 
    "category": null, 
    "subcategory": null, 
    "street": "C/ Gorrion, 61", 
    "city": "Madrid", 
    "zipcode": "28004", 
    "formatted_address": "C/ Gorrion, 61, Madrid, 28004", 
    "country": "es", 
    "office_number": "913328075", 
    "office_number2": null, 
    "mobile_number": null, 
    "mobile_number2": null, 
    "unidentified_phone_numbers": null, 
    "latitude": "40.4239154000", 
    "longitude": "-3.6925996999", 
    "business_email": null, 
    "yelp_page": null, 
    "facebook": null, 
    "twitter": null, 
    "instagram": null, 
    "venue_images": "https://d1nd15w2k87kz0.cloudfront.net/Logotipos/635811970011382945.jpg", 
    "opening_hours_raw": null, 
    "pricelist_link": null, 
    "services": [
        {
            "service_category": "Preferente", 
            "service": "Otros Masajes: Masaje Kaze", 
            "duration": 5400, 
            "price": "80 € ", 
            "description": "Este servicio consiste en una sesión en el que se realizará una combinación de dos de nuestros masajes relajantes, realizado con la palma de la mano, dedos, antebrazo y codo por todo tu cuerpo. Ven a tu Centro de Masajes Orientales Kinuan y ponte en manos de nuestros mejores profesionales. Ven a disfrutar de esta experiencia a nuestro centro. Te encantará nuestros masaje y te sentirás mucho más relajado. Reserva tu cita cómodamente online a través de Bucmi.com. ¡Ven a visitarnos!¡No dejes que te lo cuenten!"
        }, 
        {
            "service_category": "Preferente", 
            "service": "Otros Masajes: Masaje Mizu", 
            "duration": 5400, 
            "price": "85 € ", 
            "description": "Es un servicio que consiste en una sesión para la realización de un masaje corporal con aceites y movimientos armónicos e intensos. Además ahora puedes ahorrar tiempo y reservar tu cita online. Ven a tu Centro de Masajes Orientales Kinuan y ponte en manos de nuestros mejores profesionales. Ven a disfrutar de esta experiencia a nuestro centro. Te encantará nuestros masaje y te sentirás mucho más relajado. Reserva tu cita cómodamente online a través de Bucmi.com. ¡Ven a visitarnos!¡No dejes que te lo cuenten!"
        }, 
        {
            "service_category": "Masaje", 
            "service": "Masaje En Pareja Tsuchi", 
            "duration": 5400, 
            "price": "140 € ", 
            "description": "Este servicio incluye: Thai tradicional más Thai aceite y reflexología. Este maravilloso masaje significa una pequeña escapada de todo lo que nos rodea. Los movimientos coreogográficos de las masajistas os sumergirán en un mundo desconocido y exótico. El masaje thai tradicional lo usamos para estirar y color todo tu cuerpo. El masaje thai con aceite nos permite trabajar las lineas musculares y sanguíneas a la vez que descontracturamos. Y por último la reflexología, por medio de puntos reflejos en los pies."
        }, 
        {
            "service_category": "Masaje", 
            "service": "Masaje En Pareja Tsuchi", 
            "duration": 7200, 
            "price": "180 € ", 
            "description": "Este servicio incluye: Thai tradicional más Thai aceite y reflexología. Este maravilloso masaje significa una pequeña escapada de todo lo que nos rodea. Los movimientos coreogográficos de las masajistas os sumergirán en un mundo desconocido y exótico. El masaje thai tradicional lo usamos para estirar y color todo tu cuerpo. El masaje thai con aceite nos permite trabajar las lineas musculares y sanguíneas a la vez que descontracturamos. Y por último la reflexología, por medio de puntos reflejos en los pies."
        }, 
        {
            "service_category": "Masaje", 
            "service": "Otros Masajes: 4 Manos Thai Con Aceite", 
            "duration": 3600, 
            "price": "95 € ", 
            "description": "Siente como, el considerado mejor masaje del mundo, trabaja tus lineas energéticas y musculares con las 4 manos de expertas masajistas en el arte del masaje thai. Es un masaje que armoniza, equilibra y energiza cuerpo, mente y espíritu con el doble de beneficio. El aceite se retira con toallas húmedas calientes y damos la opción de ducha hidromasaje. Reserva tu cita cómodamente online a través de Bucmi.com."
        }, 
        {
            "service_category": "Masaje", 
            "service": "Otros Masajes: 4 Manos Thai Con Aceite", 
            "duration": 5400, 
            "price": "135 € ", 
            "description": "Siente como, el considerado mejor masaje del mundo, trabaja tus lineas energéticas y musculares con las 4 manos de expertas masajistas en el arte del masaje thai. Es un masaje que armoniza, equilibra y energiza cuerpo, mente y espíritu con el doble de beneficio. El aceite se retira con toallas húmedas calientes y damos la opción de ducha hidromasaje. Reserva tu cita cómodamente online a través de Bucmi.com."
        }, 
        {
            "service_category": "Masaje", 
            "service": "Otros Masajes: Masaje Balas De Hierbas", 
            "duration": 5400, 
            "price": "80 € ", 
            "description": "Kinuan promociona el nuevo masaje con Bolas de Hierbas hechas de forma artesanal y ecológica por las manos de Yuko Fukamura. Una de las características beneficiosas de este masaje es que los ingredientes de las Pindas entran en nuestro organismo a través de los poros de la piel y llegan a nuestro nervioso, regulándolo y funcionando como medicina natural. Por otro lado el calor que proporcionan las bolas de hierbas, relajan los músculos y mejoran el sistema de circulación sanguínea del cuerpo y la linfa."
        }, 
        {
            "service_category": "Masaje", 
            "service": "Otros Masajes: Masaje Balas De Hierbas", 
            "duration": 7200, 
            "price": "100 € ", 
            "description": "Kinuan promociona el nuevo masaje con Bolas de Hierbas hechas de forma artesanal y ecológica por las manos de Yuko Fukamura. Una de las características beneficiosas de este masaje es que los ingredientes de las Pindas entran en nuestro organismo a través de los poros de la piel y llegan a nuestro nervioso, regulándolo y funcionando como medicina natural. Por otro lado el calor que proporcionan las bolas de hierbas, relajan los músculos y mejoran el sistema de circulación sanguínea del cuerpo y la linfa."
        }, 
        {
            "service_category": "Masaje", 
            "service": "Otros Masajes: Masaje Kaze", 
            "duration": 5400, 
            "price": "80 € ", 
            "description": "Este servicio consiste en una sesión en el que se realizará una combinación de dos de nuestros masajes relajantes, realizado con la palma de la mano, dedos, antebrazo y codo por todo tu cuerpo. Ven a tu Centro de Masajes Orientales Kinuan y ponte en manos de nuestros mejores profesionales. Ven a disfrutar de esta experiencia a nuestro centro. Te encantará nuestros masaje y te sentirás mucho más relajado. Reserva tu cita cómodamente online a través de Bucmi.com. ¡Ven a visitarnos!¡No dejes que te lo cuenten!"
        }, 
        {
            "service_category": "Masaje", 
            "service": "Otros Masajes: Masaje Ki", 
            "duration": 5400, 
            "price": "165 € ", 
            "description": "El servicio consiste en un masaje a 4 manos, realizado con una coreografía específicas de movimientos que relajan, descontracturan y armonizan todo tu cuerpo. Ven a tu Centro de Masajes Orientales Kinuan y ponte en manos de nuestros mejores profesionales. Ven a disfrutar de esta experiencia a nuestro centro. Te encantará nuestros masaje y te sentirás mucho más relajado. Reserva tu cita cómodamente online a través de Bucmi.com. ¡Ven a visitarnos!¡No dejes que te lo cuenten!"
        }, 
        {
            "service_category": "Masaje", 
            "service": "Otros Masajes: Masaje Mizu", 
            "duration": 5400, 
            "price": "85 € ", 
            "description": "Es un servicio que consiste en una sesión para la realización de un masaje corporal con aceites y movimientos armónicos e intensos. Además ahora puedes ahorrar tiempo y reservar tu cita online. Ven a tu Centro de Masajes Orientales Kinuan y ponte en manos de nuestros mejores profesionales. Ven a disfrutar de esta experiencia a nuestro centro. Te encantará nuestros masaje y te sentirás mucho más relajado. Reserva tu cita cómodamente online a través de Bucmi.com. ¡Ven a visitarnos!¡No dejes que te lo cuenten!"
        }, 
        {
            "service_category": "Masaje", 
            "service": "Otros Masajes: Masaje Tsuchi", 
            "duration": 5400, 
            "price": "80 € ", 
            "description": "El servicio consiste en una sesión de masaje que restaura la energía de todo tu cuerpo, a nivel mental, físico y emocional. Ven a tu Centro de Masajes Orientales Kinuan y ponte en manos de nuestros mejores profesionales. Ven a disfrutar de esta experiencia a nuestro centro. Te encantará nuestros masaje y te sentirás mucho más relajado. Reserva tu cita cómodamente online a través de Bucmi.com. ¡Ven a visitarnos!¡No dejes que te lo cuenten!"
        }, 
        {
            "service_category": "Masaje", 
            "service": "Shiatsu", 
            "duration": 3600, 
            "price": "55 € ", 
            "description": "El Shiatsu además de utilizarse como terapia de sanación también se recibe como método de prevención y para mantener el cuerpo con un nivel de energía óptimo. La idea es no concentrarse sólo en un síntoma, sino tratar al individuo completo. Al restaurar el flujo natural de energía en el cuerpo, éste será capaz de sanarse a sí mismo a nivel mental, emocional y físico."
        }, 
        {
            "service_category": "Masaje", 
            "service": "Shiatsu 90M", 
            "duration": 5400, 
            "price": "75 € ", 
            "description": "El Shiatsu además de utilizarse como terapia de sanación también se recibe como método de prevención y para mantener el cuerpo con un nivel de energía óptimo. La idea es no concentrarse sólo en un síntoma, sino tratar al individuo completo. Al restaurar el flujo natural de energía en el cuerpo, éste será capaz de sanarse a sí mismo a nivel mental, emocional y físico."
        }
    ]
}