{
    "adid": null, 
    "name": "Espacio Plural Kerala", 
    "name_of_contact": "Espacio Plural Kerala", 
    "scrape_page": "https://www.bucmi.com/pluralkerala", 
    "business_website": "https://www.bucmi.com/pluralkerala", 
    "areas_covered": null, 
    "description": "En Espacio Kerale encontrarás un lugar de confort y encuentro donde podrás dedicar tiempo a ti mismo. Un espacio de aprendizaje, de crecimiento, de relación. Ven a disfruta de nuestros servicios y de todo lo que podemos enseñarte.", 
    "img_link": [
        "https://d1nd15w2k87kz0.cloudfront.net/Uploads/635665998612880649.jpg", 
        "https://d1nd15w2k87kz0.cloudfront.net/Uploads/635665998624912548.jpg", 
        "https://d1nd15w2k87kz0.cloudfront.net/Uploads/635665998646789978.jpg", 
        "https://d1nd15w2k87kz0.cloudfront.net/Uploads/635665998651954553.jpg", 
        "https://d1nd15w2k87kz0.cloudfront.net/Uploads/635676304942356336.jpg"
    ], 
    "hqdb_featured_ad_type": "Featured", 
    "hqdb_nr_reviews": "1", 
    "hqdb_review_score": "10,0", 
    "accreditations": null, 
    "category": null, 
    "subcategory": null, 
    "street": null, 
    "city": "Madrid", 
    "zipcode": "28017", 
    "formatted_address": "Madrid, 28017", 
    "country": "es", 
    "office_number": "912336824", 
    "office_number2": null, 
    "mobile_number": null, 
    "mobile_number2": null, 
    "unidentified_phone_numbers": null, 
    "latitude": "40.4286648000", 
    "longitude": "-3.6353265000", 
    "business_email": null, 
    "yelp_page": null, 
    "facebook": null, 
    "twitter": null, 
    "instagram": null, 
    "venue_images": "https://d1nd15w2k87kz0.cloudfront.net/Logotipos/635968526612344512.jpg", 
    "opening_hours_raw": null, 
    "pricelist_link": null, 
    "services": [
        {
            "service_category": "Preferente", 
            "service": "Curso Reiki 3", 
            "duration": 14400, 
            "price": "270 € ", 
            "description": "Este nivel supone un salto energético considerable, aumentado tu capacidad enormemente y empiezas a sanar a nivel espiritual.  Os enseñamos técnicas avanzadas para la aplicación de Reiki en las sesiones."
        }, 
        {
            "service_category": "Preferente", 
            "service": "Cursos Reiki 1", 
            "duration": 14400, 
            "price": "120 € ", 
            "description": "Con el primer nivel de Reiki podrás darte reiki a tí y a los demás, aprenderás la filosofía Reiki y las posiciones de las manos. Podrás sanar a nivel físico cualquier dolencia."
        }, 
        {
            "service_category": "Preferente", 
            "service": "Curso Reiki 2", 
            "duration": 14400, 
            "price": "170 € ", 
            "description": "Con el segundo nivel, aumentará tu capacidad para dar Reiki y podrás hacer sanaciones a nivel físico, emocional y mental.  Se enseñan técnicas para enviar Reiki a través del tiempo y la distancia con lo que podrás sanar tu pasado o mejorar tu futuro."
        }, 
        {
            "service_category": "Masaje", 
            "service": "Masaje Shiatsu", 
            "duration": 3600, 
            "price": "55 € ", 
            "description": "Técnica japonesa que basa sus beneficios en conseguir la correcta canalización de la energía vital mediante la presión en ciertos puntos clave de nuestro cuerpo."
        }, 
        {
            "service_category": "Bienestar", 
            "service": "Masaje Shiatsu", 
            "duration": 3600, 
            "price": "55 € ", 
            "description": "Técnica japonesa que basa sus beneficios en conseguir la correcta canalización de la energía vital mediante la presión en ciertos puntos clave de nuestro cuerpo."
        }, 
        {
            "service_category": "Bienestar", 
            "service": "Curso Reiki 3", 
            "duration": 14400, 
            "price": "270 € ", 
            "description": "Este nivel supone un salto energético considerable, aumentado tu capacidad enormemente y empiezas a sanar a nivel espiritual.  Os enseñamos técnicas avanzadas para la aplicación de Reiki en las sesiones."
        }, 
        {
            "service_category": "Bienestar", 
            "service": "Terapia Alternativa Coaching", 
            "duration": 7200, 
            "price": "100 € ", 
            "description": "“El proceso de coaching te ayuda a enfocar y conseguir tus deseos y sueños sea personales o profesionales, a mejorar tus relaciones personales, lo que te propongas y motive"
        }, 
        {
            "service_category": "Bienestar", 
            "service": "Cursos Reiki 1", 
            "duration": 14400, 
            "price": "120 € ", 
            "description": "Con el primer nivel de Reiki podrás darte reiki a tí y a los demás, aprenderás la filosofía Reiki y las posiciones de las manos. Podrás sanar a nivel físico cualquier dolencia."
        }, 
        {
            "service_category": "Bienestar", 
            "service": "Reiki", 
            "duration": 3600, 
            "price": "45 € ", 
            "description": "El Reiki consiste en la canalización de la Energía Universal para armonizar el cuerpo, la mente y el espíritu, generando una persona sana y equilibrada."
        }, 
        {
            "service_category": "Bienestar", 
            "service": "Curso Reiki 2", 
            "duration": 14400, 
            "price": "170 € ", 
            "description": "Con el segundo nivel, aumentará tu capacidad para dar Reiki y podrás hacer sanaciones a nivel físico, emocional y mental.  Se enseñan técnicas para enviar Reiki a través del tiempo y la distancia con lo que podrás sanar tu pasado o mejorar tu futuro."
        }
    ]
}