{
    "adid": null, 
    "name": "Albada", 
    "name_of_contact": "Albada", 
    "scrape_page": "https://www.bucmi.com/albada", 
    "business_website": "https://www.bucmi.com/albada", 
    "areas_covered": null, 
    "description": "Centro de Terapias Naturales en la zona de Rosas, Madrid. Nuestra larga trayectoria nos permite dar el mejor servicio en masajes y terapias naturales. Y por supuesto, nuestro principal objetivo es tu salud y preocuparnos por tu relajación y bienestar.", 
    "img_link": [
        "https://d1nd15w2k87kz0.cloudfront.net/Uploads/635933045100130553.jpg", 
        "https://d1nd15w2k87kz0.cloudfront.net/Uploads/635933045125130444.jpg", 
        "https://d1nd15w2k87kz0.cloudfront.net/Uploads/635933045141692895.jpg", 
        "https://d1nd15w2k87kz0.cloudfront.net/Uploads/635933045159108017.jpg", 
        "https://d1nd15w2k87kz0.cloudfront.net/Uploads/635933045186173606.jpg"
    ], 
    "hqdb_featured_ad_type": "Featured", 
    "hqdb_nr_reviews": "1", 
    "hqdb_review_score": "8,0", 
    "accreditations": null, 
    "category": null, 
    "subcategory": null, 
    "street": "C/ Longares, 46", 
    "city": "Madrid", 
    "zipcode": "28022", 
    "formatted_address": "C/ Longares, 46, Madrid, 28022", 
    "country": "es", 
    "office_number": "911109156", 
    "office_number2": null, 
    "mobile_number": null, 
    "mobile_number2": null, 
    "unidentified_phone_numbers": null, 
    "latitude": "40.4280090000", 
    "longitude": "-3.6092227000", 
    "business_email": null, 
    "yelp_page": null, 
    "facebook": null, 
    "twitter": null, 
    "instagram": null, 
    "venue_images": "https://d1nd15w2k87kz0.cloudfront.net/Logotipos/635947774929514682.jpg", 
    "opening_hours_raw": null, 
    "pricelist_link": null, 
    "services": [
        {
            "service_category": "Preferente", 
            "service": "Terapia Natural Quantum Scio", 
            "duration": 7200, 
            "price": "70 € ", 
            "description": "Con esta terapia natural, Quantum Scio se detectan deficiencias nutricionales, dolencias, alergias o anomalías alimentarias. Se corrigen las zonas electromagnéticas del cuerpo mediante aparatología. Con esta aparatología se ayuda a cualquier profesional de la salud, a encontrar los desequilibrios en el organismo de las personas o incluso animales."
        }, 
        {
            "service_category": "Preferente", 
            "service": "Flores De Bach", 
            "duration": 3600, 
            "price": "50 € ", 
            "description": "Este tratamiento a base de Flores de Bach, logra tratar dolencias emocionales como pueden ser: miedos, soledad, desesperación, estrés, depresión y obsesiones.Las flores de Bach se usan como un método para acceder a la energía de nuestro interior , mediante las propiedades que contienen las flores y que son beneficiosas para nuestro organismo."
        }, 
        {
            "service_category": "Estética", 
            "service": "Bono Mix: 5 Ss Terapias Naturales A Elegir", 
            "duration": 3600, 
            "price": "250 € ", 
            "description": "Escoge con este bono 5 sesiones a escoger entre acupuntura, reflexología podal, reflexología facial, pares magnéticos, terapia metamórfica, shiatsu, masaje deportivo, osteopatía, drenaje linfático, grafología, iridiología, equilibrio energético, flores de bach, péndulo hebreo, coaching, nutrición, masaje kobido facial y naturopatía."
        }, 
        {
            "service_category": "Estética", 
            "service": "Masaje Facial Kobido (Lifting Japones)", 
            "duration": 3600, 
            "price": "50 € ", 
            "description": "Una sesión suelta de masaje facial Kobido. Terapia neurosensorial que aporta luminosidad a la cara. Efecto corrector, reductor y relajante, entre otros. En ocasiones es recomendable ayudar un poco a la piel para que se mantenga firme y tersa consiguiendo un aspecto mucho más joven y saludable."
        }, 
        {
            "service_category": "Estética", 
            "service": "Tratamiento Facial Acné", 
            "duration": 3600, 
            "price": "45 € ", 
            "description": "Con estos tratamientos faciales podrás liberarte del acné y conseguir que este problema desaparezca por completo. Son tratamientos fiables y seguros que consisten en una limpieza profunda del cutis. Está recomendado para todos aquellos que padecen un acné más común pero también para quienes les cuesta más tratar el problema con remedios tradicionales."
        }, 
        {
            "service_category": "Estética", 
            "service": "Tratamiento Corporal Antiedad", 
            "duration": 3600, 
            "price": "65 € ", 
            "description": "Estos tratamientos antiedad son perfectos tanto para las pieles maduras como para aquellas personas que aunque tengan menos de 35, quieren cuidarse y mejorar su aspecto retrasando así los signos de la edad. Frenarás el deterioro del colágeno y elastina que va disminuyéndose con el paso de los años. Usamos productos totalmente naturales y ecológicos, y la sales provienen del mar muerto."
        }, 
        {
            "service_category": "Estética", 
            "service": "Tratamiento Corporal Manos Y Pies", 
            "duration": 7200, 
            "price": "60 € ", 
            "description": "En ocasiones es conveniente someterse a tratamientos de manos y pies cuidando así a estas partes tan importantes en nuestro cuerpo. Son partes que han de realizar muchas funciones estando expuestos a muchas agresiones. Mediante estos tratamientos se ayuda a que la energía circule mejor por nuestro organismo y previniendo el envejecimiento de los estas partes del cuerpo."
        }, 
        {
            "service_category": "Masaje", 
            "service": "Bono Mix: 5 Ss Terapias Naturales A Elegir", 
            "duration": 3600, 
            "price": "250 € ", 
            "description": "Escoge con este bono 5 sesiones a escoger entre acupuntura, reflexología podal, reflexología facial, pares magnéticos, terapia metamórfica, shiatsu, masaje deportivo, osteopatía, drenaje linfático, grafología, iridiología, equilibrio energético, flores de bach, péndulo hebreo, coaching, nutrición, masaje kobido facial y naturopatía."
        }, 
        {
            "service_category": "Masaje", 
            "service": "Masaje Facial Kobido (Lifting Japones)", 
            "duration": 3600, 
            "price": "50 € ", 
            "description": "Una sesión suelta de masaje facial Kobido. Terapia neurosensorial que aporta luminosidad a la cara. Efecto corrector, reductor y relajante, entre otros. En ocasiones es recomendable ayudar un poco a la piel para que se mantenga firme y tersa consiguiendo un aspecto mucho más joven y saludable."
        }, 
        {
            "service_category": "Masaje", 
            "service": "Tratamiento Facial Acné", 
            "duration": 3600, 
            "price": "45 € ", 
            "description": "Con estos tratamientos faciales podrás liberarte del acné y conseguir que este problema desaparezca por completo. Son tratamientos fiables y seguros que consisten en una limpieza profunda del cutis. Está recomendado para todos aquellos que padecen un acné más común pero también para quienes les cuesta más tratar el problema con remedios tradicionales."
        }, 
        {
            "service_category": "Masaje", 
            "service": "Tratamiento Corporal Antiedad", 
            "duration": 3600, 
            "price": "65 € ", 
            "description": "Estos tratamientos antiedad son perfectos tanto para las pieles maduras como para aquellas personas que aunque tengan menos de 35, quieren cuidarse y mejorar su aspecto retrasando así los signos de la edad. Frenarás el deterioro del colágeno y elastina que va disminuyéndose con el paso de los años. Usamos productos totalmente naturales y ecológicos, y la sales provienen del mar muerto."
        }, 
        {
            "service_category": "Masaje", 
            "service": "Tratamiento Corporal Manos Y Pies", 
            "duration": 7200, 
            "price": "60 € ", 
            "description": "En ocasiones es conveniente someterse a tratamientos de manos y pies cuidando así a estas partes tan importantes en nuestro cuerpo. Son partes que han de realizar muchas funciones estando expuestos a muchas agresiones. Mediante estos tratamientos se ayuda a que la energía circule mejor por nuestro organismo y previniendo el envejecimiento de los estas partes del cuerpo."
        }, 
        {
            "service_category": "Masaje", 
            "service": "Masaje Pindas", 
            "duration": 3600, 
            "price": "60 € ", 
            "description": "El servicio incluye un masaje realizado con bolsitas de hierbas aromáticas. Absorbe los nutrientes y relaja tu cuerpo. Las pindas son saquitos de sal que tienen diversas propiedades tanto para el organismo como para la piel en general. Reserva online en nuestro centro de terapias."
        }, 
        {
            "service_category": "Masaje", 
            "service": "Bono Mix: 5 Ss Terapias Naturales A Elegir", 
            "duration": 3600, 
            "price": "250 € ", 
            "description": "Escoge con este bono 5 sesiones a escoger entre acupuntura, reflexología podal, reflexología facial, pares magnéticos, terapia metamórfica, shiatsu, masaje deportivo, osteopatía, drenaje linfático, grafología, iridiología, equilibrio energético, flores de bach, péndulo hebreo, coaching, nutrición, masaje kobido facial y naturopatía."
        }, 
        {
            "service_category": "Masaje", 
            "service": "Masaje Facial Kobido (Lifting Japones)", 
            "duration": 3600, 
            "price": "50 € ", 
            "description": "Una sesión suelta de masaje facial Kobido. Terapia neurosensorial que aporta luminosidad a la cara. Efecto corrector, reductor y relajante, entre otros. En ocasiones es recomendable ayudar un poco a la piel para que se mantenga firme y tersa consiguiendo un aspecto mucho más joven y saludable."
        }, 
        {
            "service_category": "Bienestar", 
            "service": "Bono Mix: 5 Ss Terapias Naturales A Elegir", 
            "duration": 3600, 
            "price": "250 € ", 
            "description": "Escoge con este bono 5 sesiones a escoger entre acupuntura, reflexología podal, reflexología facial, pares magnéticos, terapia metamórfica, shiatsu, masaje deportivo, osteopatía, drenaje linfático, grafología, iridiología, equilibrio energético, flores de bach, péndulo hebreo, coaching, nutrición, masaje kobido facial y naturopatía."
        }, 
        {
            "service_category": "Bienestar", 
            "service": "Masaje Facial Kobido (Lifting Japones)", 
            "duration": 3600, 
            "price": "50 € ", 
            "description": "Una sesión suelta de masaje facial Kobido. Terapia neurosensorial que aporta luminosidad a la cara. Efecto corrector, reductor y relajante, entre otros. En ocasiones es recomendable ayudar un poco a la piel para que se mantenga firme y tersa consiguiendo un aspecto mucho más joven y saludable."
        }, 
        {
            "service_category": "Bienestar", 
            "service": "Tratamiento Facial Acné", 
            "duration": 3600, 
            "price": "45 € ", 
            "description": "Con estos tratamientos faciales podrás liberarte del acné y conseguir que este problema desaparezca por completo. Son tratamientos fiables y seguros que consisten en una limpieza profunda del cutis. Está recomendado para todos aquellos que padecen un acné más común pero también para quienes les cuesta más tratar el problema con remedios tradicionales."
        }, 
        {
            "service_category": "Bienestar", 
            "service": "Tratamiento Corporal Antiedad", 
            "duration": 3600, 
            "price": "65 € ", 
            "description": "Estos tratamientos antiedad son perfectos tanto para las pieles maduras como para aquellas personas que aunque tengan menos de 35, quieren cuidarse y mejorar su aspecto retrasando así los signos de la edad. Frenarás el deterioro del colágeno y elastina que va disminuyéndose con el paso de los años. Usamos productos totalmente naturales y ecológicos, y la sales provienen del mar muerto."
        }, 
        {
            "service_category": "Bienestar", 
            "service": "Tratamiento Corporal Manos Y Pies", 
            "duration": 7200, 
            "price": "60 € ", 
            "description": "En ocasiones es conveniente someterse a tratamientos de manos y pies cuidando así a estas partes tan importantes en nuestro cuerpo. Son partes que han de realizar muchas funciones estando expuestos a muchas agresiones. Mediante estos tratamientos se ayuda a que la energía circule mejor por nuestro organismo y previniendo el envejecimiento de los estas partes del cuerpo."
        }, 
        {
            "service_category": "Bienestar", 
            "service": "Masaje Pindas", 
            "duration": 3600, 
            "price": "60 € ", 
            "description": "El servicio incluye un masaje realizado con bolsitas de hierbas aromáticas. Absorbe los nutrientes y relaja tu cuerpo. Las pindas son saquitos de sal que tienen diversas propiedades tanto para el organismo como para la piel en general. Reserva online en nuestro centro de terapias."
        }, 
        {
            "service_category": "Bienestar", 
            "service": "Bono Mix: 5 Ss Terapias Naturales A Elegir", 
            "duration": 3600, 
            "price": "250 € ", 
            "description": "Escoge con este bono 5 sesiones a escoger entre acupuntura, reflexología podal, reflexología facial, pares magnéticos, terapia metamórfica, shiatsu, masaje deportivo, osteopatía, drenaje linfático, grafología, iridiología, equilibrio energético, flores de bach, péndulo hebreo, coaching, nutrición, masaje kobido facial y naturopatía."
        }, 
        {
            "service_category": "Bienestar", 
            "service": "Masaje Facial Kobido (Lifting Japones)", 
            "duration": 3600, 
            "price": "50 € ", 
            "description": "Una sesión suelta de masaje facial Kobido. Terapia neurosensorial que aporta luminosidad a la cara. Efecto corrector, reductor y relajante, entre otros. En ocasiones es recomendable ayudar un poco a la piel para que se mantenga firme y tersa consiguiendo un aspecto mucho más joven y saludable."
        }
    ]
}