{
    "adid": null, 
    "name": "Salón Stimage", 
    "name_of_contact": "Salón Stimage", 
    "scrape_page": "https://www.bucmi.com/stimage", 
    "business_website": "https://www.bucmi.com/stimage", 
    "areas_covered": null, 
    "description": "En Peluquería Stimage contamos con peluqueros profesionales que están altamente cualificados para asesorar a todos nuestros clientes tanto en servicios de estética como peluquería. Prestamos servicios a señoras, a caballeros y a niñ@s. ¡Ven a conocernos!", 
    "img_link": [
        "https://d1nd15w2k87kz0.cloudfront.net/Uploads/635941592676913787.jpg", 
        "https://d1nd15w2k87kz0.cloudfront.net/Uploads/635941592695038729.jpg", 
        "https://d1nd15w2k87kz0.cloudfront.net/Uploads/635941592714257426.jpg", 
        "https://d1nd15w2k87kz0.cloudfront.net/Uploads/635941592731132358.jpg", 
        "https://d1nd15w2k87kz0.cloudfront.net/Uploads/635941592747069823.jpg", 
        "https://d1nd15w2k87kz0.cloudfront.net/Uploads/635941592769569743.jpg", 
        "https://d1nd15w2k87kz0.cloudfront.net/Uploads/635941592788944690.jpg", 
        "https://d1nd15w2k87kz0.cloudfront.net/Uploads/635941592811444614.jpg", 
        "https://d1nd15w2k87kz0.cloudfront.net/Uploads/635941592831444571.jpg"
    ], 
    "hqdb_featured_ad_type": "Featured", 
    "hqdb_nr_reviews": "14", 
    "hqdb_review_score": "9,9", 
    "accreditations": null, 
    "category": null, 
    "subcategory": null, 
    "street": "C/ Dulzaina, 9", 
    "city": "Madrid", 
    "zipcode": "28033", 
    "formatted_address": "C/ Dulzaina, 9, Madrid, 28033", 
    "country": "es", 
    "office_number": "913830847", 
    "office_number2": null, 
    "mobile_number": null, 
    "mobile_number2": null, 
    "unidentified_phone_numbers": null, 
    "latitude": "40.4810357000", 
    "longitude": "-3.6627057000", 
    "business_email": null, 
    "yelp_page": null, 
    "facebook": null, 
    "twitter": null, 
    "instagram": null, 
    "venue_images": "https://d1nd15w2k87kz0.cloudfront.net/Logotipos/635942377485436146.jpg", 
    "opening_hours_raw": null, 
    "pricelist_link": null, 
    "services": [
        {
            "service_category": "Preferente", 
            "service": "Corte Caballero", 
            "duration": 1800, 
            "price": "15 € ", 
            "description": "El servicio de corte de pelo para hombre incluye el lavado del pelo con champú específico y por último los productos de acabado para salir de la peluquería como nuevo. ¡Reserva ya tu cita online!"
        }, 
        {
            "service_category": "Preferente", 
            "service": "Corte Señora", 
            "duration": 1800, 
            "price": "15 € ", 
            "description": "El corte de pelo para mujer incluye el corte del cabello. No incluye peinado. Consulte con su profesional en el centro para peinado por posible suplemento. Confía en salón de estética y peluquería Stimage."
        }, 
        {
            "service_category": "Peluquería", 
            "service": "Alisado De Keratina", 
            "duration": 7200, 
            "price": "200 € ", 
            "description": "Este servicio consta de un tratamiento reestructurante intensivo con keratina y células madre vegetales. Así conseguirás un cabello liso, y super hidratado y cuidado."
        }, 
        {
            "service_category": "Peluquería", 
            "service": "Color De Pelo Y Manicura", 
            "duration": 3600, 
            "price": "35 € ", 
            "description": "El servicio consta de un lavado del cabello y el tinte que quieras y que más vaya contigo. No incluye peinado. Consulte con su profesional en el centro posible suplemento por incluir peinado. Incluye de regalo manicura básica con esmaltado normal."
        }, 
        {
            "service_category": "Peluquería", 
            "service": "Corte Caballero", 
            "duration": 1800, 
            "price": "15 € ", 
            "description": "El servicio de corte de pelo para hombre incluye el lavado del pelo con champú específico y por último los productos de acabado para salir de la peluquería como nuevo. ¡Reserva ya tu cita online!"
        }, 
        {
            "service_category": "Peluquería", 
            "service": "Corte De Pelo Mujer", 
            "duration": 1800, 
            "price": "20 € ", 
            "description": "El servicio consta de lavado del cabello con champú específico, corte del pelo a tu gusto y/o aconsejado por nuestros peluqueros profesionales y productos expecíficos. No incluye peinado. Consulte con su profesional."
        }, 
        {
            "service_category": "Peluquería", 
            "service": "Corte Señora", 
            "duration": 1800, 
            "price": "15 € ", 
            "description": "El corte de pelo para mujer incluye el corte del cabello. No incluye peinado. Consulte con su profesional en el centro para peinado por posible suplemento. Confía en salón de estética y peluquería Stimage."
        }, 
        {
            "service_category": "Estética", 
            "service": "Alisado De Keratina", 
            "duration": 7200, 
            "price": "200 € ", 
            "description": "Este servicio consta de un tratamiento reestructurante intensivo con keratina y células madre vegetales. Así conseguirás un cabello liso, y super hidratado y cuidado."
        }, 
        {
            "service_category": "Manicura y Pedicura", 
            "service": "Alisado De Keratina", 
            "duration": 7200, 
            "price": "200 € ", 
            "description": "Este servicio consta de un tratamiento reestructurante intensivo con keratina y células madre vegetales. Así conseguirás un cabello liso, y super hidratado y cuidado."
        }, 
        {
            "service_category": "Manicura y Pedicura", 
            "service": "Color De Pelo Y Manicura", 
            "duration": 3600, 
            "price": "35 € ", 
            "description": "El servicio consta de un lavado del cabello y el tinte que quieras y que más vaya contigo. No incluye peinado. Consulte con su profesional en el centro posible suplemento por incluir peinado. Incluye de regalo manicura básica con esmaltado normal."
        }
    ]
}