{
    "adid": null, 
    "name": "Bk Peluquería Eslava", 
    "name_of_contact": "Bk Peluquería Eslava", 
    "scrape_page": "https://www.bucmi.com/bkeslava", 
    "business_website": "https://www.bucmi.com/bkeslava", 
    "areas_covered": null, 
    "description": "Bk Peluquería Eslava es un salón de belleza ubicado en pleno barrio de Chamberí, Madrid. Somos especialistas en todo lo relacionado con el cuidado de tu cabello, así como en el cuidado de tu piel. Contamos con los mejores profesionales en peluquería.", 
    "img_link": [
        "https://d1nd15w2k87kz0.cloudfront.net/Uploads/635586700218128437.jpg", 
        "https://d1nd15w2k87kz0.cloudfront.net/Uploads/635587403982186244.jpg", 
        "https://d1nd15w2k87kz0.cloudfront.net/Uploads/635587403981873711.jpg", 
        "https://d1nd15w2k87kz0.cloudfront.net/Uploads/635587403982498764.jpg", 
        "https://d1nd15w2k87kz0.cloudfront.net/Uploads/635587403982811331.jpg", 
        "https://d1nd15w2k87kz0.cloudfront.net/Uploads/635587403985155294.jpg", 
        "https://d1nd15w2k87kz0.cloudfront.net/Uploads/635587404020470717.jpg", 
        "https://d1nd15w2k87kz0.cloudfront.net/Uploads/635587404021408235.jpg", 
        "https://d1nd15w2k87kz0.cloudfront.net/Uploads/635587404037659525.jpg"
    ], 
    "hqdb_featured_ad_type": "Featured", 
    "hqdb_nr_reviews": "14", 
    "hqdb_review_score": "8,9", 
    "accreditations": null, 
    "category": null, 
    "subcategory": null, 
    "street": null, 
    "city": "Madrid", 
    "zipcode": "28015", 
    "formatted_address": "Madrid, 28028, Madrid, 28015", 
    "country": "es", 
    "office_number": "915432450", 
    "office_number2": null, 
    "mobile_number": null, 
    "mobile_number2": null, 
    "unidentified_phone_numbers": null, 
    "latitude": "40.4383221999", 
    "longitude": "-3.7163712000", 
    "business_email": null, 
    "yelp_page": null, 
    "facebook": null, 
    "twitter": null, 
    "instagram": null, 
    "venue_images": "https://d1nd15w2k87kz0.cloudfront.net/Logotipos/635914892460617987.jpg", 
    "opening_hours_raw": null, 
    "pricelist_link": null, 
    "services": [
        {
            "service_category": "Preferente", 
            "service": "Color, Cortar Y Peinar", 
            "duration": 3600, 
            "price": "63 € ", 
            "description": "¿A qué esperas para reservar nuestro completo pack para dar estilo a tu melena? Este servicio incluye color completo de la marca L'Óreal, corte asesorado, lavado y productos de acabado también de L'Óreal para lucir una melena de infarto. Escoge entre un corte más o menos clásico y dale uniformidad a tu color de raíz a puntas. El acondicionador no está incluido, se abonará en el salón. Luce un peinado espectacular con nuestras planchas GHD. ¡Presume de un look fresco y renovado, siempre en las mejores manos!"
        }, 
        {
            "service_category": "Preferente", 
            "service": "Cortar Y Peinar", 
            "duration": 2700, 
            "price": "29 € ", 
            "description": "¡Cambia de look en nuestro centro de belleza! Disponemos de buenos profesionales que te atenderán en todo lo que necesites. El servicio incluye lavado, el corte asesorado y el peinado con productos de acabado de L'Óreal y planchas GHD. El acondicionador y mascarilla no van incluidos en el precio, se abonan en el salón. Escoge entre un corte más clásico o atrévete con las últimas tendencias. ¡No lo pienses más y reserva ya tu cita cómodamente online a través de Bucmi.com! Te encantará el resultado."
        }, 
        {
            "service_category": "Preferente", 
            "service": "Corte Pelo Hombre", 
            "duration": 1800, 
            "price": "15 € ", 
            "description": "¿Necesitas un corte de pelo con estilo? ¡Córtate el cabello con nosotros! En nuestra peluquería, disponemos de los mejores profesionales que te asesorarán para que luzcas perfecto. También incluye el lavado con champú de L'Óreal. ¡Porque ellos también se preocupan por su aspecto y en nuestro centro lo sabemos! Reserva ahora tu cita cómodamente online con Bucmi.com y ¡saldrás encantado con los resultados! ¿A qué estás esperando para visitarnos? ¡No dejes que te lo cuenten!"
        }, 
        {
            "service_category": "Peluquería", 
            "service": "Alisado Brasileño Keratina Media Melena", 
            "duration": 7200, 
            "price": "300 € ", 
            "description": "Luce una melena lisa y cuidada de la mano de los mejores profesionales gracias a este alisado brasileño de keratina. Consigue una melena perfectamente arreglada sin necesidad de utilizar plancha o secador. Dependiendo del largo del cabello y la cantidad se abonará un suplemento en el salón. ¡No lo pienses más y reserva ya tu cita cómodamente online a través de Bucmi.com! Saldrás encantada con los resultados. ¿A qué estás esperando? El precio está indicado para media melena."
        }, 
        {
            "service_category": "Peluquería", 
            "service": "Alisado Brasileño De Keratina Pelo Largo", 
            "duration": 7200, 
            "price": "310 € ", 
            "description": "Luce una melena lisa y cuidada de la mano de los mejores profesionales gracias a este alisado brasileño de keratina. Consigue una melena perfectamente arreglada sin necesidad de utilizar plancha o secador. Dependiendo del largo del cabello y la cantidad se abonará un suplemento en el salón. ¡No lo pienses más y reserva ya tu cita cómodamente online a través de Bucmi.com! Saldrás encantada con los resultados. ¿A qué estás esperando? El precio está indicado para pelo largo."
        }, 
        {
            "service_category": "Peluquería", 
            "service": "Alisado De Keratina Pelo Extralargo", 
            "duration": 7200, 
            "price": "320 € ", 
            "description": "Luce una melena lisa y cuidada de la mano de los mejores profesionales gracias a este alisado brasileño de keratina. Consigue una melena perfectamente arreglada sin necesidad de utilizar plancha o secador. Dependiendo del largo del cabello y la cantidad se abonará un suplemento en el salón. ¡No lo pienses más y reserva ya tu cita cómodamente online a través de Bucmi.com! Saldrás encantada con los resultados. ¿A qué estás esperando? El precio está indicado para pelo extralargo."
        }, 
        {
            "service_category": "Peluquería", 
            "service": "Mechas, Cortar Y Peinar", 
            "duration": 5400, 
            "price": "83 € ", 
            "description": "Las mechas te aportarán la luminosidad y el toque de color que estás buscando para tu melena. El servicio incluye mechas a plata, lavado con productos de L'Óreal, corte asesorado por nuestros profesionales y peinado con nuestras planchas GHD. Irás perfecta con tus mechas, corte y peinado. ¡Un auténtico pack exclusivo para tu melena! Puedes optar también por las mechas californianas. No esperes más y reserva ahora tu cita online con Bucmi.com. ¿A qué estás esperando para visitarnos?"
        }, 
        {
            "service_category": "Peluquería", 
            "service": "Color, Cortar Y Peinar", 
            "duration": 3600, 
            "price": "63 € ", 
            "description": "¿A qué esperas para reservar nuestro completo pack para dar estilo a tu melena? Este servicio incluye color completo de la marca L'Óreal, corte asesorado, lavado y productos de acabado también de L'Óreal para lucir una melena de infarto. Escoge entre un corte más o menos clásico y dale uniformidad a tu color de raíz a puntas. El acondicionador no está incluido, se abonará en el salón. Luce un peinado espectacular con nuestras planchas GHD. ¡Presume de un look fresco y renovado, siempre en las mejores manos!"
        }, 
        {
            "service_category": "Peluquería", 
            "service": "Cortar Y Peinar", 
            "duration": 2700, 
            "price": "29 € ", 
            "description": "¡Cambia de look en nuestro centro de belleza! Disponemos de buenos profesionales que te atenderán en todo lo que necesites. El servicio incluye lavado, el corte asesorado y el peinado con productos de acabado de L'Óreal y planchas GHD. El acondicionador y mascarilla no van incluidos en el precio, se abonan en el salón. Escoge entre un corte más clásico o atrévete con las últimas tendencias. ¡No lo pienses más y reserva ya tu cita cómodamente online a través de Bucmi.com! Te encantará el resultado."
        }, 
        {
            "service_category": "Peluquería", 
            "service": "Corte Pelo Hombre", 
            "duration": 1800, 
            "price": "15 € ", 
            "description": "¿Necesitas un corte de pelo con estilo? ¡Córtate el cabello con nosotros! En nuestra peluquería, disponemos de los mejores profesionales que te asesorarán para que luzcas perfecto. También incluye el lavado con champú de L'Óreal. ¡Porque ellos también se preocupan por su aspecto y en nuestro centro lo sabemos! Reserva ahora tu cita cómodamente online con Bucmi.com y ¡saldrás encantado con los resultados! ¿A qué estás esperando para visitarnos? ¡No dejes que te lo cuenten!"
        }, 
        {
            "service_category": "Peluquería", 
            "service": "Corte Pelo Mujer", 
            "duration": 1800, 
            "price": "17 € ", 
            "description": "¿Quieres lucir un corte de pelo que te favorezca? ¡Reserva nuestro corte de pelo para mujer! El servicio incluye lavado de pelo con productos de L'Óreal. El acondicionador, tiene un suplemento de tres euros que se abona en el salón. Este corte de pelo no incluye el secado. Escoge entre un corte más clásico o atrévete con las últimas tendencias. ¡No lo pienses más y reserva ya tu cita cómodamente online a través de Bucmi.com! ¿A qué estás esperando para visitarnos? ¡No dejes que te lo cuenten!"
        }, 
        {
            "service_category": "Peluquería", 
            "service": "Peinado", 
            "duration": 1800, 
            "price": "16 € ", 
            "description": "Si tienes una cita especial a la que te apetece ir perfecta, o simplemente te apetece cambiar tu peinado por un día, no dudes en reservar nuestro servicio de peinado de Bk Eslava. El servicio incluye un lavado previo de la melena con champú y peinado posterior. El servicio no incluye peinados elaborados ni recogidos ni semirecogidos. Luce una melena perfecta de la mano de nuestros profesionales y nuestras planchas GHD. ¡Ponte guapa, siempre en las mejores manos! ¡No te arrepentirás del resultado!"
        }
    ]
}