{
    "adid": null, 
    "name": "Navalon", 
    "name_of_contact": "Navalon", 
    "scrape_page": "https://www.bucmi.com/navalonpeluqueros", 
    "business_website": "https://www.bucmi.com/navalonpeluqueros", 
    "areas_covered": null, 
    "description": "Nuestro salón de belleza Navalón cuenta con servicios y profesionales dispuesto a hacerte tu visita lo más cómoda y confortable posible. Queremos que todas tus visitas sean como la primera. No dudes en conocernos, te sorprenderás.", 
    "img_link": [
        "https://d1nd15w2k87kz0.cloudfront.net/Uploads/635933034316137770.jpg", 
        "https://d1nd15w2k87kz0.cloudfront.net/Uploads/635933034339004999.jpg", 
        "https://d1nd15w2k87kz0.cloudfront.net/Uploads/635933034357754704.jpg", 
        "https://d1nd15w2k87kz0.cloudfront.net/Uploads/635933034375411217.jpg", 
        "https://d1nd15w2k87kz0.cloudfront.net/Uploads/635933034393536107.jpg", 
        "https://d1nd15w2k87kz0.cloudfront.net/Uploads/635933034413536180.jpg", 
        "https://d1nd15w2k87kz0.cloudfront.net/Uploads/635933034430723513.jpg"
    ], 
    "hqdb_featured_ad_type": "Featured", 
    "hqdb_nr_reviews": "8", 
    "hqdb_review_score": "8,3", 
    "accreditations": null, 
    "category": null, 
    "subcategory": null, 
    "street": null, 
    "city": "Madrid", 
    "zipcode": "28033", 
    "formatted_address": "Madrid, 28035, Madrid, 28014, Madrid, 28033", 
    "country": "es", 
    "office_number": "913029116", 
    "office_number2": null, 
    "mobile_number": null, 
    "mobile_number2": null, 
    "unidentified_phone_numbers": null, 
    "latitude": "40.4693070999", 
    "longitude": "-3.6626905000", 
    "business_email": null, 
    "yelp_page": null, 
    "facebook": null, 
    "twitter": null, 
    "instagram": null, 
    "venue_images": "https://d1nd15w2k87kz0.cloudfront.net/Logotipos/635933049072042945.jpg", 
    "opening_hours_raw": null, 
    "pricelist_link": null, 
    "services": [
        {
            "service_category": "Preferente", 
            "service": "Alisado Queratina Hombres", 
            "duration": 2700, 
            "price": "38 € ", 
            "description": "Con este servicio lucirás siempre peinado sin necesidad de pasarte plancha ni secador. Alisa cabello rizado o encrespado sin dañar tu cabello, ya que nuestro tratamiento no contiene productos químicos. Cada vez es mayor la demanda de este alisado para hombres, ya que resulta muy eficaz y cómodo para ellosF"
        }, 
        {
            "service_category": "Preferente", 
            "service": "Color, Corte, Peinado Y Tratamiento Reparador", 
            "duration": 5400, 
            "price": "72,9 € ", 
            "description": "Pack completo de peluquería para ponerte a punto. Incluye tinte o baño de color, corte, peinado, tratamiento reparador intensivo a elegir entre nuestras variedades, además del asesoramiento de la mano de un estilista y asesor de imágen personal con más de 25 años de experiencia en el sector. Reserva ya este completo pack de belleza y no te arrepentirás del resultadoF"
        }, 
        {
            "service_category": "Preferente", 
            "service": "Corte De Pelo Hombre", 
            "duration": 900, 
            "price": "13,5 € ", 
            "description": "También realizamos servicios para el hombre. Disfruta de los cortes totalmente personalizados. Incluye lavado con masaje, corte masculino y productos de acabado. Ponte en las manos de nuestros expertos estilistas de Navalon Peluqueros y renueva tu look según las últimas tendencias del mercado. Te encantaráF"
        }, 
        {
            "service_category": "Preferente", 
            "service": "Mechas *Babylights* Media Melena", 
            "duration": 5400, 
            "price": "75,9 € ", 
            "description": "Aportan un resultado uniforme pero potenciado y muy natural, mediante mechas muy finas y abundantes, utilizando, normalmente dos o tres tonos similares. Perfecto para mujeres que buscan aportar color y brillo en su melena pero de una forma muy sutil, con un resultado espectacular. El servicio incluye las mechas y el lavado con champú pero no incluye el peinado de la melenaF"
        }, 
        {
            "service_category": "Preferente", 
            "service": "Mechas Californianas", 
            "duration": 3600, 
            "price": "48 € ", 
            "description": "La alternativa a las mechas o reflejos, aportan la misma luminosidad pero sin necesidad de realizar un mantenimiento tan frecuente, ya que se realizan con un cuidadoso degradado de color en medios y puntas. Sobre melenas coloreadas o con base natural, perfectas en todo tipo de pelo, doradas, cobrizas, naturales, tú eliges el color. Para melenas extra largas consultar precio. El servicio incluye las mechas, lavado con champú especial y crema suavizanteF"
        }, 
        {
            "service_category": "Peluquería", 
            "service": "Alisado Queratina Hombres", 
            "duration": 2700, 
            "price": "38 € ", 
            "description": "Con este servicio lucirás siempre peinado sin necesidad de pasarte plancha ni secador. Alisa cabello rizado o encrespado sin dañar tu cabello, ya que nuestro tratamiento no contiene productos químicos. Cada vez es mayor la demanda de este alisado para hombres, ya que resulta muy eficaz y cómodo para ellosF"
        }, 
        {
            "service_category": "Peluquería", 
            "service": "Alisado Queratina Y Ácido Hialurónico- Corto", 
            "duration": 7200, 
            "price": "89,9 € ", 
            "description": "Tratamiento termodinámico alisa los cabellos ondulados, facilitando el peinado y mantenimiento diarios, haciendo desaparecer el encrespamiento en el caso de cabellos muy rizados. Dependiendo de el resultado que deseé obtener el cliente y su tipo de cabello, se aplicará una intensidad de tratamiento distinta. En ningún caso el cabello pierde volumen ni se deteriora, ya que, el producto, sin necesidad de romper la fibra capilar, la rellena y repara aportando brillo e hidratación. EXTRALARGOS CONSULTAR PRECIF"
        }, 
        {
            "service_category": "Peluquería", 
            "service": "Alisado Queratina Y Ácido Hialurónico- Medio", 
            "duration": 9000, 
            "price": "120 € ", 
            "description": "Tratamiento termodinámico alisa los cabellos ondulados, facilitando el peinado y mantenimiento diarios, haciendo desaparecer el encrespamiento en el caso de cabellos muy rizados. Dependiendo de el resultado que deseé obtener el cliente y su tipo de cabello, se aplicará una intensidad de tratamiento distinta. En ningún caso el cabello pierde volumen ni se deteriora, ya que, el producto, sin necesidad de romper la fibra capilar, la rellena y repara aportando brillo e hidratación. EXTRALARGOS CONSULTAR PRECIF"
        }, 
        {
            "service_category": "Peluquería", 
            "service": "Alisado Queratina Y Ácido Hialurónico- Pelo Largo", 
            "duration": 9000, 
            "price": "145,9 € ", 
            "description": "Tratamiento termodinámico alisa los cabellos ondulados, facilitando el peinado y mantenimiento diarios, haciendo desaparecer el encrespamiento en el caso de cabellos muy rizados. Dependiendo de el resultado que deseé obtener el cliente y su tipo de cabello, se aplicará una intensidad de tratamiento distinta. En ningún caso el cabello pierde volumen ni se deteriora, ya que, el producto, sin necesidad de romper la fibra capilar, la rellena y repara aportando brillo e hidratación. EXTRALARGOS CONSULTAR PRECIF"
        }, 
        {
            "service_category": "Peluquería", 
            "service": "Color Y Tratamiento Reparador", 
            "duration": 5400, 
            "price": "34,9 € ", 
            "description": "Reserva online un pack de color y tratamiento reparador para cuidar tu cabello al máximo. El servicio incluye lavado, tinte y tratamiento de hidratación. Nuestros profesionales te asesorarán para cuidar tu look a la perfección."
        }, 
        {
            "service_category": "Peluquería", 
            "service": "Color, Corte, Peinado Y Tratamiento Reparador", 
            "duration": 5400, 
            "price": "72,9 € ", 
            "description": "Pack completo de peluquería para ponerte a punto. Incluye tinte o baño de color, corte, peinado, tratamiento reparador intensivo a elegir entre nuestras variedades, además del asesoramiento de la mano de un estilista y asesor de imágen personal con más de 25 años de experiencia en el sector. Reserva ya este completo pack de belleza y no te arrepentirás del resultadoF"
        }, 
        {
            "service_category": "Peluquería", 
            "service": "Corte De Pelo Hombre", 
            "duration": 900, 
            "price": "13,5 € ", 
            "description": "También realizamos servicios para el hombre. Disfruta de los cortes totalmente personalizados. Incluye lavado con masaje, corte masculino y productos de acabado. Ponte en las manos de nuestros expertos estilistas de Navalon Peluqueros y renueva tu look según las últimas tendencias del mercado. Te encantaráF"
        }, 
        {
            "service_category": "Peluquería", 
            "service": "Corte De Pelo Mujer", 
            "duration": 1800, 
            "price": "22 € ", 
            "description": "Un buen corte de pelo es fundamental para lucir una melena sana, brillante y con movimiento. De la mano de nuestra estilista y profesora de peluquería, dueña de nuestro salón, cuya especialidad son los cortes, avalados por más de 20 años de experiencia. Aprovecha la oportunidad de lucir un corte de pelo que no te dejará indiferente, a un precio más que asequible. El servicio incluye corte asesoramiento y lavado y crema suavizanteF"
        }, 
        {
            "service_category": "Peluquería", 
            "service": "Lavado Y Peinado Media Melena", 
            "duration": 1800, 
            "price": "17,9 € ", 
            "description": "Incluye un enérgico lavado con champú, peinado con rulos o secador de mano, bálsamo reparador o champú especial a elegir y producto de fijación. No incluye peinados muy elaborados ni recogidos ni semirecogidos. Este servicio es ideal si tienes una cita importante a la que te apetece acudir perfecta. Haz tu reserva con nuestros expertos estilistas de Navalon Peluqueros y no te arrepentirás del resultadoF"
        }, 
        {
            "service_category": "Peluquería", 
            "service": "Lavado Y Peinado Pelo Corto", 
            "duration": 1800, 
            "price": "16,5 € ", 
            "description": "Incluye un enérgico lavado con champú, peinado con rulos o secador de mano, bálsamo reparador o champú especial a elegir y producto de fijación. No incluye peinados muy elaborados ni recogidos ni semirecogidos. Este servicio es ideal si tienes una cita importante a la que te apetece acudir perfecta. Haz tu reserva con nuestros expertos estilistas de Navalon Peluqueros y no te arrepentirás del resultadoF"
        }, 
        {
            "service_category": "Peluquería", 
            "service": "Lavado Y Peinado Pelo Largo O Extralargo", 
            "duration": 1800, 
            "price": "18,9 € ", 
            "description": "Incluye un enérgico lavado con champú, peinado con rulos o secador de mano, bálsamo reparador o champú especial a elegir y producto de fijación. No incluye peinados muy elaborados ni recogidos ni semirecogidos. Este servicio es ideal si tienes una cita importante a la que te apetece acudir perfecta. Haz tu reserva con nuestros expertos estilistas de Navalon Peluqueros y no te arrepentirás del resultadoF"
        }, 
        {
            "service_category": "Peluquería", 
            "service": "Mechas *Babylights* Media Melena", 
            "duration": 5400, 
            "price": "75,9 € ", 
            "description": "Aportan un resultado uniforme pero potenciado y muy natural, mediante mechas muy finas y abundantes, utilizando, normalmente dos o tres tonos similares. Perfecto para mujeres que buscan aportar color y brillo en su melena pero de una forma muy sutil, con un resultado espectacular. El servicio incluye las mechas y el lavado con champú pero no incluye el peinado de la melenaF"
        }, 
        {
            "service_category": "Peluquería", 
            "service": "Mechas *Babylights* Pelo Corto", 
            "duration": 2700, 
            "price": "68 € ", 
            "description": "Tratamiento termodinámico alisa los cabellos ondulados, facilitando el peinado y mantenimiento diarios, haciendo desaparecer el encrespamiento en el caso de cabellos muy rizados. Dependiendo de el resultado que deseé obtener el cliente y su tipo de cabello, se aplicará una intensidad de tratamiento distinta. En ningún caso el cabello pierde volumen ni se deteriora, ya que, el producto, sin necesidad de romper la fibra capilar, la rellena y repara aportando brillo e hidratación. EXTRALARGOS CONSULTAR PRECIF"
        }, 
        {
            "service_category": "Peluquería", 
            "service": "Mechas *Babylights* Pelo Largo", 
            "duration": 7200, 
            "price": "85,9 € ", 
            "description": "Aportan un resultado uniforme pero potenciado y muy natural, mediante mechas muy finas y abundantes, utilizando, normalmente dos o tres tonos similares. Perfecto para mujeres que buscan aportar color y brillo en su melena pero de una forma muy sutil, con un resultado espectacular. El servicio incluye las mechas y el lavado con champú pero no incluye el peinado de la melenaF"
        }, 
        {
            "service_category": "Peluquería", 
            "service": "Mechas Californianas", 
            "duration": 3600, 
            "price": "48 € ", 
            "description": "La alternativa a las mechas o reflejos, aportan la misma luminosidad pero sin necesidad de realizar un mantenimiento tan frecuente, ya que se realizan con un cuidadoso degradado de color en medios y puntas. Sobre melenas coloreadas o con base natural, perfectas en todo tipo de pelo, doradas, cobrizas, naturales, tú eliges el color. Para melenas extra largas consultar precio. El servicio incluye las mechas, lavado con champú especial y crema suavizanteF"
        }, 
        {
            "service_category": "Peluquería", 
            "service": "Mechas Clásicas Media Melena", 
            "duration": 3600, 
            "price": "44,9 € ", 
            "description": "Elaboradas con la técnica del papel de aluminio térmico. Se reparten por toda la cabeza, creando un tono nuevo en el cabello. El servicio incluye las mechas y el lavado con champú pero no incluye el peinado de la melena. ¿A qué estás esperando para hacer tu reserva online con nosotros y lucir un look renovado? No te arrepentirás del resultadoF"
        }, 
        {
            "service_category": "Peluquería", 
            "service": "Mechas Clásicas Pelo Corto", 
            "duration": 2700, 
            "price": "35,9 € ", 
            "description": "Elaboradas con la técnica del papel de aluminio térmico. Se reparten por toda la cabeza, creando un tono nuevo en el cabello. El servicio incluye las mechas y el lavado con champú pero no incluye el peinado de la melena. ¿A qué estás esperando para hacer tu reserva online con nosotros y lucir un look renovado? No te arrepentirás del resultadoF"
        }, 
        {
            "service_category": "Peluquería", 
            "service": "Mechas Clásicas Pelo Largo", 
            "duration": 3600, 
            "price": "54 € ", 
            "description": "Elaboradas con la técnica del papel de aluminio térmico. Se reparten por toda la cabeza, creando un tono nuevo en el cabello. El servicio incluye las mechas y el lavado con champú pero no incluye el peinado de la melena. ¿A qué estás esperando para hacer tu reserva online con nosotros y lucir un look renovado? No te arrepentirás del resultadoF"
        }, 
        {
            "service_category": "Peluquería", 
            "service": "Ondas Surferas Semipermanentes", 
            "duration": 2700, 
            "price": "38,9 € ", 
            "description": "Se realizan con un producto respetuoso con el cabello, que no lo deteriora ni deshidrata, ya que, a diferencia de la permanente tradicional, no rompe los enlaces cistínicos del cabello. Son el resultado óptimo para quienes deseen aportar volumen a cabellos finos, lacios o demasiado lisos. El resultado, una melena con volumen, ondas ligeras, favorecedoras, y fáciles de manejarF"
        }, 
        {
            "service_category": "Peluquería", 
            "service": "Reflejos Media Melena", 
            "duration": 3600, 
            "price": "46,9 € ", 
            "description": "Se crean de forma sutil, tan solo en las zonas elegidas de la melena, combina varios matices de color, aportando al cabello luminosidad con un efecto muy natural. El servicio incluye las mechas y el lavado con champú pero no incluye el peinado de la melena. ¿A qué estás esperando para hacer tu reserva online con nosotros y lucir un look renovado? No te arrepentirás del resultadoF"
        }, 
        {
            "service_category": "Peluquería", 
            "service": "Reflejos Pelo Corto", 
            "duration": 2700, 
            "price": "38 € ", 
            "description": "Se crean de forma sutil, tan solo en las zonas elegidas de la melena, combina varios matices de color, aportando al cabello luminosidad con un efecto muy natural. El servicio incluye las mechas y el lavado con champú pero no incluye el peinado de la melena. ¿A qué estás esperando para hacer tu reserva online con nosotros y lucir un look renovado? No te arrepentirás del resultadoF"
        }, 
        {
            "service_category": "Peluquería", 
            "service": "Reflejos Pelo Largo", 
            "duration": 3600, 
            "price": "56,9 € ", 
            "description": "Se crean de forma sutil, tan solo en las zonas elegidas de la melena, combina varios matices de color, aportando al cabello luminosidad con un efecto muy natural. El servicio incluye las mechas y el lavado con champú pero no incluye el peinado de la melena. ¿A qué estás esperando para hacer tu reserva online con nosotros y lucir un look renovado? No te arrepentirás del resultadoF"
        }, 
        {
            "service_category": null, 
            "service": "Alisado Queratina Hombres", 
            "duration": 2700, 
            "price": "38 € ", 
            "description": "Con este servicio lucirás siempre peinado sin necesidad de pasarte plancha ni secador. Alisa cabello rizado o encrespado sin dañar tu cabello, ya que nuestro tratamiento no contiene productos químicos. Cada vez es mayor la demanda de este alisado para hombres, ya que resulta muy eficaz y cómodo para ellosF"
        }, 
        {
            "service_category": null, 
            "service": "Alisado Queratina Y Ácido Hialurónico- Corto", 
            "duration": 7200, 
            "price": "89,9 € ", 
            "description": "Tratamiento termodinámico alisa los cabellos ondulados, facilitando el peinado y mantenimiento diarios, haciendo desaparecer el encrespamiento en el caso de cabellos muy rizados. Dependiendo de el resultado que deseé obtener el cliente y su tipo de cabello, se aplicará una intensidad de tratamiento distinta. En ningún caso el cabello pierde volumen ni se deteriora, ya que, el producto, sin necesidad de romper la fibra capilar, la rellena y repara aportando brillo e hidratación. EXTRALARGOS CONSULTAR PRECIF"
        }, 
        {
            "service_category": null, 
            "service": "Alisado Queratina Y Ácido Hialurónico- Medio", 
            "duration": 9000, 
            "price": "120 € ", 
            "description": "Tratamiento termodinámico alisa los cabellos ondulados, facilitando el peinado y mantenimiento diarios, haciendo desaparecer el encrespamiento en el caso de cabellos muy rizados. Dependiendo de el resultado que deseé obtener el cliente y su tipo de cabello, se aplicará una intensidad de tratamiento distinta. En ningún caso el cabello pierde volumen ni se deteriora, ya que, el producto, sin necesidad de romper la fibra capilar, la rellena y repara aportando brillo e hidratación. EXTRALARGOS CONSULTAR PRECIF"
        }, 
        {
            "service_category": null, 
            "service": "Alisado Queratina Y Ácido Hialurónico- Pelo Largo", 
            "duration": 9000, 
            "price": "145,9 € ", 
            "description": "Tratamiento termodinámico alisa los cabellos ondulados, facilitando el peinado y mantenimiento diarios, haciendo desaparecer el encrespamiento en el caso de cabellos muy rizados. Dependiendo de el resultado que deseé obtener el cliente y su tipo de cabello, se aplicará una intensidad de tratamiento distinta. En ningún caso el cabello pierde volumen ni se deteriora, ya que, el producto, sin necesidad de romper la fibra capilar, la rellena y repara aportando brillo e hidratación. EXTRALARGOS CONSULTAR PRECIF"
        }
    ]
}