{
    "adid": null, 
    "name": "Judy Cray", 
    "name_of_contact": "Judy Cray", 
    "scrape_page": "https://www.bucmi.com/judycray", 
    "business_website": "https://www.bucmi.com/judycray", 
    "areas_covered": null, 
    "description": "Judy Cray en calle de Ayala 4 en el Barrio de Salamanca de Madrid es un centro pionero en uñas esculpidas de acrílico y gel, que propone tratamientos de uñas sanos y seguros con resultados de alto nivel. Fundado en 2005 por Raquel Verdasco, su directora, bajo la marca Judy Cray, la americana que creó el primer centro de uñas de España a finales de los '70, ofrece manicuras y pedicuras perfectas, al puro estilo hollywoodense.", 
    "img_link": [
        "https://d1nd15w2k87kz0.cloudfront.net/Uploads/636039354337188710.jpg", 
        "https://d1nd15w2k87kz0.cloudfront.net/Uploads/636039354340313810.jpg", 
        "https://d1nd15w2k87kz0.cloudfront.net/Uploads/636039354341098902.jpg", 
        "https://d1nd15w2k87kz0.cloudfront.net/Uploads/636039354343597536.jpg", 
        "https://d1nd15w2k87kz0.cloudfront.net/Uploads/636039354341565868.jpg", 
        "https://d1nd15w2k87kz0.cloudfront.net/Uploads/636039354341878401.jpg", 
        "https://d1nd15w2k87kz0.cloudfront.net/Uploads/636039354343128484.jpg", 
        "https://d1nd15w2k87kz0.cloudfront.net/Uploads/636039354346100564.jpg", 
        "https://d1nd15w2k87kz0.cloudfront.net/Uploads/636039354343128484.jpg"
    ], 
    "hqdb_featured_ad_type": "Featured", 
    "hqdb_nr_reviews": "10", 
    "hqdb_review_score": "7,6", 
    "accreditations": null, 
    "category": null, 
    "subcategory": null, 
    "street": "C/ Ayala, 4", 
    "city": "Madrid", 
    "zipcode": "28001", 
    "formatted_address": "C/ Ayala, 4, Madrid, 28001", 
    "country": "es", 
    "office_number": "915775629", 
    "office_number2": null, 
    "mobile_number": null, 
    "mobile_number2": null, 
    "unidentified_phone_numbers": null, 
    "latitude": "40.4278711000", 
    "longitude": "-3.6888338999", 
    "business_email": null, 
    "yelp_page": null, 
    "facebook": null, 
    "twitter": null, 
    "instagram": null, 
    "venue_images": "https://d1nd15w2k87kz0.cloudfront.net/Logotipos/636295769376061014.jpg", 
    "opening_hours_raw": null, 
    "pricelist_link": null, 
    "services": [
        {
            "service_category": "Preferente", 
            "service": "Manicura Judy Cray", 
            "duration": 1800, 
            "price": "20 € ", 
            "description": "Servicio que incluye: cuidado de cutículas, corte de uñas para darles forma y esmaltado normal Masglo. Se realizará además un peeling y una hidratación con guante de queratina."
        }, 
        {
            "service_category": "Preferente", 
            "service": "Pedicura Judy Cray", 
            "duration": 1800, 
            "price": "35 € ", 
            "description": "Consiste en retirar esmalte, cutículas, callos y durezas, exfoliar la piel, masajear con crema hidratante y por último aplicar un esmaltado normal a elegir entre la variedad de colores de Masglo."
        }, 
        {
            "service_category": "Estética", 
            "service": "Permanente De Pestañas", 
            "duration": 1800, 
            "price": "25 € ", 
            "description": "Sesión de permanente de pestañas para dar una forma curvada a tus pestañas. Efecto duradero."
        }, 
        {
            "service_category": "Estética", 
            "service": "Tinte De Pestañas", 
            "duration": 1800, 
            "price": "13 € ", 
            "description": "Servicio de tinte de pestañas para oscurecer el color de tus pestañas."
        }, 
        {
            "service_category": "Estética", 
            "service": "Tinte Y Permanente De Pestañas", 
            "duration": 3600, 
            "price": "35 € ", 
            "description": "Servicio de tinte y permanente de pestañas, para unas pestañas más oscuras y curvadas."
        }, 
        {
            "service_category": "Manicura y Pedicura", 
            "service": "Uñas De Gel O De Acrílico", 
            "duration": 2700, 
            "price": "65 € ", 
            "description": "Manicura perfecta con la aplicación de uñas de gel o acrílico. El servicio solo incluye el esmaltado normal. Para un esmaltado permanente, habrá que abonar un suplemento en el centro."
        }, 
        {
            "service_category": "Manicura y Pedicura", 
            "service": "Uñas De Gel O De Acrílico Con Francesa", 
            "duration": 2700, 
            "price": "75 € ", 
            "description": "Manicura perfecta con aplicación de uñas de gel o acrílico. El precio incluye manicura francesa y esmaltado normal. En caso de querer un esmaltado permanente, se cobrará un suplemento en el centro."
        }, 
        {
            "service_category": "Manicura y Pedicura", 
            "service": "Manicura Exprés", 
            "duration": 1800, 
            "price": "10 € ", 
            "description": "El servicio incluye: quitar esmalte, repasar la forma de la uñas y volver a pintar el color a elegir entre la amplia variedad de colores de Masglo. Esmaltado normal, no incluye permanente."
        }, 
        {
            "service_category": "Manicura y Pedicura", 
            "service": "Manicura Exprés Permanente", 
            "duration": 1800, 
            "price": "25 € ", 
            "description": "El servicio incluye corte, limado y esmaltado permanente de uñas. A elegir color entre la amplia gama de productos Opi."
        }, 
        {
            "service_category": "Manicura y Pedicura", 
            "service": "Manicura Judy Cray", 
            "duration": 1800, 
            "price": "20 € ", 
            "description": "Servicio que incluye: cuidado de cutículas, corte de uñas para darles forma y esmaltado normal Masglo. Se realizará además un peeling y una hidratación con guante de queratina."
        }, 
        {
            "service_category": "Manicura y Pedicura", 
            "service": "Manicura Permanente Judy Cray", 
            "duration": 3600, 
            "price": "30 € ", 
            "description": "Durante el servicio se realizará el limado, la retirada de cutículas, corte para dar forma a las uñas, esmaltado permanente Opi y peeling con aplicación de crema hidratante."
        }, 
        {
            "service_category": "Manicura y Pedicura", 
            "service": "Manicura Spa", 
            "duration": 1800, 
            "price": "40 € ", 
            "description": "El servicio incluye: retirada de cutículas, corte uñas, limado, peeling, aplicación de crema con masaje, esmaltado normal Masglo y un tratamiento a elegir entre: algas, Parafina o antimanchas."
        }, 
        {
            "service_category": "Manicura y Pedicura", 
            "service": "Manicura Y Pedicura Judy Cray", 
            "duration": 5400, 
            "price": "50 € ", 
            "description": "El tratamiento incluye: retirada de cutículas, corte de uñas, peeling, crema hidratante con masaje, retirada de durezas y esmaltado a elegir en nuestra gama de colores de la marca Masglo. No incluye esmaltado permanente. Para uñas de manos y pies impecables."
        }, 
        {
            "service_category": "Manicura y Pedicura", 
            "service": "Pedicura Exprés", 
            "duration": 1800, 
            "price": "15 € ", 
            "description": "El servicio incluye el cortado y limado de las uñas. Por último, se aplicará el esmaltado normal a elegir entre los colores de la marca Masglo."
        }, 
        {
            "service_category": "Manicura y Pedicura", 
            "service": "Pedicura Exprés Permanente", 
            "duration": 1800, 
            "price": "30 € ", 
            "description": "El servicio incluye una pedicura exprés con cortado y limado de uñas. Por último, se aplicará un esmaltado permanente en el color que prefieras dentro de la amplia gama de colores de la marca Opi."
        }, 
        {
            "service_category": "Manicura y Pedicura", 
            "service": "Pedicura Permanente Judy Cray", 
            "duration": 3600, 
            "price": "45 € ", 
            "description": "Consiste en retirar el esmalte y cutículas, tratar callos y durezas, exfoliar la piel, aplicar una crema hidratante con masaje y esmaltado permanente de la marca Opi. Para unos pies impecables durante 1 mes."
        }, 
        {
            "service_category": "Manicura y Pedicura", 
            "service": "Pedicura Spa", 
            "duration": 3600, 
            "price": "55 € ", 
            "description": "Este servicio incluye: retirada de cutículas, corte de uñas, retirada de callos y durezas, peeling, aplicación de crema hidratante con masaje, esmaltado normal a elegir en nuestra gama de colores de Masglo. Se finalizará con un tratamiento a elegir entre: algas, parafina o antimanchas."
        }, 
        {
            "service_category": "Manicura y Pedicura", 
            "service": "Reconstrucción De Uña Rota", 
            "duration": 1800, 
            "price": "5 € ", 
            "description": "El precio del servicio es por uña de la mano. En caso de querer reconstruir una uña del pie se cobrará un suplemento en el salón."
        }, 
        {
            "service_category": "Manicura y Pedicura", 
            "service": "Relleno Uñas De Gel", 
            "duration": 3600, 
            "price": "33 € ", 
            "description": "Servicio de relleno de uñas de gel naturales con esmaltado normal. En caso de querer un esmalte permanente, se tendrá que abonar la diferencia en el centro."
        }, 
        {
            "service_category": "Manicura y Pedicura", 
            "service": "Relleno Uñas De Gel Francesa", 
            "duration": 3600, 
            "price": "39 € ", 
            "description": "Servicio de relleno de uñas de gel con manicura francesa, usando dos polvos distintos. Para unas uñas cuidadas y elegantes."
        }, 
        {
            "service_category": "Manicura y Pedicura", 
            "service": "Retirada De Uñas De Gel O Porcelana", 
            "duration": 1800, 
            "price": "25 € ", 
            "description": "Servicio de retirada de uñas de gel o de porcelana de la mano de los profesionales del centro."
        }, 
        {
            "service_category": "Manicura y Pedicura", 
            "service": "Pedicura Judy Cray", 
            "duration": 1800, 
            "price": "35 € ", 
            "description": "Consiste en retirar esmalte, cutículas, callos y durezas, exfoliar la piel, masajear con crema hidratante y por último aplicar un esmaltado normal a elegir entre la variedad de colores de Masglo."
        }, 
        {
            "service_category": "Depilación", 
            "service": "Depilación Cera Brazos Enteros", 
            "duration": 1800, 
            "price": "12 € ", 
            "description": "Depilación de brazos enteros con cera tibia. Para olvidarte del vello durante al menos 3 semanas."
        }, 
        {
            "service_category": "Depilación", 
            "service": "Depilación Cera Ingles", 
            "duration": 1800, 
            "price": "12 € ", 
            "description": "Depilación de ingles con cera tibia o caliente. Para olvidarte del vello durante al menos 3 semanas."
        }, 
        {
            "service_category": "Depilación", 
            "service": "Depilación Cera Ingles Brasileñas", 
            "duration": 1800, 
            "price": "19 € ", 
            "description": "Depilación de ingles brasileñas con cera tibia o caliente. Para olvidarte del vello durante al menos 3 semanas."
        }, 
        {
            "service_category": "Depilación", 
            "service": "Depilación Cera Ingles Completas", 
            "duration": 2700, 
            "price": "25 € ", 
            "description": "Depilación de ingles completas con cera tibia o caliente. Para olvidarte del vello durante al menos 3 semanas."
        }, 
        {
            "service_category": "Depilación", 
            "service": "Depilación Cera Medias Piernas", 
            "duration": 1800, 
            "price": "15 € ", 
            "description": "Depilación de axilas con cera tibia. Para unas piernas suaves y libres de vello."
        }, 
        {
            "service_category": "Depilación", 
            "service": "Depilación Cera Medios Brazos", 
            "duration": 900, 
            "price": "10 € ", 
            "description": "Depilación de medios brazos con cera tibia. Para olvidarte del vello durante al menos 3 semanas."
        }, 
        {
            "service_category": "Depilación", 
            "service": "Depilación Cera Piernas Enteras", 
            "duration": 1800, 
            "price": "20 € ", 
            "description": "Depilación de axilas con cera tibia. Para unas piernas bonitas y libres de vello durante al menos 3 semanas."
        }, 
        {
            "service_category": "Depilación", 
            "service": "Depilación Hilo Cejas", 
            "duration": 1800, 
            "price": "10 € ", 
            "description": "Diseño de cejas con depilación de hilo. Las ventajas de este método son numerosas: es rápido, indoloro y duradero."
        }, 
        {
            "service_category": "Depilación", 
            "service": "Depilación Hilo Labio", 
            "duration": 900, 
            "price": "10 € ", 
            "description": "Depilación de labio superior con hilo. Las ventajas que tiene este método son numerosas: es rápido, indoloro y duradero."
        }, 
        {
            "service_category": "Depilación", 
            "service": "Diseño De Cejas", 
            "duration": 1800, 
            "price": "20 € ", 
            "description": "Diseño y depilación de cejas usando la técnica del hilo. Asesorado por los expertos en imagen del centro."
        }
    ]
}