{
    "adid": null, 
    "name": "Reina Mercedes", 
    "name_of_contact": "Reina Mercedes", 
    "scrape_page": "https://www.bucmi.com/reinamercedes", 
    "business_website": "https://www.bucmi.com/reinamercedes", 
    "areas_covered": null, 
    "description": "En Reina Mercedes Centro Médico trabajamos para mejorar la calidad de vida de cada uno de nuestros pacientes.Disponemos de un equipo de profesionales sanitarios con gran experiencia y altamente cualificados. Ofrecemos servicios de depilación láser.", 
    "img_link": [
        "https://d1nd15w2k87kz0.cloudfront.net/Uploads/636262173813496253.jpg", 
        "https://d1nd15w2k87kz0.cloudfront.net/Uploads/636262173840839214.jpg", 
        "https://d1nd15w2k87kz0.cloudfront.net/Uploads/636262173865525943.jpg", 
        "https://d1nd15w2k87kz0.cloudfront.net/Uploads/636262173897400115.jpg", 
        "https://d1nd15w2k87kz0.cloudfront.net/Uploads/636262173921461838.jpg", 
        "https://d1nd15w2k87kz0.cloudfront.net/Uploads/636262173949742524.jpg", 
        "https://d1nd15w2k87kz0.cloudfront.net/Uploads/636262173985210197.jpg", 
        "https://d1nd15w2k87kz0.cloudfront.net/Uploads/636262174009428443.jpg", 
        "https://d1nd15w2k87kz0.cloudfront.net/Uploads/636262174063802062.jpg"
    ], 
    "hqdb_featured_ad_type": "Featured", 
    "hqdb_nr_reviews": "3", 
    "hqdb_review_score": "8,0", 
    "accreditations": null, 
    "category": null, 
    "subcategory": null, 
    "street": null, 
    "city": "Madrid", 
    "zipcode": "28036", 
    "formatted_address": "Madrid, 28034, Madrid, 28036", 
    "country": "es", 
    "office_number": "917826182", 
    "office_number2": null, 
    "mobile_number": null, 
    "mobile_number2": null, 
    "unidentified_phone_numbers": null, 
    "latitude": "40.4515582999", 
    "longitude": "-3.6886968999", 
    "business_email": null, 
    "yelp_page": null, 
    "facebook": null, 
    "twitter": null, 
    "instagram": null, 
    "venue_images": "https://d1nd15w2k87kz0.cloudfront.net/Logotipos/635955595250435884.jpg", 
    "opening_hours_raw": null, 
    "pricelist_link": null, 
    "services": [
        {
            "service_category": "Preferente", 
            "service": "5 Sesiones Láser Diodo Piernas Enteras", 
            "duration": 2700, 
            "price": "300 € ", 
            "description": "¿Buscas una depilación definitiva e indolora? ¡Reserva ahora una cita con nosotros! Gracias a nuestros magníficos precios podrás permitirte la depilación de moda, el láser de diodo. Este láser es indoloro y te garantiza la desaparición del vello de tus piernas para siempre."
        }, 
        {
            "service_category": "Preferente", 
            "service": "Bono 5 Ss Láser Diodo Brazos Enteros", 
            "duration": 2700, 
            "price": "300 € ", 
            "description": "¿Buscas una depilación definitiva e indolora? ¡Reserva ahora una cita con nosotros! Gracias a nuestros magníficos precios podrás permitirte la depilación de moda, el láser de diodo. Este láser es indoloro y te garantiza la desaparición del vello de tus brazos para siempre."
        }, 
        {
            "service_category": "Preferente", 
            "service": "Bono 5 Sesiones Depilación Laser Diodo Hombre", 
            "duration": 1800, 
            "price": "300 € ", 
            "description": "¿No estás agusto teniendo vello en la espalda? ¡No te preocupes! Si reservas este bono de 5 sesiones de depilación laser de diodo, podrás olvidarte para siempre del vello de tu espalda, hombros y lumbares."
        }, 
        {
            "service_category": "Preferente", 
            "service": "Bono 5 Sesiones Depilación Laser Diodo Axilas", 
            "duration": 900, 
            "price": "75 € ", 
            "description": "¿Buscas una depilación definitiva e indolora? ¡Reserva ahora este pack de 5 sesiones! Gracias a nuestros magníficos precios podrás permitirte la depilación de moda, el laser de diodo. Este laser es indoloro y te garantiza la desapareción del vello de tus axilas para siempre."
        }, 
        {
            "service_category": "Depilación", 
            "service": "5 Sesiones Láser Diodo Piernas Enteras", 
            "duration": 2700, 
            "price": "300 € ", 
            "description": "¿Buscas una depilación definitiva e indolora? ¡Reserva ahora una cita con nosotros! Gracias a nuestros magníficos precios podrás permitirte la depilación de moda, el láser de diodo. Este láser es indoloro y te garantiza la desaparición del vello de tus piernas para siempre."
        }, 
        {
            "service_category": "Depilación", 
            "service": "Bono 5 Ss Láser Diodo Brazos Enteros", 
            "duration": 2700, 
            "price": "300 € ", 
            "description": "¿Buscas una depilación definitiva e indolora? ¡Reserva ahora una cita con nosotros! Gracias a nuestros magníficos precios podrás permitirte la depilación de moda, el láser de diodo. Este láser es indoloro y te garantiza la desaparición del vello de tus brazos para siempre."
        }, 
        {
            "service_category": "Depilación", 
            "service": "10 Sesiones Dep. Láser Pecho Y Abdomen", 
            "duration": 2700, 
            "price": "440 € ", 
            "description": "Este servicio tiene una duración de 40 minutos. Si quieres deshacerte del vello del pecho y abdomen, tienes que reservar este bono de 10 sesiones de depilación láser en el pecho y abdomen. Utilizamos el láser de diodo que es indoloro y muy efectivo."
        }, 
        {
            "service_category": "Depilación", 
            "service": "10 Sesiones Dep. Láser Espalda, Lumbares Y Hombros", 
            "duration": 2700, 
            "price": "590 € ", 
            "description": "Este servicio tiene una duración de 40 minutos. ¡Gracias a nuestro láser de diodo podrás disfrutar de tu espalda sin vello! Si reservas este bono de 10 sesiones en espalda y lumbares, no tendrás que preocuparte más por la depilación."
        }, 
        {
            "service_category": "Depilación", 
            "service": "5 Sesiones Dep. Láser Diodo Pecho Y Abdomen Hombre", 
            "duration": 2700, 
            "price": "238 € ", 
            "description": "Si quieres deshacerte del vello del pecho y abdomen, tienes que reservar este bono de 5 sesiones de depilación láser en el pecho y abdomen. Utilizamos el láser de diodo que es indoloro y muy efectivo."
        }, 
        {
            "service_category": "Depilación", 
            "service": "Bono 5 Sesiones Depilación Láser Ingles Brasileñas", 
            "duration": 900, 
            "price": "170 € ", 
            "description": "Este servicio tiene una duración de 20 minutos. ¿Buscas una depilación definitiva e indolora? ¡Reserva ahora una cita con nosotros! Gracias a nuestros magníficos precios podrás permitirte la depilación de moda, el láser de diodo. Este láser es indoloro y te garantiza la desaparición del vello de tus ingles para siempre."
        }, 
        {
            "service_category": "Depilación", 
            "service": "Bono 5 Sesiones Láser Diodo Ingles Completas", 
            "duration": 1800, 
            "price": "220 € ", 
            "description": "El servicio tiene una duración de 20 minutos.¡Aprovecha esta oportunidad! Reserva ahora y podrás beneficiarte de este bono de 5 sesiones de láser de diodo en tus ingles. Verás como desaparece."
        }, 
        {
            "service_category": "Depilación", 
            "service": "Bono 5 Sesiones Depilación Laser Diodo Hombre", 
            "duration": 1800, 
            "price": "300 € ", 
            "description": "¿No estás agusto teniendo vello en la espalda? ¡No te preocupes! Si reservas este bono de 5 sesiones de depilación laser de diodo, podrás olvidarte para siempre del vello de tu espalda, hombros y lumbares."
        }, 
        {
            "service_category": "Depilación", 
            "service": "Bono 5 Sesiones Depilación Laser Diodo Axilas", 
            "duration": 900, 
            "price": "75 € ", 
            "description": "¿Buscas una depilación definitiva e indolora? ¡Reserva ahora este pack de 5 sesiones! Gracias a nuestros magníficos precios podrás permitirte la depilación de moda, el laser de diodo. Este laser es indoloro y te garantiza la desapareción del vello de tus axilas para siempre."
        }, 
        {
            "service_category": "Depilación", 
            "service": "10 Sesiones Dep. Laser Medias Piernas E Ingles", 
            "duration": 2700, 
            "price": "250 € ", 
            "description": "Con este bono de 10 sesiones de depilación laser de diodo, podrás despedirte del vello de tus medias piernas e ingles (linea del bikini) para siempre. ¡No lo dudes y reserva ahora esta gran oferta!"
        }, 
        {
            "service_category": "Depilación", 
            "service": "10 Sesiones Dep. Laser Medias Piernas Y Axilas", 
            "duration": 2700, 
            "price": "250 € ", 
            "description": "¡Ahorra dinero sin prescindir de la depilación laser! Con este bono de 10 sesiones de medias piernas y axilas, podrás despedirte del vello para siempre. Utilizamos el laser indoloro de diodo."
        }, 
        {
            "service_category": "Depilación", 
            "service": "10 Sesiones Dep. Laser Piernas Enteras E Ingles", 
            "duration": 2700, 
            "price": "399 € ", 
            "description": "Este servicio tiene una duración de 40 minutos. ¡Reserva nuestro bono de 10 sesiones de depilación láser en piernas enteras e ingles (línea del bikini)! Utilizamos el láser de diodo. Te ahorrarás dinero gracias a nuestra oferta."
        }, 
        {
            "service_category": "Depilación", 
            "service": "10 Sesiones Dep. Laser Piernas Enteras Y Axilas", 
            "duration": 2700, 
            "price": "299 € ", 
            "description": "¡Aprovechate de nuestro bono de 10 sesiones de depilación laser de diodo en piernas enteras y axilas! Verás como el vello de las zonas tratadas desaparece con cada sesión. ¡Reserva ya!"
        }, 
        {
            "service_category": "Depilación", 
            "service": "10 Sesiones Depilación Laser Ingles Y Axilas", 
            "duration": 1800, 
            "price": "160 € ", 
            "description": "Aprovecha este pack de 10 sesiones de depilación laser de diodo en dos zonas: axilas e ingles. ¡No tendrás ni un pelo y ahorrarás dinero! ¡Olvidate de la depilación para siempre!"
        }, 
        {
            "service_category": "Depilación", 
            "service": "5 Sesiones Dep. Laser Medias Piernas E Ingles", 
            "duration": 2700, 
            "price": "150 € ", 
            "description": "Con este bono de 5 sesiones de depilación laser de diodo, podrás despedirte del vello de tus medias piernas e ingles para siempre. ¡No lo dudes y reserva ahora esta gran oferta!"
        }, 
        {
            "service_category": "Depilación", 
            "service": "5 Sesiones Dep. Laser Piernas Enteras E Ingles", 
            "duration": 3600, 
            "price": "225 € ", 
            "description": "¡Reserva nuestro bono de 5 sesiones de depilación láser en piernas enteras e ingles (línea del bikini)! Utilizamos el láser de diodo. Te ahorrarás dinero gracias a nuestra oferta."
        }, 
        {
            "service_category": "Depilación", 
            "service": "5 Sesiones Dep. Laser Piernas Enteras Y Axilas", 
            "duration": 3600, 
            "price": "180 € ", 
            "description": "¡Aprovechate de nuestro bono de 5 sesiones de depilación laser de diodo en piernas enteras y axilas! Verás como el vello de las zonas tratadas desaparece con cada sesión. ¡Reserva ya!"
        }, 
        {
            "service_category": "Depilación", 
            "service": "5 Sesiones Depilación Laser Axilas E Ingles", 
            "duration": 1800, 
            "price": "110 € ", 
            "description": "Aprovecha este pack de 5 sesiones de depilación laser de diodo en dos zonas: axilas e ingles. ¡No tendrás ni un pelo y ahorrarás dinero!"
        }, 
        {
            "service_category": "Depilación", 
            "service": "5 Sesiones Depilación Laser Diodo Medias Piernas", 
            "duration": 1800, 
            "price": "135 € ", 
            "description": "¡Aprovecha este bono de 5 sesiones de depilación laser! Elimina ese vello tan molesto definitivamente con esta técnica del laser de diodo indolora. Nuestros profesionales te asesorarán según tu tipo de vello y piel. Confía en nuestro centro, te asombrará el resultado."
        }, 
        {
            "service_category": "Depilación", 
            "service": "5 Sesiones Laser Medias Piernas Y Axilas", 
            "duration": 2700, 
            "price": "150 € ", 
            "description": "¡Ahorra dinero sin prescindir de la depilación laser! Con este bono de 5 sesiones de medias piernas y axilas, podrás despedirte del vello para siempre. Utilizamos el laser de diodo."
        }, 
        {
            "service_category": "Depilación", 
            "service": "Bono 5 Sesiones Depilación Láser Diodo Hombre", 
            "duration": 2700, 
            "price": "238 € ", 
            "description": "Este servicio tiene una duración de 40 minutos e incluye el pecho y el abdomen. ¿Buscas una depilación definitiva e indolora? ¡Reserva ahora una cita con nosotros! Gracias a nuestros magníficos precios podrás permitirte la depilación de moda, el láser de diodo. Este láser es indoloro y te garantiza la desaparición del vello de tu pecho y abdomen para siempre."
        }, 
        {
            "service_category": "Depilación", 
            "service": "Bono 5 Sesiones Depilación Láser Ingles", 
            "duration": 900, 
            "price": "90 € ", 
            "description": "Este servicio tiene una duración de 20 minutos. ¿Buscas una depilación definitiva e indolora? ¡Reserva ahora una cita con nosotros! Gracias a nuestros magníficos precios podrás permitirte la depilación de moda, el láser de diodo. Este láser es indoloro y te garantiza la desaparición del vello de tus ingles para siempre."
        }, 
        {
            "service_category": "Depilación", 
            "service": "Bono 5 Ss Depilación Láser Ingles Completas", 
            "duration": 900, 
            "price": "220 € ", 
            "description": "¿Buscas una depilación definitiva e indolora? ¡Reserva ahora una cita con nosotros! Gracias a nuestros magníficos precios podrás permitirte la depilación de moda, el láser de diodo. Este láser es indoloro y te garantiza la desaparición del vello de tus ingles completas para siempre."
        }, 
        {
            "service_category": "Depilación", 
            "service": "Depilación Laser Diodo Axilas", 
            "duration": 1800, 
            "price": "15 € ", 
            "description": "¿Buscas una depilación definitiva e indolora? ¡Reserva ahora una cita con nosotros! Gracias a nuestros magníficos precios podrás permitirte la depilación de moda, el laser de diodo. Este laser es indoloro y te garantiza la desapareción del vello de tus axilas para siempre."
        }, 
        {
            "service_category": "Depilación", 
            "service": "Depilación Láser Diodo Brazos Enteros", 
            "duration": 1800, 
            "price": "60 € ", 
            "description": "¿Buscas una depilación definitiva e indolora? ¡Reserva ahora una cita con nosotros! Gracias a nuestros magníficos precios podrás permitirte la depilación de moda, el láser de diodo. Este láser es indoloro y te garantiza la desaparición del vello de tus brazos enteros para siempre."
        }, 
        {
            "service_category": "Depilación", 
            "service": "Depilación Laser Diodo Ingles", 
            "duration": 900, 
            "price": "20 € ", 
            "description": "Si reservas este servicio, podrás disfrutar de la desaparición del vello de tus ingles (Línea del Bikini). Con cada sesión notarás como se debilita el vello de la zona."
        }, 
        {
            "service_category": "Depilación", 
            "service": "Depilación Láser Diodo Ingles Brasileñas", 
            "duration": 900, 
            "price": "25 € ", 
            "description": "Este servicio tiene una duración de 20 minutos. ¿Buscas una depilación definitiva e indolora? ¡Reserva ahora una cita con nosotros! Gracias a nuestros magníficos precios podrás permitirte la depilación de moda, el láser de diodo. Este láser es indoloro y te garantiza la desaparición del vello de tus ingles para siempre."
        }, 
        {
            "service_category": "Depilación", 
            "service": "Depilación Láser Diodo Ingles Completas", 
            "duration": 900, 
            "price": "35 € ", 
            "description": "Este servicio tiene una duración de 20 minutos. ¿Buscas una depilación definitiva e indolora? ¡Reserva ahora una cita con nosotros! Gracias a nuestros magníficos precios podrás permitirte la depilación de moda, el láser de diodo. Este láser es indoloro y te garantiza la desaparición del vello de tus ingles completas para siempre."
        }, 
        {
            "service_category": "Depilación", 
            "service": "Depilación Láser Diodo Medias Piernas", 
            "duration": 1800, 
            "price": "35 € ", 
            "description": "¿Buscas una depilación definitiva e indolora? ¡Reserva ahora una cita con nosotros! Gracias a nuestros magníficos precios podrás permitirte la depilación de moda, el láser de diodo. Este láser es indoloro y te garantiza la desaparición del vello de tus medias piernas para siempre."
        }, 
        {
            "service_category": "Depilación", 
            "service": "Depilación Láser Diodo Medios Brazos", 
            "duration": 1800, 
            "price": "35 € ", 
            "description": "¿Buscas una depilación definitiva e indolora? ¡Reserva ahora una cita con nosotros! Gracias a nuestros magníficos precios podrás permitirte la depilación de moda, el láser de diodo. Este láser es indoloro y te garantiza la desaparición del vello de tus medios brazos para siempre."
        }, 
        {
            "service_category": "Depilación", 
            "service": "Depilación Laser Diodo Piernas Enteras", 
            "duration": 1800, 
            "price": "65 € ", 
            "description": "Disfruta de unas piernas suaves y sin vello para siempre, con la depilación laser de diodo. Está técnica de depilación es indolora y definitiva. Te olvidarás de lo que era depilarte."
        }
    ]
}