{
    "adid": null, 
    "name": "Ivi Nails and Beauty", 
    "name_of_contact": "Ivi Nails and Beauty", 
    "scrape_page": "https://www.bucmi.com/ivinailsandbeauty", 
    "business_website": "https://www.bucmi.com/ivinailsandbeauty", 
    "areas_covered": null, 
    "description": "En Ivi Nails and Beauty encontrarás una amplia gama de tratamientos y servicios que ponemos a tu disposición. Nos gusta asesorarte y ayudarte en todo lo que necesites. Tenemos un equipo de profesionales con años de experiencia. Te esperamos.", 
    "img_link": [
        "https://d1nd15w2k87kz0.cloudfront.net/Uploads/635920916308687307.jpg", 
        "https://d1nd15w2k87kz0.cloudfront.net/Uploads/635920916360313307.jpg", 
        "https://d1nd15w2k87kz0.cloudfront.net/Uploads/635920916387500662.jpg", 
        "https://d1nd15w2k87kz0.cloudfront.net/Uploads/635920916414219332.jpg", 
        "https://d1nd15w2k87kz0.cloudfront.net/Uploads/635920916436406779.jpg"
    ], 
    "hqdb_featured_ad_type": "Featured", 
    "hqdb_nr_reviews": "38", 
    "hqdb_review_score": "9,1", 
    "accreditations": null, 
    "category": null, 
    "subcategory": null, 
    "street": null, 
    "city": "Madrid", 
    "zipcode": "Madrid", 
    "formatted_address": "Madrid, 28006, Madrid, 28009, Madrid, 28034, Madrid, 28002, Madrid, Madrid", 
    "country": "es", 
    "office_number": "912948716", 
    "office_number2": null, 
    "mobile_number": null, 
    "mobile_number2": null, 
    "unidentified_phone_numbers": null, 
    "latitude": "40.4635391000", 
    "longitude": "-3.6932180000", 
    "business_email": null, 
    "yelp_page": null, 
    "facebook": null, 
    "twitter": null, 
    "instagram": null, 
    "venue_images": "https://d1nd15w2k87kz0.cloudfront.net/Logotipos/636029097767294926.jpg", 
    "opening_hours_raw": null, 
    "pricelist_link": null, 
    "services": [
        {
            "service_category": "Preferente", 
            "service": "Esmaltado Permanente Y Full Nailart", 
            "duration": 3600, 
            "price": "23 € ", 
            "description": "El servicio consiste en limar, empujar cutícula y esmaltado color o francesa con duración de hasta 21 días de la marca Organic Nails y además, podrás disfrutar del NailArt a tu gusto en todas las uñas, incluye pedrería swarosvki, pintura acrílica, decoración a mano alzada, estampación, glitters y 3D. ¿Quieres lucir unas uñas no sólo cuidadas sino además atractivas y originales? No lo dudes y reserva ya cómodamente online con nosotros. Se cobra la retirada de esmalte permanente de otro Centro por 5€."
        }, 
        {
            "service_category": "Preferente", 
            "service": "Manicura Completa", 
            "duration": 1800, 
            "price": "12 € ", 
            "description": "Luce unas uñas perfectas con esta manicura completa de la mano de Masglo. El servicio incluye limado de la uña para conseguir la forma deseada, tratamiento de cutículas, exfoliación, hidratación y esmaltado con el color que prefieras. También incluye Manicura Francesa. Podrás lucir así unas uñas perfectas, a un precio super asequible. ¿A qué estás esperando para reservar en Bucmi? Que no te lo cuenten."
        }, 
        {
            "service_category": "Preferente", 
            "service": "Manicura Con Esmaltado Permanente", 
            "duration": 3600, 
            "price": "25 € ", 
            "description": "Luce unas uñas perfectas con esta manicura de larga duración de la mano de Organic Nails. El servicio consiste en limar, remover cutícula, pellejitos y durezas, exfoliación e hidratación de manos y cutículas con esmaltado color o francesa que te durará hasta 21 días. Un color más clásico o, por el contrario, siguiendo las últimas tendencias. Podrás lucir así unas uñas perfectas, a un precio super asequible. Que no te lo cuenten. Se cobra la retirada de esmalte permanente de otro Centro por 5€."
        }, 
        {
            "service_category": "Preferente", 
            "service": "Manicura Y Pedicura", 
            "duration": 5400, 
            "price": "29 € ", 
            "description": "El servicio incluye limado, eliminación de durezas, tratamiento de cutículas, exfoliación, hidratación y esmaltado con el color que prefieras de la marca Masglo. También incluye Manicura y Pedicura Francesa. Lucir unas uñas cuidadas dirán mucho de tí y además, es recomendable hacerlo en cualquier temporada del año. Utilizamos los esmaltes de las primeras marcas. Reserva ya en Bucmi y te encantará el resultado. ¡Calidad al mejor precio!"
        }, 
        {
            "service_category": "Preferente", 
            "service": "Manicura Y Pedicura Permanente", 
            "duration": 7200, 
            "price": "55 € ", 
            "description": "Aprovecha ya este pack de manicura y pedicura de larga duración de la mano de Organic Nails. El servicio consiste en limar, remover cutícula, pellejitos y durezas, exfoliación e hidratación de manos/pies y cutículas con esmaltado color o francesa que te durará hasta 21 días. Un color más clásico o, por el contrario, siguiendo las últimas tendencias. Podrás lucir así unas uñas perfectas, a un precio super asequible. Se cobra la retirada de esmalte permanente de otro Centro por 5€."
        }, 
        {
            "service_category": "Preferente", 
            "service": "Manicura Y Pedicura Spa", 
            "duration": 7200, 
            "price": "35 € ", 
            "description": "Aprovecha ya este pack de manicura y pedicura spa con el que podrás estar perfecta. El servicio consiste en limar la uña para conseguir la forma deseada, remover cutícula, pellejitos y durezas, exfoliación e hidratación de manos/pies y cutículas, mascarilla oclusiva hidratante y masaje relajante. ¿Quieres lucir una piel suave y sedosa, a parte de unas uñas con el esmalte que más vaya contigo? No lo dudes y reserva ya este servicio con nosotros. ¡Te encantará el resultado!"
        }, 
        {
            "service_category": "Preferente", 
            "service": "Pedicura Completa", 
            "duration": 2700, 
            "price": "20 € ", 
            "description": "¡Cuida y embellece tus pies reservando nuestra pedicura básica! El servicio incluye limado, tratamiento de cutículas, eliminación de durezas, exfoliación, hidratación y esmaltado con el color que prefieras de la marca Masglo. Lucir unos pies cuidados dirán mucho de tí y además, es recomendable hacerlo en cualquier temporada del año. Utilizamos los esmaltes de las primeras marcas. Reserva ya en Bucmi y te encantará el resultado. ¡Calidad al mejor precio!"
        }, 
        {
            "service_category": "Preferente", 
            "service": "Pedicura Con Esmaltado Permanente", 
            "duration": 5400, 
            "price": "32 € ", 
            "description": "Luce unas uñas perfectas con esta pedicura de larga duración. El servicio consiste en limar, remover cutícula, pellejitos y durezas, exfoliación e hidratación de pies y cutículas con esmaltado color o francesa que te durará hasta 21 días de la marca Organic Nails. Un color más clásico o, por el contrario, siguiendo las últimas tendencias. Podrás lucir así unas uñas perfectas, a un precio super asequible. Se cobra la retirada de esmalte permanente de otro Centro por 5€."
        }, 
        {
            "service_category": "Preferente", 
            "service": "Uñas Acrílicas Y Esmaltado Permanente", 
            "duration": 5400, 
            "price": "32 € ", 
            "description": "Uñas esculpidas naturales con esmaltado tradicional o permanente, color o francesa. Si tienes las uñas mordidas o muy debilitadas y no puedes lucir una manicura en condiciones, reserva ya este servicio, en manos de nuestros grandes profesionales. Además, podrás elegir el color que más vaya con tu estilo o personalidad. Se cobra una retirada de las uñas de acrílico o gel si son de otro Centro."
        }, 
        {
            "service_category": "Preferente", 
            "service": "Esmaltado Semipermanente", 
            "duration": 1800, 
            "price": "15 € ", 
            "description": "Luce unas uñas perfectas durante 3 semanas. El servicio incluye limado, empujar cutículas, hidratación de cutículas y esmaltado con color o francesa de la mano de Organic Nails. Podrás elegir el tono que más vaya con tu estilo. ¡Porque unas manos bonitas y cuidadas dirán mucho de tí! No lo dudes y reserva ya cómodamente online. ¡Te encantará! Se cobra la retirada de esmalte permanente de otro Centro por 5€."
        }, 
        {
            "service_category": "Estética", 
            "service": "Extensión De Pestañas Pelo A Pelo", 
            "duration": 7200, 
            "price": "60 € ", 
            "description": "¡Levántate cada día prácticamente maquillada, sin necesidad de aplicarte máscara ni rizar tus pestañas! El tratamiento consiste en pegar pestañas sintéticas en las pestañas naturales, pelo por pelo, entre 150 y 200 en cada ojo, sin que tus pestañas sufran. De esta manera, podrás lucir unas pestañas de infarto. ¿A qué estás esperando para reservar en Bucmi? Solo con un clic, con toda comodidad."
        }, 
        {
            "service_category": "Estética", 
            "service": "Relleno Extensión De Pestañas 4ª Semana", 
            "duration": 7200, 
            "price": "30 € ", 
            "description": "4 semanas es el tiempo perfecto para mantener tus pestañas. Tras ello, puedes reservar este servicio de relleno de extensión de pestañas para que tu mirada pueda lucir otra vez la profundidad que buscas. Además, volverás a lucir mucho más volumen de pestañas. Confía en nuestro equipo de profesionales que trabajarán para que quedes satisfecha con el resultado. ¡Te encantará!"
        }, 
        {
            "service_category": "Estética", 
            "service": "Relleno Extensión De Pestañas 5ª Semana", 
            "duration": 7200, 
            "price": "45 € ", 
            "description": "En 5 semanas ya te quedarán muy pocas extensiones por lo que habrá que poner más pestañas y debemos cobrarte un poco más. Tras ello, puedes reservar este servicio de relleno de extensión de pestañas para que tu mirada pueda lucir otra vez la profundidad que buscas. Además, volverás a lucir mucho más volumen de pestañas. Confía en nuestro equipo de profesionales que trabajarán para que quedes satisfecha con el resultado. ¡Te encantará!"
        }, 
        {
            "service_category": "Estética", 
            "service": "Tinte De Pestañas Semipermanente", 
            "duration": 2700, 
            "price": "40 € ", 
            "description": "¿Te gustaría tener unas pestañas como si llevaras máscara por mucho más tiempo? ¡Reserva nuestro servicio de máscara de pestañas semipermanente! Podrás lucir una mirada más intensa, sin pegotes. Tiene una duración de hasta 20 días. El servicio es indoloro y relajante. ¡Reserva ya cómodamente online y quedarás super satisfecha con el resultado! No te arrepentirás. Podrás lucir una mirada mucho más intensa sin necesidad de maquillaje."
        }, 
        {
            "service_category": "Manicura y Pedicura", 
            "service": "Extensión De Pestañas Pelo A Pelo", 
            "duration": 7200, 
            "price": "60 € ", 
            "description": "¡Levántate cada día prácticamente maquillada, sin necesidad de aplicarte máscara ni rizar tus pestañas! El tratamiento consiste en pegar pestañas sintéticas en las pestañas naturales, pelo por pelo, entre 150 y 200 en cada ojo, sin que tus pestañas sufran. De esta manera, podrás lucir unas pestañas de infarto. ¿A qué estás esperando para reservar en Bucmi? Solo con un clic, con toda comodidad."
        }, 
        {
            "service_category": "Manicura y Pedicura", 
            "service": "Relleno Extensión De Pestañas 4ª Semana", 
            "duration": 7200, 
            "price": "30 € ", 
            "description": "4 semanas es el tiempo perfecto para mantener tus pestañas. Tras ello, puedes reservar este servicio de relleno de extensión de pestañas para que tu mirada pueda lucir otra vez la profundidad que buscas. Además, volverás a lucir mucho más volumen de pestañas. Confía en nuestro equipo de profesionales que trabajarán para que quedes satisfecha con el resultado. ¡Te encantará!"
        }, 
        {
            "service_category": "Manicura y Pedicura", 
            "service": "Relleno Extensión De Pestañas 5ª Semana", 
            "duration": 7200, 
            "price": "45 € ", 
            "description": "En 5 semanas ya te quedarán muy pocas extensiones por lo que habrá que poner más pestañas y debemos cobrarte un poco más. Tras ello, puedes reservar este servicio de relleno de extensión de pestañas para que tu mirada pueda lucir otra vez la profundidad que buscas. Además, volverás a lucir mucho más volumen de pestañas. Confía en nuestro equipo de profesionales que trabajarán para que quedes satisfecha con el resultado. ¡Te encantará!"
        }, 
        {
            "service_category": "Manicura y Pedicura", 
            "service": "Tinte De Pestañas Semipermanente", 
            "duration": 2700, 
            "price": "40 € ", 
            "description": "¿Te gustaría tener unas pestañas como si llevaras máscara por mucho más tiempo? ¡Reserva nuestro servicio de máscara de pestañas semipermanente! Podrás lucir una mirada más intensa, sin pegotes. Tiene una duración de hasta 20 días. El servicio es indoloro y relajante. ¡Reserva ya cómodamente online y quedarás super satisfecha con el resultado! No te arrepentirás. Podrás lucir una mirada mucho más intensa sin necesidad de maquillaje."
        }, 
        {
            "service_category": "Manicura y Pedicura", 
            "service": "Esmaltado Permanente Y Full Nailart", 
            "duration": 3600, 
            "price": "23 € ", 
            "description": "El servicio consiste en limar, empujar cutícula y esmaltado color o francesa con duración de hasta 21 días de la marca Organic Nails y además, podrás disfrutar del NailArt a tu gusto en todas las uñas, incluye pedrería swarosvki, pintura acrílica, decoración a mano alzada, estampación, glitters y 3D. ¿Quieres lucir unas uñas no sólo cuidadas sino además atractivas y originales? No lo dudes y reserva ya cómodamente online con nosotros. Se cobra la retirada de esmalte permanente de otro Centro por 5€."
        }, 
        {
            "service_category": "Manicura y Pedicura", 
            "service": "Manicura Completa", 
            "duration": 1800, 
            "price": "12 € ", 
            "description": "Luce unas uñas perfectas con esta manicura completa de la mano de Masglo. El servicio incluye limado de la uña para conseguir la forma deseada, tratamiento de cutículas, exfoliación, hidratación y esmaltado con el color que prefieras. También incluye Manicura Francesa. Podrás lucir así unas uñas perfectas, a un precio super asequible. ¿A qué estás esperando para reservar en Bucmi? Que no te lo cuenten."
        }, 
        {
            "service_category": "Manicura y Pedicura", 
            "service": "Manicura Con Esmaltado Permanente", 
            "duration": 3600, 
            "price": "25 € ", 
            "description": "Luce unas uñas perfectas con esta manicura de larga duración de la mano de Organic Nails. El servicio consiste en limar, remover cutícula, pellejitos y durezas, exfoliación e hidratación de manos y cutículas con esmaltado color o francesa que te durará hasta 21 días. Un color más clásico o, por el contrario, siguiendo las últimas tendencias. Podrás lucir así unas uñas perfectas, a un precio super asequible. Que no te lo cuenten. Se cobra la retirada de esmalte permanente de otro Centro por 5€."
        }, 
        {
            "service_category": "Manicura y Pedicura", 
            "service": "Manicura Express", 
            "duration": 900, 
            "price": "5 € ", 
            "description": "Luce unas uñas perfectas con esta manicura express. Si no tienes mucho tiempo pero aún así quieres presumir de uñas, ven a nuestro centro. El servicio incluye limado de la uña para conseguir la forma deseada, tratamiento de cutículas y esmaltado con el color que prefieras de la marca Masglo. Podrás lucir así unas uñas perfectas, a un precio super asequible. ¿A qué estás esperando para reservar en Bucmi? Que no te lo cuenten."
        }, 
        {
            "service_category": "Manicura y Pedicura", 
            "service": "Manicura Spa", 
            "duration": 2700, 
            "price": "15 € ", 
            "description": "¡Porque unas manos bonitas y cuidadas dirán mucho de tí! El servicio consiste en limar la uña para conseguir la forma deseada, remover cutícula, pellejitos y durezas, exfoliación e hidratación de manos y cutículas, mascarilla oclusiva hidratante y masaje relajante. ¿Quieres lucir una piel suave y sedosa, a parte de unas uñas con el esmalte que más vaya contigo? No lo dudes y reserva ya este servicio con nosotros. ¡Te encantará el resultado!"
        }, 
        {
            "service_category": "Manicura y Pedicura", 
            "service": "Manicura Y Pedicura", 
            "duration": 5400, 
            "price": "29 € ", 
            "description": "El servicio incluye limado, eliminación de durezas, tratamiento de cutículas, exfoliación, hidratación y esmaltado con el color que prefieras de la marca Masglo. También incluye Manicura y Pedicura Francesa. Lucir unas uñas cuidadas dirán mucho de tí y además, es recomendable hacerlo en cualquier temporada del año. Utilizamos los esmaltes de las primeras marcas. Reserva ya en Bucmi y te encantará el resultado. ¡Calidad al mejor precio!"
        }, 
        {
            "service_category": "Manicura y Pedicura", 
            "service": "Manicura Y Pedicura Permanente", 
            "duration": 7200, 
            "price": "55 € ", 
            "description": "Aprovecha ya este pack de manicura y pedicura de larga duración de la mano de Organic Nails. El servicio consiste en limar, remover cutícula, pellejitos y durezas, exfoliación e hidratación de manos/pies y cutículas con esmaltado color o francesa que te durará hasta 21 días. Un color más clásico o, por el contrario, siguiendo las últimas tendencias. Podrás lucir así unas uñas perfectas, a un precio super asequible. Se cobra la retirada de esmalte permanente de otro Centro por 5€."
        }, 
        {
            "service_category": "Manicura y Pedicura", 
            "service": "Manicura Y Pedicura Spa", 
            "duration": 7200, 
            "price": "35 € ", 
            "description": "Aprovecha ya este pack de manicura y pedicura spa con el que podrás estar perfecta. El servicio consiste en limar la uña para conseguir la forma deseada, remover cutícula, pellejitos y durezas, exfoliación e hidratación de manos/pies y cutículas, mascarilla oclusiva hidratante y masaje relajante. ¿Quieres lucir una piel suave y sedosa, a parte de unas uñas con el esmalte que más vaya contigo? No lo dudes y reserva ya este servicio con nosotros. ¡Te encantará el resultado!"
        }, 
        {
            "service_category": "Manicura y Pedicura", 
            "service": "Pedicura Completa", 
            "duration": 2700, 
            "price": "20 € ", 
            "description": "¡Cuida y embellece tus pies reservando nuestra pedicura básica! El servicio incluye limado, tratamiento de cutículas, eliminación de durezas, exfoliación, hidratación y esmaltado con el color que prefieras de la marca Masglo. Lucir unos pies cuidados dirán mucho de tí y además, es recomendable hacerlo en cualquier temporada del año. Utilizamos los esmaltes de las primeras marcas. Reserva ya en Bucmi y te encantará el resultado. ¡Calidad al mejor precio!"
        }, 
        {
            "service_category": "Manicura y Pedicura", 
            "service": "Pedicura Con Esmaltado Permanente", 
            "duration": 5400, 
            "price": "32 € ", 
            "description": "Luce unas uñas perfectas con esta pedicura de larga duración. El servicio consiste en limar, remover cutícula, pellejitos y durezas, exfoliación e hidratación de pies y cutículas con esmaltado color o francesa que te durará hasta 21 días de la marca Organic Nails. Un color más clásico o, por el contrario, siguiendo las últimas tendencias. Podrás lucir así unas uñas perfectas, a un precio super asequible. Se cobra la retirada de esmalte permanente de otro Centro por 5€."
        }, 
        {
            "service_category": "Manicura y Pedicura", 
            "service": "Pedicura Express", 
            "duration": 1800, 
            "price": "8 € ", 
            "description": "Luce unas uñas perfectas con esta pedicura express. Si no tienes mucho tiempo pero aún así quieres presumir de uñas, ven a nuestro centro. El servicio incluye limado de la uña para conseguir la forma deseada, tratamiento de cutículas y esmaltado con el color que prefieras o pedicura francesa de la marca Masglo. Podrás lucir así unas uñas perfectas, a un precio super asequible. ¿A qué estás esperando para reservar en Bucmi? Que no te lo cuenten."
        }, 
        {
            "service_category": "Manicura y Pedicura", 
            "service": "Pedicura Spa", 
            "duration": 5400, 
            "price": "25 € ", 
            "description": "¡Porque unos pies bonitos y cuidados dirán mucho de tí! El servicio consiste en limar la uña para conseguir la forma deseada, remover cutícula, pellejitos y durezas, exfoliación e hidratación de manos y cutículas, mascarilla oclusiva hidratante y masaje relajante. ¿Quieres lucir una piel suave y sedosa, a parte de unas uñas con el esmalte que más vaya contigo? Duración aproximada del servicio de 75 minutos. No lo dudes y reserva ya este servicio con nosotros. ¡Te encantará el resultado!"
        }, 
        {
            "service_category": "Masaje", 
            "service": "Extensión De Pestañas Pelo A Pelo", 
            "duration": 7200, 
            "price": "60 € ", 
            "description": "¡Levántate cada día prácticamente maquillada, sin necesidad de aplicarte máscara ni rizar tus pestañas! El tratamiento consiste en pegar pestañas sintéticas en las pestañas naturales, pelo por pelo, entre 150 y 200 en cada ojo, sin que tus pestañas sufran. De esta manera, podrás lucir unas pestañas de infarto. ¿A qué estás esperando para reservar en Bucmi? Solo con un clic, con toda comodidad."
        }, 
        {
            "service_category": "Masaje", 
            "service": "Relleno Extensión De Pestañas 4ª Semana", 
            "duration": 7200, 
            "price": "30 € ", 
            "description": "4 semanas es el tiempo perfecto para mantener tus pestañas. Tras ello, puedes reservar este servicio de relleno de extensión de pestañas para que tu mirada pueda lucir otra vez la profundidad que buscas. Además, volverás a lucir mucho más volumen de pestañas. Confía en nuestro equipo de profesionales que trabajarán para que quedes satisfecha con el resultado. ¡Te encantará!"
        }, 
        {
            "service_category": "Depilación", 
            "service": "Extensión De Pestañas Pelo A Pelo", 
            "duration": 7200, 
            "price": "60 € ", 
            "description": "¡Levántate cada día prácticamente maquillada, sin necesidad de aplicarte máscara ni rizar tus pestañas! El tratamiento consiste en pegar pestañas sintéticas en las pestañas naturales, pelo por pelo, entre 150 y 200 en cada ojo, sin que tus pestañas sufran. De esta manera, podrás lucir unas pestañas de infarto. ¿A qué estás esperando para reservar en Bucmi? Solo con un clic, con toda comodidad."
        }, 
        {
            "service_category": "Depilación", 
            "service": "Relleno Extensión De Pestañas 4ª Semana", 
            "duration": 7200, 
            "price": "30 € ", 
            "description": "4 semanas es el tiempo perfecto para mantener tus pestañas. Tras ello, puedes reservar este servicio de relleno de extensión de pestañas para que tu mirada pueda lucir otra vez la profundidad que buscas. Además, volverás a lucir mucho más volumen de pestañas. Confía en nuestro equipo de profesionales que trabajarán para que quedes satisfecha con el resultado. ¡Te encantará!"
        }, 
        {
            "service_category": "Depilación", 
            "service": "Relleno Extensión De Pestañas 5ª Semana", 
            "duration": 7200, 
            "price": "45 € ", 
            "description": "En 5 semanas ya te quedarán muy pocas extensiones por lo que habrá que poner más pestañas y debemos cobrarte un poco más. Tras ello, puedes reservar este servicio de relleno de extensión de pestañas para que tu mirada pueda lucir otra vez la profundidad que buscas. Además, volverás a lucir mucho más volumen de pestañas. Confía en nuestro equipo de profesionales que trabajarán para que quedes satisfecha con el resultado. ¡Te encantará!"
        }, 
        {
            "service_category": "Depilación", 
            "service": "Tinte De Pestañas Semipermanente", 
            "duration": 2700, 
            "price": "40 € ", 
            "description": "¿Te gustaría tener unas pestañas como si llevaras máscara por mucho más tiempo? ¡Reserva nuestro servicio de máscara de pestañas semipermanente! Podrás lucir una mirada más intensa, sin pegotes. Tiene una duración de hasta 20 días. El servicio es indoloro y relajante. ¡Reserva ya cómodamente online y quedarás super satisfecha con el resultado! No te arrepentirás. Podrás lucir una mirada mucho más intensa sin necesidad de maquillaje."
        }, 
        {
            "service_category": "Depilación", 
            "service": "Esmaltado Permanente Y Full Nailart", 
            "duration": 3600, 
            "price": "23 € ", 
            "description": "El servicio consiste en limar, empujar cutícula y esmaltado color o francesa con duración de hasta 21 días de la marca Organic Nails y además, podrás disfrutar del NailArt a tu gusto en todas las uñas, incluye pedrería swarosvki, pintura acrílica, decoración a mano alzada, estampación, glitters y 3D. ¿Quieres lucir unas uñas no sólo cuidadas sino además atractivas y originales? No lo dudes y reserva ya cómodamente online con nosotros. Se cobra la retirada de esmalte permanente de otro Centro por 5€."
        }, 
        {
            "service_category": "Depilación", 
            "service": "Manicura Completa", 
            "duration": 1800, 
            "price": "12 € ", 
            "description": "Luce unas uñas perfectas con esta manicura completa de la mano de Masglo. El servicio incluye limado de la uña para conseguir la forma deseada, tratamiento de cutículas, exfoliación, hidratación y esmaltado con el color que prefieras. También incluye Manicura Francesa. Podrás lucir así unas uñas perfectas, a un precio super asequible. ¿A qué estás esperando para reservar en Bucmi? Que no te lo cuenten."
        }, 
        {
            "service_category": "Depilación", 
            "service": "Manicura Con Esmaltado Permanente", 
            "duration": 3600, 
            "price": "25 € ", 
            "description": "Luce unas uñas perfectas con esta manicura de larga duración de la mano de Organic Nails. El servicio consiste en limar, remover cutícula, pellejitos y durezas, exfoliación e hidratación de manos y cutículas con esmaltado color o francesa que te durará hasta 21 días. Un color más clásico o, por el contrario, siguiendo las últimas tendencias. Podrás lucir así unas uñas perfectas, a un precio super asequible. Que no te lo cuenten. Se cobra la retirada de esmalte permanente de otro Centro por 5€."
        }
    ]
}