{
    "adid": null, 
    "name": "Oasis Hammam", 
    "name_of_contact": "Oasis Hammam", 
    "scrape_page": "https://www.bucmi.com/oasishammam", 
    "business_website": "https://www.bucmi.com/oasishammam", 
    "areas_covered": null, 
    "description": "En Oasis Hammam disfrutarás de un exclusivo espacio de belleza y bienestar gracias a nuestra gama de masajes, baño turco y a nuestro flotario. Ven a vernos al barrio de Pueblo Nuevo y recupera el equilibrio de tu cuerpo y de tu mente e un ambiente único.", 
    "img_link": [
        "https://d1nd15w2k87kz0.cloudfront.net/Uploads/635963154922667859.jpg", 
        "https://d1nd15w2k87kz0.cloudfront.net/Uploads/635963154920949183.jpg", 
        "https://d1nd15w2k87kz0.cloudfront.net/Uploads/635963154918605444.jpg", 
        "https://d1nd15w2k87kz0.cloudfront.net/Uploads/635963154921886616.jpg", 
        "https://d1nd15w2k87kz0.cloudfront.net/Uploads/635963154922667859.jpg", 
        "https://d1nd15w2k87kz0.cloudfront.net/Uploads/635963154924230423.jpg", 
        "https://d1nd15w2k87kz0.cloudfront.net/Uploads/635963154923449115.jpg"
    ], 
    "hqdb_featured_ad_type": "Featured", 
    "hqdb_nr_reviews": "21", 
    "hqdb_review_score": "9,7", 
    "accreditations": null, 
    "category": null, 
    "subcategory": null, 
    "street": null, 
    "city": "Madrid", 
    "zipcode": "Madrid", 
    "formatted_address": "Madrid, Madrid", 
    "country": "es", 
    "office_number": "915157368", 
    "office_number2": null, 
    "mobile_number": null, 
    "mobile_number2": null, 
    "unidentified_phone_numbers": null, 
    "latitude": "40.4302544000", 
    "longitude": "-3.6477304000", 
    "business_email": null, 
    "yelp_page": null, 
    "facebook": null, 
    "twitter": null, 
    "instagram": null, 
    "venue_images": "https://d1nd15w2k87kz0.cloudfront.net/Logotipos/635972747113237799.jpg", 
    "opening_hours_raw": null, 
    "pricelist_link": null, 
    "services": [
        {
            "service_category": "Preferente", 
            "service": "Flotación", 
            "duration": 1800, 
            "price": "27 € ", 
            "description": "La flotación consiste en meternos en una piscina que tiene 300kg de sal, en la que flotamos, el agua esta a 36º. Se descontractura la espalda al estar flotando y por la sal eliminamos toxinas, aparte de relajarnos... Prueba este tratamiento. Hay que llevar toalla, chanclas, bañador o bikini y gorro de baño."
        }, 
        {
            "service_category": "Preferente", 
            "service": "Flotación Para Dos Personas", 
            "duration": 1800, 
            "price": "54 € ", 
            "description": "La flotación consiste en meternos en una piscina que tiene 300kg de sal, en la que flotamos, el agua esta a 36º. Se descontractura la espalda al estar flotando y por la sal eliminamos toxinas, aparte de relajarnos... Prueba este tratamiento. Precio para dos personas seguidas.Hay que llevar chanclas, bañador o bikini, toalla y gorro de baño. Precio para dos servicios seguidos de flotación. Incluye sala de relax e infusión"
        }, 
        {
            "service_category": "Preferente", 
            "service": "Masaje Corporal Con Algas Marinas", 
            "duration": 5400, 
            "price": "51 € ", 
            "description": "En la sala caliente con jabón natural se hace limpieza de piel, después se exfolia con guante y se pasa al masaje con algas marinas, que tienen funciones de tensión dermica y nutre la piel. Incluye sala relax con té."
        }, 
        {
            "service_category": "Preferente", 
            "service": "Masaje Corporal Con Argán", 
            "duration": 5400, 
            "price": "51 € ", 
            "description": "En la sala caliente con jabón natural se hace limpieza de piel, después se exfolia con guante y se pasa al masaje con Argán, por todo el cuerpo, que tersa la piel y la hidrata en profundidad. Incluye sala relax con té."
        }, 
        {
            "service_category": "Preferente", 
            "service": "Masaje Corporal Hammam Completo", 
            "duration": 3600, 
            "price": "22 € ", 
            "description": "Primero vamos a una Sala de Vapor a 42º en la que aplicamos un jabón natural negro, que con el poro dilatado penetra a la perfección. Después pasamos a una sala de 32º en la que hacemos un masaje exfoliante por todo cuerpo y cara. Después aplicamos arcilla que hidratará la piel llamada Ghassoul y pasamos a la sala caliente, nos duchamos y para finalizar nos ponemos en sala para masaje relajante de espuma. Puedes pasar a nuestra sala Relax y tomar un té. Hay que llevar chanclas, bañador/bikini y toalla."
        }, 
        {
            "service_category": "Preferente", 
            "service": "Masaje Corporal Hammam Completo Y Flotación", 
            "duration": 5400, 
            "price": "47 € ", 
            "description": "Combina este servicio de masaje Hammam y flotación. Conseguirás relax, una piel hidratada y exfoliada, gracias al masaje y a las sales del Mar Muerto de la flotación; a parte de conocer nuevos tratamientos procedente de paises arabes."
        }, 
        {
            "service_category": "Preferente", 
            "service": "Masaje Corporal Henna", 
            "duration": 5400, 
            "price": "29 € ", 
            "description": "En la sala caliente con jabón natural se hace limpieza de piel, dsepués exfolimos con guante y se pasa al masaje con Henna, lo que hace que tu piel se vea mejor y te da un ligero tono dorado, como tocada por el sol."
        }, 
        {
            "service_category": "Estética", 
            "service": "Masaje Corporal Con Algas Marinas", 
            "duration": 5400, 
            "price": "51 € ", 
            "description": "En la sala caliente con jabón natural se hace limpieza de piel, después se exfolia con guante y se pasa al masaje con algas marinas, que tienen funciones de tensión dermica y nutre la piel. Incluye sala relax con té."
        }, 
        {
            "service_category": "Masaje", 
            "service": "Masaje Corporal Con Algas Marinas", 
            "duration": 5400, 
            "price": "51 € ", 
            "description": "En la sala caliente con jabón natural se hace limpieza de piel, después se exfolia con guante y se pasa al masaje con algas marinas, que tienen funciones de tensión dermica y nutre la piel. Incluye sala relax con té."
        }, 
        {
            "service_category": "Masaje", 
            "service": "Masaje Corporal Con Algas Marinas", 
            "duration": 5400, 
            "price": "51 € ", 
            "description": "En la sala caliente con jabón natural se hace limpieza de piel, después se exfolia con guante y se pasa al masaje con algas marinas, que tienen funciones de tensión dermica y nutre la piel. Incluye sala relax con té."
        }, 
        {
            "service_category": "Masaje", 
            "service": "Masaje Corporal Con Argán", 
            "duration": 5400, 
            "price": "51 € ", 
            "description": "En la sala caliente con jabón natural se hace limpieza de piel, después se exfolia con guante y se pasa al masaje con Argán, por todo el cuerpo, que tersa la piel y la hidrata en profundidad. Incluye sala relax con té."
        }, 
        {
            "service_category": "Masaje", 
            "service": "Masaje Corporal Hammam Completo", 
            "duration": 3600, 
            "price": "22 € ", 
            "description": "Primero vamos a una Sala de Vapor a 42º en la que aplicamos un jabón natural negro, que con el poro dilatado penetra a la perfección. Después pasamos a una sala de 32º en la que hacemos un masaje exfoliante por todo cuerpo y cara. Después aplicamos arcilla que hidratará la piel llamada Ghassoul y pasamos a la sala caliente, nos duchamos y para finalizar nos ponemos en sala para masaje relajante de espuma. Puedes pasar a nuestra sala Relax y tomar un té. Hay que llevar chanclas, bañador/bikini y toalla."
        }, 
        {
            "service_category": "Masaje", 
            "service": "Masaje Corporal Hammam Completo 2 Personas", 
            "duration": 7200, 
            "price": "42 € ", 
            "description": "Primero vamos a una Sala de Vapor a 42º en la que aplicamos un jabón natural negro, que con el poro dilatado penetra a la perfección. Después pasamos a una sala de 32º en la que hacemos un masaje exfoliante por todo cuerpo y cara. Después aplicamos arcilla que hidratará la piel llamada Ghassoul y pasamos a la sala caliente, nos duchamos y para finalizar nos ponemos en sala para masaje relajante de espuma. Puedes pasar a nuestra sala Relax y tomar un té. Hay que llevar chanclas, bañador/bikini y toalla."
        }, 
        {
            "service_category": "Masaje", 
            "service": "Masaje Corporal Hammam Completo Y Flotación", 
            "duration": 5400, 
            "price": "47 € ", 
            "description": "Combina este servicio de masaje Hammam y flotación. Conseguirás relax, una piel hidratada y exfoliada, gracias al masaje y a las sales del Mar Muerto de la flotación; a parte de conocer nuevos tratamientos procedente de paises arabes."
        }, 
        {
            "service_category": "Bienestar", 
            "service": "Masaje Corporal Con Algas Marinas", 
            "duration": 5400, 
            "price": "51 € ", 
            "description": "En la sala caliente con jabón natural se hace limpieza de piel, después se exfolia con guante y se pasa al masaje con algas marinas, que tienen funciones de tensión dermica y nutre la piel. Incluye sala relax con té."
        }, 
        {
            "service_category": "Bienestar", 
            "service": "Masaje Corporal Con Algas Marinas", 
            "duration": 5400, 
            "price": "51 € ", 
            "description": "En la sala caliente con jabón natural se hace limpieza de piel, después se exfolia con guante y se pasa al masaje con algas marinas, que tienen funciones de tensión dermica y nutre la piel. Incluye sala relax con té."
        }, 
        {
            "service_category": "Bienestar", 
            "service": "Masaje Corporal Con Argán", 
            "duration": 5400, 
            "price": "51 € ", 
            "description": "En la sala caliente con jabón natural se hace limpieza de piel, después se exfolia con guante y se pasa al masaje con Argán, por todo el cuerpo, que tersa la piel y la hidrata en profundidad. Incluye sala relax con té."
        }, 
        {
            "service_category": "Bienestar", 
            "service": "Masaje Corporal Hammam Completo", 
            "duration": 3600, 
            "price": "22 € ", 
            "description": "Primero vamos a una Sala de Vapor a 42º en la que aplicamos un jabón natural negro, que con el poro dilatado penetra a la perfección. Después pasamos a una sala de 32º en la que hacemos un masaje exfoliante por todo cuerpo y cara. Después aplicamos arcilla que hidratará la piel llamada Ghassoul y pasamos a la sala caliente, nos duchamos y para finalizar nos ponemos en sala para masaje relajante de espuma. Puedes pasar a nuestra sala Relax y tomar un té. Hay que llevar chanclas, bañador/bikini y toalla."
        }, 
        {
            "service_category": "Bienestar", 
            "service": "Masaje Corporal Hammam Completo 2 Personas", 
            "duration": 7200, 
            "price": "42 € ", 
            "description": "Primero vamos a una Sala de Vapor a 42º en la que aplicamos un jabón natural negro, que con el poro dilatado penetra a la perfección. Después pasamos a una sala de 32º en la que hacemos un masaje exfoliante por todo cuerpo y cara. Después aplicamos arcilla que hidratará la piel llamada Ghassoul y pasamos a la sala caliente, nos duchamos y para finalizar nos ponemos en sala para masaje relajante de espuma. Puedes pasar a nuestra sala Relax y tomar un té. Hay que llevar chanclas, bañador/bikini y toalla."
        }
    ]
}