{
    "adid": null, 
    "name": "Harmony Beauty", 
    "name_of_contact": "Harmony Beauty", 
    "scrape_page": "https://www.bucmi.com/harmonybeauty", 
    "business_website": "https://www.bucmi.com/harmonybeauty", 
    "areas_covered": null, 
    "description": "Harmony Beauty es un centro de estética ubicado en el Barrio de Salamanca, Madrid. Contamos con más de 30 años de antigüedad en la profesión. Nuestro centro te invitará a conjugar la belleza con tú equilibrio emocional. ¡Reserva nuestros tratamientos!", 
    "img_link": [
        "https://d1nd15w2k87kz0.cloudfront.net/Uploads/636008084266411119.jpg", 
        "https://d1nd15w2k87kz0.cloudfront.net/Uploads/636008084268129868.jpg", 
        "https://d1nd15w2k87kz0.cloudfront.net/Uploads/636008084272036174.jpg", 
        "https://d1nd15w2k87kz0.cloudfront.net/Uploads/636008084272817354.jpg", 
        "https://d1nd15w2k87kz0.cloudfront.net/Uploads/636008084273442335.jpg", 
        "https://d1nd15w2k87kz0.cloudfront.net/Uploads/636008084272348900.jpg", 
        "https://d1nd15w2k87kz0.cloudfront.net/Uploads/636008084273754996.jpg", 
        "https://d1nd15w2k87kz0.cloudfront.net/Uploads/636008084325634125.jpg"
    ], 
    "hqdb_featured_ad_type": "Featured", 
    "hqdb_nr_reviews": "2", 
    "hqdb_review_score": "10,0", 
    "accreditations": null, 
    "category": null, 
    "subcategory": null, 
    "street": "C/ Lagasca, 72", 
    "city": "Madrid", 
    "zipcode": "28001", 
    "formatted_address": "C/ Lagasca, 72, Madrid, 28001", 
    "country": "es", 
    "office_number": "914313832", 
    "office_number2": null, 
    "mobile_number": null, 
    "mobile_number2": null, 
    "unidentified_phone_numbers": null, 
    "latitude": "40.4283809000", 
    "longitude": "-3.6849240000", 
    "business_email": null, 
    "yelp_page": null, 
    "facebook": null, 
    "twitter": null, 
    "instagram": null, 
    "venue_images": "https://d1nd15w2k87kz0.cloudfront.net/Logotipos/636008084892517638.jpg", 
    "opening_hours_raw": null, 
    "pricelist_link": null, 
    "services": [
        {
            "service_category": "Preferente", 
            "service": "Micropigmentación Facial", 
            "duration": 7200, 
            "price": "350 € ", 
            "description": "Disfruta de nuestra micropigmentación facial con la que conseguirás dar forma o resultar algunos rasgos faciales. Podrás elegir entre las siguientes zonas: cejas trazo a trazo, eyeliner superior o labios. Resultado 100% natural y duración de hasta cinco años. En nuestro centro contamos con la mejor aparatología y un equipo de cualificado de profesionales. ¡Saldrás encantado con los resultados! No lo pienses más y ¡reserva ya tu cita cómodamente online a través de Bucmi.com! No te arrepentirás. DD"
        }, 
        {
            "service_category": "Preferente", 
            "service": "Tratamiento Facial Antimanchas", 
            "duration": 3600, 
            "price": "70 € ", 
            "description": "Reserva ahora este tratamiento facial que realizamos con ácido glicólico para eliminar las manchas de tu rostro provocadas por el sol. ¡Porque así lucirás un cutis cuidado y libre de manchas! En nuestro centro contamos con productos de primera calidad, para resultados verdaderamente efectivos. No esperes más y comprueba la diferencia de la mano de los mejores profesionales. ¿A qué estás esperando para reservar? ¡Hazlo cómodamente a través de Bucmi.com!DD"
        }, 
        {
            "service_category": "Preferente", 
            "service": "Tratamiento Facial Hidratante", 
            "duration": 3600, 
            "price": "70 € ", 
            "description": "¿A qué esperas para reservar nuestro tratamiento super hidratante facial Harmony Oro? Está especialmente indicado para el verano al conseguir recuperar la luminosidad de tu rostro. El servicio incluye limpieza facial con vitamina C, ácido hialurónico, mascarilla con polvo de oro y sesión de radiofrecuencia reafirmante. ¡No lo dudes y reserva ya tu cita cómodamente online a través de Bucmi.com! ¿A qué estás esperando? ¡No dejes que te lo cuenten!DD"
        }, 
        {
            "service_category": "Estética", 
            "service": "Micropigmentación Facial", 
            "duration": 7200, 
            "price": "350 € ", 
            "description": "Disfruta de nuestra micropigmentación facial con la que conseguirás dar forma o resultar algunos rasgos faciales. Podrás elegir entre las siguientes zonas: cejas trazo a trazo, eyeliner superior o labios. Resultado 100% natural y duración de hasta cinco años. En nuestro centro contamos con la mejor aparatología y un equipo de cualificado de profesionales. ¡Saldrás encantado con los resultados! No lo pienses más y ¡reserva ya tu cita cómodamente online a través de Bucmi.com! No te arrepentirás. DD"
        }, 
        {
            "service_category": "Estética", 
            "service": "Tratamiento Facial Antimanchas", 
            "duration": 3600, 
            "price": "70 € ", 
            "description": "Reserva ahora este tratamiento facial que realizamos con ácido glicólico para eliminar las manchas de tu rostro provocadas por el sol. ¡Porque así lucirás un cutis cuidado y libre de manchas! En nuestro centro contamos con productos de primera calidad, para resultados verdaderamente efectivos. No esperes más y comprueba la diferencia de la mano de los mejores profesionales. ¿A qué estás esperando para reservar? ¡Hazlo cómodamente a través de Bucmi.com!DD"
        }, 
        {
            "service_category": "Estética", 
            "service": "Tratamiento Facial Hidratante", 
            "duration": 3600, 
            "price": "70 € ", 
            "description": "¿A qué esperas para reservar nuestro tratamiento super hidratante facial Harmony Oro? Está especialmente indicado para el verano al conseguir recuperar la luminosidad de tu rostro. El servicio incluye limpieza facial con vitamina C, ácido hialurónico, mascarilla con polvo de oro y sesión de radiofrecuencia reafirmante. ¡No lo dudes y reserva ya tu cita cómodamente online a través de Bucmi.com! ¿A qué estás esperando? ¡No dejes que te lo cuenten!DD"
        }, 
        {
            "service_category": "Estética", 
            "service": "Masaje Corporal", 
            "duration": 3600, 
            "price": "40 € ", 
            "description": "¿Te gustaría terminar la jornada como nuevo? ¡Reserva nuestro masaje corporal! Este tratamiento corporal incluye distintas técnicas como el quiromasaje en espalda, reflexología podal y drenaje linfático. 60 minutos con los que saldrás como nuevo de nuestro centro. Garantizamos un trato personalizado de nuestro equipo y una mejoría inminente. ¡No lo pienses más y reserva tu cita con todo facilidad a través de Bucmi.com! ¿A qué estás esperando? ¡No dejes que te lo cuenten!DD"
        }, 
        {
            "service_category": "Manicura y Pedicura", 
            "service": "Micropigmentación Facial", 
            "duration": 7200, 
            "price": "350 € ", 
            "description": "Disfruta de nuestra micropigmentación facial con la que conseguirás dar forma o resultar algunos rasgos faciales. Podrás elegir entre las siguientes zonas: cejas trazo a trazo, eyeliner superior o labios. Resultado 100% natural y duración de hasta cinco años. En nuestro centro contamos con la mejor aparatología y un equipo de cualificado de profesionales. ¡Saldrás encantado con los resultados! No lo pienses más y ¡reserva ya tu cita cómodamente online a través de Bucmi.com! No te arrepentirás. DD"
        }, 
        {
            "service_category": "Masaje", 
            "service": "Micropigmentación Facial", 
            "duration": 7200, 
            "price": "350 € ", 
            "description": "Disfruta de nuestra micropigmentación facial con la que conseguirás dar forma o resultar algunos rasgos faciales. Podrás elegir entre las siguientes zonas: cejas trazo a trazo, eyeliner superior o labios. Resultado 100% natural y duración de hasta cinco años. En nuestro centro contamos con la mejor aparatología y un equipo de cualificado de profesionales. ¡Saldrás encantado con los resultados! No lo pienses más y ¡reserva ya tu cita cómodamente online a través de Bucmi.com! No te arrepentirás. DD"
        }, 
        {
            "service_category": "Masaje", 
            "service": "Tratamiento Facial Antimanchas", 
            "duration": 3600, 
            "price": "70 € ", 
            "description": "Reserva ahora este tratamiento facial que realizamos con ácido glicólico para eliminar las manchas de tu rostro provocadas por el sol. ¡Porque así lucirás un cutis cuidado y libre de manchas! En nuestro centro contamos con productos de primera calidad, para resultados verdaderamente efectivos. No esperes más y comprueba la diferencia de la mano de los mejores profesionales. ¿A qué estás esperando para reservar? ¡Hazlo cómodamente a través de Bucmi.com!DD"
        }, 
        {
            "service_category": "Bienestar", 
            "service": "Micropigmentación Facial", 
            "duration": 7200, 
            "price": "350 € ", 
            "description": "Disfruta de nuestra micropigmentación facial con la que conseguirás dar forma o resultar algunos rasgos faciales. Podrás elegir entre las siguientes zonas: cejas trazo a trazo, eyeliner superior o labios. Resultado 100% natural y duración de hasta cinco años. En nuestro centro contamos con la mejor aparatología y un equipo de cualificado de profesionales. ¡Saldrás encantado con los resultados! No lo pienses más y ¡reserva ya tu cita cómodamente online a través de Bucmi.com! No te arrepentirás. DD"
        }
    ]
}