{
    "adid": null, 
    "name": "Hollywood Style", 
    "name_of_contact": "Hollywood Style", 
    "scrape_page": "https://www.bucmi.com/hollywoodstyle", 
    "business_website": "https://www.bucmi.com/hollywoodstyle", 
    "areas_covered": null, 
    "description": "El centro estético Hollywood Style está ubicado en Calle Ayala 88 en el barrio de Salamanca en Madrid. El salón es moderno y tiene una decoración de estilo americano que te hace sentir como una estrella de cine, para ayudarte a crear tu look glamouroso y personalizado. Aquí puedes encontrar servicios de depilación con hilo y con cera para mujeres y hombres, tratamientos de higiene facial, masajes relajantes, manicuras y pedicuras. Los profesionales son expertos en extensiones de pestañas colocadas una a una, para crear efectos de volumen y longitud para realzar tu mirada.", 
    "img_link": [
        "https://d1nd15w2k87kz0.cloudfront.net/Uploads/636336662496046896.jpg", 
        "https://d1nd15w2k87kz0.cloudfront.net/Uploads/636336667418837596.jpg", 
        "https://d1nd15w2k87kz0.cloudfront.net/Uploads/636336667483837207.jpg", 
        "https://d1nd15w2k87kz0.cloudfront.net/Uploads/636336667530086755.jpg", 
        "https://d1nd15w2k87kz0.cloudfront.net/Uploads/636336667566336411.jpg", 
        "https://d1nd15w2k87kz0.cloudfront.net/Uploads/636336667627117222.jpg", 
        "https://d1nd15w2k87kz0.cloudfront.net/Uploads/636336667674929516.jpg", 
        "https://d1nd15w2k87kz0.cloudfront.net/Uploads/636336667720241101.jpg", 
        "https://d1nd15w2k87kz0.cloudfront.net/Uploads/636336667765866088.jpg", 
        "https://d1nd15w2k87kz0.cloudfront.net/Uploads/636336667798990952.jpg"
    ], 
    "hqdb_featured_ad_type": "Featured", 
    "hqdb_nr_reviews": "10", 
    "hqdb_review_score": "9,8", 
    "accreditations": null, 
    "category": null, 
    "subcategory": null, 
    "street": "C/ Ayala, 88", 
    "city": "Madrid", 
    "zipcode": "28001", 
    "formatted_address": "C/ Ayala, 88, Madrid, 28001", 
    "country": "es", 
    "office_number": "914210318", 
    "office_number2": null, 
    "mobile_number": null, 
    "mobile_number2": null, 
    "unidentified_phone_numbers": null, 
    "latitude": "40.4272900000", 
    "longitude": "-3.6773537999", 
    "business_email": null, 
    "yelp_page": null, 
    "facebook": null, 
    "twitter": null, 
    "instagram": null, 
    "venue_images": "https://d1nd15w2k87kz0.cloudfront.net/Logotipos/636336669283526940.jpg", 
    "opening_hours_raw": null, 
    "pricelist_link": null, 
    "services": [
        {
            "service_category": "Preferente", 
            "service": "Depilación Labio Con Hilo", 
            "duration": 900, 
            "price": "8 € ", 
            "description": "Olvídate de todo el vello no deseado en el contorno labios con la técnica a hilo que te permite de obtener un servicio sin dolor y con menos raíces que con las otras técnicas de depilación. Las hábiles manos de las esteticistas te ayudarán a lucir tu rosto más bello y cuidado. ¡Prueba esta nueva técnica revolucionaria de depilación y no te arrepentirás!"
        }, 
        {
            "service_category": "Preferente", 
            "service": "Extensiones De Pestañas Hollywood", 
            "duration": 5400, 
            "price": "100 € ", 
            "description": "¿Quieres conseguir un look de celebrity? Puedes obtener este look tan espectacular con las extensiones de pestañas Hollywood que aportan a tu mirada volumen y densidad. El tratamiento no va a dañar tus pestañas naturales y tiene efecto relajante para el cliente. Te vamos a colocar unas 130 pestañas en solo 90 minutos para ir a conseguir tu estilo más glamouroso y reluciente."
        }, 
        {
            "service_category": "Preferente", 
            "service": "Extensiones De Pestañas Natural", 
            "duration": 1800, 
            "price": "50 € ", 
            "description": "Realza tus mirada con estas extensiones de pestañas con efecto muy natural para un look diario y olvídate de la máscara de pestañas.. Los profesionales te ayudarán a mejorar la mirada que más quieres con una aplicación ligera de cuarenta pestañas por ojo colocadas una a una en tan solo 30 minutos. ¡Reserva tu cita para crear tu look glamouroso y perfecto para todos los días o eventos especiales!"
        }, 
        {
            "service_category": "Preferente", 
            "service": "Pack Cejas: Tinte, Diseño Y Alisado", 
            "duration": 3600, 
            "price": "45 € ", 
            "description": "Disfruta de este pack completo para regenerar tus cejas y aportar más líneas y formas a tu rostro. El tratamiento incluye la coloración del tono que mejor te queda, diseño de tus cejas para definir la forma que más te guste y el alisado del pelo a fin de crear tu mirada perfecta. ¡Reserva tu cita cómodamente online a través de Bucmi.com y ven a visitarnos!"
        }, 
        {
            "service_category": "Estética", 
            "service": "Extensiones De Pestañas Extra", 
            "duration": 3600, 
            "price": "80 € ", 
            "description": "Las extensiones de pestañas Extra aportan un extra de densidad a tus pestañas naturales para un efecto de volumen y longitud increíble. Los profesionales te ayudarán a conseguir una mirada más seductora e intensa con cien pestañas por ojo. El servicio tiene una duración de 60 minutos y se realiza con los mejores productos y el equipo más experto."
        }, 
        {
            "service_category": "Estética", 
            "service": "Extensiones De Pestañas Hollywood", 
            "duration": 5400, 
            "price": "100 € ", 
            "description": "¿Quieres conseguir un look de celebrity? Puedes obtener este look tan espectacular con las extensiones de pestañas Hollywood que aportan a tu mirada volumen y densidad. El tratamiento no va a dañar tus pestañas naturales y tiene efecto relajante para el cliente. Te vamos a colocar unas 130 pestañas en solo 90 minutos para ir a conseguir tu estilo más glamouroso y reluciente."
        }, 
        {
            "service_category": "Estética", 
            "service": "Extensiones De Pestañas Natural", 
            "duration": 1800, 
            "price": "50 € ", 
            "description": "Realza tus mirada con estas extensiones de pestañas con efecto muy natural para un look diario y olvídate de la máscara de pestañas.. Los profesionales te ayudarán a mejorar la mirada que más quieres con una aplicación ligera de cuarenta pestañas por ojo colocadas una a una en tan solo 30 minutos. ¡Reserva tu cita para crear tu look glamouroso y perfecto para todos los días o eventos especiales!"
        }, 
        {
            "service_category": "Estética", 
            "service": "Pack Cejas: Tinte, Diseño Y Alisado", 
            "duration": 3600, 
            "price": "45 € ", 
            "description": "Disfruta de este pack completo para regenerar tus cejas y aportar más líneas y formas a tu rostro. El tratamiento incluye la coloración del tono que mejor te queda, diseño de tus cejas para definir la forma que más te guste y el alisado del pelo a fin de crear tu mirada perfecta. ¡Reserva tu cita cómodamente online a través de Bucmi.com y ven a visitarnos!"
        }, 
        {
            "service_category": "Estética", 
            "service": "Peeling Corporal Y Hidratación Aceites Esenciales", 
            "duration": 3600, 
            "price": "55 € ", 
            "description": "Disfruta de este tratamiento de belleza para tu piel y crea tu personal ritual que te permite de lucir un cuerpo sedoso. El peeling te ayudará a obtener una limpieza de piel profunda y duradera, y además una hidratación profunda con aceites aromáticos hecho de las manos de nuestros profesionales cualificados. ¡Reserva tu cita en Bucmi.com!"
        }, 
        {
            "service_category": "Estética", 
            "service": "Tinte De Pestañas", 
            "duration": 1800, 
            "price": "20 € ", 
            "description": "Olvídate de tu máscara y prueba el servicio de tinte de pestañas de Hollywood Style. El tinte te permitirá lucir un color mucho más intenso y es ideal para las personas que tienen las pestañas muy claritas y quieren potenciar el poder de su mirada. Reserva tu cita cómodamente online a través de Bucmi.com para ojos más intensos."
        }, 
        {
            "service_category": "Estética", 
            "service": "Extensiones De Pestañas 3D", 
            "duration": 12600, 
            "price": "140 € ", 
            "description": "Reserva este servicio para obtener una mirada resplandeciente y con el máximo volumen posible. Las manos expertas de los profesionales te colocan extensiones un poco más finas sobre tus propias pestañas para crear una densidad y un volumen extra con efecto 3D. Las pestañas quedarán suaves y flexibles con un efecto glamouroso e intenso para tu rostro."
        }, 
        {
            "service_category": "Estética", 
            "service": "Extensiones De Pestañas Esquinas", 
            "duration": 1800, 
            "price": "30 € ", 
            "description": "Este servicio incluye extensión de pestañas en la zona lateral de los ojos en solo 25 minutos. Este tratamiento completamente indoloro te permite aportar más volumen a solo una parte de tu mirada para un efecto de alargamiento de tus ojos. Déjate asesorar por nuestros profesionales para estar más bella."
        }, 
        {
            "service_category": "Manicura y Pedicura", 
            "service": "Manicura Spa", 
            "duration": 3600, 
            "price": "25 € ", 
            "description": "Reserva esta Manicura Spa y disfruta de manos perfectas y cuidadas durante semanas. Nuestros mejores esteticistas te atenderán con un servicio completo que comprende cortado de uñas, limado, retirado de cutículas, exfoliación, masaje y uso de parafina para hidratar, nutrir e iluminar la piel. Para unas uñas cuidadas y deslumbrantes."
        }, 
        {
            "service_category": "Manicura y Pedicura", 
            "service": "Pedicura Spa", 
            "duration": 3600, 
            "price": "30 € ", 
            "description": "Disfruta de esta maravillosa pedicura para hombre y consigue pies cuidados y sedosos. Los esteticistas te ofrecen un tratamiento que comprende cortado de uñas, limado, retiro de cutículas e hidratación. ¡Lúcelos como nunca y reserva ya tu cita cómodamente online a través de Bucmi.com!"
        }, 
        {
            "service_category": "Depilación", 
            "service": "Depilación Cejas Con Hilo", 
            "duration": 900, 
            "price": "10 € ", 
            "description": "Si quieres delinear las líneas de tu rostro prueba esta depilación de tus cejas con la técnica con hilo. El equipo cualificado te diseñará tus cejas con este tratamiento preciso, indoloro y duradero que deja tu piel suave y sin irritación porque el hilo quita solo el pelo sin tocar la piel. ¡No pierdas la oportunidad de lucir una mirada de cine!"
        }, 
        {
            "service_category": "Depilación", 
            "service": "Depilación Cera Axilas", 
            "duration": 900, 
            "price": "8 € ", 
            "description": "La depilación con cera es la técnica más conocida para olvidarte del vello en exceso. Este tratamiento es específico para dejar tus axilas suaves y sedosas, en cualquier temporada del año, gracias a profesionales muy competentes y ceras de la máxima calidad. ¡No te olvides te reservar tus cita en Hollywood Style!"
        }, 
        {
            "service_category": "Depilación", 
            "service": "Depilación Labio Con Hilo", 
            "duration": 900, 
            "price": "8 € ", 
            "description": "Olvídate de todo el vello no deseado en el contorno labios con la técnica a hilo que te permite de obtener un servicio sin dolor y con menos raíces que con las otras técnicas de depilación. Las hábiles manos de las esteticistas te ayudarán a lucir tu rosto más bello y cuidado. ¡Prueba esta nueva técnica revolucionaria de depilación y no te arrepentirás!"
        }, 
        {
            "service_category": "Depilación", 
            "service": "Depilación Cera Brazos Hombre", 
            "duration": 1800, 
            "price": "18 € ", 
            "description": "Si quieres olvidarte del vello, reserva tu cita en Hollywood Style para una depilación con cera para hombre. Ponte en manos de nuestros expertos profesionales que te dejarán la piel suave y sedosa gracias a este tratamiento rápido y eficaz, hecho solo con productos de la máxima calidad."
        }
    ]
}