{
    "adid": null, 
    "name": "Sundara La Gavia", 
    "name_of_contact": "Sundara La Gavia", 
    "scrape_page": "https://www.bucmi.com/sundaralagavia", 
    "business_website": "https://www.bucmi.com/sundaralagavia", 
    "areas_covered": null, 
    "description": "El centro de estética y depilación con hilo Sundara La Gavia situado en Vallecas, Madrid ofrece todo tipo de depilación para eliminar el vello con las técnicas más novedosas del mercado. No esperes más y reserva ahora tu cita online con Bucmi.com.", 
    "img_link": [
        "https://d1nd15w2k87kz0.cloudfront.net/Uploads/635957174827664256.jpg", 
        "https://d1nd15w2k87kz0.cloudfront.net/Uploads/636040493318373063.jpg", 
        "https://d1nd15w2k87kz0.cloudfront.net/Uploads/636040493319623235.jpg"
    ], 
    "hqdb_featured_ad_type": "Featured", 
    "hqdb_nr_reviews": "6", 
    "hqdb_review_score": "9,0", 
    "accreditations": null, 
    "category": null, 
    "subcategory": null, 
    "street": "C/ Pechuan, 14", 
    "city": "Madrid", 
    "zipcode": "28051", 
    "formatted_address": "C/ Pechuan, 14, Madrid, 28051", 
    "country": "es", 
    "office_number": "915701034", 
    "office_number2": null, 
    "mobile_number": null, 
    "mobile_number2": null, 
    "unidentified_phone_numbers": null, 
    "latitude": "40.3686899000", 
    "longitude": "-3.5988763000", 
    "business_email": null, 
    "yelp_page": null, 
    "facebook": null, 
    "twitter": null, 
    "instagram": null, 
    "venue_images": "https://d1nd15w2k87kz0.cloudfront.net/Logotipos/635957231140967328.jpg", 
    "opening_hours_raw": null, 
    "pricelist_link": null, 
    "services": [
        {
            "service_category": "Preferente", 
            "service": "Depilación Hilo Cejas", 
            "duration": 900, 
            "price": "12 € ", 
            "description": "Reserva este servicio de diseño y depilación de cejas con hilo, y líbrate del vello de esta zona de la forma menos dolorosa y agresiva. La duración del servicio es de 10 minutos aproximadamente. Prueba esta novedosa técnica venida desde la mismísima India y a parte de disfrutar de una piel libre de vello por más tiempo, estará más suave ya que ayuda a exfoliar la zona. Haz ya tu reserva online y no te arrepentirás del resultado."
        }, 
        {
            "service_category": "Preferente", 
            "service": "Depilación Hilo Labio", 
            "duration": 900, 
            "price": "6 € ", 
            "description": "En Sundara somos especialistas en depilación y estética, utilizando siempre los métodos menos agresivos con tu cuerpo Reserva este servicio y te realizaremos la depilación de la zona del labio con hilo en tan sólo 5 minutos."
        }, 
        {
            "service_category": "Preferente", 
            "service": "Depilación Hilo Patillas", 
            "duration": 900, 
            "price": "9 € ", 
            "description": "La depilación con hilo puede aplicarse a gran variedad de zonas de nuestro cuerpo. Por ejemplo, con este servicio podrás librarte del vello en la zona de las patillas en tan sólo 8 minutos. Prueba esta novedosa técnica venida desde la mismísima India y a parte de disfrutar de una piel libre de vello por más tiempo, estará más suave ya que ayuda a exfoliar la zona. Haz ya tu reserva online y no te arrepentirás del resultado."
        }, 
        {
            "service_category": "Depilación", 
            "service": "Depilación Hilo Cara Y Cejas", 
            "duration": 1800, 
            "price": "35 € ", 
            "description": "No te arriesgues a que los músculos de tu rostro pierdan firmeza utilizando métodos tradicionales más agresivos y reserva nuestro pack de depilación con hilo para el rostro. Incluye la depilación con hilo en zonas como las cejas, las patillas, las mejillas, el labio y la barbilla. Prueba esta novedosa técnica venida desde la mismísima India y a parte de disfrutar de una piel libre de vello por más tiempo, estará más suave ya que ayuda a exfoliar la zona. Haz ya tu reserva online y no te arrepentirás del res"
        }, 
        {
            "service_category": "Depilación", 
            "service": "Depilación Hilo Cara, Cejas Y Frente", 
            "duration": 2700, 
            "price": "40 € ", 
            "description": "Siéntete más guapa que nunca con una depilación facial completa realizada con hilo. En media hora eliminamos el vello de cejas, patillas, mejillas, labio y barbilla de la forma menos dolorosa. Además, incluye la zona de la frente. Prueba esta novedosa técnica venida desde la mismísima India y a parte de disfrutar de una piel libre de vello por más tiempo, estará más suave ya que ayuda a exfoliar la zona. Haz ya tu reserva online y no te arrepentirás del resultado."
        }, 
        {
            "service_category": "Depilación", 
            "service": "Depilación Hilo Cejas", 
            "duration": 900, 
            "price": "12 € ", 
            "description": "Reserva este servicio de diseño y depilación de cejas con hilo, y líbrate del vello de esta zona de la forma menos dolorosa y agresiva. La duración del servicio es de 10 minutos aproximadamente. Prueba esta novedosa técnica venida desde la mismísima India y a parte de disfrutar de una piel libre de vello por más tiempo, estará más suave ya que ayuda a exfoliar la zona. Haz ya tu reserva online y no te arrepentirás del resultado."
        }, 
        {
            "service_category": "Depilación", 
            "service": "Depilación Hilo Cuello", 
            "duration": 900, 
            "price": "12 € ", 
            "description": "En Sundara contamos con los mejores especialistas en depilación. Aquí podrás realizarte la depilación con hilo en diferentes zonas. Si eliges este servicio eliminaremos el vello de la zona del cuello en unos 10 minutos. Prueba esta novedosa técnica venida desde la mismísima India y a parte de disfrutar de una piel libre de vello por más tiempo, estará más suave ya que ayuda a exfoliar la zona. Haz ya tu reserva online y no te arrepentirás del resultado."
        }, 
        {
            "service_category": "Depilación", 
            "service": "Depilación Hilo Frente", 
            "duration": 900, 
            "price": "9 € ", 
            "description": "¿Sabías que en Sundara puedes realizarte una depilación con hilo en la zona de la frente en 10 minutos? Reserva ya este servicio y ven a conocernos al CC de La Gavia. Prueba esta novedosa técnica venida desde la mismísima India y a parte de disfrutar de una piel libre de vello por más tiempo, estará más suave ya que ayuda a exfoliar la zona. Haz ya tu reserva online y no te arrepentirás del resultado."
        }, 
        {
            "service_category": "Depilación", 
            "service": "Depilación Hilo Labio", 
            "duration": 900, 
            "price": "6 € ", 
            "description": "En Sundara somos especialistas en depilación y estética, utilizando siempre los métodos menos agresivos con tu cuerpo Reserva este servicio y te realizaremos la depilación de la zona del labio con hilo en tan sólo 5 minutos."
        }, 
        {
            "service_category": "Depilación", 
            "service": "Depilación Hilo Mejillas", 
            "duration": 900, 
            "price": "6 € ", 
            "description": "¿Aún no conoces la depilación con hilo? Pruébala en nuestro centro situado en el CC de La Gavia. Si reservas este servicio te realizaremos una depilación con hilo en la zona de las mejillas. Tardamos 5 minutos aproximadamente. Prueba esta novedosa técnica venida desde la mismísima India y a parte de disfrutar de una piel libre de vello por más tiempo, estará más suave ya que ayuda a exfoliar la zona. Haz ya tu reserva online y no te arrepentirás del resultado."
        }, 
        {
            "service_category": "Depilación", 
            "service": "Depilación Hilo Patillas", 
            "duration": 900, 
            "price": "9 € ", 
            "description": "La depilación con hilo puede aplicarse a gran variedad de zonas de nuestro cuerpo. Por ejemplo, con este servicio podrás librarte del vello en la zona de las patillas en tan sólo 8 minutos. Prueba esta novedosa técnica venida desde la mismísima India y a parte de disfrutar de una piel libre de vello por más tiempo, estará más suave ya que ayuda a exfoliar la zona. Haz ya tu reserva online y no te arrepentirás del resultado."
        }
    ]
}