{
    "adid": null, 
    "name": "Malditos Bastardos", 
    "name_of_contact": "Malditos Bastardos", 
    "scrape_page": "https://www.bucmi.com/malditosbastardos", 
    "business_website": "https://www.bucmi.com/malditosbastardos", 
    "areas_covered": null, 
    "description": "Malditos Bastardos es una Barbería situada en el corazón del barrio de Malasaña, un rincón OLD SCHOOL sólo para hombres con un toque bastardo, que buscan un trato exclusivo y exigente y que cuidan de su pelo con estilo. Estamos en el Mercado Barceló.", 
    "img_link": [
        "https://d1nd15w2k87kz0.cloudfront.net/Uploads/636187831798297233.jpg", 
        "https://d1nd15w2k87kz0.cloudfront.net/Uploads/636187832015010071.jpg", 
        "https://d1nd15w2k87kz0.cloudfront.net/Uploads/636187832089070671.jpg", 
        "https://d1nd15w2k87kz0.cloudfront.net/Uploads/636200778036338252.jpg", 
        "https://d1nd15w2k87kz0.cloudfront.net/Uploads/636200778087117946.jpg", 
        "https://d1nd15w2k87kz0.cloudfront.net/Uploads/636200778261332306.jpg", 
        "https://d1nd15w2k87kz0.cloudfront.net/Uploads/636200778496325845.jpg"
    ], 
    "hqdb_featured_ad_type": "Featured", 
    "hqdb_nr_reviews": "58", 
    "hqdb_review_score": "9,8", 
    "accreditations": null, 
    "category": null, 
    "subcategory": null, 
    "street": null, 
    "city": "Madrid", 
    "zipcode": "28004", 
    "formatted_address": "Madrid, 28014, Madrid, 28005, Madrid, 28016, Madrid, 28020, Madrid, 28002, Madrid, 28010, Madrid, 28033, Madrid, 28009, Madrid, 28015, Madrid, 28004", 
    "country": "es", 
    "office_number": "913485230", 
    "office_number2": null, 
    "mobile_number": "691293957", 
    "mobile_number2": null, 
    "unidentified_phone_numbers": null, 
    "latitude": "40.4267717000", 
    "longitude": "-3.6988569000", 
    "business_email": null, 
    "yelp_page": null, 
    "facebook": null, 
    "twitter": null, 
    "instagram": null, 
    "venue_images": "https://d1nd15w2k87kz0.cloudfront.net/Logotipos/636195753057141883.jpg", 
    "opening_hours_raw": null, 
    "pricelist_link": null, 
    "services": [
        {
            "service_category": "Preferente", 
            "service": "Arreglo De Barba", 
            "duration": 2100, 
            "price": "19,9 € ", 
            "description": "Te ofrecemos un asesoramiento 100% personalizado para conseguir una imagen actual acorde con tu estilo para que refleje tu personalidad. Servicio de arreglo de barba para que la mantengas siempre perfecta y vayas a la última. ¡Porque el llevar barba no es sinónimo de descuido! Contarás en todo momento con un trato personalizado y garantizamos increíbles resultados. ¡No lo dudes y reserva ya tu cita cómodamente online a través de Bucmi.com! ¿A qué estás esperando? ¡No dejes que te lo cuentenF"
        }, 
        {
            "service_category": "Preferente", 
            "service": "Corte De Pelo", 
            "duration": 2100, 
            "price": "19,9 € ", 
            "description": "¿Cansado de los cortes aburridos? Ven a Malditos Bastardos y consigue un Corte de Pelo Hombre con lavado y peinado incluidos con productos de acabado de American Crew. Ven a disfrutar de un corte con estilo asesorado por los mejores profesionales. Escoge entre un corte más clásico o arriésgate con las últimas tendencias. Contarás en todo momento con un trato personalizado y garantizamos increíbles resultados. ¡No lo dudes y reserva ya tu cita cómodamente online a través de Bucmi.com!F"
        }, 
        {
            "service_category": "Preferente", 
            "service": "Corte De Pelo Y Arreglo De Barba", 
            "duration": 4200, 
            "price": "34,9 € ", 
            "description": "Te ofrecemos un pack completo de Corte de Pelo Hombre y Arreglo de Barba en el que se incluye, lavado y peinado con productos de la marca American Crew. Corte de pelo para él, con las últimas técnicas en corte y arreglo de barba para que luzcas tu barba cuidada con un corte con estilo. AFEITADO DE CABEZA NO INCLUIDO. Contarás en todo momento con un trato personalizado y garantizamos increíbles resultados. ¡No lo dudes y reserva ya tu cita cómodamente online a través de Bucmi.com!F"
        }, 
        {
            "service_category": "Peluquería", 
            "service": "Afeitado De Barba (Navaja Clásica)", 
            "duration": 2100, 
            "price": "19,9 € ", 
            "description": "¡Porque los hombres también se preocupan por su aspecto y lo sabemos! Disfruta de un afeitado perfecto donde te realizaremos un corte clásico a navaja o con cuchilla y el ritual con toallas calientes. Déjate asesorar por nuestros profesionales y consigue llevar tu barba con con estilo. Contarás en todo momento con un trato personalizado y garantizamos increíbles resultados. ¡No lo dudes y reserva ya tu cita cómodamente online a través de Bucmi.com! ¿A qué estás esperando? ¡No dejes que te lo cuentenF"
        }, 
        {
            "service_category": "Peluquería", 
            "service": "Afeitado De Barba Exprés", 
            "duration": 900, 
            "price": "12,9 € ", 
            "description": "Servicio de Afeitado Exprés A Navaja sin Ritual de afeitado, consigue un afeitado perfecto de la forma más rápida para que tu cara luzca libre de barba con este servicio. Este servicio es ideal para nuestros clientes con la agenda apretada pero que cuidan al 100% tu imagen. Contarás en todo momento con un trato personalizado y garantizamos increíbles resultados. ¡No lo dudes y reserva ya tu cita cómodamente online a través de Bucmi.com! ¿A qué estás esperando? ¡No dejes que te lo cuentenF"
        }, 
        {
            "service_category": "Peluquería", 
            "service": "Arreglo De Barba", 
            "duration": 2100, 
            "price": "19,9 € ", 
            "description": "Te ofrecemos un asesoramiento 100% personalizado para conseguir una imagen actual acorde con tu estilo para que refleje tu personalidad. Servicio de arreglo de barba para que la mantengas siempre perfecta y vayas a la última. ¡Porque el llevar barba no es sinónimo de descuido! Contarás en todo momento con un trato personalizado y garantizamos increíbles resultados. ¡No lo dudes y reserva ya tu cita cómodamente online a través de Bucmi.com! ¿A qué estás esperando? ¡No dejes que te lo cuentenF"
        }, 
        {
            "service_category": "Peluquería", 
            "service": "Corte De Pelo", 
            "duration": 2100, 
            "price": "19,9 € ", 
            "description": "¿Cansado de los cortes aburridos? Ven a Malditos Bastardos y consigue un Corte de Pelo Hombre con lavado y peinado incluidos con productos de acabado de American Crew. Ven a disfrutar de un corte con estilo asesorado por los mejores profesionales. Escoge entre un corte más clásico o arriésgate con las últimas tendencias. Contarás en todo momento con un trato personalizado y garantizamos increíbles resultados. ¡No lo dudes y reserva ya tu cita cómodamente online a través de Bucmi.com!F"
        }, 
        {
            "service_category": "Peluquería", 
            "service": "Corte De Pelo (Old School)", 
            "duration": 2700, 
            "price": "26,5 € ", 
            "description": "En Malditos Bastardos te realizaremos un corte a la 'vieja escuela' que además incluye lavado y productos de acabado de la marca American Crew para finalizar con el peinado que más te guste, acorde con un estilo actual y de moda. Contarás en todo momento con un trato personalizado y garantizamos increíbles resultados. ¡No lo dudes y reserva ya tu cita cómodamente online a través de Bucmi.com! ¿A qué estás esperando? ¡No dejes que te lo cuentenF"
        }, 
        {
            "service_category": "Peluquería", 
            "service": "Corte De Pelo Niño (Hasta 15 Años)", 
            "duration": 2100, 
            "price": "15 € ", 
            "description": "Corte de Pelo Niño hasta los 15 años, el servicio perfecto para poner guapos a los más peques con un buen corte de pelo asesorado por nuestros expertos estilistas de Malditos Bastardos. Será el más molón entre sus amigos. Contarás en todo momento con un trato personalizado y garantizamos increíbles resultados. ¡No lo dudes y reserva ya tu cita cómodamente online a través de Bucmi.com! ¿A qué estás esperando? ¡No dejes que te lo cuentenF"
        }, 
        {
            "service_category": "Peluquería", 
            "service": "Corte De Pelo Y Afeitado De Barba Clásico", 
            "duration": 4200, 
            "price": "34,9 € ", 
            "description": "Te ofrecemos un pack completo de Corte de Pelo Hombre y Afeitado de Barba en el que se incluye, lavado y productos de acabado de American Crew. Corte de pelo para él con las últimas técnicas en corte y afeitado de barba para que luzcas tu rostro libre de pelo. Todo ello en manos de los profesionales cualificados de Malditos Bastardos. Contarás en todo momento con un trato personalizado y garantizamos increíbles resultados. ¡No lo dudes y reserva ya tu cita cómodamente online a través de Bucmi.com!F"
        }, 
        {
            "service_category": "Peluquería", 
            "service": "Corte De Pelo Y Arreglo De Barba", 
            "duration": 4200, 
            "price": "34,9 € ", 
            "description": "Te ofrecemos un pack completo de Corte de Pelo Hombre y Arreglo de Barba en el que se incluye, lavado y peinado con productos de la marca American Crew. Corte de pelo para él, con las últimas técnicas en corte y arreglo de barba para que luzcas tu barba cuidada con un corte con estilo. AFEITADO DE CABEZA NO INCLUIDO. Contarás en todo momento con un trato personalizado y garantizamos increíbles resultados. ¡No lo dudes y reserva ya tu cita cómodamente online a través de Bucmi.com!F"
        }
    ]
}