{
    "adid": null, 
    "name": "Biothecare Estetika Doctor Esquerdo", 
    "name_of_contact": "Biothecare Estetika Doctor Esquerdo", 
    "scrape_page": "https://www.bucmi.com/biothecareestetikadoctoresquerdo", 
    "business_website": "https://www.bucmi.com/biothecareestetikadoctoresquerdo", 
    "areas_covered": null, 
    "description": "Biothecare Estetika Doctor Esquerdo, se encuentra en el barrio de Ibiza, Madrid. Este centro de estética es líder en tratamientos de belleza con gran expansión internacional. Estamos presentes en países como España, Colombia, México o Estados Unidos.", 
    "img_link": [
        "https://d1nd15w2k87kz0.cloudfront.net/Uploads/635627017464096407.jpg", 
        "https://d1nd15w2k87kz0.cloudfront.net/Uploads/635627017492848657.jpg", 
        "https://d1nd15w2k87kz0.cloudfront.net/Uploads/635627017523330542.jpg", 
        "https://d1nd15w2k87kz0.cloudfront.net/Uploads/635627017538800743.jpg", 
        "https://d1nd15w2k87kz0.cloudfront.net/Uploads/635627017597711336.jpg", 
        "https://d1nd15w2k87kz0.cloudfront.net/Uploads/635627017638049836.jpg", 
        "https://d1nd15w2k87kz0.cloudfront.net/Uploads/635627017649769778.jpg"
    ], 
    "hqdb_featured_ad_type": "Featured", 
    "hqdb_nr_reviews": "4", 
    "hqdb_review_score": "8,0", 
    "accreditations": null, 
    "category": null, 
    "subcategory": null, 
    "street": "C/ Longares, 46", 
    "city": "Madrid", 
    "zipcode": "28007", 
    "formatted_address": "C/ Longares, 46, Madrid, 28007", 
    "country": "es", 
    "office_number": "915046666", 
    "office_number2": null, 
    "mobile_number": null, 
    "mobile_number2": null, 
    "unidentified_phone_numbers": null, 
    "latitude": "40.4172286000", 
    "longitude": "-3.6688994999", 
    "business_email": null, 
    "yelp_page": null, 
    "facebook": null, 
    "twitter": null, 
    "instagram": null, 
    "venue_images": "https://d1nd15w2k87kz0.cloudfront.net/Logotipos/635973788852162977.jpg", 
    "opening_hours_raw": null, 
    "pricelist_link": null, 
    "services": [
        {
            "service_category": "Preferente", 
            "service": "Fotodepilación Axilas E Ingles", 
            "duration": 1800, 
            "price": "60 € ", 
            "description": "¿Te gustaría eliminar el vello de forma definitiva? El precio es por sesión para las zonas de las axilas e ingles. Si quieres olvidarte de la depilación, reserva esta sesión de fotodepilación y verás resultados desde la primera sesión."
        }, 
        {
            "service_category": "Preferente", 
            "service": "Tratamiento Corporal", 
            "duration": 3600, 
            "price": "60 € ", 
            "description": "Oferta 2x1 en tratamiento corporal. Por un lado Cavitación y por otro la Electroestimulación. Elimina la grasa, evita la flacidez y endurece el musculo. Ambos tratamientos se dan el miso día que se acude al centro."
        }, 
        {
            "service_category": "Preferente", 
            "service": "Tto Facial Microdermoabrasión Y Radiofrecuencia", 
            "duration": 3600, 
            "price": "60 € ", 
            "description": "¡2x1 en tratamiento facial! Por un lado el primer tratamiento consta de una limpieza de cutis completa con microdermoabrasión (extracción, peeling, mascarilla, masaje) y por otro lado, el segundo tratamiento consiste en una radiofrecuencia facial. Ambos tratamientos se hacen el mismo día en el centro."
        }, 
        {
            "service_category": "Estética", 
            "service": "Tratamiento Corporal", 
            "duration": 3600, 
            "price": "60 € ", 
            "description": "Oferta 2x1 en tratamiento corporal. Por un lado Cavitación y por otro la Electroestimulación. Elimina la grasa, evita la flacidez y endurece el musculo. Ambos tratamientos se dan el miso día que se acude al centro."
        }, 
        {
            "service_category": "Estética", 
            "service": "Tratamiento Facial Antiacné", 
            "duration": 5400, 
            "price": "120 € ", 
            "description": "¿Te gustaría deshacerte del acné de tu rostro? ¡Reserva ahora! Este servicio consiste en una higiene facial en la que se realiza: microdermoabrasión, terapia ipl antiacné y ácido glicólico para la eliminación del acné."
        }, 
        {
            "service_category": "Estética", 
            "service": "Tto Facial Microdermoabrasión Y Radiofrecuencia", 
            "duration": 3600, 
            "price": "60 € ", 
            "description": "¡2x1 en tratamiento facial! Por un lado el primer tratamiento consta de una limpieza de cutis completa con microdermoabrasión (extracción, peeling, mascarilla, masaje) y por otro lado, el segundo tratamiento consiste en una radiofrecuencia facial. Ambos tratamientos se hacen el mismo día en el centro."
        }, 
        {
            "service_category": "Estética", 
            "service": "Bono 10 Sesiones Limpieza Facial Y Radiofrecuencia", 
            "duration": 3600, 
            "price": "200 € ", 
            "description": "El primer tratamiento consta de una limpieza de cutis completa con microdermoabrasión (extracción, peeling, mascarilla, masaje) y el segundo tratamiento podrás elegir entre radiofrecuencia facial, fotorejuvenecimiento, mesoterapia o hidratación profunda. Ambos tratamientos, limpieza facial y el tratamiento a elegir se realizan el mismo día que se acude al centro. En total el bono consta de 5 sesiones de limpieza facial y 5 a elegir entre los mencionados anteriormente. Pueden combinarse a su elección."
        }, 
        {
            "service_category": "Estética", 
            "service": "Bono 20 Sesiones Cavitación Y Radiofrecuencia", 
            "duration": 3600, 
            "price": "300 € ", 
            "description": "Con este bono conseguirás eliminar la grasa, evitar la flacidez y endurecer el músculo. Cada sesión incluye 2 tratamientos a elegir entre 10 sesiones de cavitación o radiofrecuencia o mesoterapia, y 10 sesiones de presoterapia o electroestimulación o lipolaser. Ambos tratamientos se dan el mismo día que se acude al centro, pueden combinarse a su elección."
        }, 
        {
            "service_category": "Depilación", 
            "service": "Fotodepilación Axilas E Ingles", 
            "duration": 1800, 
            "price": "60 € ", 
            "description": "¿Te gustaría eliminar el vello de forma definitiva? El precio es por sesión para las zonas de las axilas e ingles. Si quieres olvidarte de la depilación, reserva esta sesión de fotodepilación y verás resultados desde la primera sesión."
        }, 
        {
            "service_category": "Depilación", 
            "service": "Fotodepilación Piernas Enteras, Axilas E Ingles", 
            "duration": 7200, 
            "price": "150 € ", 
            "description": "Reserva nuestro pack de fotodepilación en las zonas de: piernas completas, axilas e ingles. ¡Olvídate del vello y consigue una piel suave y sedosa por un tiempo indefinido! Gracias a esta técnica conseguimos eliminar el vello por completo."
        }
    ]
}