{
    "adid": null, 
    "name": "Arganzuela", 
    "name_of_contact": "Arganzuela", 
    "scrape_page": "https://www.bucmi.com/arganzuela", 
    "business_website": "https://www.bucmi.com/arganzuela", 
    "areas_covered": null, 
    "description": "El Centro Médico Estético Arganzuela, se encuentra situado en el pintoresco barrio de Legazpi. Ofrece tratamientos de rejuvenecimiento facial, depilación, todo ello con grandes soluciones médico-estéticas que conseguirán una mejora en su calidad de vida.", 
    "img_link": [
        "https://d1nd15w2k87kz0.cloudfront.net/Uploads/635948640328926760.jpg", 
        "https://d1nd15w2k87kz0.cloudfront.net/Uploads/635948640346738942.jpg", 
        "https://d1nd15w2k87kz0.cloudfront.net/Uploads/635948640363940189.jpg", 
        "https://d1nd15w2k87kz0.cloudfront.net/Uploads/635948640382377630.jpg", 
        "https://d1nd15w2k87kz0.cloudfront.net/Uploads/635948640403627571.jpg"
    ], 
    "hqdb_featured_ad_type": "Featured", 
    "hqdb_nr_reviews": "2", 
    "hqdb_review_score": "10,0", 
    "accreditations": null, 
    "category": null, 
    "subcategory": null, 
    "street": "C/ Bolivar, 26", 
    "city": "Madrid", 
    "zipcode": "28045", 
    "formatted_address": "C/ Bolivar, 26, Madrid, 28045", 
    "country": "es", 
    "office_number": "914682173", 
    "office_number2": null, 
    "mobile_number": null, 
    "mobile_number2": null, 
    "unidentified_phone_numbers": null, 
    "latitude": "40.3926662000", 
    "longitude": "-3.6904136000", 
    "business_email": null, 
    "yelp_page": null, 
    "facebook": null, 
    "twitter": null, 
    "instagram": null, 
    "venue_images": "https://d1nd15w2k87kz0.cloudfront.net/Logotipos/635924385846177048.jpg", 
    "opening_hours_raw": null, 
    "pricelist_link": null, 
    "services": [
        {
            "service_category": "Preferente", 
            "service": "Tto Facial Antiedad Aumento Y Perfilado De Labios", 
            "duration": 3600, 
            "price": "325 € ", 
            "description": "Servicio destinado para aumentar y perfilar los labios y que puedas presumir de unos labios sensuales y con volumen. Con este tipo de tratamiento, se pueden hacer varias cosas: aumentar y redefinir el contorno de los labios mejorando en general el aspecto del rostro."
        }, 
        {
            "service_category": "Preferente", 
            "service": "Depilación Láser Diodo Ingles Brasileñas", 
            "duration": 900, 
            "price": "40 € ", 
            "description": "Elimina el vello definitivamente con este láser de diodo, precio por sesión suela de ingles brasileñas. Si se desea otro tipo de depilación de ingles, consúltanos por teléfono sin ningún compromiso."
        }, 
        {
            "service_category": "Preferente", 
            "service": "Mesoterapia Facial Con Vitaminas", 
            "duration": 3600, 
            "price": "125 € ", 
            "description": "Técnica de rejuvenecimiento y tonificación de la piel de la cara indicada tanta para chicas jóvenes como mujeres adultas. Mejora la hidratación de la piel. La duración de cada sesión es de 15-25 minutos y es recomendable la repetición de la sesión cada dos meses para un mayor efecto."
        }, 
        {
            "service_category": "Preferente", 
            "service": "Peeling Facial Químico", 
            "duration": 3600, 
            "price": "125 € ", 
            "description": "Tratamiento facial no quirúrgico que elimina las células de la piel menos profundas regenerando la misma: Elimina manchas de la cara, disminuye arrugas o incómodas marcas como las que te puede dejar el acné. Las zonas donde más se trata son: Cara, cuello y, en menor medida manos."
        }, 
        {
            "service_category": "Estética", 
            "service": "Intralipoterapia, Cavitación Y Presoterapia", 
            "duration": 5400, 
            "price": "370 € ", 
            "description": "Intralipoterapia (incluye 2 viales) es un novedoso tratamiento indicado para la eliminación de grasa localizada. El tratamiento se completa con cavitación y presoterapia. Zonas a elegir abdomen, piernas y glúteos."
        }, 
        {
            "service_category": "Estética", 
            "service": "Tto Facial Antiedad Aumento Y Perfilado De Labios", 
            "duration": 3600, 
            "price": "325 € ", 
            "description": "Servicio destinado para aumentar y perfilar los labios y que puedas presumir de unos labios sensuales y con volumen. Con este tipo de tratamiento, se pueden hacer varias cosas: aumentar y redefinir el contorno de los labios mejorando en general el aspecto del rostro."
        }, 
        {
            "service_category": "Estética", 
            "service": "Cavitación", 
            "duration": 3600, 
            "price": "50 € ", 
            "description": "¡Reserva nuestro servicio alternativo a la liposucción! Gracias a la cavitación conseguimos remodelar nuestra silueta, reduciendo la grasa localizada y mejorando el aspecto de la piel. Es ideal para personas que no consiguen perder peso con deporte y dieta."
        }, 
        {
            "service_category": "Estética", 
            "service": "Limpieza De Cutis", 
            "duration": 3600, 
            "price": "35 € ", 
            "description": "¡Limpia tu rostro de impurezas reservando nuestra higiene facial! Se realiza con vapor y productos específicos según el tipo de tu piel. Esta higiene no se realiza con punta de diamante. Te garantizamos un resultado final sin marcas."
        }, 
        {
            "service_category": "Estética", 
            "service": "Masaje Anticelulítico", 
            "duration": 3600, 
            "price": "35 € ", 
            "description": "Esta técnica de masaje es muy eficaz para reducir la celulitis. Consigue fragmentar las moléculas de la celulitis para facilitar su eliminación por vías naturales. Además aporta más oxígeno y restituye el tejido. ¡Tendrás una piel mucho más tonificada y lisa!"
        }, 
        {
            "service_category": "Estética", 
            "service": "Mesoterapia Facial Con Vitaminas", 
            "duration": 3600, 
            "price": "125 € ", 
            "description": "Técnica de rejuvenecimiento y tonificación de la piel de la cara indicada tanta para chicas jóvenes como mujeres adultas. Mejora la hidratación de la piel. La duración de cada sesión es de 15-25 minutos y es recomendable la repetición de la sesión cada dos meses para un mayor efecto."
        }, 
        {
            "service_category": "Estética", 
            "service": "Peeling Facial Químico", 
            "duration": 3600, 
            "price": "125 € ", 
            "description": "Tratamiento facial no quirúrgico que elimina las células de la piel menos profundas regenerando la misma: Elimina manchas de la cara, disminuye arrugas o incómodas marcas como las que te puede dejar el acné. Las zonas donde más se trata son: Cara, cuello y, en menor medida manos."
        }, 
        {
            "service_category": "Estética", 
            "service": "Presoterapia", 
            "duration": 3600, 
            "price": "20 € ", 
            "description": "Esta técnica se caracteriza por la aplicación de presiones sobre el paciente, de forma continuada o pulsátil. Con esto, conseguimos provocar un estímulo circulatorio para que se genere un drenaje linfático del área tratada. De esta forma, la presoterapia nos permite eliminar toxinas y la celulitis."
        }, 
        {
            "service_category": "Estética", 
            "service": "Tto Corporal Carboxiterapia 1 Zona", 
            "duration": 3600, 
            "price": "60 € ", 
            "description": "La carboxiterapia es una de las mejores terapias para combatir celulitis, flacidez, cartucheras, estrias, abdomen y elimina cúmulos de grasas localizados. El servicio solo incluye una zona."
        }, 
        {
            "service_category": "Estética", 
            "service": "Tto Corporal: Eliminación De Varices", 
            "duration": 2700, 
            "price": "56 € ", 
            "description": "Se realiza introduciendo en el interior de una vena varicosa una sustancia que provoca la irritación de la pared interna de la vena y una posterior fibrosis. Provocando la desaparición inmediata de la variz. El tratamiento se acompaña de medidas de compresión, vendaje o simplemente un apósito compresivo, lo que conlleva un mejor resultado.Procedemos, en una primera consulta, a la realización de una historia clínica detallada y a una valoración flebológica de las extremidades inferiores del paciente."
        }, 
        {
            "service_category": "Masaje", 
            "service": "Maderoterapia", 
            "duration": 3600, 
            "price": "45 € ", 
            "description": "Consiste en la aplicación de un masaje mediante diferentes utensilios de madera, especialmente diseñados para ser utilizados en esta terapia. Conseguimos eliminar el estrés, equilibrar la energía, aliviar dolores musculares e incluso tonificar la piel, llegando a reducir la celulitis."
        }, 
        {
            "service_category": "Depilación", 
            "service": "Depilación Láser Diodo Axilas", 
            "duration": 900, 
            "price": "40 € ", 
            "description": "Elimina el vello definitivamente con este láser de diodo. El precio del servicio es por sesión suelta en la zona de las axilas. Notarás el resultado con cada sesión"
        }, 
        {
            "service_category": "Depilación", 
            "service": "Depilación Láser Diodo Ingles Brasileñas", 
            "duration": 900, 
            "price": "40 € ", 
            "description": "Elimina el vello definitivamente con este láser de diodo, precio por sesión suela de ingles brasileñas. Si se desea otro tipo de depilación de ingles, consúltanos por teléfono sin ningún compromiso."
        }, 
        {
            "service_category": "Depilación", 
            "service": "Depilación Láser Diodo Medias Piernas", 
            "duration": 2700, 
            "price": "95 € ", 
            "description": "¡Disfruta de unas medias piernas suaves y sin vello para siempre! Reserva nuestra depilación láser diodo y verás que con cada sesión el vello va debilitándose hasta su completa desaparición."
        }, 
        {
            "service_category": "Depilación", 
            "service": "Depilación Láser Diodo Piernas Completas", 
            "duration": 2700, 
            "price": "170 € ", 
            "description": "¡Elimina para siempre el vello de tus piernas enteras! Realizamos la depilación mediante láser de diodo. Te garantizamos el mejor resultado en tu piel. ¡Y olvídate de depilarte!"
        }
    ]
}