{
    "adid": null, 
    "name": "Siberia", 
    "name_of_contact": "Siberia", 
    "scrape_page": "https://www.bucmi.com/siberia", 
    "business_website": "https://www.bucmi.com/siberia", 
    "areas_covered": null, 
    "description": "En el corazón de Madrid, tienes tu salón de manicura y pedicura dedicado única y exclusivamente a mimar tus manos y pies. El ambiente y la decoración creada, hacen de Siberia un lugar donde sentirte como en casa.", 
    "img_link": [
        "https://d1nd15w2k87kz0.cloudfront.net/Uploads/635727337855623194.jpg", 
        "https://d1nd15w2k87kz0.cloudfront.net/Uploads/635742048844093796.jpg", 
        "https://d1nd15w2k87kz0.cloudfront.net/Uploads/635742050302449996.jpg", 
        "https://d1nd15w2k87kz0.cloudfront.net/Uploads/635742050497930828.jpg", 
        "https://d1nd15w2k87kz0.cloudfront.net/Uploads/635742050520743643.jpg", 
        "https://d1nd15w2k87kz0.cloudfront.net/Uploads/635742050580430721.jpg", 
        "https://d1nd15w2k87kz0.cloudfront.net/Uploads/635763530774490465.jpg", 
        "https://d1nd15w2k87kz0.cloudfront.net/Uploads/635763532583627289.jpg"
    ], 
    "hqdb_featured_ad_type": "Featured", 
    "hqdb_nr_reviews": "49", 
    "hqdb_review_score": "9,6", 
    "accreditations": null, 
    "category": null, 
    "subcategory": null, 
    "street": "C/ Zipaquira, 79", 
    "city": "Madrid", 
    "zipcode": "28014", 
    "formatted_address": "C/ Zipaquira, 79, Madrid, 28014", 
    "country": "es", 
    "office_number": "918268263", 
    "office_number2": null, 
    "mobile_number": null, 
    "mobile_number2": null, 
    "unidentified_phone_numbers": null, 
    "latitude": "40.4173939000", 
    "longitude": "-3.6911059999", 
    "business_email": null, 
    "yelp_page": null, 
    "facebook": null, 
    "twitter": null, 
    "instagram": null, 
    "venue_images": "https://d1nd15w2k87kz0.cloudfront.net/Logotipos/635978889658470678.jpg", 
    "opening_hours_raw": null, 
    "pricelist_link": null, 
    "services": [
        {
            "service_category": "Preferente", 
            "service": "Manicura Permanente Y Nail Art (2 Uñas)", 
            "duration": 5400, 
            "price": "44 € ", 
            "description": "El servicio incluye: limar/cortar, retirar y emilinar cutículas, hidratar y esmaltar en el color que más te guste. Se realizará Nail Art solamente en 2 uñas. ¿Quieres lucir unas uñas bonitas y cuidadas? Ven a tu Salón de Manicura Siberia y ponte en manos de nuestros mejores profesionales. Luce unas uñas bonitas, cuidadas y coloridas. Tus manos son muy importantes y dicen mucho de ti. Cuida y mima tus manos. Reserva tu cita cómodamente online a través de Bucmi.com. ¡Te encantará!"
        }, 
        {
            "service_category": "Preferente", 
            "service": "Manicura Spa", 
            "duration": 3600, 
            "price": "35 € ", 
            "description": "La minicura Spa incluye un baño relajante de manos con todos los pasos de una manicura completa, además de una exfoliación, purificante de manos. Para finalizar, un masaje relajante con hidratación profunda. ¿Quieres lucir unas uñas bonitas y cuidadas? Ven a tu Salón de Manicura Siberia y ponte en manos de nuestros mejores profesionales. Luce unas uñas bonitas, cuidadas y coloridas. Tus manos son muy importantes y dicen mucho de ti. Cuida y mima tus manos. Reserva tu cita cómodamente online en Bucmi.com."
        }, 
        {
            "service_category": "Preferente", 
            "service": "Manicura Masculina", 
            "duration": 2700, 
            "price": "20 € ", 
            "description": "Esta manicura incluye dar forma, limar y pulir uñas, cortar la cutícula y un masaje relajante. Manos y uñas cuidadas también para vosotros. ¿Quieres lucir unas uñas bonitas y cuidadas? Ven a tu Salón de Manicura Siberia y ponte en manos de nuestros mejores profesionales. Luce unas uñas bonitas y cuidadas. Tus manos son muy importantes y dicen mucho de ti. Cuida y mima tus manos. Reserva tu cita cómodamente online a través de Bucmi.com. ¡Te encantará!"
        }, 
        {
            "service_category": "Manicura y Pedicura", 
            "service": "Manicura Completa Francesa", 
            "duration": 5400, 
            "price": "47 € ", 
            "description": "La manicura francesa es por excelencia una elección que dota de elegancia a tus manos. La manicura más completa, con limado, retirada y eliminación de cutículas, hidratación con masaje y esmaltado con manicura francesa. ¿Quieres lucir unas uñas bonitas y cuidadas? Ven a tu Salón de Manicura Siberia y ponte en manos de nuestros mejores profesionales. Luce unas uñas bonitas, cuidadas y coloridas. Tus manos son muy importantes y dicen mucho de ti. Cuida y mima tus manos. Reserva tu cita en Bucmi.com."
        }, 
        {
            "service_category": "Manicura y Pedicura", 
            "service": "Manicura Completa Y Pedicura Permanente", 
            "duration": 5400, 
            "price": "75 € ", 
            "description": "¡Disfruta de una manicura completa y una pedicura permanente! El servicio incluye limado, retirada y eliminación de cutículas, hidratación con masaje y esmaltado con el color que más te guste. Tendrás un esmaltado normal en tus manos y un esmaltado permanente en tus pies. El servicio se realiza a 4 manos. ¿Quieres lucir unas uñas bonitas y cuidadas? Ven a tu Salón de Manicura Siberia y ponte en manos de nuestros mejores profesionales. Luce unas uñas bonitas, cuidadas y coloridas. Reserva tu cita ahora."
        }, 
        {
            "service_category": "Manicura y Pedicura", 
            "service": "Manicura Permanente Con Nailart (4 Uñas)", 
            "duration": 5400, 
            "price": "48 € ", 
            "description": "El servicio incluye: limar/cortar, retirar y emilinar cutículas, hidratar y esmaltar en el color que más te guste. Se realizará Nail Art solamente en 4 uñas. ¿Quieres lucir unas uñas bonitas y cuidadas? Ven a tu Salón de Manicura Siberia y ponte en manos de nuestros mejores profesionales. Luce unas uñas bonitas, cuidadas y coloridas. Tus manos son muy importantes y dicen mucho de ti. Cuida y mima tus manos. Reserva tu cita cómodamente online a través de Bucmi.com."
        }, 
        {
            "service_category": "Manicura y Pedicura", 
            "service": "Manicura Permanente Y Nail Art (2 Uñas)", 
            "duration": 5400, 
            "price": "44 € ", 
            "description": "El servicio incluye: limar/cortar, retirar y emilinar cutículas, hidratar y esmaltar en el color que más te guste. Se realizará Nail Art solamente en 2 uñas. ¿Quieres lucir unas uñas bonitas y cuidadas? Ven a tu Salón de Manicura Siberia y ponte en manos de nuestros mejores profesionales. Luce unas uñas bonitas, cuidadas y coloridas. Tus manos son muy importantes y dicen mucho de ti. Cuida y mima tus manos. Reserva tu cita cómodamente online a través de Bucmi.com. ¡Te encantará!"
        }, 
        {
            "service_category": "Manicura y Pedicura", 
            "service": "Manicura Permanente Y Pedicura Completa", 
            "duration": 5400, 
            "price": "75 € ", 
            "description": "¡Disfruta de la manicura más duradera y súmale el servicio de pedicura completa! El servicio incluye limado, retirada y eliminación de cutículas, hidratación con masaje y esmaltado con el color que más te guste. Disfruta de un esmaltado permanente en tus manos y un esmaltado normal en tus pies. El servicio se realiza a 4 manos."
        }, 
        {
            "service_category": "Manicura y Pedicura", 
            "service": "Manicura Spa", 
            "duration": 3600, 
            "price": "35 € ", 
            "description": "La minicura Spa incluye un baño relajante de manos con todos los pasos de una manicura completa, además de una exfoliación, purificante de manos. Para finalizar, un masaje relajante con hidratación profunda. ¿Quieres lucir unas uñas bonitas y cuidadas? Ven a tu Salón de Manicura Siberia y ponte en manos de nuestros mejores profesionales. Luce unas uñas bonitas, cuidadas y coloridas. Tus manos son muy importantes y dicen mucho de ti. Cuida y mima tus manos. Reserva tu cita cómodamente online en Bucmi.com."
        }, 
        {
            "service_category": "Manicura y Pedicura", 
            "service": "Manicura Y Pedicura A 4 Manos", 
            "duration": 3600, 
            "price": "60 € ", 
            "description": "La manicura y pedicura más completa realizada a 4 manos, reduciendo de esta manera el tiempo. El servicio incluye limado, retirada y eliminación de cutículas, hidratación con masaje y esmaltado con el color que más te guste. ¿Quieres lucir unas uñas bonitas y cuidadas? Ven a tu Salón de Manicura Siberia y ponte en manos de nuestros mejores profesionales. Luce unas uñas bonitas, cuidadas y coloridas. Cuida y mima tus manos y pies. Disfruta de unas uñas perfectas. Reserva tu cita online en Bucmi.com."
        }, 
        {
            "service_category": "Manicura y Pedicura", 
            "service": "Manicura Y Pedicura Permanente", 
            "duration": 5400, 
            "price": "90 € ", 
            "description": "¡Disfruta de la manicura y pedicura más duradera! El servicio incluye limado, retirada y eliminación de cutículas, hidratación con masaje y esmaltado con el color que más te guste. El servicio se realiza a 4 manos. ¿Quieres lucir unas uñas bonitas y cuidadas? Ven a tu Salón de Manicura Siberia y ponte en manos de nuestros mejores profesionales. Luce unas uñas bonitas, cuidadas y coloridas. Cuida y mima tus manos y pies. Disfruta de unas uñas perfectas. Reserva tu cita online en Bucmi.com."
        }, 
        {
            "service_category": "Manicura y Pedicura", 
            "service": "Pedicura Completa", 
            "duration": 3600, 
            "price": "45 € ", 
            "description": "Limamos, cortamos, retiramos y eliminamos cutículas, eliminamos durezas, hidratamos y esmaltamos con el color que más te guste. ¿Quieres lucir unas uñas bonitas y cuidadas? Ven a tu Salón de Manicura Siberia y ponte en manos de nuestros mejores profesionales. Luce unas uñas bonitas, cuidadas y coloridas. Prepara tus pies de cara al buen tiempo para lucirlos con esas sandalias que tanto te gustan. Disfruta de unas uñas perfectas. Reserva tu cita online a través de Bucmi.com."
        }, 
        {
            "service_category": "Manicura y Pedicura", 
            "service": "Pedicura Completa Permanente", 
            "duration": 5400, 
            "price": "57 € ", 
            "description": "Luce pies perfectos durante mucho más tiempo. Limamos, cortamos, retiramos y eliminamos cutículas, eliminamos durezas, hidratamos y esmaltamos con el color que más te guste. ¿Quieres lucir unas uñas bonitas y cuidadas? Ven a tu Salón de Manicura Siberia y ponte en manos de nuestros mejores profesionales. Luce unas uñas bonitas, cuidadas y coloridas. Prepara tus pies de cara al buen tiempo para lucirlos con esas sandalias que tanto te gustan. Disfruta de unas uñas perfectas. Reserva tu cita en Bucmi.com."
        }, 
        {
            "service_category": "Manicura y Pedicura", 
            "service": "Pedicura Spa", 
            "duration": 7200, 
            "price": "50 € ", 
            "description": "La pedicura Spa incluye baño relajante, retirada de dureza, exfoliante de OPI, dar forma de uñas, limar uñas, cortar la cuticula, esmaltar uñas con laca de OPI o CHANEL, masaje relajante con hidratación. ¿Quieres lucir unas uñas bonitas y cuidadas? Ven a tu Salón de Manicura Siberia y ponte en manos de nuestros mejores profesionales. Luce unas uñas bonitas, cuidadas y coloridas. Prepara tus pies de cara al buen tiempo para lucirlos con esas sandalias que tanto te gustan. Disfruta de unas uñas perfectas."
        }, 
        {
            "service_category": "Manicura y Pedicura", 
            "service": "Manicura Permanente", 
            "duration": 3600, 
            "price": "40 € ", 
            "description": "¡Disfruta de la manicura más duradera! El servicio incluye limado, retirada y eliminación de cutículas, hidratación con masaje y esmaltado con el color que más te guste. La duración es de 75 min. ¿Quieres lucir unas uñas bonitas y cuidadas? Ven a tu Salón de Manicura Siberia y ponte en manos de nuestros mejores profesionales. Luce unas uñas bonitas, cuidadas y coloridas. Tus manos son muy importantes y dicen mucho de ti. Cuida y mima tus manos. Reserva tu cita cómodamente online a través de Bucmi.com."
        }, 
        {
            "service_category": "Manicura y Pedicura", 
            "service": "Manicura Completa", 
            "duration": 3600, 
            "price": "25 € ", 
            "description": "La manicura más completa, con limado, retirada y eliminación de cutículas, hidratación con masaje y esmaltado con el color que más te guste. La duración de esta manicura es de 7 días aproximadamente. ¿Quieres lucir unas uñas bonitas y cuidadas? Ven a tu Salón de Manicura Siberia y ponte en manos de nuestros mejores profesionales. Luce unas uñas bonitas, cuidadas y coloridas. Tus manos son muy importantes y dicen mucho de ti. Cuida y mima tus manos. Reserva tu cita cómodamente online a través de Bucmi.c"
        }, 
        {
            "service_category": "Manicura y Pedicura", 
            "service": "Manicura Express", 
            "duration": 1800, 
            "price": "18 € ", 
            "description": "Tus manos siempre listas y perfectas para cualquier ocasión. No dejes que el tiempo sea una excusa. ¡Solo 30 min! El servicio incluye limado, retirada de cutículas y esmaltado con el color que más te guste. ¿Quieres lucir unas uñas bonitas y cuidadas? Ven a tu Salón de Manicura Siberia y ponte en manos de nuestros mejores profesionales. Luce unas uñas bonitas, cuidadas y coloridas. Tus manos son muy importantes y dicen mucho de ti. Cuida y mima tus manos. Reserva tu cita online en Bucmi.com."
        }, 
        {
            "service_category": "Manicura y Pedicura", 
            "service": "Manicura Masculina", 
            "duration": 2700, 
            "price": "20 € ", 
            "description": "Esta manicura incluye dar forma, limar y pulir uñas, cortar la cutícula y un masaje relajante. Manos y uñas cuidadas también para vosotros. ¿Quieres lucir unas uñas bonitas y cuidadas? Ven a tu Salón de Manicura Siberia y ponte en manos de nuestros mejores profesionales. Luce unas uñas bonitas y cuidadas. Tus manos son muy importantes y dicen mucho de ti. Cuida y mima tus manos. Reserva tu cita cómodamente online a través de Bucmi.com. ¡Te encantará!"
        }, 
        {
            "service_category": "Manicura y Pedicura", 
            "service": "Pedicura Express", 
            "duration": 2700, 
            "price": "28 € ", 
            "description": "En tan sólo 40 minutos lucirás unos pies perfectos, cuidados y bonitos. El servicio incluye limado, retirada de cutículas y esmaltado con el color que más te guste. ¿Quieres lucir unas uñas bonitas y cuidadas? Ven a tu Salón de Manicura Siberia y ponte en manos de nuestros mejores profesionales. Luce unas uñas bonitas, cuidadas y coloridas. Prepara tus pies de cara al buen tiempo para lucirlos con esas sandalias que tanto te gustan. Disfruta de unas uñas perfectas. Reserva tu cita online en Bucmi.com."
        }
    ]
}