{
    "adid": null, 
    "name": "Espacio Eco", 
    "name_of_contact": "Espacio Eco", 
    "scrape_page": "https://www.bucmi.com/espacioeco", 
    "business_website": "https://www.bucmi.com/espacioeco", 
    "areas_covered": null, 
    "description": "Este espacio se encuentra en una de las plazas más luminosas del centro de Madrid. Cerca de la Gran Vía, entre las calles Fuencarral y Barquillo, en el corazón del barrio de Chueca. Es un punto neurálgico dónde se concentran las nuevas tendencias.", 
    "img_link": [
        "https://d1nd15w2k87kz0.cloudfront.net/Uploads/636039350558723145.jpg", 
        "https://d1nd15w2k87kz0.cloudfront.net/Uploads/636039350562943533.jpg", 
        "https://d1nd15w2k87kz0.cloudfront.net/Uploads/636039350560131141.jpg"
    ], 
    "hqdb_featured_ad_type": "Featured", 
    "hqdb_nr_reviews": "429", 
    "hqdb_review_score": "9,3", 
    "accreditations": null, 
    "category": null, 
    "subcategory": null, 
    "street": null, 
    "city": "Madrid", 
    "zipcode": "28004", 
    "formatted_address": "Madrid, 28004, Madrid, 28003, Madrid, 28001, Madrid, 28015, Madrid, 28010, Madrid, 28004", 
    "country": "es", 
    "office_number": "915218810", 
    "office_number2": null, 
    "mobile_number": null, 
    "mobile_number2": null, 
    "unidentified_phone_numbers": null, 
    "latitude": "40.4209600000", 
    "longitude": "-3.6998846000", 
    "business_email": null, 
    "yelp_page": null, 
    "facebook": null, 
    "twitter": null, 
    "instagram": null, 
    "venue_images": "https://d1nd15w2k87kz0.cloudfront.net/Logotipos/635914727772118313.jpg", 
    "opening_hours_raw": null, 
    "pricelist_link": null, 
    "services": [
        {
            "service_category": "Preferente", 
            "service": "Tto Capilar Ácido Hialurónico Y Secado Natural", 
            "duration": 3600, 
            "price": "37 € ", 
            "description": "Gracias a la aplicación de nuestro producto Davines a base de ácido hialurónico, conseguiremos regenerar e hidratar tu pelo dañada para que vuelva a lucir brillante y lleno de vida. El servicio incluye el tratamiento capilar, lavado con champú y secado natural de la melena (que no peinado). Anímate a probarlo y ponte en las manos de nuestros estilistas de Espacio Eco. Te encantará el resultado."
        }, 
        {
            "service_category": "Preferente", 
            "service": "Corte Hombre Y Lavado Anticaída", 
            "duration": 2700, 
            "price": "42,5 € ", 
            "description": "Lavado indicado para cuero cabelludo y/o cabello frágil y fino o con tendencia a la caída. Incluye tratamiento de Davines, corte y peina."
        }, 
        {
            "service_category": "Preferente", 
            "service": "Corte Hombre Y Lavado Purificante", 
            "duration": 2700, 
            "price": "35 € ", 
            "description": "Lavado indicado para cuero cabelludo con caspa grasa o seca. Incluye lavado, corte y peinado. Si crees que es el momento para un cambio de look, Espacio Eco te ofrecerá el mejor asesoramiento personalizado, para que todo encaje con tu estilo y personalizado y con productos de la marca Davines."
        }, 
        {
            "service_category": "Preferente", 
            "service": "Corte Mujer, Ritual Calmante Y Secado Natural", 
            "duration": 2700, 
            "price": "49,5 € ", 
            "description": "Disfruta de un tratamiento capilar de la mano de Davines, que alivia el picor en el cuero cabelludo sensiblemente irritado. Un ritual calmante lleno de relax. Incluye Corte y Secado natur."
        }, 
        {
            "service_category": "Preferente", 
            "service": "A New Color (Sin Amoniaco) Y Secado Natural", 
            "duration": 2700, 
            "price": "48,5 € ", 
            "description": "Aplicación de color sin amoniaco de la mano de Davines, respetando el cuero cabelludo y la fibra capilar. Incluye Lavado essential y Secado natur."
        }, 
        {
            "service_category": "Preferente", 
            "service": "Color Clásico, Corte Y Peinado", 
            "duration": 5400, 
            "price": "79,5 € ", 
            "description": "Color clásico, corte de pelo y peinado para estar perfecta. El color con pre-tratamiento para cabello dañado o sensibilizado. Incluye Lavado essential, Corte y Peinado. Con productos Davines para el mejor ciudado de tu cabello."
        }, 
        {
            "service_category": "Preferente", 
            "service": "Corte Mujer, Tto Ácido Hialurónico Y Secado Natura", 
            "duration": 3600, 
            "price": "64 € ", 
            "description": "Si buscas un cambio de estilo o tu pelo necesita sanear sus puntas, apúntate a un pack que te encantará: Un corte, un tratamiento súper hidratante de Davines con ácido hialurónico. Ritual hidratante para dar elasticidad a todo tipo de cabellos. Incluye Secado Natur."
        }, 
        {
            "service_category": "Preferente", 
            "service": "Baño De Color Botánico Y Secado Natural", 
            "duration": 3600, 
            "price": "55,5 € ", 
            "description": "Aumenta el brillo y grosor de tu cabello gracias a extractos naturales eliminando los residuos del cuero cabelludo, con producto de la marca Davines. Incluye Lavado essential y Secado natural. Aportarás un toque de luz al pelo sin dañar."
        }, 
        {
            "service_category": "Preferente", 
            "service": "Corte Mujer, Lavado Y Secado", 
            "duration": 3600, 
            "price": "37,5 € ", 
            "description": "¿Quieres disfrutar de un corte de pelo con estilo? ¡Reserva este servicio! Incluye el corte de pelo para mujer, el lavado (con champú y acondicionador de la marca Davines) y el secado, no incluye dar forma o peinar el cabello."
        }, 
        {
            "service_category": "Peluquería", 
            "service": "Peinar Y Tratamiento Colágeno Capilar", 
            "duration": 2700, 
            "price": "38 € ", 
            "description": "Tratamiento capilar intenso e inmediato de colágeno para recuperar la estructura, brillo y volumen adecuados, eliminando la electricidad estática del cabello. Los profesionales de Espacio Eco y con la ayuda de los productos Davines, harán que disfrutes de un pelo más bonito, sano y lleno de fuerza, completamente rejuvenecido. Ideal para todo tipo de cabellos. El servicio incluye peinado."
        }, 
        {
            "service_category": "Peluquería", 
            "service": "Barbería: Arreglo/Diseño De Barba Y Corte De Pelo", 
            "duration": 3600, 
            "price": "51 € ", 
            "description": "Realizamos el arreglo y diseño de barba a navaja con productos y cuchillas de primera calidad. Incluye el corte de pelo y grooming (limpieza de vello facial). Todo un ritual para hombres que se cuidan. Ven a nuestra Peluquería Espacio Eco y ponte en manos de nuestros mejores profesionales. Te asesorarán en todo momento y adaptarán tu diseño y arreglo de barba según tus facciones para realzar tu belleza y según tus gustos y personalidad. Además, luce un nuevo look con tu nuevo corte de pelo. ¡Te encantará!"
        }, 
        {
            "service_category": "Peluquería", 
            "service": "Novias: Prueba Peinado Y Maquillaje", 
            "duration": 7200, 
            "price": "117 € ", 
            "description": "Este servicio incluye todo tipo de peinado especial y/o recogido. El maquillaje incluye la aplicación de una ampolla de belleza instantánea. Estarás perfecta ese día tan especiD"
        }, 
        {
            "service_category": "Peluquería", 
            "service": "Tto Capilar Ácido Hialurónico Y Secado Natural", 
            "duration": 3600, 
            "price": "37 € ", 
            "description": "Gracias a la aplicación de nuestro producto Davines a base de ácido hialurónico, conseguiremos regenerar e hidratar tu pelo dañada para que vuelva a lucir brillante y lleno de vida. El servicio incluye el tratamiento capilar, lavado con champú y secado natural de la melena (que no peinado). Anímate a probarlo y ponte en las manos de nuestros estilistas de Espacio Eco. Te encantará el resultado."
        }, 
        {
            "service_category": "Peluquería", 
            "service": "Corte Hombre Y Lavado Anticaída", 
            "duration": 2700, 
            "price": "42,5 € ", 
            "description": "Lavado indicado para cuero cabelludo y/o cabello frágil y fino o con tendencia a la caída. Incluye tratamiento de Davines, corte y peina."
        }, 
        {
            "service_category": "Peluquería", 
            "service": "Corte Hombre Y Lavado Purificante", 
            "duration": 2700, 
            "price": "35 € ", 
            "description": "Lavado indicado para cuero cabelludo con caspa grasa o seca. Incluye lavado, corte y peinado. Si crees que es el momento para un cambio de look, Espacio Eco te ofrecerá el mejor asesoramiento personalizado, para que todo encaje con tu estilo y personalizado y con productos de la marca Davines."
        }, 
        {
            "service_category": "Peluquería", 
            "service": "Corte Mujer, Ritual Calmante Y Secado Natural", 
            "duration": 2700, 
            "price": "49,5 € ", 
            "description": "Disfruta de un tratamiento capilar de la mano de Davines, que alivia el picor en el cuero cabelludo sensiblemente irritado. Un ritual calmante lleno de relax. Incluye Corte y Secado natur."
        }, 
        {
            "service_category": "Peluquería", 
            "service": "Corte Mujer, Tto Reparador Keratina Y Secado", 
            "duration": 5400, 
            "price": "69,5 € ", 
            "description": "Ritual reparador de keratina de origen natural para engrosar cabellos sin esperanza, dañados y estropeados. Ideal para melenas finas y encrespadas. El servicio incluye corte y secado natur. Todo realizado con productos Davines."
        }, 
        {
            "service_category": "Peluquería", 
            "service": "Pack Novias Invitadas", 
            "duration": 7200, 
            "price": "93 € ", 
            "description": "Este servicio incluye: lavado, peinado o recogido y maquillaje. ¿Quieres estar perfecta para el día de la Boda de tu amiga o hermana? Ven a tu Salón de Peluquería Espacio Eco y ponte en manos de nuestros mejores profesionales. Estarás perfecta para ese día tan especial. ¡Ven a visitarnos! ¡No dejes que te lo cuent D"
        }, 
        {
            "service_category": "Peluquería", 
            "service": "A New Color (Sin Amoniaco) Y Secado Natural", 
            "duration": 2700, 
            "price": "48,5 € ", 
            "description": "Aplicación de color sin amoniaco de la mano de Davines, respetando el cuero cabelludo y la fibra capilar. Incluye Lavado essential y Secado natur."
        }, 
        {
            "service_category": "Peluquería", 
            "service": "Color Clásico, Corte Y Peinado", 
            "duration": 5400, 
            "price": "79,5 € ", 
            "description": "Color clásico, corte de pelo y peinado para estar perfecta. El color con pre-tratamiento para cabello dañado o sensibilizado. Incluye Lavado essential, Corte y Peinado. Con productos Davines para el mejor ciudado de tu cabello."
        }, 
        {
            "service_category": "Peluquería", 
            "service": "Corte Mujer, Tto Ácido Hialurónico Y Secado Natura", 
            "duration": 3600, 
            "price": "64 € ", 
            "description": "Si buscas un cambio de estilo o tu pelo necesita sanear sus puntas, apúntate a un pack que te encantará: Un corte, un tratamiento súper hidratante de Davines con ácido hialurónico. Ritual hidratante para dar elasticidad a todo tipo de cabellos. Incluye Secado Natur."
        }, 
        {
            "service_category": "Peluquería", 
            "service": "Baño De Color Botánico Y Secado Natural", 
            "duration": 3600, 
            "price": "55,5 € ", 
            "description": "Aumenta el brillo y grosor de tu cabello gracias a extractos naturales eliminando los residuos del cuero cabelludo, con producto de la marca Davines. Incluye Lavado essential y Secado natural. Aportarás un toque de luz al pelo sin dañar."
        }, 
        {
            "service_category": "Peluquería", 
            "service": "Corte Mujer, Lavado Y Secado", 
            "duration": 3600, 
            "price": "37,5 € ", 
            "description": "¿Quieres disfrutar de un corte de pelo con estilo? ¡Reserva este servicio! Incluye el corte de pelo para mujer, el lavado (con champú y acondicionador de la marca Davines) y el secado, no incluye dar forma o peinar el cabello."
        }, 
        {
            "service_category": "Estética", 
            "service": "Novias: Prueba Peinado Y Maquillaje", 
            "duration": 7200, 
            "price": "117 € ", 
            "description": "Este servicio incluye todo tipo de peinado especial y/o recogido. El maquillaje incluye la aplicación de una ampolla de belleza instantánea. Estarás perfecta ese día tan especiD"
        }
    ]
}