{
    "adid": null, 
    "name": "Ya Me Dirás", 
    "name_of_contact": "Ya Me Dirás", 
    "scrape_page": "https://www.bucmi.com/yamediras", 
    "business_website": "https://www.bucmi.com/yamediras", 
    "areas_covered": null, 
    "description": "Somos un centro de belleza integral con personal cualificado y con más de 25 años de experiencia. Nos gusta ser un centro cercano y acogedor donde nuestros clientes se sientan como en casa. Podrás disfrutar de todo tipo de servicios. Te esperamos.", 
    "img_link": [
        "https://d1nd15w2k87kz0.cloudfront.net/Uploads/635641739670759807.jpg", 
        "https://d1nd15w2k87kz0.cloudfront.net/Uploads/635641739702795410.jpg", 
        "https://d1nd15w2k87kz0.cloudfront.net/Uploads/635641739706545613.jpg", 
        "https://d1nd15w2k87kz0.cloudfront.net/Uploads/635641739732172533.jpg", 
        "https://d1nd15w2k87kz0.cloudfront.net/Uploads/635641739735766546.jpg", 
        "https://d1nd15w2k87kz0.cloudfront.net/Uploads/635641739739204413.jpg", 
        "https://d1nd15w2k87kz0.cloudfront.net/Uploads/635642577564124243.jpg"
    ], 
    "hqdb_featured_ad_type": "Featured", 
    "hqdb_nr_reviews": "1", 
    "hqdb_review_score": "8,0", 
    "accreditations": null, 
    "category": null, 
    "subcategory": null, 
    "street": "C/ Toledo, 12", 
    "city": "Madrid", 
    "zipcode": "Madrid", 
    "formatted_address": "C/ Toledo, 12, Madrid, Madrid", 
    "country": "es", 
    "office_number": "915519626", 
    "office_number2": null, 
    "mobile_number": "607401036", 
    "mobile_number2": null, 
    "unidentified_phone_numbers": null, 
    "latitude": "40.4034497000", 
    "longitude": "-3.6600250999", 
    "business_email": null, 
    "yelp_page": null, 
    "facebook": null, 
    "twitter": null, 
    "instagram": null, 
    "venue_images": "https://d1nd15w2k87kz0.cloudfront.net/Logotipos/635971818619437188.jpg", 
    "opening_hours_raw": null, 
    "pricelist_link": null, 
    "services": [
        {
            "service_category": "Preferente", 
            "service": "Mechas Pelo Corto", 
            "duration": 5400, 
            "price": "25 € ", 
            "description": "En el servicio está incluido el lavado del pelo con champú y acondicionador, las mechas en la tonalidad que prefieras y que más vaya contigo, y por último el acabado. En caso de tener un largo superior al indicado, se cobrará un suplemento en el salón."
        }, 
        {
            "service_category": "Preferente", 
            "service": "Color Pelo Largo", 
            "duration": 3600, 
            "price": "24 € ", 
            "description": "En el servicio está incluido el lavado del pelo con champú específico, la aplicación del tinte en la tonalidad que más se adapte a ti y por último se incluye el secado natural. ¡Reserva online! ¡Te encantará el resultado!"
        }, 
        {
            "service_category": "Preferente", 
            "service": "Corte Hombre", 
            "duration": 1800, 
            "price": "13 € ", 
            "description": "¿Necesitas un corte de pelo? ¡Reserva este servicio! Incluye el lavado del pelo con champú, el corte de pelo que más vaya contigo y tu estilo, un masaje craneal y por último el acabado para salir perfecto de la peluquería."
        }, 
        {
            "service_category": "Peluquería", 
            "service": "Tratamiento Bótox Capilar", 
            "duration": 7200, 
            "price": "30 € ", 
            "description": "El servicio consta de un tratamiento de células madre de Argán con bótox, para cualquier tipo del cabello. Consigue un pelo con volumen, fuerte y reluciente gracias a este magnífico servicio. Incluye champú y crema de 300ml para seguimiento en casa."
        }, 
        {
            "service_category": "Peluquería", 
            "service": "Color Pelo Corto", 
            "duration": 3600, 
            "price": "14 € ", 
            "description": "¡Renueva el color de tu pelo reservando este servicio! Incluye el lavado del pelo con champú específico, el tinte para tu pelo en la tonalidad que más te guste y que más vaya contigo y con tu estilo. Por último, también incluye el secado natural."
        }, 
        {
            "service_category": "Peluquería", 
            "service": "Lavar Y Peinar Pelo Corto", 
            "duration": 1800, 
            "price": "14 € ", 
            "description": "¿Te gustaría lucir un peinado de calidad? ¡Reserva nuestro servicio de peinado! Incluye el lavado de tu pelo con champú específico y espuma, y por último el peinado para cabello corto. Ahorra tiempo y reserva tu cita online en nuestro centro Ya Me Dirás."
        }, 
        {
            "service_category": "Peluquería", 
            "service": "Mechas Pelo Corto", 
            "duration": 5400, 
            "price": "25 € ", 
            "description": "En el servicio está incluido el lavado del pelo con champú y acondicionador, las mechas en la tonalidad que prefieras y que más vaya contigo, y por último el acabado. En caso de tener un largo superior al indicado, se cobrará un suplemento en el salón."
        }, 
        {
            "service_category": "Peluquería", 
            "service": "Color Pelo Largo", 
            "duration": 3600, 
            "price": "24 € ", 
            "description": "En el servicio está incluido el lavado del pelo con champú específico, la aplicación del tinte en la tonalidad que más se adapte a ti y por último se incluye el secado natural. ¡Reserva online! ¡Te encantará el resultado!"
        }, 
        {
            "service_category": "Peluquería", 
            "service": "Corte Hombre", 
            "duration": 1800, 
            "price": "13 € ", 
            "description": "¿Necesitas un corte de pelo? ¡Reserva este servicio! Incluye el lavado del pelo con champú, el corte de pelo que más vaya contigo y tu estilo, un masaje craneal y por último el acabado para salir perfecto de la peluquería."
        }, 
        {
            "service_category": "Peluquería", 
            "service": "Pack Lavar, Cortar Y Secar", 
            "duration": 1800, 
            "price": "13 € ", 
            "description": "¡Si necesitas un corte de pelo, este es tu servicio! Incluye el lavado de tu pelo con champú específico, el corte de pelo que más te guste y que vaya contigo y tu estilo y por último el secado. No incluye peinado. ¡Reserva tu cita online!"
        }, 
        {
            "service_category": "Peluquería", 
            "service": "Corte De Pelo Niño", 
            "duration": 2700, 
            "price": "10 € ", 
            "description": "¿Estás buscando un centro para cortar el pelo a tu peque? ¡No lo dudes más y reserva ahora este servicio! Está incluido el lavado del pelo con champú neutro y por último el peinado. Este es un servicio indicado sólo para los más peques."
        }, 
        {
            "service_category": "Peluquería", 
            "service": "Lavar Y Peinar Pelo Largo", 
            "duration": 3600, 
            "price": "15 € ", 
            "description": "¿Tienes una ocasión especial y quieres estar perfecta? ¡Reserva nuestro servicio de peinado! Incluye el lavado de tu pelo con champú específico y espuma, y por último el peinado para cabello largo. Ahorra tiempo y reserva tu cita online en nuestro centro Ya Me Dirás."
        }, 
        {
            "service_category": "Peluquería", 
            "service": "Mechas Media Melena", 
            "duration": 7200, 
            "price": "32 € ", 
            "description": "¿Te apetece darle luz a tu pelo? ¡Reserva nuestro servicio de mechas! Incluye el lavado del pelo con champú y acondicionador, las mechas en el color que prefieras y que más vaya contigo, y por último el acabado. ¡Encuentra el look que más se adapta a ti!"
        }, 
        {
            "service_category": "Peluquería", 
            "service": "Mechas Pelo Largo", 
            "duration": 7200, 
            "price": "40 € ", 
            "description": "¿Te gustaría encontrar el look perfecto para ti? ¡Prueba con nuestro servicio de mechas! Incluye lavado con champú y acondicionador, las mechas a elegir y el acabado. Servicio exclusivo para cabello largo, en caso de cabello extralargo estará sujeto a suplemento."
        }, 
        {
            "service_category": "Peluquería", 
            "service": "Recogido Novia", 
            "duration": 5400, 
            "price": "40 € ", 
            "description": "Disfruta del día más especial con el recogido que mejor se adapte a ti gracias a este servicio que te prestamos desde Ya Me Dirás centro de peluquería y estética. Confía en nuestros profesionales."
        }
    ]
}