{
    "adid": null, 
    "name": "Concha del Barrio", 
    "name_of_contact": "Concha del Barrio", 
    "scrape_page": "https://www.bucmi.com/conchadelbarrio", 
    "business_website": "https://www.bucmi.com/conchadelbarrio", 
    "areas_covered": null, 
    "description": "Centro de Estética de Madrid creado por Concha del Barrio hace 40 años. Desde entonces, cuidamos y contribuimos a tu bienestar y a tu belleza, con tratamientos totalmente personalizados. Utilizamos tecnología y cosmetología de última generación. ¡Ven ya!", 
    "img_link": [
        "https://d1nd15w2k87kz0.cloudfront.net/Uploads/635671985304571368.jpg", 
        "https://d1nd15w2k87kz0.cloudfront.net/Uploads/635671985336917575.jpg", 
        "https://d1nd15w2k87kz0.cloudfront.net/Uploads/635671985384108760.jpg", 
        "https://d1nd15w2k87kz0.cloudfront.net/Uploads/635671985426143292.jpg", 
        "https://d1nd15w2k87kz0.cloudfront.net/Uploads/635671985615845611.jpg"
    ], 
    "hqdb_featured_ad_type": "Featured", 
    "hqdb_nr_reviews": "0", 
    "hqdb_review_score": "0,0", 
    "accreditations": null, 
    "category": null, 
    "subcategory": null, 
    "street": "C/ Ayala, 84", 
    "city": "Madrid", 
    "zipcode": "28006", 
    "formatted_address": "C/ Ayala, 84, Madrid, 28006", 
    "country": "es", 
    "office_number": "915614593", 
    "office_number2": null, 
    "mobile_number": "722552907", 
    "mobile_number2": null, 
    "unidentified_phone_numbers": null, 
    "latitude": "40.4372893000", 
    "longitude": "-3.6833248000", 
    "business_email": null, 
    "yelp_page": null, 
    "facebook": null, 
    "twitter": null, 
    "instagram": null, 
    "venue_images": "https://d1nd15w2k87kz0.cloudfront.net/Logotipos/635972881948869766.jpg", 
    "opening_hours_raw": null, 
    "pricelist_link": null, 
    "services": [
        {
            "service_category": "Preferente", 
            "service": "Tto. Corporal Reductor Anticelulítico Y Drenante", 
            "duration": 3600, 
            "price": "85 € ", 
            "description": "Pierde hasta 1 cm por sesión. Tratamiento indicado para eliminar grasa y celulitis, modelar y optimizar el sistema circulatorio combinando Láser lipolítico y Presoterapia Médica. ¡Presume de así un cuerpo mucho más esbelto y no te cortes en lucir tipín esta temporada! En nuestro centro sabemos la importancia de sentirse a gusto y por ello te ofrecemos este tratamiento reductor anticelulítico y drenante! Notarás los resultados."
        }, 
        {
            "service_category": "Preferente", 
            "service": "Tratamiento Facial Vitamina C+C De Natura Bissé", 
            "duration": 3600, 
            "price": "79 € ", 
            "description": "Tratamiento-Protección antirradicales libres. Prepara la piel para contrarrestar los efectos dañinos del sol. Reafirmante, Hidratante y Antioxidante, previene la formación de arrugas, difumina y previene las manchas solares. ¡No permitas que un buen bronceado afecte a tu piel y, más concretamente, a tu cutis! De esta manera, podrás lucir un color moreno y una cara reluciente. ¡No lo dudes y reserva ya este servicio online! Con toda comodidad a través de Bucmi, con un solo clic."
        }, 
        {
            "service_category": "Preferente", 
            "service": "Limpieza Facial Del Acné", 
            "duration": 3600, 
            "price": "59 € ", 
            "description": "Se realiza una limpieza sin vapor de comedones y microquistes aplicando cosméticos y aparatología adecuados para eliminar la infección y la inflamación y prevenir y mejorar las cicatrices. Nuestro Tratamiento del Acné es 95% eficaz. Los resultados son visibles en la 1º sesión y la piel aparece limpia y renovada al mes de comenzar el tratamiento. ¡Olvídate también de esos pequeños complejos! Reserva ya cómodamente online."
        }, 
        {
            "service_category": "Preferente", 
            "service": "Tratamiento Facial Ácido Salicílico", 
            "duration": 3600, 
            "price": "79 € ", 
            "description": "Tratamiento facial a base de Ácido Salicílico, aceites vegetales, velo Ácido Hialurónico y Péptidos. Reduce arrugas, aclara y unifica el tono de piel. Además, te aportará una hidratación profunda y efecto antioxidante, renovación y regenaración celular. Todo un completo para tu cutis. Además, utilizamos productos de primeras marcas para que el resultado sea espectacular. ¡Confía en los mejores y reserva ya este servicio cómodamente a través de Bucmi!"
        }, 
        {
            "service_category": "Estética", 
            "service": "Tratamiento Cosmelan Para Manchas Faciales", 
            "duration": 3600, 
            "price": "700 € ", 
            "description": "Tratamiento completo para eliminar las machas faciales como: manchas melánicas, Cloasma (manchas del embarazo) , manchas solares, manchas seniles, léntigos o melasmas. Incluye los cosméticos que se deben aplicar en el domicilio. No lo dudes y luce así un cutis suave y uniforme. ¿A qué estás esperando para reservar en Bucmi? Tu cuidado está asegurado en Concha del Barrio. ¡No te arrepentirás!"
        }, 
        {
            "service_category": "Estética", 
            "service": "Tto. Corporal Reductor Anticelulítico Y Drenante", 
            "duration": 3600, 
            "price": "85 € ", 
            "description": "Pierde hasta 1 cm por sesión. Tratamiento indicado para eliminar grasa y celulitis, modelar y optimizar el sistema circulatorio combinando Láser lipolítico y Presoterapia Médica. ¡Presume de así un cuerpo mucho más esbelto y no te cortes en lucir tipín esta temporada! En nuestro centro sabemos la importancia de sentirse a gusto y por ello te ofrecemos este tratamiento reductor anticelulítico y drenante! Notarás los resultados."
        }, 
        {
            "service_category": "Estética", 
            "service": "Tto. Rejuvenecimiento Facial", 
            "duration": 2700, 
            "price": "79 € ", 
            "description": "Tratamiento con Luz Polarizada Bioptron. Las células se llenan de energía, reactiva las funciones de la piel y produce un reequilibrio interno de todo el organismo. Disminuye la profundidad de las arrugas, define el ovalo facial, reduce las bolsas. De esta forma, lucirás un rostro cuidado y envidiable. ¡No lo dudes y reserva ya este servicio con nosotros! En Concha del Barrio utilizamos productos de alta gama para que quedes satisfech@ con el resultado."
        }, 
        {
            "service_category": "Estética", 
            "service": "Tratamiento Facial Vitamina C+C De Natura Bissé", 
            "duration": 3600, 
            "price": "79 € ", 
            "description": "Tratamiento-Protección antirradicales libres. Prepara la piel para contrarrestar los efectos dañinos del sol. Reafirmante, Hidratante y Antioxidante, previene la formación de arrugas, difumina y previene las manchas solares. ¡No permitas que un buen bronceado afecte a tu piel y, más concretamente, a tu cutis! De esta manera, podrás lucir un color moreno y una cara reluciente. ¡No lo dudes y reserva ya este servicio online! Con toda comodidad a través de Bucmi, con un solo clic."
        }, 
        {
            "service_category": "Estética", 
            "service": "Dermatitis Facial Con Terapia Natural", 
            "duration": 1800, 
            "price": "45 € ", 
            "description": "Tratamiento Natural que mejora la rojez, la descamación y el picor. Es un tratamiento regenerador y normalizante que ayuda a reequilibrar este tipo de piel con Luz Polarizada Bioptron. En nuestro centro trabajaremos para conseguir el mejor resultado y, por ende, hacer tu día a día mucho más fácil. Reserva ya cómodamente online y notarás la mejoría. Además, contamos con lo último en aparatología. ¡No lo dudes y aprovecha ya! Calidad al mejor precio."
        }, 
        {
            "service_category": "Estética", 
            "service": "Higiene Facial “Elixir De Esencias”", 
            "duration": 5400, 
            "price": "69 € ", 
            "description": "El tratamiento tiene una duración de 75 minutos. Después de la extracción sin vapor de puntos negros, aplicamos un peeling para revitalizar, masaje relajante en cara cuello y escote con aceites naturales y terminamos con mascarilla de aceites esenciales. Lucirás así un rostro suave, luminoso y libre de cualquier impurezas. No lo dudes y ponte en manos de los mejores. ¿A qué estás esperando para reservar en Bucmi? Que no te lo cuenten."
        }, 
        {
            "service_category": "Estética", 
            "service": "Limpieza Facial Del Acné", 
            "duration": 3600, 
            "price": "59 € ", 
            "description": "Se realiza una limpieza sin vapor de comedones y microquistes aplicando cosméticos y aparatología adecuados para eliminar la infección y la inflamación y prevenir y mejorar las cicatrices. Nuestro Tratamiento del Acné es 95% eficaz. Los resultados son visibles en la 1º sesión y la piel aparece limpia y renovada al mes de comenzar el tratamiento. ¡Olvídate también de esos pequeños complejos! Reserva ya cómodamente online."
        }, 
        {
            "service_category": "Estética", 
            "service": "Tratamiento Facial Ácido Salicílico", 
            "duration": 3600, 
            "price": "79 € ", 
            "description": "Tratamiento facial a base de Ácido Salicílico, aceites vegetales, velo Ácido Hialurónico y Péptidos. Reduce arrugas, aclara y unifica el tono de piel. Además, te aportará una hidratación profunda y efecto antioxidante, renovación y regenaración celular. Todo un completo para tu cutis. Además, utilizamos productos de primeras marcas para que el resultado sea espectacular. ¡Confía en los mejores y reserva ya este servicio cómodamente a través de Bucmi!"
        }, 
        {
            "service_category": "Masaje", 
            "service": "Tratamiento Cosmelan Para Manchas Faciales", 
            "duration": 3600, 
            "price": "700 € ", 
            "description": "Tratamiento completo para eliminar las machas faciales como: manchas melánicas, Cloasma (manchas del embarazo) , manchas solares, manchas seniles, léntigos o melasmas. Incluye los cosméticos que se deben aplicar en el domicilio. No lo dudes y luce así un cutis suave y uniforme. ¿A qué estás esperando para reservar en Bucmi? Tu cuidado está asegurado en Concha del Barrio. ¡No te arrepentirás!"
        }, 
        {
            "service_category": "Bienestar", 
            "service": "Tratamiento Cosmelan Para Manchas Faciales", 
            "duration": 3600, 
            "price": "700 € ", 
            "description": "Tratamiento completo para eliminar las machas faciales como: manchas melánicas, Cloasma (manchas del embarazo) , manchas solares, manchas seniles, léntigos o melasmas. Incluye los cosméticos que se deben aplicar en el domicilio. No lo dudes y luce así un cutis suave y uniforme. ¿A qué estás esperando para reservar en Bucmi? Tu cuidado está asegurado en Concha del Barrio. ¡No te arrepentirás!"
        }
    ]
}