{
    "adid": null, 
    "name": "Sensebene Clara del Rey", 
    "name_of_contact": "Sensebene Clara del Rey", 
    "scrape_page": "https://www.bucmi.com/sensebeneclaradelrey", 
    "business_website": "https://www.bucmi.com/sensebeneclaradelrey", 
    "areas_covered": null, 
    "description": "En Centro de Estética Sensebene, garantizamos profesionalidad, confianza y calidad... Ofrecemos una amplia gama de servicios que mejorarán la calidad de tu piel, de las manos de una de las mejores marcas de cosmética natural del mercado, Dr. Hauschka.", 
    "img_link": [
        "https://d1nd15w2k87kz0.cloudfront.net/Uploads/635858861932723393.jpg", 
        "https://d1nd15w2k87kz0.cloudfront.net/Uploads/635858862237579528.jpg", 
        "https://d1nd15w2k87kz0.cloudfront.net/Uploads/635858862257271142.jpg", 
        "https://d1nd15w2k87kz0.cloudfront.net/Uploads/635858862275088064.jpg", 
        "https://d1nd15w2k87kz0.cloudfront.net/Uploads/635858862284623574.jpg"
    ], 
    "hqdb_featured_ad_type": "Featured", 
    "hqdb_nr_reviews": "13", 
    "hqdb_review_score": "8,4", 
    "accreditations": null, 
    "category": null, 
    "subcategory": null, 
    "street": "C/ Baeza, 11", 
    "city": "Madrid", 
    "zipcode": "Madrid", 
    "formatted_address": "C/ Baeza, 11, Madrid, Madrid", 
    "country": "es", 
    "office_number": "910283897", 
    "office_number2": null, 
    "mobile_number": null, 
    "mobile_number2": null, 
    "unidentified_phone_numbers": null, 
    "latitude": "40.4463285000", 
    "longitude": "-3.6689414999", 
    "business_email": null, 
    "yelp_page": null, 
    "facebook": null, 
    "twitter": null, 
    "instagram": null, 
    "venue_images": "https://d1nd15w2k87kz0.cloudfront.net/Logotipos/635908719479211634.jpg", 
    "opening_hours_raw": null, 
    "pricelist_link": null, 
    "services": [
        {
            "service_category": "Preferente", 
            "service": "Bono 4 Sesiones Tratamiento Corporal Reductor", 
            "duration": 5400, 
            "price": "250 € ", 
            "description": "Con este circuito reductor podrás perder hasta 4 kilos en tan solo 4 semanas, consiste en cuatro sesiones de tratamiento , acompañado de una dieta natural y entrenamiento personal. Contamos con los mejores profesionales que te asesorarán durante todo el tratamiento. Gratis un análisis antropométrico, que te medirá la grasa, el músculo y el agua de tu cuerpo. Reserva tu cita cómodamente online a través de Bucmi.com."
        }, 
        {
            "service_category": "Preferente", 
            "service": "Tratamiento Corporal Maderoterapia", 
            "duration": 1800, 
            "price": "30 € ", 
            "description": "¿Quieres lucir un cuerpo mucho más tonificado y sentirme mucho más relajado? Ven a tu Centro de Estética Sensebene Clara del Rey y ponte en manos de nuestros mejores profesionales. Este tratamiento consiste en un masaje utilizando utensilios de madera de diferentes tamaños y formas para que se adapten al cuerpo. Este tratamiento esta diseñado para equilibrar la energía del paciente, reafirmar y tonificar su cuerpo, y combatir la celulitis. Reserva tu cita cómodamente online a través de Bucmi.com."
        }, 
        {
            "service_category": "Estética", 
            "service": "Bono 10 Ss. Tratamiento Corporal Anticelulítico", 
            "duration": 3600, 
            "price": "350 € ", 
            "description": "Bono de 10 sesiones de un tratamiento corporal anticelulítico. Un tratamiento que remodela, reduce y reafirma nuestra figura, además de ayudar a eliminar la celulitis. Incluye sesiones de cavitación, radiofrecuencia y presoterapia a combinar. Para más información consulta con el centro. ¿Quieres lucir un cuerpo tonificado?Ven a tu Centro Sensebene Clara del Rey y ponte en manos de nuestros mejores profesionales. Presume de un cuerpo libre de grasa localizada y celulitis. Realza, remodela y reduce la figura."
        }, 
        {
            "service_category": "Estética", 
            "service": "Bono 6 Ss Tto. Facial: Radio Y Mesoterapia Virtual", 
            "duration": 2700, 
            "price": "288 € ", 
            "description": "Este servicio incluye: un Bono de 6 Sesiones de Tratamiento Facial con Radiofrecuencia y Mesoterapia Virtual. ¿Quieres lucir una piel mucho más tersa y joven? Ven a tu Centro Sensebene Clara del Rey y ponte en manos de nuestros mejores profesionales. Porque la edad es simplemente un número y en nuestro Centro lo sabemos. Dí adiós a esas arruguitas y líneas de expresión muy marcadas. Presume de una piel libre de flacidez. ¡Tú piel mucho más joven! Reserva tu cita cómodamente online a través de Bucmi.com."
        }, 
        {
            "service_category": "Estética", 
            "service": "Tratamiento Corporal Reductor", 
            "duration": 3600, 
            "price": "95 € ", 
            "description": "Reduce volumen de tu cuerpo, elimina celulitis y la grasa localizada y luce una figura de cine. El servicio incluye sesión de presoterápia, sesión de mesoterápia virtual y por último un masaje reductor de 30 minutos. Ven a tu Centro de Estética Sensebene Clara del Rey y ponte en manos de nuestros profesionales. Te asesorarán en todo momento acerca del tratamiento que más se adecue a tus necesidades. Reserva tu cita cómodamente online a través de Bucmi.com."
        }, 
        {
            "service_category": "Estética", 
            "service": "Higiene Facial Completa", 
            "duration": 3600, 
            "price": "39 € ", 
            "description": "Déjate mimar durante una hora y luce una piel mucho más limpia, suave y brillante. Realizamos desmaquillado, extracción, exfoliación, hidratación, mascarilla y masaje para que te vayas lo más relajada posible. Ven a Sensebene Clara del Rey y ponte en manos de nuestros mejores profesionales. Lucirás una piel libre de imperfecciones y acné. Disfruta de un cutis mucho más sedoso e hidratado. Devuelve a tu rostro su color natural. Reserva tu cita cómodamente online a través de Bucmi.com."
        }, 
        {
            "service_category": "Estética", 
            "service": "Bono 6 Ss Tto. Corporal Reductor O Reafirmante", 
            "duration": 2700, 
            "price": "297 € ", 
            "description": "Duración: 40 minutos. Este servicio incluye un Bono de 6 sesiones de tratamiento reductor o reafirmante y además de regalo una sesión de depilación de axilas. ¿Quieres decir adiós de una vez por todas a la celulitis y grasa localizada? Ven a tu Centro Sensebene Vinateros y ponte en manos de nuestros mejores profesionales. Luce un cuerpo tonificado y realza tu figura. Reduce y remodela. Disfruta de un cuerpo perfecto durante todo el año. Reserva tu cita cómodamente online a través de Bucmi.com."
        }, 
        {
            "service_category": "Estética", 
            "service": "Higiene Facial Con Punta De Diamante", 
            "duration": 3600, 
            "price": "50 € ", 
            "description": "Cuida y protege tu piel y beneficiate de las propiedades de la punta de diamante. Realizamos extracción, exfoliación, hidratación, punta de diamante, mascarilla y masaje final. Tu piel lista en tan solo 60 minutos. Ven a Sensebene Clara del Rey y ponte en manos de nuestros mejores profesionales. Lucirás una piel libre de imperfecciones y acné. Disfruta de un cutis mucho más sedoso e hidratado. Devuelve a tu rostro su color natural. Reserva tu cita cómodamente online a través de Bucmi.com."
        }, 
        {
            "service_category": "Estética", 
            "service": "Bono 6 Sesiones De Aparatología Facial", 
            "duration": 3600, 
            "price": "280 € ", 
            "description": "En este pack de 6 sesiones podrás combinar los tratamientos de aparatología más adecuados a tu piel, mesoterapia, radiofrecuencia facial, punta de diamante etc. Todos nuestros tratamientos incluyen masaje. ¿Realmente te vas a perder esta experiencia y las ventajas numerosas de estos tratamientos? Ven a tu Centro de Estética Sensebene Calara del Rey y ponte en manos de los mejores profesionales. El asesoramiento es personalizado según el tipo de tratamiento que más se adapte a tus necesidades. Reserva ya."
        }, 
        {
            "service_category": "Estética", 
            "service": "Masaje Drenante, Anticelulítico O Reductor", 
            "duration": 1800, 
            "price": "30 € ", 
            "description": "Servicio a elegir entre masaje drenante, anticelulítico o reductor. ¿Quieres lucir un cuerpo tonificado y libre de grasa localizada? Ven a tu Centro Sensebene Clara del Rey y ponte en manos de nuestros mejores profesionales. Presume de un cuerpo tonificado y realza tu figura. Dí adiós a la celulitis y la grasa localizada. Además mejora la circulación del sistema linfático. Remodela y reduce la figura. Reserva tu cita cómodamente online a través de Bucmi.com. ¡Te encantará!"
        }, 
        {
            "service_category": "Estética", 
            "service": "Bono 8 Sesiones Tratamiento Corporal Reductor", 
            "duration": 2700, 
            "price": "374 € ", 
            "description": "Duración: 40 minutos. Este servicio incluye un Bono de 8 sesiones de tratamiento reductor y además de regalo una sesión de depilación de medias piernas. ¿Quieres decir adiós de una vez por todas a la celulitis y grasa localizada? Ven a tu Centro Sensebene Clara del Rey y ponte en manos de nuestros mejores profesionales. Luce un cuerpo tonificado y realza tu figura. Reduce y remodela. Disfruta de un cuerpo perfecto durante todo el año. Reserva tu cita cómodamente online a través de Bucmi.com. ¡Te encantará!"
        }, 
        {
            "service_category": "Estética", 
            "service": "Tinte Y Permanente De Pestañas", 
            "duration": 3600, 
            "price": "45 € ", 
            "description": "Sé la envidia de todas la miradas con este servicio de tiente y permanente de pestañas. Alarga tus pestañas y da volumen, dándoles un efecto mascara que te hará olvidarte del maquillado durante al menos 3 semanas. Te olvidarás de estar horas frente al espejo. Luce una mirada de cine gracias a tus nuevas pestañas. Realzarán tu mirada y además olvídate de maquillarte todos los días. Estarás perfecta desde el primer momento que te levantes. Reserva tu cita cómodamente online a través de Bucmi.com."
        }, 
        {
            "service_category": "Estética", 
            "service": "Peeling Corporal Más Envoltura De Chocolate/Cereza", 
            "duration": 3600, 
            "price": "50 € ", 
            "description": "Este servicio incluye: Peeling Corporal Más Envoltura de Chocolate y Cereza. ¿Quieres lucir una piel sedosa, hidratada y libre de impurezas? Ven a tu Centro Sensebene Clara del Rey y ponte en manos de nuestros mejores profesionales. Presume de una piel sedosa, hidratada y nutrida. Disfruta de una piel mucho más limpia, fresca y aromática gracias a estos dos manjares que los probarás de una manera diferente a la habitual. Reserva tu cita cómodamente online a través de Bucmi.com. ¡Te encantará!"
        }, 
        {
            "service_category": "Estética", 
            "service": "Bono 3X2 Sesiones Radiofrecuencia Y Tto. Facial", 
            "duration": 2700, 
            "price": "98 € ", 
            "description": "Disfruta de 3x2 sesiones de radiofrecuencia y elimina los signos de la edad en la piel. Ayuda al rejuvenecimiento, elimina arrugas, manchas y toxinas que se generan en la piel. Además se aplicará un tratamiento facial dependiendo del tipo de piel que tengas. Para más información, consulte con el centro. Luce una piel mucho más tersa y joven. ¡Porque la edad simplemente es un número y en nuestro Centro lo sabemos! Dí adiós a los signos del paso del tiempo. Reserva tu cita online a través de Bucmi.com."
        }, 
        {
            "service_category": "Estética", 
            "service": "Bono 4 Sesiones De Presoterapia", 
            "duration": 1800, 
            "price": "43 € ", 
            "description": "Consigue moldear y dar forma a tu figura, gracias a los beneficios de la presoterapia. Elimina la grasa localizada, y esa celulitis tan molesta. Lucirás ese tipazo de ensueño y saldrás encantada. Ven a tu Centro de Estética Sensebene Clara del Rey y ponte en manos de nuestros mejores profesionales. Lucirás un cuerpo mucho más tonificado libre de celulitis y flacidez. Realza tu figura gracias a este tratamiento. Reserva tu cita cómodamente online a través de Bucmi.com."
        }, 
        {
            "service_category": "Estética", 
            "service": "Bono 4 Sesiones Tratamiento Corporal Reductor", 
            "duration": 5400, 
            "price": "250 € ", 
            "description": "Con este circuito reductor podrás perder hasta 4 kilos en tan solo 4 semanas, consiste en cuatro sesiones de tratamiento , acompañado de una dieta natural y entrenamiento personal. Contamos con los mejores profesionales que te asesorarán durante todo el tratamiento. Gratis un análisis antropométrico, que te medirá la grasa, el músculo y el agua de tu cuerpo. Reserva tu cita cómodamente online a través de Bucmi.com."
        }, 
        {
            "service_category": "Estética", 
            "service": "Sesión De Radiofrecuencia Facial", 
            "duration": 3600, 
            "price": "35 € ", 
            "description": "Con la radiofrecuencia ya podrás combatir la flacidez estimulando el propio colágeno, siempre una manera fácil y eficaz.La sesión de radiofrecuencia incluye masaje facial, la radiofrecuencia facial, limpieza de cutis y mascarilla hidratante. Ven a Sensebene Clara del Rey y ponte en manos de nuestros profesionales. Lucirás un cutis mucho más joven y libre de imperfecciones. Aprovecha ahora las numerosas ventajas que tiene este tratamiento para tu rostro. ¡Resultados asombrosos! Reserva ahora en Bucmi.com."
        }, 
        {
            "service_category": "Estética", 
            "service": "Tratamiento Corporal Maderoterapia", 
            "duration": 1800, 
            "price": "30 € ", 
            "description": "¿Quieres lucir un cuerpo mucho más tonificado y sentirme mucho más relajado? Ven a tu Centro de Estética Sensebene Clara del Rey y ponte en manos de nuestros mejores profesionales. Este tratamiento consiste en un masaje utilizando utensilios de madera de diferentes tamaños y formas para que se adapten al cuerpo. Este tratamiento esta diseñado para equilibrar la energía del paciente, reafirmar y tonificar su cuerpo, y combatir la celulitis. Reserva tu cita cómodamente online a través de Bucmi.com."
        }, 
        {
            "service_category": "Masaje", 
            "service": "Bono 10 Ss. Tratamiento Corporal Anticelulítico", 
            "duration": 3600, 
            "price": "350 € ", 
            "description": "Bono de 10 sesiones de un tratamiento corporal anticelulítico. Un tratamiento que remodela, reduce y reafirma nuestra figura, además de ayudar a eliminar la celulitis. Incluye sesiones de cavitación, radiofrecuencia y presoterapia a combinar. Para más información consulta con el centro. ¿Quieres lucir un cuerpo tonificado?Ven a tu Centro Sensebene Clara del Rey y ponte en manos de nuestros mejores profesionales. Presume de un cuerpo libre de grasa localizada y celulitis. Realza, remodela y reduce la figura."
        }, 
        {
            "service_category": "Masaje", 
            "service": "Bono 6 Ss Tto. Facial: Radio Y Mesoterapia Virtual", 
            "duration": 2700, 
            "price": "288 € ", 
            "description": "Este servicio incluye: un Bono de 6 Sesiones de Tratamiento Facial con Radiofrecuencia y Mesoterapia Virtual. ¿Quieres lucir una piel mucho más tersa y joven? Ven a tu Centro Sensebene Clara del Rey y ponte en manos de nuestros mejores profesionales. Porque la edad es simplemente un número y en nuestro Centro lo sabemos. Dí adiós a esas arruguitas y líneas de expresión muy marcadas. Presume de una piel libre de flacidez. ¡Tú piel mucho más joven! Reserva tu cita cómodamente online a través de Bucmi.com."
        }, 
        {
            "service_category": "Depilación", 
            "service": "Bono 10 Ss. Tratamiento Corporal Anticelulítico", 
            "duration": 3600, 
            "price": "350 € ", 
            "description": "Bono de 10 sesiones de un tratamiento corporal anticelulítico. Un tratamiento que remodela, reduce y reafirma nuestra figura, además de ayudar a eliminar la celulitis. Incluye sesiones de cavitación, radiofrecuencia y presoterapia a combinar. Para más información consulta con el centro. ¿Quieres lucir un cuerpo tonificado?Ven a tu Centro Sensebene Clara del Rey y ponte en manos de nuestros mejores profesionales. Presume de un cuerpo libre de grasa localizada y celulitis. Realza, remodela y reduce la figura."
        }
    ]
}