{
    "adid": null, 
    "name": "Uñas y Belleza", 
    "name_of_contact": "Uñas y Belleza", 
    "scrape_page": "https://www.bucmi.com/unasbelleza", 
    "business_website": "https://www.bucmi.com/unasbelleza", 
    "areas_covered": null, 
    "description": "En el Centro de Estética Uñas y Belleza, situado en Puerta de Toledo está especializado en el cuidado de tus uñas además de belleza en general. Deja que te mimemos y siéntete como en casa. No pierdas la oportunidad y reserva ahora on line.", 
    "img_link": [
        "https://d1nd15w2k87kz0.cloudfront.net/Uploads/635857965783234848.jpg", 
        "https://d1nd15w2k87kz0.cloudfront.net/Uploads/635857965804015767.jpg", 
        "https://d1nd15w2k87kz0.cloudfront.net/Uploads/635857965832765822.jpg", 
        "https://d1nd15w2k87kz0.cloudfront.net/Uploads/635857965862811023.jpg"
    ], 
    "hqdb_featured_ad_type": "Featured", 
    "hqdb_nr_reviews": "19", 
    "hqdb_review_score": "9,1", 
    "accreditations": null, 
    "category": null, 
    "subcategory": null, 
    "street": null, 
    "city": "Madrid", 
    "zipcode": "28005", 
    "formatted_address": "Madrid, 28044, Madrid, Madrid, Madrid, 28043, Madrid, 28031, Madrid, 28007, Madrid, 28005", 
    "country": "es", 
    "office_number": "912110090", 
    "office_number2": null, 
    "mobile_number": null, 
    "mobile_number2": null, 
    "unidentified_phone_numbers": null, 
    "latitude": "40.4081660000", 
    "longitude": "-3.7159277000", 
    "business_email": null, 
    "yelp_page": null, 
    "facebook": null, 
    "twitter": null, 
    "instagram": null, 
    "venue_images": "https://d1nd15w2k87kz0.cloudfront.net/Logotipos/635908734833709185.jpg", 
    "opening_hours_raw": null, 
    "pricelist_link": null, 
    "services": [
        {
            "service_category": "Preferente", 
            "service": "Bono Dos Manicuras Permanentes Shellac", 
            "duration": 2700, 
            "price": "50 € ", 
            "description": "La manicura más duradera, no se agrieta y se mantiene perfecta durante mínimo tres semanas, incluye limar, retirada de cutícula y esmaltado permanente. Ven a tu Centro de Estética Uñas y Belleza y ponte en manos de nuestros mejores profesionales. Luce unas uñas bonitas y cuidadas gracias a nuestra manicura. Te durará perfecta durante tres semanas. No se levantan ni se agrietan. Además podrás esmaltar tus uñas del color que más te guste de la gama SHELLAC de CND. Reserva tu cita en Bucmi.com."
        }, 
        {
            "service_category": "Preferente", 
            "service": "5 Ss Cavitación, Radiofrecuencia Y Presoterapia", 
            "duration": 3600, 
            "price": "90 € ", 
            "description": "Desintoxica, reafirma, tonifica, mejora la circulación y aumenta el drenaje linfático. Reafirma y tonifica tu cuerpo con este estupendo bono de 5 sesiones. Ven a tu Centro de Estética Uñas y Belleza y ponte en manos de nuestros mejores profesionales. Tonifica y realza tu figura. Favorece la circulación del sistema linfático. Dí adiós a la celulitis y la flacidez. Luce un cuerpo perfecto de cara al buen tiempo. Reserva tu cita cómodamente online a través de Bucmi.com."
        }, 
        {
            "service_category": "Preferente", 
            "service": "Bono 12 Sesiones De Plataforma Vibratoria", 
            "duration": 900, 
            "price": "120 € ", 
            "description": "El servicio tiene una duración de 20 min. Desintoxica, reafirma, tonifica, mejora la circulación y aumenta el drenaje linfático. Reafirma y tonifica tu cuerpo con este estupendo bono de 12 sesiones. Ven a tu Centro de Estética Uñas y Belleza y ponte en manos de nuestros mejores profesionales. Tonifica y realza tu figura. Favorece la circulación del sistema linfático. Dí adiós a la celulitis y la flacidez.Luce un cuerpo perfecto de cara al buen tiempo.Reserva tu cita cómodamente online a través de Bucmi.com."
        }, 
        {
            "service_category": "Preferente", 
            "service": "Bronceado De Caña De Azúcar Dha", 
            "duration": 1800, 
            "price": "30 € ", 
            "description": "El servicio tiene una duración de 25 minutos. E incluye el cuerpo entero. La DHA es un derivado de la caña de azúcar. Es un principio activo 100% natural y totalmente inocuo para la piel. La DHA reacciona en la capa más superficial de la piel al entrar en contacto con los aminoácidos libres de las proteínas cutáneas (la queratina), produciendo una reacción natural que broncea la superficie de la piel sin necesidad de que se active el mecanismo de bronceado normal, la melanina. Reserva tu cita en Bucmi.com."
        }, 
        {
            "service_category": "Preferente", 
            "service": "Higiene Facial Con Radiofrecuencia Y Manicura", 
            "duration": 2700, 
            "price": "35 € ", 
            "description": "Incluye limpiar, exfoliante, extracción, masaje, mascarilla y crema de tratamiento; además de regalo te realizamos una manicura normal. ¿Quieres lucir una piel suave y tersa? Ven a tu Centro de Estética Uñas y Belleza y ponte en manos de nuestros mejores profesionales. Luce una piel mucho más joven, libre de imperfecciones y un cutis terso. Disfruta de una piel luminosa y natural. Devuelve a tu cutis su color y su brillo natural. Trabajamos con productos SELVERT TERMAL y BEOXY. Reserva tu cita con Bucmi.com"
        }, 
        {
            "service_category": "Preferente", 
            "service": "Lifting De Pestañas", 
            "duration": 3600, 
            "price": "45 € ", 
            "description": "¿Quieres lucir una mirada voluminosa? Ven a tu Centro de Estética Uñas y Belleza y ponte en manos de nuestros mejores profesionales. Las pestañas se alargan desde la raíz. Esto es posible gracias a unas almohadillas de silicona que se ajustan al párpado, y en lugar de ‘doblar el pelo’, lo estira y eleva hacía la punta, creando el efecto de mayor longitud y espesor. Alegran la mirada y levantan el párpado. Reserva tu cita cómodamente online a través de Bucmi.com."
        }, 
        {
            "service_category": "Preferente", 
            "service": "Pedicura Permanente Shellac", 
            "duration": 3600, 
            "price": "35 € ", 
            "description": "El servicio incluye limar, retirada de cutícula y esmaltado dentro de una gran variedad de colores SHELLAC y tratamiento de durezas ¿Quieres lucir unos pies bonitos y cuidados? Ven a tu Centro de Estética Uñas y Belleza y ponte en manos de nuestros mejores profesionales. Luce unas uñas cuidadas y coloridas. Mima tus uñas. Prepara tus pies de cara al buen tiempo para lucir esas sandalias que tanto te gustan. Tus uñas perfectas durante mucho más tiempo. Reserva tu cita cómodamente online a través de Bucmi.com"
        }, 
        {
            "service_category": "Preferente", 
            "service": "Pack Manicura Y Pedicura", 
            "duration": 3600, 
            "price": "30 € ", 
            "description": "El servicio incluye limar, retirada de cutícula y esmaltado dentro de una gran variedad de colores MASGLO. En la pedicura, exfoliación y tratamiento de durezas. ¿Quieres lucir unas manos y pies bonitos y cuidados? Ven a tu Centro de Estética Uñas y Belleza y ponte en manos de nuestros mejores profesionales. Luce unas uñas cuidadas y coloridas. Tus manos son muy importantes y dicen mucho de ti. Mima tus uñas. Prepara tus pies de cara al buen tiempo. Reserva tu cita cómodamente online a través de Bucmi.com."
        }, 
        {
            "service_category": "Estética", 
            "service": "Bono 12 Sesiones De Presoterapia", 
            "duration": 1800, 
            "price": "180 € ", 
            "description": "Desintoxica, reafirma, tonifica, mejora la circulación y aumenta el drenaje linfático. Reafirma y tonifica tu cuerpo con este estupendo bono de 12 sesiones. Ven a tu Centro de Estética Uñas y Belleza y ponte en manos de nuestros mejores profesionales. Tonifica y realza tu figura. Favorece la circulación del sistema linfático. Dí adiós a la celulitis y la flacidez. Luce un cuerpo perfecto de cara al buen tiempo. Reserva tu cita cómodamente online a través de Bucmi.com."
        }, 
        {
            "service_category": "Estética", 
            "service": "5 Ss Cavitación, Radiofrecuencia Y Presoterapia", 
            "duration": 3600, 
            "price": "90 € ", 
            "description": "Desintoxica, reafirma, tonifica, mejora la circulación y aumenta el drenaje linfático. Reafirma y tonifica tu cuerpo con este estupendo bono de 5 sesiones. Ven a tu Centro de Estética Uñas y Belleza y ponte en manos de nuestros mejores profesionales. Tonifica y realza tu figura. Favorece la circulación del sistema linfático. Dí adiós a la celulitis y la flacidez. Luce un cuerpo perfecto de cara al buen tiempo. Reserva tu cita cómodamente online a través de Bucmi.com."
        }, 
        {
            "service_category": "Estética", 
            "service": "Bono 12 Sesiones De Plataforma Vibratoria", 
            "duration": 900, 
            "price": "120 € ", 
            "description": "El servicio tiene una duración de 20 min. Desintoxica, reafirma, tonifica, mejora la circulación y aumenta el drenaje linfático. Reafirma y tonifica tu cuerpo con este estupendo bono de 12 sesiones. Ven a tu Centro de Estética Uñas y Belleza y ponte en manos de nuestros mejores profesionales. Tonifica y realza tu figura. Favorece la circulación del sistema linfático. Dí adiós a la celulitis y la flacidez.Luce un cuerpo perfecto de cara al buen tiempo.Reserva tu cita cómodamente online a través de Bucmi.com."
        }, 
        {
            "service_category": "Estética", 
            "service": "Bronceado De Caña De Azúcar Dha", 
            "duration": 1800, 
            "price": "30 € ", 
            "description": "El servicio tiene una duración de 25 minutos. E incluye el cuerpo entero. La DHA es un derivado de la caña de azúcar. Es un principio activo 100% natural y totalmente inocuo para la piel. La DHA reacciona en la capa más superficial de la piel al entrar en contacto con los aminoácidos libres de las proteínas cutáneas (la queratina), produciendo una reacción natural que broncea la superficie de la piel sin necesidad de que se active el mecanismo de bronceado normal, la melanina. Reserva tu cita en Bucmi.com."
        }, 
        {
            "service_category": "Estética", 
            "service": "Higiene Facial", 
            "duration": 2700, 
            "price": "28 € ", 
            "description": "Incluye limpiar, exfoliante y extracción¿Quieres lucir una piel suave y tersa? Ven a tu Centro de Estética Uñas y Belleza y ponte en manos de nuestros mejores profesionales. Luce una piel mucho más joven, libre de imperfecciones y un cutis terso. Disfruta de una piel luminosa y natural. Dí adiós a las imperfecciones y el acné de una vez por todas. Devuelve a tu cutis su color y su brillo natural. Trabajamos con productos SELVERT TERMAL y BEOXY. Reserva tu cita cómodamente online a través de Bucmi.com."
        }, 
        {
            "service_category": "Estética", 
            "service": "Higiene Facial Con Radiofrecuencia Y Manicura", 
            "duration": 2700, 
            "price": "35 € ", 
            "description": "Incluye limpiar, exfoliante, extracción, masaje, mascarilla y crema de tratamiento; además de regalo te realizamos una manicura normal. ¿Quieres lucir una piel suave y tersa? Ven a tu Centro de Estética Uñas y Belleza y ponte en manos de nuestros mejores profesionales. Luce una piel mucho más joven, libre de imperfecciones y un cutis terso. Disfruta de una piel luminosa y natural. Devuelve a tu cutis su color y su brillo natural. Trabajamos con productos SELVERT TERMAL y BEOXY. Reserva tu cita con Bucmi.com"
        }, 
        {
            "service_category": "Estética", 
            "service": "Lifting De Pestañas", 
            "duration": 3600, 
            "price": "45 € ", 
            "description": "¿Quieres lucir una mirada voluminosa? Ven a tu Centro de Estética Uñas y Belleza y ponte en manos de nuestros mejores profesionales. Las pestañas se alargan desde la raíz. Esto es posible gracias a unas almohadillas de silicona que se ajustan al párpado, y en lugar de ‘doblar el pelo’, lo estira y eleva hacía la punta, creando el efecto de mayor longitud y espesor. Alegran la mirada y levantan el párpado. Reserva tu cita cómodamente online a través de Bucmi.com."
        }, 
        {
            "service_category": "Estética", 
            "service": "Tratamiento Facial Antiedad (Oxigenoterapia)", 
            "duration": 2700, 
            "price": "50 € ", 
            "description": "Tratamiento rejuvenecedor que aporta vitalidad e hidratación al rostro. Por medio del oxígeno se realizan infiltraciones de ácido hialurónico que rellena las líneas de expresión y da luminosidad a la piel. ¿Quieres lucir un cutis terso y joven? Ven a tu Centro de Estética Uñas y Belleza y ponte en manos de nuestros mejores profesionales. Luce una piel suave, luminosa e hidratada. Disfruta de un cutis mucho más joven y terso. Reserva tu cita cómodamente online a través de Bucmi.com."
        }, 
        {
            "service_category": "Manicura y Pedicura", 
            "service": "Bono 12 Sesiones De Presoterapia", 
            "duration": 1800, 
            "price": "180 € ", 
            "description": "Desintoxica, reafirma, tonifica, mejora la circulación y aumenta el drenaje linfático. Reafirma y tonifica tu cuerpo con este estupendo bono de 12 sesiones. Ven a tu Centro de Estética Uñas y Belleza y ponte en manos de nuestros mejores profesionales. Tonifica y realza tu figura. Favorece la circulación del sistema linfático. Dí adiós a la celulitis y la flacidez. Luce un cuerpo perfecto de cara al buen tiempo. Reserva tu cita cómodamente online a través de Bucmi.com."
        }, 
        {
            "service_category": "Manicura y Pedicura", 
            "service": "5 Ss Cavitación, Radiofrecuencia Y Presoterapia", 
            "duration": 3600, 
            "price": "90 € ", 
            "description": "Desintoxica, reafirma, tonifica, mejora la circulación y aumenta el drenaje linfático. Reafirma y tonifica tu cuerpo con este estupendo bono de 5 sesiones. Ven a tu Centro de Estética Uñas y Belleza y ponte en manos de nuestros mejores profesionales. Tonifica y realza tu figura. Favorece la circulación del sistema linfático. Dí adiós a la celulitis y la flacidez. Luce un cuerpo perfecto de cara al buen tiempo. Reserva tu cita cómodamente online a través de Bucmi.com."
        }, 
        {
            "service_category": "Manicura y Pedicura", 
            "service": "Bono 12 Sesiones De Plataforma Vibratoria", 
            "duration": 900, 
            "price": "120 € ", 
            "description": "El servicio tiene una duración de 20 min. Desintoxica, reafirma, tonifica, mejora la circulación y aumenta el drenaje linfático. Reafirma y tonifica tu cuerpo con este estupendo bono de 12 sesiones. Ven a tu Centro de Estética Uñas y Belleza y ponte en manos de nuestros mejores profesionales. Tonifica y realza tu figura. Favorece la circulación del sistema linfático. Dí adiós a la celulitis y la flacidez.Luce un cuerpo perfecto de cara al buen tiempo.Reserva tu cita cómodamente online a través de Bucmi.com."
        }, 
        {
            "service_category": "Manicura y Pedicura", 
            "service": "Bronceado De Caña De Azúcar Dha", 
            "duration": 1800, 
            "price": "30 € ", 
            "description": "El servicio tiene una duración de 25 minutos. E incluye el cuerpo entero. La DHA es un derivado de la caña de azúcar. Es un principio activo 100% natural y totalmente inocuo para la piel. La DHA reacciona en la capa más superficial de la piel al entrar en contacto con los aminoácidos libres de las proteínas cutáneas (la queratina), produciendo una reacción natural que broncea la superficie de la piel sin necesidad de que se active el mecanismo de bronceado normal, la melanina. Reserva tu cita en Bucmi.com."
        }, 
        {
            "service_category": "Manicura y Pedicura", 
            "service": "Higiene Facial", 
            "duration": 2700, 
            "price": "28 € ", 
            "description": "Incluye limpiar, exfoliante y extracción¿Quieres lucir una piel suave y tersa? Ven a tu Centro de Estética Uñas y Belleza y ponte en manos de nuestros mejores profesionales. Luce una piel mucho más joven, libre de imperfecciones y un cutis terso. Disfruta de una piel luminosa y natural. Dí adiós a las imperfecciones y el acné de una vez por todas. Devuelve a tu cutis su color y su brillo natural. Trabajamos con productos SELVERT TERMAL y BEOXY. Reserva tu cita cómodamente online a través de Bucmi.com."
        }, 
        {
            "service_category": "Manicura y Pedicura", 
            "service": "Higiene Facial Con Radiofrecuencia Y Manicura", 
            "duration": 2700, 
            "price": "35 € ", 
            "description": "Incluye limpiar, exfoliante, extracción, masaje, mascarilla y crema de tratamiento; además de regalo te realizamos una manicura normal. ¿Quieres lucir una piel suave y tersa? Ven a tu Centro de Estética Uñas y Belleza y ponte en manos de nuestros mejores profesionales. Luce una piel mucho más joven, libre de imperfecciones y un cutis terso. Disfruta de una piel luminosa y natural. Devuelve a tu cutis su color y su brillo natural. Trabajamos con productos SELVERT TERMAL y BEOXY. Reserva tu cita con Bucmi.com"
        }, 
        {
            "service_category": "Manicura y Pedicura", 
            "service": "Lifting De Pestañas", 
            "duration": 3600, 
            "price": "45 € ", 
            "description": "¿Quieres lucir una mirada voluminosa? Ven a tu Centro de Estética Uñas y Belleza y ponte en manos de nuestros mejores profesionales. Las pestañas se alargan desde la raíz. Esto es posible gracias a unas almohadillas de silicona que se ajustan al párpado, y en lugar de ‘doblar el pelo’, lo estira y eleva hacía la punta, creando el efecto de mayor longitud y espesor. Alegran la mirada y levantan el párpado. Reserva tu cita cómodamente online a través de Bucmi.com."
        }, 
        {
            "service_category": "Depilación", 
            "service": "Bono 12 Sesiones De Presoterapia", 
            "duration": 1800, 
            "price": "180 € ", 
            "description": "Desintoxica, reafirma, tonifica, mejora la circulación y aumenta el drenaje linfático. Reafirma y tonifica tu cuerpo con este estupendo bono de 12 sesiones. Ven a tu Centro de Estética Uñas y Belleza y ponte en manos de nuestros mejores profesionales. Tonifica y realza tu figura. Favorece la circulación del sistema linfático. Dí adiós a la celulitis y la flacidez. Luce un cuerpo perfecto de cara al buen tiempo. Reserva tu cita cómodamente online a través de Bucmi.com."
        }, 
        {
            "service_category": "Depilación", 
            "service": "5 Ss Cavitación, Radiofrecuencia Y Presoterapia", 
            "duration": 3600, 
            "price": "90 € ", 
            "description": "Desintoxica, reafirma, tonifica, mejora la circulación y aumenta el drenaje linfático. Reafirma y tonifica tu cuerpo con este estupendo bono de 5 sesiones. Ven a tu Centro de Estética Uñas y Belleza y ponte en manos de nuestros mejores profesionales. Tonifica y realza tu figura. Favorece la circulación del sistema linfático. Dí adiós a la celulitis y la flacidez. Luce un cuerpo perfecto de cara al buen tiempo. Reserva tu cita cómodamente online a través de Bucmi.com."
        }
    ]
}