{
    "adid": null, 
    "name": "Te Mimamos", 
    "name_of_contact": "Te Mimamos", 
    "scrape_page": "https://www.bucmi.com/temimamos", 
    "business_website": "https://www.bucmi.com/temimamos", 
    "areas_covered": null, 
    "description": "Te mimamos es un centro de estética avanzada ubicada en el barrio de Salamanca, Madrid. Contamos con un equipo orientado al cuidado y a la profesionalidad de cada uno de nuestros servicios. Utilizamos productos de calidad en todos nuestros tratamientos.", 
    "img_link": [
        "https://d1nd15w2k87kz0.cloudfront.net/Uploads/636313912262995203.jpg", 
        "https://d1nd15w2k87kz0.cloudfront.net/Uploads/636313912282838757.jpg", 
        "https://d1nd15w2k87kz0.cloudfront.net/Uploads/636313912317369628.jpg", 
        "https://d1nd15w2k87kz0.cloudfront.net/Uploads/636313912333150879.jpg", 
        "https://d1nd15w2k87kz0.cloudfront.net/Uploads/636313912345025652.jpg"
    ], 
    "hqdb_featured_ad_type": "Featured", 
    "hqdb_nr_reviews": "30", 
    "hqdb_review_score": "8,5", 
    "accreditations": null, 
    "category": null, 
    "subcategory": null, 
    "street": null, 
    "city": "Madrid", 
    "zipcode": "28001", 
    "formatted_address": "Madrid, 28020, Madrid, 28001", 
    "country": "es", 
    "office_number": "915756011", 
    "office_number2": null, 
    "mobile_number": null, 
    "mobile_number2": null, 
    "unidentified_phone_numbers": null, 
    "latitude": "40.4254194000", 
    "longitude": "-3.6813755000", 
    "business_email": null, 
    "yelp_page": null, 
    "facebook": null, 
    "twitter": null, 
    "instagram": null, 
    "venue_images": "https://d1nd15w2k87kz0.cloudfront.net/Logotipos/636313917719737127.jpg", 
    "opening_hours_raw": null, 
    "pricelist_link": null, 
    "services": [
        {
            "service_category": "Preferente", 
            "service": "5Ss Cavitación,Presoterapia, Masaje Anticelulítico", 
            "duration": 3600, 
            "price": "480 € ", 
            "description": "¡Un auténtico pack corporal para que puedas lucir una figura mucho más esbelta y tonificada, todo ello a un precio verdaderamente increíble! Este pack incluye 5 sesiones de cavitación, 5 de presoterapia y 5 sesiones de masaje anticelulítico. Todo ello en manos de un equipo cualificado de profesionales. ¡No lo dudes y reserva ya tu cita cómodamente online a través de Bucmi.com! ¿A qué estás esperando? ¡No dejes que te lo cuenten! Cada día disfrutarás de una sesión de cada. DD"
        }, 
        {
            "service_category": "Preferente", 
            "service": "Higiene Facial 9 Pasos En 1", 
            "duration": 3600, 
            "price": "48 € ", 
            "description": "Reserva online con Bucmi nuestra higiene facial estrella de una hora de duración. Realizamos una limpieza en profundidad de las células muertas, puntos negros y espinillas. Además, gracias al masaje facial se tonifica la piel del rostro ¡9 passos en 1! El servicio incluye también microdermoabrasión, radiofrecuencia ocular y diseño de dejas para conseguir un resultado impecable de la mano de los esteticistas de Te Mimamos."
        }, 
        {
            "service_category": "Preferente", 
            "service": "Radiofrecuencia Facial Con Cóctel Vitaminas", 
            "duration": 2700, 
            "price": "60 € ", 
            "description": "¡Rejuvenece la piel de tu rostro reservando nuestra radiofrecuencia facial con cóctel de vitaminas! Es un tratamiento reafirmante, regenerador celular. Podrás observar con solo una sesión una piel más firme y todas las líneas de expresión y las arrugas se verán más difuminadas. ¿A qué estas esperando para hacer tu reserva online con nosotros? De un solo clic gracias a Bucmi.com. Confía en nuestros expertos esteticistas de Te Mimamos y no te arrepentirás de los resultados."
        }, 
        {
            "service_category": "Estética", 
            "service": "5Ss Cavitación,Presoterapia, Masaje Anticelulítico", 
            "duration": 3600, 
            "price": "480 € ", 
            "description": "¡Un auténtico pack corporal para que puedas lucir una figura mucho más esbelta y tonificada, todo ello a un precio verdaderamente increíble! Este pack incluye 5 sesiones de cavitación, 5 de presoterapia y 5 sesiones de masaje anticelulítico. Todo ello en manos de un equipo cualificado de profesionales. ¡No lo dudes y reserva ya tu cita cómodamente online a través de Bucmi.com! ¿A qué estás esperando? ¡No dejes que te lo cuenten! Cada día disfrutarás de una sesión de cada. DD"
        }, 
        {
            "service_category": "Estética", 
            "service": "5 Sesiones De Radiofrecuencia Facial", 
            "duration": 2700, 
            "price": "300 € ", 
            "description": "¡Rejuvenece la piel de tu rostro reservando nuestro pack de 5 sesiones de radiofrecuencia facial con cóctel de vitaminas! Es un tratamiento reafirmante, regenerador celular. Podrás observar con solo una sesión una piel más firme y todas las líneas de expresión y las arrugas se verán más difuminadas. ¿A qué estas esperando para hacer tu reserva online con nosotros? De un solo clic gracias a Bucmi.com. Confía en nuestros expertos esteticistas de Te Mimamos y no te arrepentirás de los resultados."
        }, 
        {
            "service_category": "Estética", 
            "service": "Higiene Facial 9 Pasos En 1", 
            "duration": 3600, 
            "price": "48 € ", 
            "description": "Reserva online con Bucmi nuestra higiene facial estrella de una hora de duración. Realizamos una limpieza en profundidad de las células muertas, puntos negros y espinillas. Además, gracias al masaje facial se tonifica la piel del rostro ¡9 passos en 1! El servicio incluye también microdermoabrasión, radiofrecuencia ocular y diseño de dejas para conseguir un resultado impecable de la mano de los esteticistas de Te Mimamos."
        }, 
        {
            "service_category": "Estética", 
            "service": "Peeling Corporal", 
            "duration": 1800, 
            "price": "40 € ", 
            "description": "El tratamiento consiste en eliminar las impurezas que se han creado sobre la piel exfoliando la capa más superficial de la piel (la epidermis) y limpiándola en profundidad con una sustancia química por toda la zona a tratar.El resultado es una regeneración de las células consiguiendo un aspecto saludable de la piel nueva, suave y limpia. El peeling se realiza con aceites esenciales para conseguir una hidratación profunda de la piel."
        }, 
        {
            "service_category": "Estética", 
            "service": "Radiofrecuencia Facial Con Cóctel Vitaminas", 
            "duration": 2700, 
            "price": "60 € ", 
            "description": "¡Rejuvenece la piel de tu rostro reservando nuestra radiofrecuencia facial con cóctel de vitaminas! Es un tratamiento reafirmante, regenerador celular. Podrás observar con solo una sesión una piel más firme y todas las líneas de expresión y las arrugas se verán más difuminadas. ¿A qué estas esperando para hacer tu reserva online con nosotros? De un solo clic gracias a Bucmi.com. Confía en nuestros expertos esteticistas de Te Mimamos y no te arrepentirás de los resultados."
        }, 
        {
            "service_category": "Estética", 
            "service": "Cavitación", 
            "duration": 900, 
            "price": "48 € ", 
            "description": "¿A qué esperas para eliminar la grasa localizada? ¡Reserva la cavitación! El servicio consiste en un tratamiento médico-estético con una duración de 20 minutos por sesión. Tendrás un cuerpo bonito gracias a las últimas tecnologías. ¿A qué estas esperando para hacer tu reserva online con nosotros? De un solo clic gracias a Bucmi.com. Confía en nuestros expertos esteticistas de Te Mimamos y no te arrepentirás de los resultados."
        }, 
        {
            "service_category": "Estética", 
            "service": "Tratamiento Corporal Maderoterapia", 
            "duration": 1800, 
            "price": "45 € ", 
            "description": "La maderoterapia se realiza de forma localizada para poder trabajar perfectamente cada zona a tratar. Con una técnica precisa y depurada, la Maderoterapia consigue su objetivo de remodelar tu figura.Emplea instrumentos de madera de distintos tamaños y formas, diseñados para adaptarse anatómicamente al cuerpo y estimular las diferentes capas del tejido. Conseguiremos reducir la celulítis y reducir volumen. Notarás los resultados."
        }, 
        {
            "service_category": "Estética", 
            "service": "Higiene Facial Personalizada", 
            "duration": 3600, 
            "price": "36 € ", 
            "description": "¿Necesitas limpiar la piel de tu rostro de impurezas? ¡Reserva nuestra higiene facial personalizada! Realizamos una limpieza en profundidad de las células muertas, puntos negros y espinillas. Además, gracias al masaje facial se tonifica la piel del rostro. ¿A qué estas esperando para hacer tu reserva online con nosotros? De un solo clic gracias a Bucmi.com. Confía en nuestros expertos esteticistas de Te Mimamos y no te arrepentirás de los resultados."
        }, 
        {
            "service_category": "Estética", 
            "service": "Presoterapia", 
            "duration": 1800, 
            "price": "22 € ", 
            "description": "¡Mejora tu figura reservando nuestra presoterapia! El servicio consta de una sesión de presoterapia que consiste en un tratamiento corporal que se utiliza para reducir la grasa corporal y eliminar la horrible celulitis. ¿A qué estas esperando para hacer tu reserva online con nosotros? De un solo clic gracias a Bucmi.com. Confía en nuestros expertos esteticistas de Te Mimamos y no te arrepentirás de los resultados."
        }, 
        {
            "service_category": "Estética", 
            "service": "Extensiones De Pestañas", 
            "duration": 7200, 
            "price": "70 € ", 
            "description": "La extensión de pestañas es la solución ideal para lucir una mirada encantadora y de lo más seductora. Las hábiles manos de los profesionales aplicaran las extensiones una a una para rellenar tus pestañas naturales y crear un efecto máscara durante semanas."
        }, 
        {
            "service_category": "Estética", 
            "service": "Higiene Facial Personalizada Y Manicura Permanente", 
            "duration": 5400, 
            "price": "61 € ", 
            "description": "Disfruta de este estupendo pack de belleza creado exclusivamente para ti. Realizamos higiene facial con: limpiador, extracción, exfoliación, mascarilla, hidratación y masaje, además incluye manicura completa con limado, retirada de cutículas, hidratación y esmaltado permanente. ¿A qué estas esperando para hacer tu reserva online con nosotros? De un solo clic gracias a Bucmi.com. Confía en nuestros expertos esteticistas de Te Mimamos y no te arrepentirás de los resultados."
        }, 
        {
            "service_category": "Manicura y Pedicura", 
            "service": "5Ss Cavitación,Presoterapia, Masaje Anticelulítico", 
            "duration": 3600, 
            "price": "480 € ", 
            "description": "¡Un auténtico pack corporal para que puedas lucir una figura mucho más esbelta y tonificada, todo ello a un precio verdaderamente increíble! Este pack incluye 5 sesiones de cavitación, 5 de presoterapia y 5 sesiones de masaje anticelulítico. Todo ello en manos de un equipo cualificado de profesionales. ¡No lo dudes y reserva ya tu cita cómodamente online a través de Bucmi.com! ¿A qué estás esperando? ¡No dejes que te lo cuenten! Cada día disfrutarás de una sesión de cada. DD"
        }, 
        {
            "service_category": "Manicura y Pedicura", 
            "service": "5 Sesiones De Radiofrecuencia Facial", 
            "duration": 2700, 
            "price": "300 € ", 
            "description": "¡Rejuvenece la piel de tu rostro reservando nuestro pack de 5 sesiones de radiofrecuencia facial con cóctel de vitaminas! Es un tratamiento reafirmante, regenerador celular. Podrás observar con solo una sesión una piel más firme y todas las líneas de expresión y las arrugas se verán más difuminadas. ¿A qué estas esperando para hacer tu reserva online con nosotros? De un solo clic gracias a Bucmi.com. Confía en nuestros expertos esteticistas de Te Mimamos y no te arrepentirás de los resultados."
        }, 
        {
            "service_category": "Manicura y Pedicura", 
            "service": "Higiene Facial 9 Pasos En 1", 
            "duration": 3600, 
            "price": "48 € ", 
            "description": "Reserva online con Bucmi nuestra higiene facial estrella de una hora de duración. Realizamos una limpieza en profundidad de las células muertas, puntos negros y espinillas. Además, gracias al masaje facial se tonifica la piel del rostro ¡9 passos en 1! El servicio incluye también microdermoabrasión, radiofrecuencia ocular y diseño de dejas para conseguir un resultado impecable de la mano de los esteticistas de Te Mimamos."
        }, 
        {
            "service_category": "Manicura y Pedicura", 
            "service": "Peeling Corporal", 
            "duration": 1800, 
            "price": "40 € ", 
            "description": "El tratamiento consiste en eliminar las impurezas que se han creado sobre la piel exfoliando la capa más superficial de la piel (la epidermis) y limpiándola en profundidad con una sustancia química por toda la zona a tratar.El resultado es una regeneración de las células consiguiendo un aspecto saludable de la piel nueva, suave y limpia. El peeling se realiza con aceites esenciales para conseguir una hidratación profunda de la piel."
        }, 
        {
            "service_category": "Manicura y Pedicura", 
            "service": "Radiofrecuencia Facial Con Cóctel Vitaminas", 
            "duration": 2700, 
            "price": "60 € ", 
            "description": "¡Rejuvenece la piel de tu rostro reservando nuestra radiofrecuencia facial con cóctel de vitaminas! Es un tratamiento reafirmante, regenerador celular. Podrás observar con solo una sesión una piel más firme y todas las líneas de expresión y las arrugas se verán más difuminadas. ¿A qué estas esperando para hacer tu reserva online con nosotros? De un solo clic gracias a Bucmi.com. Confía en nuestros expertos esteticistas de Te Mimamos y no te arrepentirás de los resultados."
        }, 
        {
            "service_category": "Manicura y Pedicura", 
            "service": "Cavitación", 
            "duration": 900, 
            "price": "48 € ", 
            "description": "¿A qué esperas para eliminar la grasa localizada? ¡Reserva la cavitación! El servicio consiste en un tratamiento médico-estético con una duración de 20 minutos por sesión. Tendrás un cuerpo bonito gracias a las últimas tecnologías. ¿A qué estas esperando para hacer tu reserva online con nosotros? De un solo clic gracias a Bucmi.com. Confía en nuestros expertos esteticistas de Te Mimamos y no te arrepentirás de los resultados."
        }, 
        {
            "service_category": "Manicura y Pedicura", 
            "service": "Tratamiento Corporal Maderoterapia", 
            "duration": 1800, 
            "price": "45 € ", 
            "description": "La maderoterapia se realiza de forma localizada para poder trabajar perfectamente cada zona a tratar. Con una técnica precisa y depurada, la Maderoterapia consigue su objetivo de remodelar tu figura.Emplea instrumentos de madera de distintos tamaños y formas, diseñados para adaptarse anatómicamente al cuerpo y estimular las diferentes capas del tejido. Conseguiremos reducir la celulítis y reducir volumen. Notarás los resultados."
        }, 
        {
            "service_category": "Masaje", 
            "service": "5Ss Cavitación,Presoterapia, Masaje Anticelulítico", 
            "duration": 3600, 
            "price": "480 € ", 
            "description": "¡Un auténtico pack corporal para que puedas lucir una figura mucho más esbelta y tonificada, todo ello a un precio verdaderamente increíble! Este pack incluye 5 sesiones de cavitación, 5 de presoterapia y 5 sesiones de masaje anticelulítico. Todo ello en manos de un equipo cualificado de profesionales. ¡No lo dudes y reserva ya tu cita cómodamente online a través de Bucmi.com! ¿A qué estás esperando? ¡No dejes que te lo cuenten! Cada día disfrutarás de una sesión de cada. DD"
        }, 
        {
            "service_category": "Masaje", 
            "service": "5 Sesiones De Radiofrecuencia Facial", 
            "duration": 2700, 
            "price": "300 € ", 
            "description": "¡Rejuvenece la piel de tu rostro reservando nuestro pack de 5 sesiones de radiofrecuencia facial con cóctel de vitaminas! Es un tratamiento reafirmante, regenerador celular. Podrás observar con solo una sesión una piel más firme y todas las líneas de expresión y las arrugas se verán más difuminadas. ¿A qué estas esperando para hacer tu reserva online con nosotros? De un solo clic gracias a Bucmi.com. Confía en nuestros expertos esteticistas de Te Mimamos y no te arrepentirás de los resultados."
        }, 
        {
            "service_category": "Depilación", 
            "service": "5Ss Cavitación,Presoterapia, Masaje Anticelulítico", 
            "duration": 3600, 
            "price": "480 € ", 
            "description": "¡Un auténtico pack corporal para que puedas lucir una figura mucho más esbelta y tonificada, todo ello a un precio verdaderamente increíble! Este pack incluye 5 sesiones de cavitación, 5 de presoterapia y 5 sesiones de masaje anticelulítico. Todo ello en manos de un equipo cualificado de profesionales. ¡No lo dudes y reserva ya tu cita cómodamente online a través de Bucmi.com! ¿A qué estás esperando? ¡No dejes que te lo cuenten! Cada día disfrutarás de una sesión de cada. DD"
        }, 
        {
            "service_category": "Depilación", 
            "service": "5 Sesiones De Radiofrecuencia Facial", 
            "duration": 2700, 
            "price": "300 € ", 
            "description": "¡Rejuvenece la piel de tu rostro reservando nuestro pack de 5 sesiones de radiofrecuencia facial con cóctel de vitaminas! Es un tratamiento reafirmante, regenerador celular. Podrás observar con solo una sesión una piel más firme y todas las líneas de expresión y las arrugas se verán más difuminadas. ¿A qué estas esperando para hacer tu reserva online con nosotros? De un solo clic gracias a Bucmi.com. Confía en nuestros expertos esteticistas de Te Mimamos y no te arrepentirás de los resultados."
        }, 
        {
            "service_category": "Depilación", 
            "service": "Higiene Facial 9 Pasos En 1", 
            "duration": 3600, 
            "price": "48 € ", 
            "description": "Reserva online con Bucmi nuestra higiene facial estrella de una hora de duración. Realizamos una limpieza en profundidad de las células muertas, puntos negros y espinillas. Además, gracias al masaje facial se tonifica la piel del rostro ¡9 passos en 1! El servicio incluye también microdermoabrasión, radiofrecuencia ocular y diseño de dejas para conseguir un resultado impecable de la mano de los esteticistas de Te Mimamos."
        }, 
        {
            "service_category": "Depilación", 
            "service": "Peeling Corporal", 
            "duration": 1800, 
            "price": "40 € ", 
            "description": "El tratamiento consiste en eliminar las impurezas que se han creado sobre la piel exfoliando la capa más superficial de la piel (la epidermis) y limpiándola en profundidad con una sustancia química por toda la zona a tratar.El resultado es una regeneración de las células consiguiendo un aspecto saludable de la piel nueva, suave y limpia. El peeling se realiza con aceites esenciales para conseguir una hidratación profunda de la piel."
        }, 
        {
            "service_category": "Depilación", 
            "service": "Radiofrecuencia Facial Con Cóctel Vitaminas", 
            "duration": 2700, 
            "price": "60 € ", 
            "description": "¡Rejuvenece la piel de tu rostro reservando nuestra radiofrecuencia facial con cóctel de vitaminas! Es un tratamiento reafirmante, regenerador celular. Podrás observar con solo una sesión una piel más firme y todas las líneas de expresión y las arrugas se verán más difuminadas. ¿A qué estas esperando para hacer tu reserva online con nosotros? De un solo clic gracias a Bucmi.com. Confía en nuestros expertos esteticistas de Te Mimamos y no te arrepentirás de los resultados."
        }, 
        {
            "service_category": "Depilación", 
            "service": "Cavitación", 
            "duration": 900, 
            "price": "48 € ", 
            "description": "¿A qué esperas para eliminar la grasa localizada? ¡Reserva la cavitación! El servicio consiste en un tratamiento médico-estético con una duración de 20 minutos por sesión. Tendrás un cuerpo bonito gracias a las últimas tecnologías. ¿A qué estas esperando para hacer tu reserva online con nosotros? De un solo clic gracias a Bucmi.com. Confía en nuestros expertos esteticistas de Te Mimamos y no te arrepentirás de los resultados."
        }, 
        {
            "service_category": "Depilación", 
            "service": "Tratamiento Corporal Maderoterapia", 
            "duration": 1800, 
            "price": "45 € ", 
            "description": "La maderoterapia se realiza de forma localizada para poder trabajar perfectamente cada zona a tratar. Con una técnica precisa y depurada, la Maderoterapia consigue su objetivo de remodelar tu figura.Emplea instrumentos de madera de distintos tamaños y formas, diseñados para adaptarse anatómicamente al cuerpo y estimular las diferentes capas del tejido. Conseguiremos reducir la celulítis y reducir volumen. Notarás los resultados."
        }
    ]
}