{
    "adid": null, 
    "name": "Antonio Garrido", 
    "name_of_contact": "Antonio Garrido", 
    "scrape_page": "https://www.bucmi.com/antonio-garrido", 
    "business_website": "https://www.bucmi.com/antonio-garrido", 
    "areas_covered": null, 
    "description": "Salón de Belleza Antonio Garrido en Chamberí, Madrid, se encuentra a disposición de la mujer para ayudarle a sentirse bien tanto por dentro como por fuera. Ambiente acogedor con colores cálidos que harán resaltar mucho más tu rostro. Reserva online.", 
    "img_link": [
        "https://d1nd15w2k87kz0.cloudfront.net/Uploads/635902791818083600.jpg", 
        "https://d1nd15w2k87kz0.cloudfront.net/Uploads/635902791896833377.jpg", 
        "https://d1nd15w2k87kz0.cloudfront.net/Uploads/635902791925427042.jpg", 
        "https://d1nd15w2k87kz0.cloudfront.net/Uploads/635902791952462162.jpg", 
        "https://d1nd15w2k87kz0.cloudfront.net/Uploads/635902791979038454.jpg"
    ], 
    "hqdb_featured_ad_type": "Featured", 
    "hqdb_nr_reviews": "43", 
    "hqdb_review_score": "8,6", 
    "accreditations": null, 
    "category": null, 
    "subcategory": null, 
    "street": "C/ Zurbano, 72", 
    "city": "Madrid", 
    "zipcode": "28010", 
    "formatted_address": "C/ Zurbano, 72, Madrid, 28010", 
    "country": "es", 
    "office_number": "913197245", 
    "office_number2": null, 
    "mobile_number": null, 
    "mobile_number2": null, 
    "unidentified_phone_numbers": null, 
    "latitude": "40.4364451000", 
    "longitude": "-3.6928897999", 
    "business_email": null, 
    "yelp_page": null, 
    "facebook": null, 
    "twitter": null, 
    "instagram": null, 
    "venue_images": "https://d1nd15w2k87kz0.cloudfront.net/Logotipos/636029793332284819.jpg", 
    "opening_hours_raw": null, 
    "pricelist_link": null, 
    "services": [
        {
            "service_category": "Preferente", 
            "service": "Corte Y Peinado", 
            "duration": 2700, 
            "price": "54 € ", 
            "description": "Si quieres darle un cambio a tu estilo, o retocar tus puntas, reserva este completo paquete de belleza que incluye un corte asesorado por nuestros estilistas, adaptándonos a tu estilo, lavado con champú y peinado definido de la melena. ¿A qué esperas para hacer tu reserva con Bucmi.com? No te arrepentirás de los resultadosF"
        }, 
        {
            "service_category": "Preferente", 
            "service": "Color Raíz Y Peinado", 
            "duration": 5400, 
            "price": "54 € ", 
            "description": "El servicio incluye lavado con champú y crema adecuado al cliente, coloración de alta gama para la raíz y peinado trabajado con secador. Ven a conocernos a nuestro salón de belleza Antonio Garrido y no te arrepentirás de los resultados. ¡Unifica tu color y reserva ya onlineF"
        }, 
        {
            "service_category": "Peluquería", 
            "service": "Alisado Keratina Media Melena", 
            "duration": 7200, 
            "price": "125 € ", 
            "description": "Alisado de Keratina antiencrespamiento en Antonio Garrido a un precio espectacular todos los miércoles. Nutre y da brillo a los cabellos apagados. No dejes escapar estar fantástica oportunidad. Conseguirás eliminar el encrespamiento y domar tus rizos para que tu melena no solo esté más lisa sino brillante e hidratada gracias a nuestro productos 100% libre de formolF"
        }, 
        {
            "service_category": "Peluquería", 
            "service": "Alisado Keratina Pelo Corto", 
            "duration": 5400, 
            "price": "98,33 € ", 
            "description": "Alisado de Keratina antiencrespamiento en Antonio Garrido a un precio espectacular todos los miércoles. Nutre y da brillo a los cabellos apagados. No dejes escapar estar fantástica oportunidad. Conseguirás eliminar el encrespamiento y domar tus rizos para que tu melena no solo esté más lisa sino brillante e hidratada gracias a nuestro productos 100% libre de formolF"
        }, 
        {
            "service_category": "Peluquería", 
            "service": "Alisado Keratina Pelo Largo", 
            "duration": 7200, 
            "price": "148,34 € ", 
            "description": "Alisado de Keratina antiencrespamiento en Antonio Garrido a un precio espectacular todos los miércoles. Nutre y da brillo a los cabellos apagados. No dejes escapar estar fantástica oportunidad. Conseguirás eliminar el encrespamiento y domar tus rizos para que tu melena no solo esté más lisa sino brillante e hidratada gracias a nuestro productos 100% libre de formolF"
        }, 
        {
            "service_category": "Peluquería", 
            "service": "Corte Y Peinado", 
            "duration": 2700, 
            "price": "54 € ", 
            "description": "Si quieres darle un cambio a tu estilo, o retocar tus puntas, reserva este completo paquete de belleza que incluye un corte asesorado por nuestros estilistas, adaptándonos a tu estilo, lavado con champú y peinado definido de la melena. ¿A qué esperas para hacer tu reserva con Bucmi.com? No te arrepentirás de los resultadosF"
        }, 
        {
            "service_category": "Peluquería", 
            "service": "Baño De Color Raíz Y Peinado", 
            "duration": 3600, 
            "price": "54 € ", 
            "description": "Da un toque de luz natural a tu cabello con este servicio completo de baño de color y secado estilo con forma. El servicio incluye la coloración natural de la raíz, el lavado con champú y el peinado definido de la melena. No lo dudes más y consigue un color unificado gracias a nuestros expertos estilistas de Antonio GarridoF"
        }, 
        {
            "service_category": "Peluquería", 
            "service": "Color Raíz Y Peinado", 
            "duration": 5400, 
            "price": "54 € ", 
            "description": "El servicio incluye lavado con champú y crema adecuado al cliente, coloración de alta gama para la raíz y peinado trabajado con secador. Ven a conocernos a nuestro salón de belleza Antonio Garrido y no te arrepentirás de los resultados. ¡Unifica tu color y reserva ya onlineF"
        }, 
        {
            "service_category": "Peluquería", 
            "service": "Corte Y Peinado Con Manicura Incluida", 
            "duration": 3600, 
            "price": "64 € ", 
            "description": "Servicio de corte, peinado y manicura completa. Relájate y cuida tus uñas mientras te cortamos y peinamos el pelo. La manicura es una manicura con tratamiento de cutícula, limado y esmaltado del color que prefieras (no incluye esmaltado en manicura francesa; se aplicará un suplemento de 3 euros en el salón). Aprovecha ahora y haz tu reserva con Bucmi.comF"
        }, 
        {
            "service_category": "Peluquería", 
            "service": "Corte De Pelo Hombre", 
            "duration": 1800, 
            "price": "18 € ", 
            "description": "Corte de pelo de hombre asesorado por los mejores profesionales en nuestro salón de belleza. Incluye corte asesorado por nuestros expertos estilistas, lavado con champú y productos de acabado para que salgas perfecto del salón. Ven a conocernos, ¡reserva ya onlineF"
        }, 
        {
            "service_category": "Peluquería", 
            "service": "Mechas Balayage", 
            "duration": 3600, 
            "price": "58 € ", 
            "description": "Mechas con aplicación más natural creando puntos de luz con mayor intensidad en las puntas. Es un trabajo mucho más natural que la mecha básica. En el servicio no está incluido el matiz de la mecha. En el caso de tener mucho volumen, se aplicará un suplemento en el salón. El servicio incluye las mechas y el lavado pero no incluye el peinado de la melenaF"
        }, 
        {
            "service_category": "Peluquería", 
            "service": "Mechas Balayage Con Matiz", 
            "duration": 5400, 
            "price": "65 € ", 
            "description": "Mechas con aplicación más natural creando puntos de luz con mayor intensidad en las puntas. Es un trabajo mucho más natural que la mecha básica; incluye el matizado. En el caso de tener mucho volumen, se aplicará un suplemento en el salón. El servicio incluye las mechas, el matiz y el lavado, pero no incluye el peinado de la melenaF"
        }, 
        {
            "service_category": "Peluquería", 
            "service": "Mechas Balayage Y Peinado", 
            "duration": 5400, 
            "price": "84 € ", 
            "description": "Mechas con aplicación más natural creando puntos de luz con mayor intensidad en las puntas. Es un trabajo mucho más natural que la mecha básica; incluye el matizado así como el lavado con el peinado trabajado con secador. Si quieres lucir uno de los look de moda de este año, reserva con Antonio Garrido y te encantará el resultadoF"
        }, 
        {
            "service_category": "Peluquería", 
            "service": "Mechas Sun", 
            "duration": 3600, 
            "price": "29 € ", 
            "description": "Este tratamiento aporta brillo sobre del rostro gracias a una técnica de decoloración ligera y natural. Ésta aumenta según el tiempo de exposición de la mecha. Prueba nuestra originales mechas de Antonio Garrido y disfruta de un look estupendo gracias a nuestros expertos estilistas. El servicio incluye las mechas y el lavado con champúF"
        }, 
        {
            "service_category": "Peluquería", 
            "service": "Peinar Media Melena", 
            "duration": 2700, 
            "price": "19 € ", 
            "description": "El servicio incluye lavar y peinar para cabellos de largura media. Acude a nuestro centro y déjate mimar por nuestros profesionales. Reserva cómodamente a través de Bucmi.com, ¡porque de vez en cuando hay que darse un capricho para estar estupenda!."
        }
    ]
}