{
    "adid": null, 
    "name": "Nails and Co", 
    "name_of_contact": "Nails and Co", 
    "scrape_page": "https://www.bucmi.com/nailsandco", 
    "business_website": "https://www.bucmi.com/nailsandco", 
    "areas_covered": null, 
    "description": "Somos un centro de estética y belleza especializado en el cuidados de pies y manos. Estamos en el Barrio Salamanca, en Madrid. Conocemos las últimas tendencias en pedicura o manicura, así como extensiones de gel ,acrílico y porcelana. Venga y disefrútelo", 
    "img_link": [
        "https://d1nd15w2k87kz0.cloudfront.net/Uploads/636008081308396419.jpg", 
        "https://d1nd15w2k87kz0.cloudfront.net/Uploads/636008081314177980.jpg", 
        "https://d1nd15w2k87kz0.cloudfront.net/Uploads/636008081315896397.jpg", 
        "https://d1nd15w2k87kz0.cloudfront.net/Uploads/636008081319958885.jpg", 
        "https://d1nd15w2k87kz0.cloudfront.net/Uploads/636008081326052685.jpg", 
        "https://d1nd15w2k87kz0.cloudfront.net/Uploads/636008081327459157.jpg", 
        "https://d1nd15w2k87kz0.cloudfront.net/Uploads/636008081328084040.jpg", 
        "https://d1nd15w2k87kz0.cloudfront.net/Uploads/636008081328552635.jpg"
    ], 
    "hqdb_featured_ad_type": "Featured", 
    "hqdb_nr_reviews": "7", 
    "hqdb_review_score": "8,0", 
    "accreditations": null, 
    "category": null, 
    "subcategory": null, 
    "street": null, 
    "city": "Madrid", 
    "zipcode": "28001", 
    "formatted_address": "Madrid, 28010, Madrid, 28009, Madrid, 28015, Madrid, 28016, Madrid, 28001", 
    "country": "es", 
    "office_number": "915768698", 
    "office_number2": null, 
    "mobile_number": null, 
    "mobile_number2": null, 
    "unidentified_phone_numbers": null, 
    "latitude": "40.4297275000", 
    "longitude": "-3.6857846999", 
    "business_email": null, 
    "yelp_page": null, 
    "facebook": null, 
    "twitter": null, 
    "instagram": null, 
    "venue_images": "https://d1nd15w2k87kz0.cloudfront.net/Logotipos/636008081068159419.jpg", 
    "opening_hours_raw": null, 
    "pricelist_link": null, 
    "services": [
        {
            "service_category": "Preferente", 
            "service": "Bronceado Caña De Azucar Y Peeling", 
            "duration": 3600, 
            "price": "69 € ", 
            "description": "Bronceate en solo unos minutos en Nails And Co gracias al bronceado de caña de azúcar. es un tratamiento natural, inocuo y sin efectos secundarios que bronceará tu piel en solo unos minutos. El servicio consta de un peeling corporal y facial, ducha y aplicación de bronceador. Reserva tu cita presume de bronceado durante días."
        }, 
        {
            "service_category": "Preferente", 
            "service": "Manicura", 
            "duration": 1800, 
            "price": "26 € ", 
            "description": "Luce una manicura bonita y cuidada de Nails And Co. El servicio consta de limado de la uña natural con la forma deseada, retirada de cuticulas, hidratación y esmaltado del color que más te guste. Te encantará."
        }, 
        {
            "service_category": "Preferente", 
            "service": "Manicura Semipermanente", 
            "duration": 5400, 
            "price": "55 € ", 
            "description": "Si quieres una manicura perfecta durante mas tiempo, reserva tu cita ya en Nails And Co, y disfruta por más tiempo de tu manicura completa con esmaltado semipermanente. El servicio consta de limado de la forma deseada de la uña natural, retirada de cutículas, hidratación y esmaltado semipermante del color que tu elijas de nuestra gama."
        }, 
        {
            "service_category": "Preferente", 
            "service": "Pedicura", 
            "duration": 3600, 
            "price": "48 € ", 
            "description": "Destapa tus pies y luce una pedicura perfecta de manos de nuestro equipo en Nails And Co. El servicio consta de limado de la uña natural de la forma deseada, tratamiento de durezas, hidratación y esmaltado a elegir de nuestra gama. Querrás repetir sin dudarlo."
        }, 
        {
            "service_category": "Preferente", 
            "service": "Pedicura Semipermanente", 
            "duration": 5400, 
            "price": "69 € ", 
            "description": "Estrena tus sandalias y dale la bienvenida al verano luciendo tu pedicura perfecta durante mas tiempo. En Nails And Co te realizamos tu pedicura completa junto con el esmaltado semipernanente para que disfrutes de unos pies como más te gustan durante semanas. Reserva tu cita ya."
        }, 
        {
            "service_category": "Estética", 
            "service": "Bronceado Caña De Azucar Y Peeling", 
            "duration": 3600, 
            "price": "69 € ", 
            "description": "Bronceate en solo unos minutos en Nails And Co gracias al bronceado de caña de azúcar. es un tratamiento natural, inocuo y sin efectos secundarios que bronceará tu piel en solo unos minutos. El servicio consta de un peeling corporal y facial, ducha y aplicación de bronceador. Reserva tu cita presume de bronceado durante días."
        }, 
        {
            "service_category": "Estética", 
            "service": "Masaje Anticelulítico Reductor", 
            "duration": 3600, 
            "price": "75 € ", 
            "description": "Con este masaje anticelulítico lograrás eliminar la odiosa celulitis y todos sus consecuencias como la piel de naranja, la piel flácida etc. No dudes más en reservar este masaje en el que te sentirás relajada consiguiendo mejorar la tersura y el aspecto de tu piel. Pruébalo ya."
        }, 
        {
            "service_category": "Estética", 
            "service": "Tinte Y Permanente De Pestañas", 
            "duration": 3600, 
            "price": "54 € ", 
            "description": "Luce unas pestañas de infarto con este tinte y permanente de pestañas. Conseguiremos aportar color a tus pestañas para que se vean naturales pero a la vez como si te hubieses aplicado máscara de pestañas, además le daremos forma y curvatura para que luzcan más bonitas. Te encantarán."
        }, 
        {
            "service_category": "Estética", 
            "service": "Tratamientos Faciales", 
            "duration": 5400, 
            "price": "65 € ", 
            "description": "Si sientes tu piel apagada y sin vida, estas en el centro adecuado. Reserva tu cita ya y disfruta de todo un ritual de limpieza de manos de cualquiera de nuestros profesionales. Sentirás como tu rostro se recupera y tu piel recobra toda su firmeza y luz natural. Te encantará. Utilizamos los prestigiosos productos de Dermalogica o Natura Bisse."
        }, 
        {
            "service_category": "Estética", 
            "service": "Tto Corporal Y Facial Combinado Natura Bissé", 
            "duration": 7200, 
            "price": "140 € ", 
            "description": "Este servicio combina un tratamiento facial y corporal con vitamina C y oxígeno. Un tratamiento que te ayudará a estar perfecta de arriba a abajo, no te lo pienses y ahorra tiempo reservando ambos tratamientos de una sola vez. Mejora el aspecto de tu piel, estamos seguros de que saldrás encantado."
        }, 
        {
            "service_category": "Manicura y Pedicura", 
            "service": "Bronceado Caña De Azucar Y Peeling", 
            "duration": 3600, 
            "price": "69 € ", 
            "description": "Bronceate en solo unos minutos en Nails And Co gracias al bronceado de caña de azúcar. es un tratamiento natural, inocuo y sin efectos secundarios que bronceará tu piel en solo unos minutos. El servicio consta de un peeling corporal y facial, ducha y aplicación de bronceador. Reserva tu cita presume de bronceado durante días."
        }, 
        {
            "service_category": "Manicura y Pedicura", 
            "service": "Masaje Anticelulítico Reductor", 
            "duration": 3600, 
            "price": "75 € ", 
            "description": "Con este masaje anticelulítico lograrás eliminar la odiosa celulitis y todos sus consecuencias como la piel de naranja, la piel flácida etc. No dudes más en reservar este masaje en el que te sentirás relajada consiguiendo mejorar la tersura y el aspecto de tu piel. Pruébalo ya."
        }, 
        {
            "service_category": "Manicura y Pedicura", 
            "service": "Tinte Y Permanente De Pestañas", 
            "duration": 3600, 
            "price": "54 € ", 
            "description": "Luce unas pestañas de infarto con este tinte y permanente de pestañas. Conseguiremos aportar color a tus pestañas para que se vean naturales pero a la vez como si te hubieses aplicado máscara de pestañas, además le daremos forma y curvatura para que luzcan más bonitas. Te encantarán."
        }, 
        {
            "service_category": "Manicura y Pedicura", 
            "service": "Tratamientos Faciales", 
            "duration": 5400, 
            "price": "65 € ", 
            "description": "Si sientes tu piel apagada y sin vida, estas en el centro adecuado. Reserva tu cita ya y disfruta de todo un ritual de limpieza de manos de cualquiera de nuestros profesionales. Sentirás como tu rostro se recupera y tu piel recobra toda su firmeza y luz natural. Te encantará. Utilizamos los prestigiosos productos de Dermalogica o Natura Bisse."
        }, 
        {
            "service_category": "Manicura y Pedicura", 
            "service": "Tto Corporal Y Facial Combinado Natura Bissé", 
            "duration": 7200, 
            "price": "140 € ", 
            "description": "Este servicio combina un tratamiento facial y corporal con vitamina C y oxígeno. Un tratamiento que te ayudará a estar perfecta de arriba a abajo, no te lo pienses y ahorra tiempo reservando ambos tratamientos de una sola vez. Mejora el aspecto de tu piel, estamos seguros de que saldrás encantado."
        }, 
        {
            "service_category": "Manicura y Pedicura", 
            "service": "Extensión De Uñas", 
            "duration": 7200, 
            "price": "90 € ", 
            "description": "Si eres de las que no consigue dejarse las uñas largas pero quiere lucir unas manos perfectas en esa ocasión especial que se avecina, sólo tienes que reservar esta extensión de uñas de gel. Unas manos perfectas, de revista. ¿A qué estás esperando para reservar online?"
        }, 
        {
            "service_category": "Manicura y Pedicura", 
            "service": "Manicura", 
            "duration": 1800, 
            "price": "26 € ", 
            "description": "Luce una manicura bonita y cuidada de Nails And Co. El servicio consta de limado de la uña natural con la forma deseada, retirada de cuticulas, hidratación y esmaltado del color que más te guste. Te encantará."
        }, 
        {
            "service_category": "Masaje", 
            "service": "Bronceado Caña De Azucar Y Peeling", 
            "duration": 3600, 
            "price": "69 € ", 
            "description": "Bronceate en solo unos minutos en Nails And Co gracias al bronceado de caña de azúcar. es un tratamiento natural, inocuo y sin efectos secundarios que bronceará tu piel en solo unos minutos. El servicio consta de un peeling corporal y facial, ducha y aplicación de bronceador. Reserva tu cita presume de bronceado durante días."
        }, 
        {
            "service_category": "Masaje", 
            "service": "Masaje Anticelulítico Reductor", 
            "duration": 3600, 
            "price": "75 € ", 
            "description": "Con este masaje anticelulítico lograrás eliminar la odiosa celulitis y todos sus consecuencias como la piel de naranja, la piel flácida etc. No dudes más en reservar este masaje en el que te sentirás relajada consiguiendo mejorar la tersura y el aspecto de tu piel. Pruébalo ya."
        }, 
        {
            "service_category": "Depilación", 
            "service": "Bronceado Caña De Azucar Y Peeling", 
            "duration": 3600, 
            "price": "69 € ", 
            "description": "Bronceate en solo unos minutos en Nails And Co gracias al bronceado de caña de azúcar. es un tratamiento natural, inocuo y sin efectos secundarios que bronceará tu piel en solo unos minutos. El servicio consta de un peeling corporal y facial, ducha y aplicación de bronceador. Reserva tu cita presume de bronceado durante días."
        }, 
        {
            "service_category": "Depilación", 
            "service": "Masaje Anticelulítico Reductor", 
            "duration": 3600, 
            "price": "75 € ", 
            "description": "Con este masaje anticelulítico lograrás eliminar la odiosa celulitis y todos sus consecuencias como la piel de naranja, la piel flácida etc. No dudes más en reservar este masaje en el que te sentirás relajada consiguiendo mejorar la tersura y el aspecto de tu piel. Pruébalo ya."
        }, 
        {
            "service_category": "Depilación", 
            "service": "Tinte Y Permanente De Pestañas", 
            "duration": 3600, 
            "price": "54 € ", 
            "description": "Luce unas pestañas de infarto con este tinte y permanente de pestañas. Conseguiremos aportar color a tus pestañas para que se vean naturales pero a la vez como si te hubieses aplicado máscara de pestañas, además le daremos forma y curvatura para que luzcan más bonitas. Te encantarán."
        }, 
        {
            "service_category": "Depilación", 
            "service": "Tratamientos Faciales", 
            "duration": 5400, 
            "price": "65 € ", 
            "description": "Si sientes tu piel apagada y sin vida, estas en el centro adecuado. Reserva tu cita ya y disfruta de todo un ritual de limpieza de manos de cualquiera de nuestros profesionales. Sentirás como tu rostro se recupera y tu piel recobra toda su firmeza y luz natural. Te encantará. Utilizamos los prestigiosos productos de Dermalogica o Natura Bisse."
        }, 
        {
            "service_category": "Depilación", 
            "service": "Tto Corporal Y Facial Combinado Natura Bissé", 
            "duration": 7200, 
            "price": "140 € ", 
            "description": "Este servicio combina un tratamiento facial y corporal con vitamina C y oxígeno. Un tratamiento que te ayudará a estar perfecta de arriba a abajo, no te lo pienses y ahorra tiempo reservando ambos tratamientos de una sola vez. Mejora el aspecto de tu piel, estamos seguros de que saldrás encantado."
        }, 
        {
            "service_category": "Depilación", 
            "service": "Extensión De Uñas", 
            "duration": 7200, 
            "price": "90 € ", 
            "description": "Si eres de las que no consigue dejarse las uñas largas pero quiere lucir unas manos perfectas en esa ocasión especial que se avecina, sólo tienes que reservar esta extensión de uñas de gel. Unas manos perfectas, de revista. ¿A qué estás esperando para reservar online?"
        }
    ]
}