{
    "adid": null, 
    "name": "Biomedical", 
    "name_of_contact": "Biomedical", 
    "scrape_page": "https://www.bucmi.com/biomedical", 
    "business_website": "https://www.bucmi.com/biomedical", 
    "areas_covered": null, 
    "description": "Biomedical es una clínica especializada en medicina regenerativa, medicina deportiva y estética. Asesoramos a nuestros clientes sobre las últimas tecnologías del mercado y cuales se adaptan más a sus necesidades. Ven a nuestro centro, no te arrepentirás", 
    "img_link": [
        "https://d1nd15w2k87kz0.cloudfront.net/Uploads/635858845412240270.jpg", 
        "https://d1nd15w2k87kz0.cloudfront.net/Uploads/635858845439584314.jpg", 
        "https://d1nd15w2k87kz0.cloudfront.net/Uploads/635858845474740083.jpg", 
        "https://d1nd15w2k87kz0.cloudfront.net/Uploads/635858845515364979.jpg", 
        "https://d1nd15w2k87kz0.cloudfront.net/Uploads/635858845544740762.jpg", 
        "https://d1nd15w2k87kz0.cloudfront.net/Uploads/635858845570521611.jpg", 
        "https://d1nd15w2k87kz0.cloudfront.net/Uploads/635858845593177827.jpg", 
        "https://d1nd15w2k87kz0.cloudfront.net/Uploads/635858845607084001.jpg", 
        "https://d1nd15w2k87kz0.cloudfront.net/Uploads/635858845616146777.jpg"
    ], 
    "hqdb_featured_ad_type": "Featured", 
    "hqdb_nr_reviews": "0", 
    "hqdb_review_score": "0,0", 
    "accreditations": null, 
    "category": null, 
    "subcategory": null, 
    "street": "C/ Nieremberg, 4", 
    "city": "Madrid", 
    "zipcode": "28006", 
    "formatted_address": "C/ Nieremberg, 4, Madrid, 28006", 
    "country": "es", 
    "office_number": "914138184", 
    "office_number2": null, 
    "mobile_number": "607401036", 
    "mobile_number2": null, 
    "unidentified_phone_numbers": null, 
    "latitude": "40.4359500000", 
    "longitude": "-3.6820999999", 
    "business_email": null, 
    "yelp_page": null, 
    "facebook": null, 
    "twitter": null, 
    "instagram": null, 
    "venue_images": "https://d1nd15w2k87kz0.cloudfront.net/Logotipos/635908136825172810.jpg", 
    "opening_hours_raw": null, 
    "pricelist_link": null, 
    "services": [
        {
            "service_category": "Preferente", 
            "service": "Tto. Facial Antiaging Oxigenación 5 Sesiones", 
            "duration": 3600, 
            "price": "600 € ", 
            "description": "Tratamiento innovador para detener el envejecimiento celular. Sus beneficios se aplican también en diferentes tratamientos para combatir: la fibromialgia, la fatiga crónica, las cefaleas o migrañas, trastornos del sueño, desintoxicación de la sangre, alta tensión arterial, etc."
        }, 
        {
            "service_category": "Preferente", 
            "service": "Tto. Facial Antiaging Con Oxigenación Hiperbarica", 
            "duration": 3600, 
            "price": "120 € ", 
            "description": "Tratamiento innovador para detener el envejecimiento celular. Sus beneficios se aplican también en diferentes tratamientos para combatir: la fibromialgia, la fatiga crónica, las cefaleas o migrañas, trastornos del sueño, desintoxicación de la sangre, alta tensión arterial, etc."
        }, 
        {
            "service_category": "Preferente", 
            "service": "Tratamiento Mesoterapia Corporal Alidya", 
            "duration": 1800, 
            "price": "80 € ", 
            "description": "Mesoterapia Anticelulítica y desintoxicación de la piel de naranja. Si estás harta de la horrible celulitis, no esperes más y reserva este tratamiento. Conseguimos eliminar los cúmulos de grasa que afean tu cuerpo."
        }, 
        {
            "service_category": "Preferente", 
            "service": "Tto Corporal Suero Vitamínico Revitalizer", 
            "duration": 3600, 
            "price": "120 € ", 
            "description": "Sueroterapia biológica de antioxidantes minerales y vitaminas, indicada para fatiga crónica, reforzar el sistema inmunológico y tratamiento contra el estrés oxidativo causante del envejecimiento celular. Ayuda a reforzar sistema inmunológico."
        }, 
        {
            "service_category": "Estética", 
            "service": "5 Sesiones Mesoterapia Corporal Alidya", 
            "duration": 1800, 
            "price": "400 € ", 
            "description": "¿Te gustaría remodelar tu cuerpo y mejorar el aspecto de tu piel? ¡Reserva nuestro bono de 5 sesiones de mesoterapia corporal alidya! Conseguirás reducir la celulitis y desintoxicar tu cuerpo de la piel de naranja. Este servicio consta de cinco sesiones de 30 minutos de duración cada una."
        }, 
        {
            "service_category": "Estética", 
            "service": "Tto. Facial Antiaging Oxigenación 5 Sesiones", 
            "duration": 3600, 
            "price": "600 € ", 
            "description": "Tratamiento innovador para detener el envejecimiento celular. Sus beneficios se aplican también en diferentes tratamientos para combatir: la fibromialgia, la fatiga crónica, las cefaleas o migrañas, trastornos del sueño, desintoxicación de la sangre, alta tensión arterial, etc."
        }, 
        {
            "service_category": "Estética", 
            "service": "Bono De 10 Servicios Tto Corporal Para Varices", 
            "duration": 1800, 
            "price": "800 € ", 
            "description": "¿A qué esperas para eliminar las horribles varices de tu cuerpo? ¡Reserva nuestro bono de 10 tratamientos de eliminación de varices, arañas y derrames vasculares por esclerosis! Cada sesión de este tratamiento, tiene una duración de 20 minutos."
        }, 
        {
            "service_category": "Estética", 
            "service": "Bono 5 Sesiones Tto Corporal Remodelación Gua-Sha", 
            "duration": 3600, 
            "price": "450 € ", 
            "description": "¡Reserva nuestro bono de 5 sesiones de tratamiento corporal remodelante Gua-Sha! Conseguirás eliminar la flacidez tisular y la demarcación muscular. La sesión suelta tiene un precio de 110 euros. Cada sesión tiene 60 minutos de duración."
        }, 
        {
            "service_category": "Estética", 
            "service": "Bono 5 Sesiones Tto. Gua-Sha Facial", 
            "duration": 3600, 
            "price": "450 € ", 
            "description": "Bono de cinco sesiones de Tto. facial Gua-sha. Indicado para la flacidez tisular, moldeamiento y la recuperación de tu óvalo facial. La sesión suelta tiene un precio de 110, con este bono el precio por sesión es de 90 euros."
        }, 
        {
            "service_category": "Estética", 
            "service": "Tratamiento Corporal Eliminación Manchas Manos", 
            "duration": 2700, 
            "price": "90 € ", 
            "description": "¿Tienes manchas en las manos que te gustaría eliminar? Reserva este servicio y conseguiremos eliminar estos signos de envejecimiento. Tratamiento personalizado con fórmula magistral y láser."
        }, 
        {
            "service_category": "Estética", 
            "service": "Tratamiento Corporal Reductor Aqualyx", 
            "duration": 2700, 
            "price": "80 € ", 
            "description": "¿Te gustaría eliminar la grasa localizada de alguna zona de tu cuerpo? ¡Reserva nuestro tratamiento corporal reducto Aqualix! Gracias a este servicio conseguirás eliminar las adiposidades para eliminar la grasa localizada. Precio por ampolla."
        }, 
        {
            "service_category": "Estética", 
            "service": "Tratamiento Corporal: Tratamiento Varices", 
            "duration": 1800, 
            "price": "80 € ", 
            "description": "Eliminación de varices, arañas y derrames vasculares por esclerosis. La sesión de este tratamiento tiene una duración de 20 minutos. No lo dudes más, reserva este servicio y despídete de las incomodas varices."
        }, 
        {
            "service_category": "Estética", 
            "service": "Tratamiento Facial De Toxina Botulínica Tipo A", 
            "duration": 3600, 
            "price": "130 € ", 
            "description": "Corrige las arrugas de tu rostro reservando nuestro tratamiento de toxina botulínica Tipo A. El precio es por una zona a tratar. Disponemos de los mejores profesionales en medicina estética."
        }, 
        {
            "service_category": "Estética", 
            "service": "Tratamiento Facial Gua-Sha", 
            "duration": 3600, 
            "price": "110 € ", 
            "description": "¿Te gustaría mejorar el aspecto de la piel de tu rostro? Reserva nuestro tratamiento facial GuaSha. Está indicado para la flacidez tisular, moldeamiento y la recuperación de tu óvalo facial. Te encantará el resultado."
        }, 
        {
            "service_category": "Estética", 
            "service": "Tratamiento Facial Toxina Botulínica Tipo A 3Zonas", 
            "duration": 3600, 
            "price": "350 € ", 
            "description": "Si te interesa eliminar las arrugas de tres zonas distintas, tienes que reservar este servicio. Nuestro tratamiento de toxina botulínica tipo A está realizado por nuestros médicos expertos. Precio del tratamiento por tres zonas."
        }, 
        {
            "service_category": "Estética", 
            "service": "Tto Facial: Aumento De Pómulos Radiesse", 
            "duration": 3600, 
            "price": "445 € ", 
            "description": "Aumenta la zona de los pómulos reservando este servicio. Ponte en la manos de nuestros médicos profesionales y te garantizamos un resultado impecable en tu rostro. Utilizamos una vial."
        }, 
        {
            "service_category": "Estética", 
            "service": "Tto Facial: Perfilado De Labios", 
            "duration": 3600, 
            "price": "260 € ", 
            "description": "¡Disfruta de unos labios más gruesos y llamativos reservando este servicio! Lo podrás conseguir gracias al perfilado de labios. Aumentamos el volumen de estos con ácido hialurónico. El servicio solo incluye una vial. ¡Te encantará el resultado!"
        }, 
        {
            "service_category": "Estética", 
            "service": "Tto. Corporal Remodelación Gua-Sha", 
            "duration": 3600, 
            "price": "110 € ", 
            "description": "Tratamiento corporal indicado para la flacidez tisular y demarcación tisular. Remodela la piel de tu cuerpo reservando nuestro tratamiento remodelante GuaSha. Saldrás encantada con el resultado."
        }, 
        {
            "service_category": "Estética", 
            "service": "Tto. Facial Eliminación Manchas", 
            "duration": 2700, 
            "price": "150 € ", 
            "description": "Tratamiento personalizado con fórmula magistral y láser. Despídete de esas manchas que deseas que desaparezcan. Ponte en manos de los mejores profesionales médicos, notarás los resultados."
        }, 
        {
            "service_category": "Estética", 
            "service": "Tto. Mesoterapia Facial Y Ácido Hialurónico", 
            "duration": 3600, 
            "price": "150 € ", 
            "description": "¿A qué esperas para reservar nuestro tratamiento de mesoterapia facial con vitaminas más ácido hialurónico? Notarás como mejora el aspecto de la piel de tu rostro considerablemente. ¡No lo dudes más y reserva ya!"
        }, 
        {
            "service_category": "Estética", 
            "service": "Tto. Facial Antiaging Con Oxigenación Hiperbarica", 
            "duration": 3600, 
            "price": "120 € ", 
            "description": "Tratamiento innovador para detener el envejecimiento celular. Sus beneficios se aplican también en diferentes tratamientos para combatir: la fibromialgia, la fatiga crónica, las cefaleas o migrañas, trastornos del sueño, desintoxicación de la sangre, alta tensión arterial, etc."
        }, 
        {
            "service_category": "Estética", 
            "service": "Tratamiento Mesoterapia Corporal Alidya", 
            "duration": 1800, 
            "price": "80 € ", 
            "description": "Mesoterapia Anticelulítica y desintoxicación de la piel de naranja. Si estás harta de la horrible celulitis, no esperes más y reserva este tratamiento. Conseguimos eliminar los cúmulos de grasa que afean tu cuerpo."
        }, 
        {
            "service_category": "Estética", 
            "service": "Tto Corporal Suero Vitamínico Revitalizer", 
            "duration": 3600, 
            "price": "120 € ", 
            "description": "Sueroterapia biológica de antioxidantes minerales y vitaminas, indicada para fatiga crónica, reforzar el sistema inmunológico y tratamiento contra el estrés oxidativo causante del envejecimiento celular. Ayuda a reforzar sistema inmunológico."
        }
    ]
}