{
    "adid": null, 
    "name": "Virginia Guerrero", 
    "name_of_contact": "Virginia Guerrero", 
    "scrape_page": "https://www.bucmi.com/virginiaguerrero", 
    "business_website": "https://www.bucmi.com/virginiaguerrero", 
    "areas_covered": null, 
    "description": "Contamos con más de 10 años de experiencia en el sector de la estética. Centro dedicado al cuidado personal, belleza y bienestar de damas y caballeros. Somos especialistas en fotodepilación, tratamientos faciales, corporales, manicuras y pedicuras.", 
    "img_link": [
        "https://d1nd15w2k87kz0.cloudfront.net/Uploads/635941741934967326.jpg", 
        "https://d1nd15w2k87kz0.cloudfront.net/Uploads/635941741954029897.jpg", 
        "https://d1nd15w2k87kz0.cloudfront.net/Uploads/635941741973404698.jpg", 
        "https://d1nd15w2k87kz0.cloudfront.net/Uploads/635941742010748623.jpg", 
        "https://d1nd15w2k87kz0.cloudfront.net/Uploads/635941742061217243.jpg", 
        "https://d1nd15w2k87kz0.cloudfront.net/Uploads/635941742098744318.jpg", 
        "https://d1nd15w2k87kz0.cloudfront.net/Uploads/635941742121713345.jpg", 
        "https://d1nd15w2k87kz0.cloudfront.net/Uploads/635941742141089674.jpg", 
        "https://d1nd15w2k87kz0.cloudfront.net/Uploads/635941742158902441.jpg"
    ], 
    "hqdb_featured_ad_type": "Featured", 
    "hqdb_nr_reviews": "5", 
    "hqdb_review_score": "8,8", 
    "accreditations": null, 
    "category": null, 
    "subcategory": null, 
    "street": "C/ Suecia, 84", 
    "city": "Madrid", 
    "zipcode": "28029", 
    "formatted_address": "C/ Suecia, 84, Madrid, 28029", 
    "country": "es", 
    "office_number": "913785902", 
    "office_number2": null, 
    "mobile_number": null, 
    "mobile_number2": null, 
    "unidentified_phone_numbers": null, 
    "latitude": "40.4765176000", 
    "longitude": "-3.7059196000", 
    "business_email": null, 
    "yelp_page": null, 
    "facebook": null, 
    "twitter": null, 
    "instagram": null, 
    "venue_images": "https://d1nd15w2k87kz0.cloudfront.net/Logotipos/635942378830086252.jpg", 
    "opening_hours_raw": null, 
    "pricelist_link": null, 
    "services": [
        {
            "service_category": "Preferente", 
            "service": "Higiene Facial Oxigenante", 
            "duration": 3600, 
            "price": "48 € ", 
            "description": "En esta sesión incluye la limpieza de cutis. Consigue una piel tersa, lisa y completamente limpia. Luce un rostro libre de impurezas y acné. Disfrutarás de un cutis mucho más suave, bonito e hidratado gracias a nuestra limpieza facial. Ven a nuestro centro de estética integral Virginia Guerrero y ponte en manos de nuestros profesionales. Reserva ahora tu cita online a través de Bucmi.com."
        }, 
        {
            "service_category": "Preferente", 
            "service": "Tinte Y Permanente De Pestañas", 
            "duration": 3600, 
            "price": "30 € ", 
            "description": "En esta sesión se incluye el tinte y la permanente de pestañas. De este modo, tendrás unas pestañas de cine sin necesidad de ser maquilladas diariamente. Luce una mirada envidiable gracias a tus largas y abundantes pestañas. Estarás perfecta durante todo el día y no tendrás que preocuparte por retocarte cuando sales de casa. Ven a tu Centro de Estética Integral Virginia Guerrero, reservando tu cita a través de Bucmi.com. ¡Estarás fantástica!"
        }, 
        {
            "service_category": "Preferente", 
            "service": "Manicura Spa Con Esmaltado Permanente", 
            "duration": 3600, 
            "price": "20 € ", 
            "description": "El servicio incluye una manicura spa, que incluye manicura completa con esmaltado permanente de larga duración. ¡Hasta 20 días con tus uñas perfectas! Luce unas manos bonitas, hidratadas y bien cuidadas. Además podrás elegir entre una gran variedad de colores para esmaltar tus uñas. ¡Ven a Virginia Guerrero tu centro de estética integral y ponte en manos de nuestros profesionales! Reserva ahora tu cita online a través de Bucmi.com."
        }, 
        {
            "service_category": "Estética", 
            "service": "Bono 10 Sesiones Tratamiento Corporal Reductor", 
            "duration": 5400, 
            "price": "699 € ", 
            "description": "Aprovecha ese bono de 10 sesiones de ultra cavitación, vacumterapia, masaje con crema lipolítica y presoterapia. Gracias a este tratamiento lucirás un cuerpo mucho más tonificado y disfrutarás de una piel más tersa. Di adiós a la grasa localizada y la celulitis. Reserva ahora tu cita cómodamente online a través de Bucmi.com. ¡Ven a tu centro de estética favorito!"
        }, 
        {
            "service_category": "Estética", 
            "service": "Bono 10 Sesiones Tto Corporal Thermostimulación", 
            "duration": 3600, 
            "price": "300 € ", 
            "description": "Eliminación de toxinas, remodelación de la silueta, activación del metabolismo, mejora de la circulación, eliminación de celulitis son algunos de los beneficios de este tratamiento. Lucirás un cuerpo mucho más tonificado y una piel tersa. Dí adiós a la celulitis y vuelve a lucir una piel bonita. Y olvídate de la flacidez. Realza tu figura gracias a este tratamiento. Reserva tu cita online a través de Bucmi.com."
        }, 
        {
            "service_category": "Estética", 
            "service": "Higiene Facial Oxigenante", 
            "duration": 3600, 
            "price": "48 € ", 
            "description": "En esta sesión incluye la limpieza de cutis. Consigue una piel tersa, lisa y completamente limpia. Luce un rostro libre de impurezas y acné. Disfrutarás de un cutis mucho más suave, bonito e hidratado gracias a nuestra limpieza facial. Ven a nuestro centro de estética integral Virginia Guerrero y ponte en manos de nuestros profesionales. Reserva ahora tu cita online a través de Bucmi.com."
        }, 
        {
            "service_category": "Estética", 
            "service": "Higiene De Espalda", 
            "duration": 2700, 
            "price": "25 € ", 
            "description": "En el servicio incluye extracción si es necesaria, exfoliación, mascarilla y masaje final. La espalda es una zona en la que se acumulan imperfecciones e impurezas. Por ello hay que realizar higienes profundas con regularidad. Gracias a este tratamiento lucirás una piel mucho más descongestionada y bonita. Dí adiós al acné y las impurezas. ¡Vente a nuestro centro de estética! No te arrepentirás. Ahora reserva tu cita online a través de Bucmi.com."
        }, 
        {
            "service_category": "Estética", 
            "service": "Tinte Y Permanente De Pestañas", 
            "duration": 3600, 
            "price": "30 € ", 
            "description": "En esta sesión se incluye el tinte y la permanente de pestañas. De este modo, tendrás unas pestañas de cine sin necesidad de ser maquilladas diariamente. Luce una mirada envidiable gracias a tus largas y abundantes pestañas. Estarás perfecta durante todo el día y no tendrás que preocuparte por retocarte cuando sales de casa. Ven a tu Centro de Estética Integral Virginia Guerrero, reservando tu cita a través de Bucmi.com. ¡Estarás fantástica!"
        }, 
        {
            "service_category": "Manicura y Pedicura", 
            "service": "Bono 10 Sesiones Tratamiento Corporal Reductor", 
            "duration": 5400, 
            "price": "699 € ", 
            "description": "Aprovecha ese bono de 10 sesiones de ultra cavitación, vacumterapia, masaje con crema lipolítica y presoterapia. Gracias a este tratamiento lucirás un cuerpo mucho más tonificado y disfrutarás de una piel más tersa. Di adiós a la grasa localizada y la celulitis. Reserva ahora tu cita cómodamente online a través de Bucmi.com. ¡Ven a tu centro de estética favorito!"
        }, 
        {
            "service_category": "Manicura y Pedicura", 
            "service": "Bono 10 Sesiones Tto Corporal Thermostimulación", 
            "duration": 3600, 
            "price": "300 € ", 
            "description": "Eliminación de toxinas, remodelación de la silueta, activación del metabolismo, mejora de la circulación, eliminación de celulitis son algunos de los beneficios de este tratamiento. Lucirás un cuerpo mucho más tonificado y una piel tersa. Dí adiós a la celulitis y vuelve a lucir una piel bonita. Y olvídate de la flacidez. Realza tu figura gracias a este tratamiento. Reserva tu cita online a través de Bucmi.com."
        }, 
        {
            "service_category": "Manicura y Pedicura", 
            "service": "Higiene Facial Oxigenante", 
            "duration": 3600, 
            "price": "48 € ", 
            "description": "En esta sesión incluye la limpieza de cutis. Consigue una piel tersa, lisa y completamente limpia. Luce un rostro libre de impurezas y acné. Disfrutarás de un cutis mucho más suave, bonito e hidratado gracias a nuestra limpieza facial. Ven a nuestro centro de estética integral Virginia Guerrero y ponte en manos de nuestros profesionales. Reserva ahora tu cita online a través de Bucmi.com."
        }, 
        {
            "service_category": "Masaje", 
            "service": "Bono 10 Sesiones Tratamiento Corporal Reductor", 
            "duration": 5400, 
            "price": "699 € ", 
            "description": "Aprovecha ese bono de 10 sesiones de ultra cavitación, vacumterapia, masaje con crema lipolítica y presoterapia. Gracias a este tratamiento lucirás un cuerpo mucho más tonificado y disfrutarás de una piel más tersa. Di adiós a la grasa localizada y la celulitis. Reserva ahora tu cita cómodamente online a través de Bucmi.com. ¡Ven a tu centro de estética favorito!"
        }, 
        {
            "service_category": "Depilación", 
            "service": "Bono 10 Sesiones Tratamiento Corporal Reductor", 
            "duration": 5400, 
            "price": "699 € ", 
            "description": "Aprovecha ese bono de 10 sesiones de ultra cavitación, vacumterapia, masaje con crema lipolítica y presoterapia. Gracias a este tratamiento lucirás un cuerpo mucho más tonificado y disfrutarás de una piel más tersa. Di adiós a la grasa localizada y la celulitis. Reserva ahora tu cita cómodamente online a través de Bucmi.com. ¡Ven a tu centro de estética favorito!"
        }, 
        {
            "service_category": "Depilación", 
            "service": "Bono 10 Sesiones Tto Corporal Thermostimulación", 
            "duration": 3600, 
            "price": "300 € ", 
            "description": "Eliminación de toxinas, remodelación de la silueta, activación del metabolismo, mejora de la circulación, eliminación de celulitis son algunos de los beneficios de este tratamiento. Lucirás un cuerpo mucho más tonificado y una piel tersa. Dí adiós a la celulitis y vuelve a lucir una piel bonita. Y olvídate de la flacidez. Realza tu figura gracias a este tratamiento. Reserva tu cita online a través de Bucmi.com."
        }, 
        {
            "service_category": "Depilación", 
            "service": "Higiene Facial Oxigenante", 
            "duration": 3600, 
            "price": "48 € ", 
            "description": "En esta sesión incluye la limpieza de cutis. Consigue una piel tersa, lisa y completamente limpia. Luce un rostro libre de impurezas y acné. Disfrutarás de un cutis mucho más suave, bonito e hidratado gracias a nuestra limpieza facial. Ven a nuestro centro de estética integral Virginia Guerrero y ponte en manos de nuestros profesionales. Reserva ahora tu cita online a través de Bucmi.com."
        }, 
        {
            "service_category": "Depilación", 
            "service": "Higiene De Espalda", 
            "duration": 2700, 
            "price": "25 € ", 
            "description": "En el servicio incluye extracción si es necesaria, exfoliación, mascarilla y masaje final. La espalda es una zona en la que se acumulan imperfecciones e impurezas. Por ello hay que realizar higienes profundas con regularidad. Gracias a este tratamiento lucirás una piel mucho más descongestionada y bonita. Dí adiós al acné y las impurezas. ¡Vente a nuestro centro de estética! No te arrepentirás. Ahora reserva tu cita online a través de Bucmi.com."
        }, 
        {
            "service_category": "Depilación", 
            "service": "Tinte Y Permanente De Pestañas", 
            "duration": 3600, 
            "price": "30 € ", 
            "description": "En esta sesión se incluye el tinte y la permanente de pestañas. De este modo, tendrás unas pestañas de cine sin necesidad de ser maquilladas diariamente. Luce una mirada envidiable gracias a tus largas y abundantes pestañas. Estarás perfecta durante todo el día y no tendrás que preocuparte por retocarte cuando sales de casa. Ven a tu Centro de Estética Integral Virginia Guerrero, reservando tu cita a través de Bucmi.com. ¡Estarás fantástica!"
        }
    ]
}