{
    "adid": null, 
    "name": "Al Trote", 
    "name_of_contact": "Al Trote", 
    "scrape_page": "https://www.bucmi.com/altrote", 
    "business_website": "https://www.bucmi.com/altrote", 
    "areas_covered": null, 
    "description": "Peluquería Al Trote se encuentra en el barrio de Chamartín, Madrid. Contamos con una peluquería y zona de estética para los más peques. Además, mientras ellos se ponen guapos, los padres también pueden disfrutar de nuestros servicios. ¡Te esperamos!", 
    "img_link": [
        "https://d1nd15w2k87kz0.cloudfront.net/Uploads/635954556639853622.jpg", 
        "https://d1nd15w2k87kz0.cloudfront.net/Uploads/635954556640634652.jpg", 
        "https://d1nd15w2k87kz0.cloudfront.net/Uploads/635954556641884674.jpg", 
        "https://d1nd15w2k87kz0.cloudfront.net/Uploads/635954556642822137.jpg", 
        "https://d1nd15w2k87kz0.cloudfront.net/Uploads/635954556643915871.jpg", 
        "https://d1nd15w2k87kz0.cloudfront.net/Uploads/635954556646103381.jpg", 
        "https://d1nd15w2k87kz0.cloudfront.net/Uploads/635954556646259614.jpg", 
        "https://d1nd15w2k87kz0.cloudfront.net/Uploads/635954556644072138.jpg"
    ], 
    "hqdb_featured_ad_type": "Featured", 
    "hqdb_nr_reviews": "20", 
    "hqdb_review_score": "7,9", 
    "accreditations": null, 
    "category": null, 
    "subcategory": null, 
    "street": "C/ Bolivia, 40", 
    "city": "Madrid", 
    "zipcode": "28016", 
    "formatted_address": "C/ Bolivia, 40, Madrid, 28016", 
    "country": "es", 
    "office_number": "913450293", 
    "office_number2": null, 
    "mobile_number": "626920471", 
    "mobile_number2": null, 
    "unidentified_phone_numbers": null, 
    "latitude": "40.4597264000", 
    "longitude": "-3.6775255999", 
    "business_email": null, 
    "yelp_page": null, 
    "facebook": null, 
    "twitter": null, 
    "instagram": null, 
    "venue_images": "https://d1nd15w2k87kz0.cloudfront.net/Logotipos/635971990204624711.jpg", 
    "opening_hours_raw": null, 
    "pricelist_link": null, 
    "services": [
        {
            "service_category": "Preferente", 
            "service": "Tinte Y Corte De Pelo", 
            "duration": 7200, 
            "price": "46 € ", 
            "description": "Incluye champú, hidratación, asesoramiento en el corte y en el color. No incluye peinado. Todos los servicicio de adultos incluyen 30 minutos de juego en el parque de bolas si vienes acompañado de tus hijos, supervisado por monitores especializados."
        }, 
        {
            "service_category": "Preferente", 
            "service": "Corte Infantil", 
            "duration": 1800, 
            "price": "14 € ", 
            "description": "Corte infantil con regalo de bolsa de chuches y además 30 minutos de juego en piscina de bolas. ¿Todavía no has probado Al Trote Peluquería? La mejor solución si tienes peques y quieres que su visita a la pelu sea divertida."
        }, 
        {
            "service_category": "Preferente", 
            "service": "Corte De Pelo Para Ella Melena Corta", 
            "duration": 2700, 
            "price": "16 € ", 
            "description": "El servicio incluye corte y lavado. El servicio no incluye peinado, en caso de querer peinado o alguna mascarilla especial, consulte con su profesional. Todos los servicicio de adultos incluyen 30 minutos de juego en el parque de bolas si vienes acompañado de tus hijos, supervisado por monitores especializados."
        }, 
        {
            "service_category": "Peluquería", 
            "service": "Corte De Pelo Niño Más Corte De Pelo Mamá", 
            "duration": 2700, 
            "price": "32 € ", 
            "description": "Corta el pelo de tu hijo en nuestra peluquería y ponte guapa tú también... Aprovecha esta promoción. Dosponemos de un parque de bolas para que jueguen mientras que tu te practicas los servicios."
        }, 
        {
            "service_category": "Peluquería", 
            "service": "Tinte Y Corte De Pelo", 
            "duration": 7200, 
            "price": "46 € ", 
            "description": "Incluye champú, hidratación, asesoramiento en el corte y en el color. No incluye peinado. Todos los servicicio de adultos incluyen 30 minutos de juego en el parque de bolas si vienes acompañado de tus hijos, supervisado por monitores especializados."
        }, 
        {
            "service_category": "Peluquería", 
            "service": "Corte De Pelo Niño Más Color De Pelo Mamá", 
            "duration": 5400, 
            "price": "30 € ", 
            "description": "Este servicio hará que tanto la mamá, como el hijo luzcan súper guapos. El se cortará el pelo y podrá estar entretenido en nuestro centro y tú, puedes darte color en tu cabello."
        }, 
        {
            "service_category": "Peluquería", 
            "service": "Corte Infantil", 
            "duration": 1800, 
            "price": "14 € ", 
            "description": "Corte infantil con regalo de bolsa de chuches y además 30 minutos de juego en piscina de bolas. ¿Todavía no has probado Al Trote Peluquería? La mejor solución si tienes peques y quieres que su visita a la pelu sea divertida."
        }, 
        {
            "service_category": "Peluquería", 
            "service": "Tinte De Pelo Para Las Mamás", 
            "duration": 9000, 
            "price": "30 € ", 
            "description": "Incluye champú y color. No incluye peinado. Todos los servicios de adultos incluyen 30 minutos de juego en el parque de bolas si vienes acompañado de tus hijos, supervisado por monitores especializados. ¿A qué esperas para conocernos? ¡Reserva ya online!"
        }, 
        {
            "service_category": "Peluquería", 
            "service": "Corte De Pelo Para Ella Melena Corta", 
            "duration": 2700, 
            "price": "16 € ", 
            "description": "El servicio incluye corte y lavado. El servicio no incluye peinado, en caso de querer peinado o alguna mascarilla especial, consulte con su profesional. Todos los servicicio de adultos incluyen 30 minutos de juego en el parque de bolas si vienes acompañado de tus hijos, supervisado por monitores especializados."
        }, 
        {
            "service_category": "Peluquería", 
            "service": "Corte De Pelo Para Ella Melena Larga", 
            "duration": 3600, 
            "price": "20 € ", 
            "description": "El servicio incluye corte y lavado. El servicio no incluye peinado, en caso de querer peinado o alguna mascarilla especial, consulte con su profesional. Todos los servicicio de adultos incluyen 30 minutos de juego en el parque de bolas si vienes acompañado de tus hijos, supervisado por monitores especializados."
        }, 
        {
            "service_category": "Peluquería", 
            "service": "Lavado Y Peinado De Pelo", 
            "duration": 3600, 
            "price": "13 € ", 
            "description": "Te preparamos para cualquier ocasión con el peinado que más te guste. Pide consejo a nuestros peluqueros y ellos te ayudarán a elegir si tienes dudas. Consultar para recogidos. Todos los servicicio de adultos incluyen 30 minutos de juego en el parque de bolas si vienes acompañado de tus hijos, supervisado por monitores especializados."
        }, 
        {
            "service_category": "Manicura y Pedicura", 
            "service": "Corte De Pelo Niño Más Corte De Pelo Mamá", 
            "duration": 2700, 
            "price": "32 € ", 
            "description": "Corta el pelo de tu hijo en nuestra peluquería y ponte guapa tú también... Aprovecha esta promoción. Dosponemos de un parque de bolas para que jueguen mientras que tu te practicas los servicios."
        }
    ]
}