{
    "adid": null, 
    "name": "MyEstetic", 
    "name_of_contact": "MyEstetic", 
    "scrape_page": "https://www.bucmi.com/myestetic", 
    "business_website": "https://www.bucmi.com/myestetic", 
    "areas_covered": null, 
    "description": "En Pinar de Chamartín, MyEstetic es un centro de estética en chamartín, donde contamos con grandes especialistas en tratamientos de belleza y otros servicios como depilación láser y nutrición. ¡Conócenos y notarás la diferencia! Reserva ahora online.", 
    "img_link": [
        "https://d1nd15w2k87kz0.cloudfront.net/Uploads/635933043075081322.jpg", 
        "https://d1nd15w2k87kz0.cloudfront.net/Uploads/635933043092581146.jpg", 
        "https://d1nd15w2k87kz0.cloudfront.net/Uploads/635933043107744344.jpg", 
        "https://d1nd15w2k87kz0.cloudfront.net/Uploads/635933043141823173.jpg", 
        "https://d1nd15w2k87kz0.cloudfront.net/Uploads/635933043164791850.jpg", 
        "https://d1nd15w2k87kz0.cloudfront.net/Uploads/635933043185260527.jpg", 
        "https://d1nd15w2k87kz0.cloudfront.net/Uploads/635933043205416729.jpg", 
        "https://d1nd15w2k87kz0.cloudfront.net/Uploads/635933043223385425.jpg", 
        "https://d1nd15w2k87kz0.cloudfront.net/Uploads/635933043246510672.jpg", 
        "https://d1nd15w2k87kz0.cloudfront.net/Uploads/635933043269010276.jpg"
    ], 
    "hqdb_featured_ad_type": "Featured", 
    "hqdb_nr_reviews": "6", 
    "hqdb_review_score": "10,0", 
    "accreditations": null, 
    "category": null, 
    "subcategory": null, 
    "street": "C/ Querol, 8", 
    "city": "Madrid", 
    "zipcode": "28033", 
    "formatted_address": "C/ Querol, 8, Madrid, 28033", 
    "country": "es", 
    "office_number": "913838443", 
    "office_number2": null, 
    "mobile_number": null, 
    "mobile_number2": null, 
    "unidentified_phone_numbers": null, 
    "latitude": "40.4799686000", 
    "longitude": "-3.6643094999", 
    "business_email": null, 
    "yelp_page": null, 
    "facebook": null, 
    "twitter": null, 
    "instagram": null, 
    "venue_images": "https://d1nd15w2k87kz0.cloudfront.net/Logotipos/635933048829351375.jpg", 
    "opening_hours_raw": null, 
    "pricelist_link": null, 
    "services": [
        {
            "service_category": "Preferente", 
            "service": "Bono Corporal Detox/Anticelulítico", 
            "duration": 2700, 
            "price": "375 € ", 
            "description": "Reserva ya este bono de 10 sesiones de tratamiento corporal que consiste en una envoltura anticelulítica acompañado de presoterapia. Perfecto para depurar tu organismo tras las vacaciones, mejorar la celulitis y reducir volumen localizado. ¡Siéntete a gusto con tu cuerpo sin necesidad de cirugía!"
        }, 
        {
            "service_category": "Preferente", 
            "service": "Pack 10 Sesiones Detox Tratamiento Y Nutrición", 
            "duration": 2700, 
            "price": "525 € ", 
            "description": "Este servicio incluye 10 sesiones de tratamiento corporal con envoltura anticelulítica acompañada de presoterapia. Perfecto para depurar tu organismo tras los excesos, mejorar la celulitis y reducir volumen localizado. Además te daremos todas las pautas necesarias para que confecciones la dieta a tu gusto e iremos revisándola para asegurarnos en todo momento que la haces adecuadamente. Aprende a comer de manera sencilla y eficaz mientras adquieres los hábitos para mantenerte siempre en tu peso ideal."
        }, 
        {
            "service_category": "Preferente", 
            "service": "Sesión De Láser Diodo Zona S", 
            "duration": 1800, 
            "price": "40 € ", 
            "description": "Reserva nuestro servicio para zona pequeña (axilas, ingles, antebrazos, etc.) Aplicamos un láser de Diodo con alta potencia. Realizamos sesiones rápidas e indoloras tanto para hombre como para mujer. ¡Olvídate del vello gracias a MyEstetic!"
        }, 
        {
            "service_category": "Preferente", 
            "service": "Higiene Myestetic Y Permanente Y Tinte De Pestañas", 
            "duration": 7200, 
            "price": "80 € ", 
            "description": "MyEstetic te ofrece este pack de servicios que incluye una higiene facial con tratamiento personalizado y un permanente y tinte de pestañas para lucir una mirada espectacular. ¿Te lo vas a perder?"
        }, 
        {
            "service_category": "Preferente", 
            "service": "Tratamiento Facial Express Luminoso", 
            "duration": 1800, 
            "price": "35 € ", 
            "description": "Este tratamiento facial está indicado especialmente para ayudar a las pieles secas y apagadas, aportando luminosidad e hidratación en la piel de tu rostro. ¡Reserva ya con nosotros y ponte en manos de los profesionales de MyEstetic!"
        }, 
        {
            "service_category": "Estética", 
            "service": "Bono Corporal Detox/Anticelulítico", 
            "duration": 2700, 
            "price": "375 € ", 
            "description": "Reserva ya este bono de 10 sesiones de tratamiento corporal que consiste en una envoltura anticelulítica acompañado de presoterapia. Perfecto para depurar tu organismo tras las vacaciones, mejorar la celulitis y reducir volumen localizado. ¡Siéntete a gusto con tu cuerpo sin necesidad de cirugía!"
        }, 
        {
            "service_category": "Estética", 
            "service": "Higiene Myestetic Y Permanente Y Tinte De Pestañas", 
            "duration": 7200, 
            "price": "80 € ", 
            "description": "MyEstetic te ofrece este pack de servicios que incluye una higiene facial con tratamiento personalizado y un permanente y tinte de pestañas para lucir una mirada espectacular. ¿Te lo vas a perder?"
        }, 
        {
            "service_category": "Estética", 
            "service": "Peeling Y Autobronceador Con Aerógrafo", 
            "duration": 3600, 
            "price": "40 € ", 
            "description": "El servicio incluye exfoliación completa seguida de autobronceador con caña de azúcar aplicada uniformemente con aerógrafo. ¡Luce una piel suave y bronceada en tu día a día! Todo ello por sólo 32 euros. ¡Te encantará!"
        }, 
        {
            "service_category": "Estética", 
            "service": "Tratamiento Corporal Hidratante Daños Solares", 
            "duration": 5400, 
            "price": "70 € ", 
            "description": "Este servicio incluye exfoliación corporal a base de sales de alga laminaria con masaje de hidratación y un tratamiento facial regenerador e hidratante que nos devuelve la vitalidad y luminosidad perdida tras estar expuesta a agentes nocivos como el sol y el cloro. ¡Reserva ya y notarás los resultados!"
        }, 
        {
            "service_category": "Estética", 
            "service": "Higiene Facial Myestetetic", 
            "duration": 5400, 
            "price": "45 € ", 
            "description": "¡Reserva ya esta higiene facial más tratamiento personalizado con productos de alta cosmética profesional! ¡Calidad al mejor precio con los grandes profesionales de MyEstetic! Podrás lucir un rostro suave y libre de impurezas."
        }, 
        {
            "service_category": "Estética", 
            "service": "Sesión Tratamiento Reductor Anticelulítico", 
            "duration": 3600, 
            "price": "50 € ", 
            "description": "Tratamiento personalizados, se combinan diferentes técnicas como: radiofrecuencia, vacumterapia, ultrasonidos, presoterapia, electroestimulación y técnicas manuales. Cada sesión incluye dos de estas técnicas. ¡La prioridad de MyEstetic es tu cuidado!"
        }, 
        {
            "service_category": "Estética", 
            "service": "Tratamiento Facial Express Luminoso", 
            "duration": 1800, 
            "price": "35 € ", 
            "description": "Este tratamiento facial está indicado especialmente para ayudar a las pieles secas y apagadas, aportando luminosidad e hidratación en la piel de tu rostro. ¡Reserva ya con nosotros y ponte en manos de los profesionales de MyEstetic!"
        }, 
        {
            "service_category": "Manicura y Pedicura", 
            "service": "Pack Facial Y Manipedi", 
            "duration": 9000, 
            "price": "88 € ", 
            "description": "MyEstetic te ofrece este pack de belleza que incluye: Higiene facial MyEstetic, Manicura básica y una Pedicura MyEstetic. ¡Reserva ahora! ¡Presume de rostro, pies y manos por un precio increíble!"
        }, 
        {
            "service_category": "Depilación", 
            "service": "Sesión De Láser Diodo Zona L", 
            "duration": 3600, 
            "price": "130 € ", 
            "description": "Servicio para zona grande (piernas completas, tórax completo, espalda, etc.) Láser de Diodo con alta potencia, sesiones rápidas e indoloras para hombre y mujer. ¡Olvídate del vello gracias a MyEstetic!"
        }, 
        {
            "service_category": "Depilación", 
            "service": "Sesión De Láser Diodo Zona M", 
            "duration": 2700, 
            "price": "75 € ", 
            "description": "Servicio para zona Mediana (brazos, medias piernas, ingles brasileñas, pubis completo, etc.)Láser de Diodo con alta potencia, sesiones rápidas e indoloras para hombre y mujer. ¡Olvídate del vello gracias a MyEstetic!"
        }, 
        {
            "service_category": "Depilación", 
            "service": "Sesión De Láser Diodo Zona S", 
            "duration": 1800, 
            "price": "40 € ", 
            "description": "Reserva nuestro servicio para zona pequeña (axilas, ingles, antebrazos, etc.) Aplicamos un láser de Diodo con alta potencia. Realizamos sesiones rápidas e indoloras tanto para hombre como para mujer. ¡Olvídate del vello gracias a MyEstetic!"
        }, 
        {
            "service_category": "Depilación", 
            "service": "Pack Facial Y Depilación Láser", 
            "duration": 7200, 
            "price": "125 € ", 
            "description": "MyEstetic te ofrece este pack de belleza que incluye una higiene facial MyEstetic,1 sesión de depilación láser diodo en ingles y otra sesión de depilación láser en axilas. ¡Siéntete bella por un precio asequible!"
        }, 
        {
            "service_category": "Bienestar", 
            "service": "Pack 10 Sesiones Detox Tratamiento Y Nutrición", 
            "duration": 2700, 
            "price": "525 € ", 
            "description": "Este servicio incluye 10 sesiones de tratamiento corporal con envoltura anticelulítica acompañada de presoterapia. Perfecto para depurar tu organismo tras los excesos, mejorar la celulitis y reducir volumen localizado. Además te daremos todas las pautas necesarias para que confecciones la dieta a tu gusto e iremos revisándola para asegurarnos en todo momento que la haces adecuadamente. Aprende a comer de manera sencilla y eficaz mientras adquieres los hábitos para mantenerte siempre en tu peso ideal."
        }, 
        {
            "service_category": "Bienestar", 
            "service": "Bono 10 Sesiones Educación Nutricional", 
            "duration": 1800, 
            "price": "150 € ", 
            "description": "Te daremos todas las pautas necesarias para que confecciones la dieta a tu gusto e iremos revisándola para asegurarnos en todo momento que la haces adecuadamente. Aprende a comer de manera sencilla y eficaz mientras adquieres los hábitos para mantenerte siempre en tu peso ideal."
        }
    ]
}