{
    "adid": null, 
    "name": "Evolution Vip", 
    "name_of_contact": "Evolution Vip", 
    "scrape_page": "https://www.bucmi.com/evolution", 
    "business_website": "https://www.bucmi.com/evolution", 
    "areas_covered": null, 
    "description": "En Peluquería Evolution Vip hacemos todo tipo de cortes de pelo, desde lo más extremo hasta lo más clásico, sin olvidar nunca nuestros orígenes y cuidando hasta el más mínimo detalle el acabado del corte. ¡Nos adaptamos a la idea que nos propongan!", 
    "img_link": [
        "https://d1nd15w2k87kz0.cloudfront.net/Uploads/635942384221594663.jpg", 
        "https://d1nd15w2k87kz0.cloudfront.net/Uploads/635942384239754557.jpg", 
        "https://d1nd15w2k87kz0.cloudfront.net/Uploads/635942384257254505.jpg", 
        "https://d1nd15w2k87kz0.cloudfront.net/Uploads/635942384273199266.jpg", 
        "https://d1nd15w2k87kz0.cloudfront.net/Uploads/635942384291949189.jpg", 
        "https://d1nd15w2k87kz0.cloudfront.net/Uploads/635942384319449384.jpg", 
        "https://d1nd15w2k87kz0.cloudfront.net/Uploads/635942384330074459.jpg", 
        "https://d1nd15w2k87kz0.cloudfront.net/Uploads/635942384350230264.jpg"
    ], 
    "hqdb_featured_ad_type": "Featured", 
    "hqdb_nr_reviews": "17", 
    "hqdb_review_score": "7,5", 
    "accreditations": null, 
    "category": null, 
    "subcategory": null, 
    "street": "C/ Calatrava, 34", 
    "city": "Madrid", 
    "zipcode": "28005", 
    "formatted_address": "C/ Calatrava, 34, Madrid, 28005", 
    "country": "es", 
    "office_number": "917793240", 
    "office_number2": null, 
    "mobile_number": null, 
    "mobile_number2": null, 
    "unidentified_phone_numbers": null, 
    "latitude": "40.4100276000", 
    "longitude": "-3.7132715999", 
    "business_email": null, 
    "yelp_page": null, 
    "facebook": null, 
    "twitter": null, 
    "instagram": null, 
    "venue_images": "https://d1nd15w2k87kz0.cloudfront.net/Logotipos/635908670163926661.jpg", 
    "opening_hours_raw": null, 
    "pricelist_link": null, 
    "services": [
        {
            "service_category": "Preferente", 
            "service": "Depilación Cera: Piernas, Ingles, Axilas, Cejas...", 
            "duration": 2700, 
            "price": "51,9 € ", 
            "description": "Una depilación de cera completa que incluye las siguientes zonas: labio superior, cejas, ingles, medias piernas y axilas. Tu piel quedará suave y sedosa por un par de semanas. ¿A qué estás esperando para hacer tu reserva con nosotros? De un solo clic gracias a Bucmi.com. No te arrepentirás de los resultados gracias a nuestros expertos profesionales de Evolution Vip."
        }, 
        {
            "service_category": "Preferente", 
            "service": "Manicura Completa", 
            "duration": 1800, 
            "price": "10,95 € ", 
            "description": "En este servicio de manicura completa incluye: limado y retirada de cutículas y acabado con esmaltado normal. ¿A qué estás esperando para hacer tu reserva con nosotros? De un solo clic gracias a Bucmi.com. No te arrepentirás de los resultados gracias a nuestros expertos profesionales de Evolution Vip."
        }, 
        {
            "service_category": "Preferente", 
            "service": "Corte Y Peinado Pelo Corto", 
            "duration": 1800, 
            "price": "25,5 € ", 
            "description": "El servicio de corte y peinado incluye lavar, cortar y peinar el pelo, siempre asesorado por los mejores profesionales. ¡Que no se te arrebaten los pelos! Confía en Evolution Vip peluqueros.no incluye champú especifico ni crema. ¿A qué estás esperando para hacer tu reserva con nosotros? De un solo clic gracias a Bucmi.com. No te arrepentirás de los resultados gracias a nuestros expertos profesionales de Evolution Vip."
        }, 
        {
            "service_category": "Preferente", 
            "service": "Corte De Pelo Hombre", 
            "duration": 1800, 
            "price": "10 € ", 
            "description": "El servicio incluye un masaje capilar previo, lavado y corte. Elige el corte que desees, un corte tradicional o de actualidad. ¿A qué estás esperando para hacer tu reserva con nosotros? De un solo clic gracias a Bucmi.com. No te arrepentirás de los resultados gracias a nuestros expertos profesionales de Evolution Vip."
        }, 
        {
            "service_category": "Preferente", 
            "service": "Higiene Facial", 
            "duration": 3600, 
            "price": "18 € ", 
            "description": "El servicio de limpieza facial incluye el desmaquillado de la piel, limpieza con extracción, mascarilla y masaje. Tu piel volverá a recuperar la nutrición y luminosidad perdida. ¿A qué estás esperando para hacer tu reserva con nosotros? De un solo clic gracias a Bucmi.com. No te arrepentirás de los resultados gracias a nuestros expertos profesionales de Evolution Vip."
        }, 
        {
            "service_category": "Peluquería", 
            "service": "Corte, Color Raíz, Mechas Y Peinado Pelo Corto", 
            "duration": 7200, 
            "price": "85 € ", 
            "description": "Disfruta del servicio más completo. Incluye lavado con productos de tratamiento, corte asesorado por nuestros estilistas, color de alta gama, mechas y por último peinado de tu elección. ¿A qué estás esperando para hacer tu reserva con nosotros? De un solo clic gracias a Bucmi.com. No te arrepentirás de los resultados gracias a nuestros expertos profesionales de Evolution Vip."
        }, 
        {
            "service_category": "Peluquería", 
            "service": "Alisado De Keratina Pelo Largo", 
            "duration": 10800, 
            "price": "75 € ", 
            "description": "Tratamiento capilar de keratina que devuelve la salud al cabello damnificado, reduciendo el volumen y eliminando el rizado. El resultado un cabello liso y fácil de trabajar. Utilizamos producto 100% libre de formol y de otros sulfatos para que además de eliminar el encrespamiento y de alisar tu pelo, podamos reconstruirlo e hidratarlo. Haz ya tu reserva con Bucmi.com y no te arrepentirás del resultado."
        }, 
        {
            "service_category": "Peluquería", 
            "service": "Alisado Keratina Brasileño Pelo Corto", 
            "duration": 7200, 
            "price": "65 € ", 
            "description": "Tratamiento capilar de keratina que devuelve la salud al cabello damnificado, reduciendo el volumen y eliminando el rizado. El resultado un cabello liso y fácil de trabajar. Utilizamos producto 100% libre de formol y de otros sulfatos para que además de eliminar el encrespamiento y de alisar tu pelo, podamos reconstruirlo e hidratarlo. Haz ya tu reserva con Bucmi.com y no te arrepentirás del resultado."
        }, 
        {
            "service_category": "Peluquería", 
            "service": "Color Raíz Y Peinado Pelo Corto", 
            "duration": 3600, 
            "price": "21,5 € ", 
            "description": "El servicio incluye lavado con productos de tratamiento, champú y mascarilla en función de las necesidades de tu cabello. Repasa tu raíz con el color y, posteriormente, luce el peinado que tu elijas. ¿A qué estás esperando para hacer tu reserva con nosotros? De un solo clic gracias a Bucmi.com. No te arrepentirás de los resultados gracias a nuestros expertos profesionales de Evolution Vip."
        }, 
        {
            "service_category": "Peluquería", 
            "service": "Color Raíz Y Peinado Pelo Largo", 
            "duration": 3600, 
            "price": "31,5 € ", 
            "description": "El servicio incluye lavado con productos de tratamiento, champú y mascarilla en función de las necesidades de tu cabello. Repasa tu raíz con el color y, posteriormente, luce el peinado que tu elijas. ¿A qué estás esperando para hacer tu reserva con nosotros? De un solo clic gracias a Bucmi.com. No te arrepentirás de los resultados gracias a nuestros expertos profesionales de Evolution Vip."
        }, 
        {
            "service_category": "Peluquería", 
            "service": "Corte Y Peinado Pelo Largo", 
            "duration": 3600, 
            "price": "35,5 € ", 
            "description": "El servicio de corte y peinado incluye lavar, cortar y peinar el pelo, siempre asesorado por los mejores profesionales. ¡Que no se te arrebaten los pelos! Confía en Evolution Vip peluqueros.no incluye champú especifico ni crema. ¿A qué estás esperando para hacer tu reserva con nosotros? De un solo clic gracias a Bucmi.com. No te arrepentirás de los resultados gracias a nuestros expertos profesionales de Evolution Vip."
        }, 
        {
            "service_category": "Peluquería", 
            "service": "Corte, Color Raíz, Mechas Y Peinado Pelo Largo", 
            "duration": 7200, 
            "price": "95 € ", 
            "description": "Disfruta del servicio más completo. Incluye lavado con productos de tratamiento, corte asesorado por nuestros estilistas, color de alta gama, mechas y por último peinado de tu elección. ¿A qué estás esperando para hacer tu reserva con nosotros? De un solo clic gracias a Bucmi.com. No te arrepentirás de los resultados gracias a nuestros expertos profesionales de Evolution Vip."
        }, 
        {
            "service_category": "Peluquería", 
            "service": "Mechas Y Peinado Pelo Corto", 
            "duration": 3600, 
            "price": "27,5 € ", 
            "description": "Un servicio que incluye lavado con productos de tratamiento, champú y mascarilla en función de las necesidades de tu cabello. Escoge el tono de las mechas, y el peinado que desees. ¿A qué estás esperando para hacer tu reserva con nosotros? De un solo clic gracias a Bucmi.com. No te arrepentirás de los resultados gracias a nuestros expertos profesionales de Evolution Vip."
        }, 
        {
            "service_category": "Peluquería", 
            "service": "Mechas Y Peinado Pelo Largo", 
            "duration": 7200, 
            "price": "37,5 € ", 
            "description": "Un servicio que incluye lavado con productos de tratamiento, champú y mascarilla en función de las necesidades de tu cabello. Escoge el tono de las mechas, y el peinado que desees. ¿A qué estás esperando para hacer tu reserva con nosotros? De un solo clic gracias a Bucmi.com. No te arrepentirás de los resultados gracias a nuestros expertos profesionales de Evolution Vip."
        }, 
        {
            "service_category": "Peluquería", 
            "service": "Peinado Pelo Corto", 
            "duration": 1800, 
            "price": "12,95 € ", 
            "description": "El servicio incluye lavado con champú específico y el peinado a tu elección. Vente a nuestra peluquería a conocernos, ¡no te arrepentirás!. Dependiendo de la cantidad y largura de la melena, los productos que se utilicen para el cabello, si se utiliza plancha o no, étc. se aplicará un posible suplemento en el Centro. Consultar con el Profesional."
        }, 
        {
            "service_category": "Peluquería", 
            "service": "Peinado Pelo Largo", 
            "duration": 1800, 
            "price": "22,95 € ", 
            "description": "El servicio incluye lavado con champú específico y el peinado a tu elección. Vente a nuestra peluquería a conocernos, ¡no te arrepentirás!. Dependiendo de la cantidad y largura de la melena, los productos que se utilicen para el cabello, si se utiliza plancha o no, étc. se aplicará un posible suplemento en el Centro. Consultar con el Profesional."
        }, 
        {
            "service_category": "Peluquería", 
            "service": "Tto Bótox Capilar By Inovatis Pelo Corto", 
            "duration": 1800, 
            "price": "19,9 € ", 
            "description": "Bótox Hair By Inovatis. Consiste en un tratamiento de bótox capilar que reestuctura y proporciona brillo y elasticidad. El servicio incluye el tratamiento de bótox, el lavado con champú pero no incluye el peinado definido de la melena. ¡Ven a conocernos a peluquería Evolution Vip!"
        }, 
        {
            "service_category": "Peluquería", 
            "service": "Tto Bótox Capilar By Inovatis Pelo Largo", 
            "duration": 2700, 
            "price": "29,9 € ", 
            "description": "Bótox Hair By Inovatis. Consiste en un tratamiento de bótox capilar que reestuctura y proporciona brillo y elasticidad. El servicio incluye el tratamiento de bótox, el lavado con champú pero no incluye el peinado definido de la melena. ¡Ven a conocernos a peluquería Evolution Vip!"
        }, 
        {
            "service_category": "Peluquería", 
            "service": "Tto Capilar Macadamia Reconstruc Y Brillo Pelo Lar", 
            "duration": 2700, 
            "price": "35,95 € ", 
            "description": "Un tratamiento especifico para el cabello dañado después de la aplicación de tratamientos de color. Devuelve el brillo y suavidad al cabello. El servicio incluye el tratamiento de macadamia, lavado con champú pero no incluye el peinado de la melena. Disfruta de una melena increíble gracias a Bucmi.com."
        }, 
        {
            "service_category": "Peluquería", 
            "service": "Tto Capilar Macadamia Recont Y Brillo Pelo Corto", 
            "duration": 1800, 
            "price": "25,95 € ", 
            "description": "Un tratamiento especifico para el cabello dañado después de la aplicación de tratamientos de color. Devuelve el brillo y suavidad al cabello. El servicio incluye el tratamiento de macadamia, lavado con champú pero no incluye el peinado de la melena. Disfruta de una melena increíble gracias a Bucmi.com."
        }, 
        {
            "service_category": "Peluquería", 
            "service": "Tto Hidratación Keratina Mantenimiento Media Melen", 
            "duration": 1800, 
            "price": "30,99 € ", 
            "description": "El servicio incluye el lavado pero no incluye el peinado de la melena, el tratamiento de hidratación con keratina y el peinado a tu elección. ¿A qué estás esperando para hacer tu reserva con nosotros? De un solo clic gracias a Bucmi.com. No te arrepentirás de los resultados gracias a nuestros expertos profesionales de Evolution Vip."
        }, 
        {
            "service_category": "Peluquería", 
            "service": "Tto Hidratación Keratina Mantenimiento Pelo Largo", 
            "duration": 1800, 
            "price": "40,99 € ", 
            "description": "El servicio incluye el lavado pero no incluye el peinado de la melena, el tratamiento de hidratación con keratina y el peinado a tu elección. ¿A qué estás esperando para hacer tu reserva con nosotros? De un solo clic gracias a Bucmi.com. No te arrepentirás de los resultados gracias a nuestros expertos profesionales de Evolution Vip."
        }, 
        {
            "service_category": "Peluquería", 
            "service": "Corte Y Peinado Pelo Corto", 
            "duration": 1800, 
            "price": "25,5 € ", 
            "description": "El servicio de corte y peinado incluye lavar, cortar y peinar el pelo, siempre asesorado por los mejores profesionales. ¡Que no se te arrebaten los pelos! Confía en Evolution Vip peluqueros.no incluye champú especifico ni crema. ¿A qué estás esperando para hacer tu reserva con nosotros? De un solo clic gracias a Bucmi.com. No te arrepentirás de los resultados gracias a nuestros expertos profesionales de Evolution Vip."
        }, 
        {
            "service_category": "Peluquería", 
            "service": "Corte De Pelo Hombre", 
            "duration": 1800, 
            "price": "10 € ", 
            "description": "El servicio incluye un masaje capilar previo, lavado y corte. Elige el corte que desees, un corte tradicional o de actualidad. ¿A qué estás esperando para hacer tu reserva con nosotros? De un solo clic gracias a Bucmi.com. No te arrepentirás de los resultados gracias a nuestros expertos profesionales de Evolution Vip."
        }, 
        {
            "service_category": "Estética", 
            "service": "Higiene Facial", 
            "duration": 3600, 
            "price": "18 € ", 
            "description": "El servicio de limpieza facial incluye el desmaquillado de la piel, limpieza con extracción, mascarilla y masaje. Tu piel volverá a recuperar la nutrición y luminosidad perdida. ¿A qué estás esperando para hacer tu reserva con nosotros? De un solo clic gracias a Bucmi.com. No te arrepentirás de los resultados gracias a nuestros expertos profesionales de Evolution Vip."
        }, 
        {
            "service_category": "Manicura y Pedicura", 
            "service": "Manicura Y Pedicura Normal", 
            "duration": 3600, 
            "price": "40 € ", 
            "description": "Un servicio de manicura y pedicura que incluye exfoliación, retiración de cutículas, limado de las uñas y por último el esmaltado normal a elegir entre una gama de colores. ¿A qué estás esperando para hacer tu reserva con nosotros? De un solo clic gracias a Bucmi.com. No te arrepentirás de los resultados gracias a nuestros expertos profesionales de Evolution Vip."
        }, 
        {
            "service_category": "Manicura y Pedicura", 
            "service": "Manicura Completa", 
            "duration": 1800, 
            "price": "10,95 € ", 
            "description": "En este servicio de manicura completa incluye: limado y retirada de cutículas y acabado con esmaltado normal. ¿A qué estás esperando para hacer tu reserva con nosotros? De un solo clic gracias a Bucmi.com. No te arrepentirás de los resultados gracias a nuestros expertos profesionales de Evolution Vip."
        }, 
        {
            "service_category": "Masaje", 
            "service": "Masaje Relajante", 
            "duration": 1800, 
            "price": "20,95 € ", 
            "description": "Masaje relajante o descontracturante, según las necesidades del cliente. El masaje es sinónimo de relajación, el momento en el que el cuerpo aprovecha para reconstituirse y eliminar la sobrecarga. ¿A qué estás esperando para hacer tu reserva con nosotros? De un solo clic gracias a Bucmi.com. No te arrepentirás de los resultados gracias a nuestros expertos profesionales de Evolution Vip."
        }, 
        {
            "service_category": "Depilación", 
            "service": "Depilación Cera: Piernas, Ingles, Axilas, Cejas...", 
            "duration": 2700, 
            "price": "51,9 € ", 
            "description": "Una depilación de cera completa que incluye las siguientes zonas: labio superior, cejas, ingles, medias piernas y axilas. Tu piel quedará suave y sedosa por un par de semanas. ¿A qué estás esperando para hacer tu reserva con nosotros? De un solo clic gracias a Bucmi.com. No te arrepentirás de los resultados gracias a nuestros expertos profesionales de Evolution Vip."
        }, 
        {
            "service_category": "Depilación", 
            "service": "Depilación Cejas Y Labio Superior", 
            "duration": 1800, 
            "price": "6 € ", 
            "description": "Eliminaremos el exceso de vello de tus cejas, para que consigas la forma deseada que enmarque tu mirada y potencia tu belleza, y también eliminamos el vello de tu labio superior. ¿A qué estás esperando para hacer tu reserva con nosotros? De un solo clic gracias a Bucmi.com. No te arrepentirás de los resultados gracias a nuestros expertos profesionales de Evolution Vip."
        }, 
        {
            "service_category": null, 
            "service": "Alisado De Keratina Pelo Largo", 
            "duration": 10800, 
            "price": "75 € ", 
            "description": "Tratamiento capilar de keratina que devuelve la salud al cabello damnificado, reduciendo el volumen y eliminando el rizado. El resultado un cabello liso y fácil de trabajar. Utilizamos producto 100% libre de formol y de otros sulfatos para que además de eliminar el encrespamiento y de alisar tu pelo, podamos reconstruirlo e hidratarlo. Haz ya tu reserva con Bucmi.com y no te arrepentirás del resultado."
        }, 
        {
            "service_category": null, 
            "service": "Alisado Keratina Brasileño Pelo Corto", 
            "duration": 7200, 
            "price": "65 € ", 
            "description": "Tratamiento capilar de keratina que devuelve la salud al cabello damnificado, reduciendo el volumen y eliminando el rizado. El resultado un cabello liso y fácil de trabajar. Utilizamos producto 100% libre de formol y de otros sulfatos para que además de eliminar el encrespamiento y de alisar tu pelo, podamos reconstruirlo e hidratarlo. Haz ya tu reserva con Bucmi.com y no te arrepentirás del resultado."
        }, 
        {
            "service_category": null, 
            "service": "Tto Hidratación Keratina Mantenimiento Media Melen", 
            "duration": 1800, 
            "price": "30,99 € ", 
            "description": "El servicio incluye el lavado pero no incluye el peinado de la melena, el tratamiento de hidratación con keratina y el peinado a tu elección. ¿A qué estás esperando para hacer tu reserva con nosotros? De un solo clic gracias a Bucmi.com. No te arrepentirás de los resultados gracias a nuestros expertos profesionales de Evolution Vip."
        }, 
        {
            "service_category": null, 
            "service": "Tto Hidratación Keratina Mantenimiento Pelo Largo", 
            "duration": 1800, 
            "price": "40,99 € ", 
            "description": "El servicio incluye el lavado pero no incluye el peinado de la melena, el tratamiento de hidratación con keratina y el peinado a tu elección. ¿A qué estás esperando para hacer tu reserva con nosotros? De un solo clic gracias a Bucmi.com. No te arrepentirás de los resultados gracias a nuestros expertos profesionales de Evolution Vip."
        }
    ]
}