{
    "adid": null, 
    "name": "Centro Tandem", 
    "name_of_contact": "Centro Tandem", 
    "scrape_page": "https://www.bucmi.com/centrotandem", 
    "business_website": "https://www.bucmi.com/centrotandem", 
    "areas_covered": null, 
    "description": "Centro de fisioterapia y estética que se centra en prevención y mejoría de lesiones con el objetivo de lograr todo el bienestar físico posible.", 
    "img_link": [
        "https://d1nd15w2k87kz0.cloudfront.net/Uploads/636039356146394696.jpg", 
        "https://d1nd15w2k87kz0.cloudfront.net/Uploads/636039356149519838.jpg", 
        "https://d1nd15w2k87kz0.cloudfront.net/Uploads/636039356151551250.jpg", 
        "https://d1nd15w2k87kz0.cloudfront.net/Uploads/636039356149051350.jpg", 
        "https://d1nd15w2k87kz0.cloudfront.net/Uploads/636039356154051450.jpg", 
        "https://d1nd15w2k87kz0.cloudfront.net/Uploads/636039356152020042.jpg", 
        "https://d1nd15w2k87kz0.cloudfront.net/Uploads/636039356152645088.jpg", 
        "https://d1nd15w2k87kz0.cloudfront.net/Uploads/636039356152332550.jpg"
    ], 
    "hqdb_featured_ad_type": "Featured", 
    "hqdb_nr_reviews": "0", 
    "hqdb_review_score": "0,0", 
    "accreditations": null, 
    "category": null, 
    "subcategory": null, 
    "street": "C/ Galeote, 2", 
    "city": "Madrid", 
    "zipcode": "28002", 
    "formatted_address": "C/ Galeote, 2, Madrid, 28002", 
    "country": "es", 
    "office_number": "914159284", 
    "office_number2": null, 
    "mobile_number": null, 
    "mobile_number2": null, 
    "unidentified_phone_numbers": null, 
    "latitude": "40.4471617000", 
    "longitude": "-3.6733951999", 
    "business_email": null, 
    "yelp_page": null, 
    "facebook": null, 
    "twitter": null, 
    "instagram": null, 
    "venue_images": "https://d1nd15w2k87kz0.cloudfront.net/Logotipos/636039356919838247.jpg", 
    "opening_hours_raw": null, 
    "pricelist_link": null, 
    "services": [
        {
            "service_category": "Preferente", 
            "service": "Pack Intensivo Facial", 
            "duration": 3600, 
            "price": "105 € ", 
            "description": "Perfecto Pack de belleza en el que se incluye el diagnóstico de la piel con microcámara, limpieza profunda de la piel, tratamiento de regeneración dérmica (poros dilatados, manchas, flacidez, etc) y radiofrecuencia facial bipolar. Ya no tienes excusa para estar perfecta. El tratamiento se divide en dos sesiones en distintos días."
        }, 
        {
            "service_category": "Preferente", 
            "service": "Sesión Acupuntura", 
            "duration": 1800, 
            "price": "35 € ", 
            "description": "Tratamiento terapéutico oriental que consiste en la introducción de agujas muy finas en determinados puntos del cuerpo humano para eliminar esos dolores e incluso curación de ciertas enfermedades."
        }, 
        {
            "service_category": "Preferente", 
            "service": "Sesion Fisioterapia", 
            "duration": 2700, 
            "price": "34 € ", 
            "description": "Incluye una sesión de fisioterapia. Fisioterapeutas colegiados y en constante formación. Terapia manual y aparatología de última generación."
        }, 
        {
            "service_category": "Estética", 
            "service": "Pack Intensivo Facial", 
            "duration": 3600, 
            "price": "105 € ", 
            "description": "Perfecto Pack de belleza en el que se incluye el diagnóstico de la piel con microcámara, limpieza profunda de la piel, tratamiento de regeneración dérmica (poros dilatados, manchas, flacidez, etc) y radiofrecuencia facial bipolar. Ya no tienes excusa para estar perfecta. El tratamiento se divide en dos sesiones en distintos días."
        }, 
        {
            "service_category": "Estética", 
            "service": "10 Sesiones Cavitacion + Presoterapia", 
            "duration": 3600, 
            "price": "350 € ", 
            "description": "Bono de diez sesiones de cavitación + presoterapia de una hora de duración por sesión. Elimina grasa y ayuda a mejorar la circulación. GRASA LOCALIZADA"
        }, 
        {
            "service_category": "Estética", 
            "service": "5 Sesiones Cavitacion + Presoterapia", 
            "duration": 3600, 
            "price": "200 € ", 
            "description": "Bono de cinco sesiones de cavitación + presoterapia a un estupendo precio. Cada sesión tiene una hora de duración. Elimina grasa y ayuda a mejorar la circulación."
        }, 
        {
            "service_category": "Masaje", 
            "service": "Bono 10 Sesiones Fisioterapia", 
            "duration": 2700, 
            "price": "270 € ", 
            "description": "Fisioterapeutas colegiados y en constante formación. Terapia manual y aparatología de última generación."
        }, 
        {
            "service_category": "Masaje", 
            "service": "Bono 5 Sesiones Fisioterapia", 
            "duration": 2700, 
            "price": "142 € ", 
            "description": "Fisioterapeutas colegiados y en constante formación. Terapia manual y aparatología de última generación."
        }, 
        {
            "service_category": "Masaje", 
            "service": "Sesion Fisioterapia", 
            "duration": 2700, 
            "price": "34 € ", 
            "description": "Incluye una sesión de fisioterapia. Fisioterapeutas colegiados y en constante formación. Terapia manual y aparatología de última generación."
        }, 
        {
            "service_category": "Bienestar", 
            "service": "Sesión Acupuntura", 
            "duration": 1800, 
            "price": "35 € ", 
            "description": "Tratamiento terapéutico oriental que consiste en la introducción de agujas muy finas en determinados puntos del cuerpo humano para eliminar esos dolores e incluso curación de ciertas enfermedades."
        }, 
        {
            "service_category": "Bienestar", 
            "service": "Bono 5 Sesiones Acupuntura", 
            "duration": 1800, 
            "price": "170 € ", 
            "description": "Tratamiento terapéutico oriental que consiste en la introducción de agujas muy finas en determinados puntos del cuerpo humano para eliminar esos dolores e incluso curación de ciertas enfermedades."
        }
    ]
}