{
    "adid": null, 
    "name": "Elfo's fashion", 
    "name_of_contact": "Elfo's fashion", 
    "scrape_page": "https://www.bucmi.com/elfosfashion", 
    "business_website": "https://www.bucmi.com/elfosfashion", 
    "areas_covered": null, 
    "description": "Elfo´s Fashion es un salón de belleza situado en Ventas, Madrid que maneja una alta calidad en los servicios que ofrece y que cuenta con profesionales que van a la vanguardia en las últimas técnicas del sector. Nuestro lema: “Porque tú nos importas'.", 
    "img_link": [
        "https://d1nd15w2k87kz0.cloudfront.net/Uploads/635930403297403399.jpg", 
        "https://d1nd15w2k87kz0.cloudfront.net/Uploads/635930403330684089.jpg", 
        "https://d1nd15w2k87kz0.cloudfront.net/Uploads/635930403356934010.jpg", 
        "https://d1nd15w2k87kz0.cloudfront.net/Uploads/635930403386785253.jpg", 
        "https://d1nd15w2k87kz0.cloudfront.net/Uploads/635930403423191377.jpg", 
        "https://d1nd15w2k87kz0.cloudfront.net/Uploads/635930403452410053.jpg"
    ], 
    "hqdb_featured_ad_type": "Featured", 
    "hqdb_nr_reviews": "47", 
    "hqdb_review_score": "8,3", 
    "accreditations": null, 
    "category": null, 
    "subcategory": null, 
    "street": "C/ Elfo, 25", 
    "city": "Madrid", 
    "zipcode": "28025", 
    "formatted_address": "C/ Elfo, 25, Madrid, 28025", 
    "country": "es", 
    "office_number": "914051361", 
    "office_number2": null, 
    "mobile_number": null, 
    "mobile_number2": null, 
    "unidentified_phone_numbers": null, 
    "latitude": "40.4334358000", 
    "longitude": "-3.6547312999", 
    "business_email": null, 
    "yelp_page": null, 
    "facebook": null, 
    "twitter": null, 
    "instagram": null, 
    "venue_images": "https://d1nd15w2k87kz0.cloudfront.net/Logotipos/635930351490279993.jpg", 
    "opening_hours_raw": null, 
    "pricelist_link": null, 
    "services": [
        {
            "service_category": "Preferente", 
            "service": "Baño De Color Pelo Corto", 
            "duration": 2700, 
            "price": "20 € ", 
            "description": "Si eres de las que te gusta cuidar tu melena con productos 100% naturales reserva nuestros baños de color sin amoniaco y cambia el color de tu cabello o unifica la raíz. Válido para la melena corta. No incluye peinado. Ponte en las manos de nuestros profesionales de Elfo's Fashion y disfruta de unos resultados increíbles desde el primer momento. Haz ya tu reserva onlineF"
        }, 
        {
            "service_category": "Preferente", 
            "service": "Color Pelo Corto", 
            "duration": 2700, 
            "price": "16 € ", 
            "description": "Gracias al asesoramiento de nuestros profesionales expertos en colorimetría, podrás elegir dentro de nuestra gama de colores la coloración que mejor vaya con tu estilo y la forma de tu cara. El servicio es válido para melenas cortas y no incluye peinado. Ponte en las manos de nuestros profesionales de Elfo's Fashion y disfruta de unos resultados increíbles desde el primer momento. Haz ya tu reserva onlineF"
        }, 
        {
            "service_category": "Preferente", 
            "service": "Lavar, Cortar Y Peinar", 
            "duration": 1800, 
            "price": "20 € ", 
            "description": "Actualiza tu look. Incluye corte, lavado con hidratación de queratina y oro fluido, masaje craneal y peinado mas producto de acabado , (serum,laca o espuma) Ponte en las manos de nuestros profesionales de Elfo's Fashion y disfruta de unos resultados increíbles desde el primer momento. Haz ya tu reserva onlineF"
        }, 
        {
            "service_category": "Peluquería", 
            "service": "Alisado Brasileño Con Ácido Hialurónico Pelo Corto", 
            "duration": 10800, 
            "price": "130 € ", 
            "description": "Alisado con ácido hialurónico, progresivo y permanente. Proporciona al cabello un brillo y suavidad intenso al a vez que reestructura la fibra capilar. El servicio es válido para pelo corto. Ponte en las manos de nuestros profesionales de Elfo's Fashion y disfruta de unos resultados increíbles desde el primer momento. Haz ya tu reserva onlineF"
        }, 
        {
            "service_category": "Peluquería", 
            "service": "Alisado Brasileño Con Ácido Hialurónico Pelo Largo", 
            "duration": 10800, 
            "price": "170 € ", 
            "description": "Doma tu melena larga con nuestro alisado brasileño con ácido hialurónico que repara y protege tu melena a la vez que consigue un efecto alisado libre de encrespado. Si tu pelo es extralargo consulta suplemento con el profesional. Ponte en las manos de nuestros profesionales de Elfo's Fashion y disfruta de unos resultados increíbles desde el primer momento. Haz ya tu reserva onlineF"
        }, 
        {
            "service_category": "Peluquería", 
            "service": "Alisado Brasileño Con Ácido Hialurónico Pelo Medio", 
            "duration": 9000, 
            "price": "150 € ", 
            "description": "Consigue eliminar el encrespamiento de tu pelo a la vez que consigues dotarle de luminosidad, suavidad y brillo gracias a la aplicación de ácido hialurónico sobre el cabello. ¡Recupera la vida de tu media melena! Ponte en las manos de nuestros profesionales de Elfo's Fashion y disfruta de unos resultados increíbles desde el primer momento. Haz ya tu reserva onlineF"
        }, 
        {
            "service_category": "Peluquería", 
            "service": "Alisado Con Queratina Pelo Corto", 
            "duration": 10800, 
            "price": "60 € ", 
            "description": "Las melenas más rebeldes y difíciles se alisan con facilidad volviéndose suaves, sedosas, sanas y lisas. Un alisado natural que suele durar tres o cuatro meses, para que no tengas que preocuparte del aspecto de tu cabello. Keratina 100% libre de formol. Ponte en las manos de nuestros profesionales de Elfo's Fashion y disfruta de unos resultados increíbles desde el primer momento. Haz ya tu reserva onlineF"
        }, 
        {
            "service_category": "Peluquería", 
            "service": "Alisado Con Queratina Pelo Largo", 
            "duration": 12600, 
            "price": "80 € ", 
            "description": "Ven a Elfo's Fashion y ponte en las manos de nuestros profesionales para alisar tu melena con nuestra queratina sin formol, 100% natural. Elimina el encrespado, repara y protege tu melena y devuelve la vida. Si tu melena es extralarga consulta suplemento en el salón. Ponte en las manos de nuestros profesionales de Elfo's Fashion y disfruta de unos resultados increíbles desde el primer momento. Haz ya tu reserva onlineF"
        }, 
        {
            "service_category": "Peluquería", 
            "service": "Alisado Con Queratina Pelo Medio", 
            "duration": 10800, 
            "price": "70 € ", 
            "description": "El alisado más popular. Reserva nuestro alisado de queratina 100% libre de formol para no dañar tu pelo y di adiós el encrespado. El servicio es para melenas a media altura. Además, conseguirás reparar las zonas dañadas y darle más brillo a tu melena. Ponte en las manos de nuestros profesionales de Elfo's Fashion y disfruta de unos resultados increíbles desde el primer momento. Haz ya tu reserva onlineF"
        }, 
        {
            "service_category": "Peluquería", 
            "service": "Baño De Color Pelo Corto", 
            "duration": 2700, 
            "price": "20 € ", 
            "description": "Si eres de las que te gusta cuidar tu melena con productos 100% naturales reserva nuestros baños de color sin amoniaco y cambia el color de tu cabello o unifica la raíz. Válido para la melena corta. No incluye peinado. Ponte en las manos de nuestros profesionales de Elfo's Fashion y disfruta de unos resultados increíbles desde el primer momento. Haz ya tu reserva onlineF"
        }, 
        {
            "service_category": "Peluquería", 
            "service": "Baño De Color Pelo Largo", 
            "duration": 3600, 
            "price": "24 € ", 
            "description": "Elige entre nuestra gama de colores libres de amoniaco y déjate asesorar por nuestros profesionales. El servicio incluye lavado de la melena pero no secado del cabello. Si tu melena es muy larga o con mucho volumen pregunta a nuestros profesionales por posibles suplementos. Ponte en las manos de nuestros profesionales de Elfo's Fashion y disfruta de unos resultados increíbles desde el primer momento. Haz ya tu reserva onlineF"
        }, 
        {
            "service_category": "Peluquería", 
            "service": "Baño De Color Pelo Medio", 
            "duration": 5400, 
            "price": "22 € ", 
            "description": "Aprovecha nuestra coloración sin amoniaco para cambiar de look sin dañar tu pelo gracias a nuestros productos vegetales libres de amoniaco. El servicio no incluye peinado y es para la media melena. No incluye peinado. Ponte en las manos de nuestros profesionales de Elfo's Fashion y disfruta de unos resultados increíbles desde el primer momento. Haz ya tu reserva onlineF"
        }, 
        {
            "service_category": "Peluquería", 
            "service": "Bótox Capilar", 
            "duration": 3600, 
            "price": "35 € ", 
            "description": "Tratamiento reestructurante con bótox capilar especialmente recomendado para cabellos maltratados. El resultado un cabello más suave, con mayor brillo y además, mejora la textura. Incluye lavado, tratamiento bótox y peinado. Ponte en las manos de nuestros profesionales de Elfo's Fashion y disfruta de unos resultados increíbles desde el primer momento. Haz ya tu reserva onlineF"
        }, 
        {
            "service_category": "Peluquería", 
            "service": "Color Pelo Corto", 
            "duration": 2700, 
            "price": "16 € ", 
            "description": "Gracias al asesoramiento de nuestros profesionales expertos en colorimetría, podrás elegir dentro de nuestra gama de colores la coloración que mejor vaya con tu estilo y la forma de tu cara. El servicio es válido para melenas cortas y no incluye peinado. Ponte en las manos de nuestros profesionales de Elfo's Fashion y disfruta de unos resultados increíbles desde el primer momento. Haz ya tu reserva onlineF"
        }, 
        {
            "service_category": "Peluquería", 
            "service": "Color Pelo Largo", 
            "duration": 3600, 
            "price": "20 € ", 
            "description": "Ven a Elfo's Fashion y cambia tu look gracias a nuestra amplía gama de colores de tinte para la melena larga. Incluimos secado de pelo. Si tu melena es extralarga pregunta en el salón por posible suplemento. Ponte en las manos de nuestros profesionales de Elfo's Fashion y disfruta de unos resultados increíbles desde el primer momento. Haz ya tu reserva onlineF"
        }, 
        {
            "service_category": "Peluquería", 
            "service": "Color Pelo Medio", 
            "duration": 3600, 
            "price": "18 € ", 
            "description": "Si estás aburrida de tu melena cambia el color gracias a nuestros expertos profesionales y escoge el que más te guste dentro de nuestra gama de colores. El servicio es para la melena media y no incluye peinado. Ponte en las manos de nuestros profesionales de Elfo's Fashion y disfruta de unos resultados increíbles desde el primer momento. Haz ya tu reserva onlineF"
        }, 
        {
            "service_category": "Peluquería", 
            "service": "Corte De Pelo Y Tratamiento De Queratina", 
            "duration": 2700, 
            "price": "25 € ", 
            "description": "Hidratacion de queratina para nutrir el cabello, además se aplica aceite de argán y oro fluido para una máxima hidratación. Incluye corte mas peinado con productos de acabado. Ponte en las manos de nuestros profesionales de Elfo's Fashion y disfruta de unos resultados increíbles desde el primer momento. Haz ya tu reserva onlineF"
        }, 
        {
            "service_category": "Peluquería", 
            "service": "Corte Pelo Hombre Y Tratamiento Capilar Hidratante", 
            "duration": 1800, 
            "price": "15 € ", 
            "description": "Corte para hombre con tratamiento hidratante y anticaída de la firma cosmética, Salerm. Incluye lavado con champú anticaída más productos de acabado (laca, gel, espuma, cera). Ponte en las manos de nuestros profesionales de Elfo's Fashion y disfruta de unos resultados increíbles desde el primer momento. Haz ya tu reserva onlineF"
        }, 
        {
            "service_category": "Peluquería", 
            "service": "Mechas Tradicional O Californianas Y Peinado", 
            "duration": 5400, 
            "price": "40 € ", 
            "description": "Mechas tradicional o californianas hechas con las mejores técnicas para darle un toque muy personal a tu color. Incluye Matiz ,peinado y producto de acabado.(Laca,serum,espuma) Si tu melena es extralarga consulta nuestro suplemento. Ponte en las manos de nuestros profesionales de Elfo's Fashion y disfruta de unos resultados increíbles desde el primer momento. Haz ya tu reserva onlineF"
        }, 
        {
            "service_category": "Peluquería", 
            "service": "Lavar, Cortar Y Peinar", 
            "duration": 1800, 
            "price": "20 € ", 
            "description": "Actualiza tu look. Incluye corte, lavado con hidratación de queratina y oro fluido, masaje craneal y peinado mas producto de acabado , (serum,laca o espuma) Ponte en las manos de nuestros profesionales de Elfo's Fashion y disfruta de unos resultados increíbles desde el primer momento. Haz ya tu reserva onlineF"
        }, 
        {
            "service_category": "Peluquería", 
            "service": "Peinado Pelo Corto", 
            "duration": 1800, 
            "price": "10 € ", 
            "description": "¿Tienes una cita que te ha surgido a última hora? ¿Un evento al que te apetece ir con un look más natural? Pues no dudes en reservar nuestro completo servicio de lavado con champú y peinado de la melena. No incluye peinados muy elaborados ni recogidos ni semirecogidos. Ponte en las manos de nuestros profesionales de Elfo's Fashion y disfruta de unos resultados increíbles desde el primer momento. Haz ya tu reserva onlineF"
        }, 
        {
            "service_category": "Peluquería", 
            "service": "Peinado Pelo Largo", 
            "duration": 1800, 
            "price": "14 € ", 
            "description": "¿Tienes una cita que te ha surgido a última hora? ¿Un evento al que te apetece ir con un look más natural? Pues no dudes en reservar nuestro completo servicio de lavado con champú y peinado de la melena. No incluye peinados muy elaborados ni recogidos ni semirecogidos. Ponte en las manos de nuestros profesionales de Elfo's Fashion y disfruta de unos resultados increíbles desde el primer momento. Haz ya tu reserva onlineF"
        }, 
        {
            "service_category": "Peluquería", 
            "service": "Peinado Pelo Medio", 
            "duration": 1800, 
            "price": "12 € ", 
            "description": "¿Tienes una cita que te ha surgido a última hora? ¿Un evento al que te apetece ir con un look más natural? Pues no dudes en reservar nuestro completo servicio de lavado con champú y peinado de la melena. No incluye peinados muy elaborados ni recogidos ni semirecogidos. Ponte en las manos de nuestros profesionales de Elfo's Fashion y disfruta de unos resultados increíbles desde el primer momento. Haz ya tu reserva onlineF"
        }, 
        {
            "service_category": "Estética", 
            "service": "Alisado Brasileño Con Ácido Hialurónico Pelo Corto", 
            "duration": 10800, 
            "price": "130 € ", 
            "description": "Alisado con ácido hialurónico, progresivo y permanente. Proporciona al cabello un brillo y suavidad intenso al a vez que reestructura la fibra capilar. El servicio es válido para pelo corto. Ponte en las manos de nuestros profesionales de Elfo's Fashion y disfruta de unos resultados increíbles desde el primer momento. Haz ya tu reserva onlineF"
        }, 
        {
            "service_category": "Estética", 
            "service": "Alisado Brasileño Con Ácido Hialurónico Pelo Largo", 
            "duration": 10800, 
            "price": "170 € ", 
            "description": "Doma tu melena larga con nuestro alisado brasileño con ácido hialurónico que repara y protege tu melena a la vez que consigue un efecto alisado libre de encrespado. Si tu pelo es extralargo consulta suplemento con el profesional. Ponte en las manos de nuestros profesionales de Elfo's Fashion y disfruta de unos resultados increíbles desde el primer momento. Haz ya tu reserva onlineF"
        }, 
        {
            "service_category": "Estética", 
            "service": "Alisado Brasileño Con Ácido Hialurónico Pelo Medio", 
            "duration": 9000, 
            "price": "150 € ", 
            "description": "Consigue eliminar el encrespamiento de tu pelo a la vez que consigues dotarle de luminosidad, suavidad y brillo gracias a la aplicación de ácido hialurónico sobre el cabello. ¡Recupera la vida de tu media melena! Ponte en las manos de nuestros profesionales de Elfo's Fashion y disfruta de unos resultados increíbles desde el primer momento. Haz ya tu reserva onlineF"
        }, 
        {
            "service_category": "Manicura y Pedicura", 
            "service": "Alisado Brasileño Con Ácido Hialurónico Pelo Corto", 
            "duration": 10800, 
            "price": "130 € ", 
            "description": "Alisado con ácido hialurónico, progresivo y permanente. Proporciona al cabello un brillo y suavidad intenso al a vez que reestructura la fibra capilar. El servicio es válido para pelo corto. Ponte en las manos de nuestros profesionales de Elfo's Fashion y disfruta de unos resultados increíbles desde el primer momento. Haz ya tu reserva onlineF"
        }, 
        {
            "service_category": "Manicura y Pedicura", 
            "service": "Alisado Brasileño Con Ácido Hialurónico Pelo Largo", 
            "duration": 10800, 
            "price": "170 € ", 
            "description": "Doma tu melena larga con nuestro alisado brasileño con ácido hialurónico que repara y protege tu melena a la vez que consigue un efecto alisado libre de encrespado. Si tu pelo es extralargo consulta suplemento con el profesional. Ponte en las manos de nuestros profesionales de Elfo's Fashion y disfruta de unos resultados increíbles desde el primer momento. Haz ya tu reserva onlineF"
        }, 
        {
            "service_category": "Manicura y Pedicura", 
            "service": "Alisado Brasileño Con Ácido Hialurónico Pelo Medio", 
            "duration": 9000, 
            "price": "150 € ", 
            "description": "Consigue eliminar el encrespamiento de tu pelo a la vez que consigues dotarle de luminosidad, suavidad y brillo gracias a la aplicación de ácido hialurónico sobre el cabello. ¡Recupera la vida de tu media melena! Ponte en las manos de nuestros profesionales de Elfo's Fashion y disfruta de unos resultados increíbles desde el primer momento. Haz ya tu reserva onlineF"
        }, 
        {
            "service_category": "Manicura y Pedicura", 
            "service": "Alisado Con Queratina Pelo Corto", 
            "duration": 10800, 
            "price": "60 € ", 
            "description": "Las melenas más rebeldes y difíciles se alisan con facilidad volviéndose suaves, sedosas, sanas y lisas. Un alisado natural que suele durar tres o cuatro meses, para que no tengas que preocuparte del aspecto de tu cabello. Keratina 100% libre de formol. Ponte en las manos de nuestros profesionales de Elfo's Fashion y disfruta de unos resultados increíbles desde el primer momento. Haz ya tu reserva onlineF"
        }, 
        {
            "service_category": "Manicura y Pedicura", 
            "service": "Alisado Con Queratina Pelo Largo", 
            "duration": 12600, 
            "price": "80 € ", 
            "description": "Ven a Elfo's Fashion y ponte en las manos de nuestros profesionales para alisar tu melena con nuestra queratina sin formol, 100% natural. Elimina el encrespado, repara y protege tu melena y devuelve la vida. Si tu melena es extralarga consulta suplemento en el salón. Ponte en las manos de nuestros profesionales de Elfo's Fashion y disfruta de unos resultados increíbles desde el primer momento. Haz ya tu reserva onlineF"
        }, 
        {
            "service_category": "Manicura y Pedicura", 
            "service": "Alisado Con Queratina Pelo Medio", 
            "duration": 10800, 
            "price": "70 € ", 
            "description": "El alisado más popular. Reserva nuestro alisado de queratina 100% libre de formol para no dañar tu pelo y di adiós el encrespado. El servicio es para melenas a media altura. Además, conseguirás reparar las zonas dañadas y darle más brillo a tu melena. Ponte en las manos de nuestros profesionales de Elfo's Fashion y disfruta de unos resultados increíbles desde el primer momento. Haz ya tu reserva onlineF"
        }, 
        {
            "service_category": "Manicura y Pedicura", 
            "service": "Baño De Color Pelo Corto", 
            "duration": 2700, 
            "price": "20 € ", 
            "description": "Si eres de las que te gusta cuidar tu melena con productos 100% naturales reserva nuestros baños de color sin amoniaco y cambia el color de tu cabello o unifica la raíz. Válido para la melena corta. No incluye peinado. Ponte en las manos de nuestros profesionales de Elfo's Fashion y disfruta de unos resultados increíbles desde el primer momento. Haz ya tu reserva onlineF"
        }, 
        {
            "service_category": "Manicura y Pedicura", 
            "service": "Baño De Color Pelo Largo", 
            "duration": 3600, 
            "price": "24 € ", 
            "description": "Elige entre nuestra gama de colores libres de amoniaco y déjate asesorar por nuestros profesionales. El servicio incluye lavado de la melena pero no secado del cabello. Si tu melena es muy larga o con mucho volumen pregunta a nuestros profesionales por posibles suplementos. Ponte en las manos de nuestros profesionales de Elfo's Fashion y disfruta de unos resultados increíbles desde el primer momento. Haz ya tu reserva onlineF"
        }, 
        {
            "service_category": "Depilación", 
            "service": "Alisado Brasileño Con Ácido Hialurónico Pelo Corto", 
            "duration": 10800, 
            "price": "130 € ", 
            "description": "Alisado con ácido hialurónico, progresivo y permanente. Proporciona al cabello un brillo y suavidad intenso al a vez que reestructura la fibra capilar. El servicio es válido para pelo corto. Ponte en las manos de nuestros profesionales de Elfo's Fashion y disfruta de unos resultados increíbles desde el primer momento. Haz ya tu reserva onlineF"
        }, 
        {
            "service_category": "Depilación", 
            "service": "Alisado Brasileño Con Ácido Hialurónico Pelo Largo", 
            "duration": 10800, 
            "price": "170 € ", 
            "description": "Doma tu melena larga con nuestro alisado brasileño con ácido hialurónico que repara y protege tu melena a la vez que consigue un efecto alisado libre de encrespado. Si tu pelo es extralargo consulta suplemento con el profesional. Ponte en las manos de nuestros profesionales de Elfo's Fashion y disfruta de unos resultados increíbles desde el primer momento. Haz ya tu reserva onlineF"
        }, 
        {
            "service_category": "Depilación", 
            "service": "Alisado Brasileño Con Ácido Hialurónico Pelo Medio", 
            "duration": 9000, 
            "price": "150 € ", 
            "description": "Consigue eliminar el encrespamiento de tu pelo a la vez que consigues dotarle de luminosidad, suavidad y brillo gracias a la aplicación de ácido hialurónico sobre el cabello. ¡Recupera la vida de tu media melena! Ponte en las manos de nuestros profesionales de Elfo's Fashion y disfruta de unos resultados increíbles desde el primer momento. Haz ya tu reserva onlineF"
        }
    ]
}