{
    "adid": null, 
    "name": "Sitara", 
    "name_of_contact": "Sitara", 
    "scrape_page": "https://www.bucmi.com/sitara", 
    "business_website": "https://www.bucmi.com/sitara", 
    "areas_covered": null, 
    "description": "Sitara salón de belleza ofrece servicios y tratamientos de primera calidad en un espacio dinámico y lleno de estilo. Contamos con un equipo humano de máxima eficacia y con un trato cercano. Trabajamos con el mejor equipamiento de Indra y Unión Láser.", 
    "img_link": [
        "https://d1nd15w2k87kz0.cloudfront.net/Uploads/635810509209360075.jpg", 
        "https://d1nd15w2k87kz0.cloudfront.net/Uploads/635810509239687580.jpg", 
        "https://d1nd15w2k87kz0.cloudfront.net/Uploads/635810509261782235.jpg", 
        "https://d1nd15w2k87kz0.cloudfront.net/Uploads/635810509368854796.jpg", 
        "https://d1nd15w2k87kz0.cloudfront.net/Uploads/635810509394072048.jpg", 
        "https://d1nd15w2k87kz0.cloudfront.net/Uploads/635810509417665723.jpg"
    ], 
    "hqdb_featured_ad_type": "Featured", 
    "hqdb_nr_reviews": "76", 
    "hqdb_review_score": "9,2", 
    "accreditations": null, 
    "category": null, 
    "subcategory": null, 
    "street": "C/ Guadarrama, 3", 
    "city": "Madrid", 
    "zipcode": "28009", 
    "formatted_address": "C/ Guadarrama, 3, Madrid, 28009", 
    "country": "es", 
    "office_number": "910249426", 
    "office_number2": null, 
    "mobile_number": "626920471", 
    "mobile_number2": null, 
    "unidentified_phone_numbers": null, 
    "latitude": "40.4227994000", 
    "longitude": "-3.6806609999", 
    "business_email": null, 
    "yelp_page": null, 
    "facebook": null, 
    "twitter": null, 
    "instagram": null, 
    "venue_images": "https://d1nd15w2k87kz0.cloudfront.net/Logotipos/635917320757169629.jpg", 
    "opening_hours_raw": null, 
    "pricelist_link": null, 
    "services": [
        {
            "service_category": "Preferente", 
            "service": "Peeling Corporal Más Hidratación", 
            "duration": 1800, 
            "price": "76 € ", 
            "description": "Prepara tu piel para recibir todos los beneficios de un peeling corporal más hidratación. Con el peeling eliminamos todas las impurezas que pueda tener nuestra piel y la dejamos perfecta para ser hidratada con los aceites utilizados. ¡Prepárate para los primeros rayos de Sol! Luce un bronceado bonito y duradero, disfrutando de una piel suave, hidratada y nutrida. Reserva tu cita cómodamente online a través de Bucmi.com."
        }, 
        {
            "service_category": "Estética", 
            "service": "Higiene Facial", 
            "duration": 3600, 
            "price": "45 € ", 
            "description": "La contaminación y el estrés del día a día causan daños en nuestra piel, y por ello es necesario ayudarla a recuperarse mediante limpiezas facial periódicas. En Sitara te brindamos un completo servicio de higiene facial para que tu piel quede perfecta y libre de impurezas. Reserva tu cita cómodamente online a través de Bucmi.com. DD"
        }, 
        {
            "service_category": "Estética", 
            "service": "Higiene Facial Con Masaje Craneal", 
            "duration": 3600, 
            "price": "60 € ", 
            "description": "Sitara te ofrece una limpieza facial con alta frecuencia, para que tu rostro luzca de una piel perfecta, y aprovecha a relajarte con un masaje craneal que bajará tu nivel de estrés."
        }, 
        {
            "service_category": "Estética", 
            "service": "Maquillaje De Fiesta", 
            "duration": 2700, 
            "price": "30 € ", 
            "description": "¿Tienes un evento especial al que quieres ir espectacular? Haz tu reserva en Sitara de este completo servicio de maquillaje de fiesta de la mano de primeras marcas como MAC, que además incluye una ampolla flash para iluminar tu piel. Nos adecuaremos al estilo que vayas a llevar y a tus gustos y facciones. Simplemente increíble."
        }, 
        {
            "service_category": "Estética", 
            "service": "Masaje Abhianga Y Shirodhara Ayurveda", 
            "duration": 5400, 
            "price": "120 € ", 
            "description": "Masaje corporal linfático y tratmineto craneal relajante que ayuda a evitar y corregir dolencias como el estres, insomnio, dolor de cabeza, etc. Vive una experiencia única y llena de innumerables beneficios gracias a Sitara."
        }, 
        {
            "service_category": "Estética", 
            "service": "Masaje Anticelulítico Para Abdomen", 
            "duration": 1800, 
            "price": "30 € ", 
            "description": "Masaje anticelulítico centrado en el abdomen, con 30 minutos de duración y con grandes resultados. Si ves problemas en tu abdomen, este es tu tratamiento. Ven a tu Salón de Belleza Sitara y ponte en manos de nuestros mejores profesionales. Luce un cuerpo libre de grasa localizada y celulitis. Tonifica y realza tu figura. Reserva tu cita cómodamente online a través de Bucmi.com. DD"
        }, 
        {
            "service_category": "Estética", 
            "service": "Masaje Anticelulitico Para Abdomen Y Piernas", 
            "duration": 3600, 
            "price": "50 € ", 
            "description": "Con este masaje de dos zonas, abdomen y piernas, practicado directamente, verás como tu celulitis va difuminándose. Ven a tu Salón de Belleza Sitara y ponte en manos de nuestros mejores profesionales. Luce un cuerpo libre de grasa localizada y celulitis. Realza y tonifica tu figura. Reserva tu cita cómodamente online a través de Bucmi.com. DD"
        }, 
        {
            "service_category": "Estética", 
            "service": "Masaje Anticelulitico Para Glúteos", 
            "duration": 900, 
            "price": "20 € ", 
            "description": "Con este masaje de glúteos notarás como se reafirma tu piel y se elimina poco a poco esa molesta celulitis. Masaje realizado por nuestras profesionales manualmente. Ven a tu Salón de Belleza Sitara y ponte en manos de nuestros mejores profesionales. Luce un cuerpo tonificado y realza tu figura. Dí adiós a la celulitis y la grasa localizada. Reserva tu cita cómodamente online a través de Bucmi.com. DD"
        }, 
        {
            "service_category": "Estética", 
            "service": "Masaje Anticelulítico Para Piernas", 
            "duration": 1800, 
            "price": "30 € ", 
            "description": "Con este masaje manual anticelulitico de treinta minutos de duración, vas a ver como poco a poco se eliminan tus nódulos de grasa. ¡Elimina esa piel de naranja! Ven a tu Salón de Belleza Sitara y ponte en manos de nuestros mejores profesionales. Elimina la celulitis de una vez por todas. Luce unas piernas bonitas y sin imperfecciones. Realza y tonifica tu figura. Reserva tu cita cómodamente online a través de Bucmi.com. DD"
        }, 
        {
            "service_category": "Estética", 
            "service": "Masaje Reafirmante", 
            "duration": 3600, 
            "price": "60 € ", 
            "description": "Si notas que pierdes la firmeza en tu cuerpo, no pierdas el tiempo y ven a probar este masaje a tu Salón de Belleza Sitara y ponte en manos de nuestros mejores profesionales. Disfruta de un cuerpo tonificado y realza tu figura. Reserva tu cita cómodamente online a través de Bucmi.com. DD"
        }, 
        {
            "service_category": "Estética", 
            "service": "Peeling Corporal Más Hidratación", 
            "duration": 1800, 
            "price": "76 € ", 
            "description": "Prepara tu piel para recibir todos los beneficios de un peeling corporal más hidratación. Con el peeling eliminamos todas las impurezas que pueda tener nuestra piel y la dejamos perfecta para ser hidratada con los aceites utilizados. ¡Prepárate para los primeros rayos de Sol! Luce un bronceado bonito y duradero, disfrutando de una piel suave, hidratada y nutrida. Reserva tu cita cómodamente online a través de Bucmi.com."
        }, 
        {
            "service_category": "Estética", 
            "service": "Radiofrecuencia Corporal", 
            "duration": 2700, 
            "price": "40 € ", 
            "description": "Con este tratamiento de Radiofrecuencia corporal, tu piel se ira tersando y endureciendo, teniendo mejor aspecto y dureza. Ven a tu Salón de Belleza Sitara y ponte en manos de nuestros profesionales. Luce un cuerpo libre de celulitis y flacidez. Tonifica y realza tu figura. Reserva tu cita cómodamente online a través de Bucmi.com."
        }, 
        {
            "service_category": "Estética", 
            "service": "Radiofrecuencia Facial", 
            "duration": 3600, 
            "price": "50 € ", 
            "description": "Gracias a este tratamiento de Radiofrecuencia facial, tu piel lucirá más tersa, tendrás un rostro más joven y sin operaciones. Ven a tu Salón de Belleza y ponte en manos de nuestros mejores profesionales. Luce una piel tonificada y realza tu rostro gracias a este tratamiento. Dí adiós a la flacidez. Reserva tu cita cómodamente online a través de Bucmi.com."
        }, 
        {
            "service_category": "Estética", 
            "service": "Tinte De Pestañas", 
            "duration": 1800, 
            "price": "20 € ", 
            "description": "El color de pestañas es un procedimiento similar a la coloración del cabello, con la utilización de productos adaptados para los ojos.Resaltar tu mirada nunca fue tan fácil. ¿Quieres lucir una mirada de cine? Ven a tu Salón de Belleza Sitara y ponte en manos de nuestros mejores profesionales. Luce una mirada profunda y penetrante. Reserva tu cita cómodamente online a través de Bucmi.com."
        }, 
        {
            "service_category": "Estética", 
            "service": "Tratamiento Corporal Ayurveda", 
            "duration": 7200, 
            "price": "120 € ", 
            "description": "Cuida y mima tu cuerpo, dándote un capricho con dos horitas de relax absoluto. Comenzamos realizando un masaje corporal para estimular las linfas y relajar tu cuerpo, después realizamos la envoltura con productos ecológicos durante 15 minutos, mientras realizamos un masaje de pies, pasaríamos a la ducha y para finalizar realizamos un masaje de hidratación corporal. Reserva tu cita cómodamente online a través de Bucmi.com."
        }, 
        {
            "service_category": "Estética", 
            "service": "Tratamiento Corporal Completo Post Verano", 
            "duration": 5400, 
            "price": "182 € ", 
            "description": "Ven a Sitara para restaurar tu piel de los rayos uva del verano. Te ofrecemos un peeling corporal con chocoterapia seguido de un masaje relajante, también disfruta de una higiene facial con masaje craneal y cejas al hilo para que estés preparada para la nueva temporada de frío."
        }, 
        {
            "service_category": "Estética", 
            "service": "Tratamiento Facial Acné", 
            "duration": 5400, 
            "price": "40 € ", 
            "description": "¿Quieres lucir una piel suave y libre de imperfecciones? Ven a tu Salón de Belleza Sitara y ponte en manos de nuestros mejores profesionales. Lucirás una piel mucho más suave, luminosa e hidratada. Disfruta de un rostro libre de imperfecciones y acné de una vez por todas. Reserva tu cita cómodamente online a través de Bucmi.com."
        }, 
        {
            "service_category": "Estética", 
            "service": "Extensiones De Pestañas", 
            "duration": 7200, 
            "price": "150 € ", 
            "description": "Extensiones de pestañas de seda natural utilizando el método de hair & hair."
        }, 
        {
            "service_category": "Manicura y Pedicura", 
            "service": "Higiene Facial", 
            "duration": 3600, 
            "price": "45 € ", 
            "description": "La contaminación y el estrés del día a día causan daños en nuestra piel, y por ello es necesario ayudarla a recuperarse mediante limpiezas facial periódicas. En Sitara te brindamos un completo servicio de higiene facial para que tu piel quede perfecta y libre de impurezas. Reserva tu cita cómodamente online a través de Bucmi.com. DD"
        }, 
        {
            "service_category": "Manicura y Pedicura", 
            "service": "Higiene Facial Con Masaje Craneal", 
            "duration": 3600, 
            "price": "60 € ", 
            "description": "Sitara te ofrece una limpieza facial con alta frecuencia, para que tu rostro luzca de una piel perfecta, y aprovecha a relajarte con un masaje craneal que bajará tu nivel de estrés."
        }, 
        {
            "service_category": "Manicura y Pedicura", 
            "service": "Maquillaje De Fiesta", 
            "duration": 2700, 
            "price": "30 € ", 
            "description": "¿Tienes un evento especial al que quieres ir espectacular? Haz tu reserva en Sitara de este completo servicio de maquillaje de fiesta de la mano de primeras marcas como MAC, que además incluye una ampolla flash para iluminar tu piel. Nos adecuaremos al estilo que vayas a llevar y a tus gustos y facciones. Simplemente increíble."
        }, 
        {
            "service_category": "Manicura y Pedicura", 
            "service": "Masaje Abhianga Y Shirodhara Ayurveda", 
            "duration": 5400, 
            "price": "120 € ", 
            "description": "Masaje corporal linfático y tratmineto craneal relajante que ayuda a evitar y corregir dolencias como el estres, insomnio, dolor de cabeza, etc. Vive una experiencia única y llena de innumerables beneficios gracias a Sitara."
        }, 
        {
            "service_category": "Manicura y Pedicura", 
            "service": "Masaje Anticelulítico Para Abdomen", 
            "duration": 1800, 
            "price": "30 € ", 
            "description": "Masaje anticelulítico centrado en el abdomen, con 30 minutos de duración y con grandes resultados. Si ves problemas en tu abdomen, este es tu tratamiento. Ven a tu Salón de Belleza Sitara y ponte en manos de nuestros mejores profesionales. Luce un cuerpo libre de grasa localizada y celulitis. Tonifica y realza tu figura. Reserva tu cita cómodamente online a través de Bucmi.com. DD"
        }, 
        {
            "service_category": "Manicura y Pedicura", 
            "service": "Masaje Anticelulitico Para Abdomen Y Piernas", 
            "duration": 3600, 
            "price": "50 € ", 
            "description": "Con este masaje de dos zonas, abdomen y piernas, practicado directamente, verás como tu celulitis va difuminándose. Ven a tu Salón de Belleza Sitara y ponte en manos de nuestros mejores profesionales. Luce un cuerpo libre de grasa localizada y celulitis. Realza y tonifica tu figura. Reserva tu cita cómodamente online a través de Bucmi.com. DD"
        }, 
        {
            "service_category": "Manicura y Pedicura", 
            "service": "Masaje Anticelulitico Para Glúteos", 
            "duration": 900, 
            "price": "20 € ", 
            "description": "Con este masaje de glúteos notarás como se reafirma tu piel y se elimina poco a poco esa molesta celulitis. Masaje realizado por nuestras profesionales manualmente. Ven a tu Salón de Belleza Sitara y ponte en manos de nuestros mejores profesionales. Luce un cuerpo tonificado y realza tu figura. Dí adiós a la celulitis y la grasa localizada. Reserva tu cita cómodamente online a través de Bucmi.com. DD"
        }, 
        {
            "service_category": "Manicura y Pedicura", 
            "service": "Masaje Anticelulítico Para Piernas", 
            "duration": 1800, 
            "price": "30 € ", 
            "description": "Con este masaje manual anticelulitico de treinta minutos de duración, vas a ver como poco a poco se eliminan tus nódulos de grasa. ¡Elimina esa piel de naranja! Ven a tu Salón de Belleza Sitara y ponte en manos de nuestros mejores profesionales. Elimina la celulitis de una vez por todas. Luce unas piernas bonitas y sin imperfecciones. Realza y tonifica tu figura. Reserva tu cita cómodamente online a través de Bucmi.com. DD"
        }, 
        {
            "service_category": "Manicura y Pedicura", 
            "service": "Masaje Reafirmante", 
            "duration": 3600, 
            "price": "60 € ", 
            "description": "Si notas que pierdes la firmeza en tu cuerpo, no pierdas el tiempo y ven a probar este masaje a tu Salón de Belleza Sitara y ponte en manos de nuestros mejores profesionales. Disfruta de un cuerpo tonificado y realza tu figura. Reserva tu cita cómodamente online a través de Bucmi.com. DD"
        }, 
        {
            "service_category": "Manicura y Pedicura", 
            "service": "Peeling Corporal Más Hidratación", 
            "duration": 1800, 
            "price": "76 € ", 
            "description": "Prepara tu piel para recibir todos los beneficios de un peeling corporal más hidratación. Con el peeling eliminamos todas las impurezas que pueda tener nuestra piel y la dejamos perfecta para ser hidratada con los aceites utilizados. ¡Prepárate para los primeros rayos de Sol! Luce un bronceado bonito y duradero, disfrutando de una piel suave, hidratada y nutrida. Reserva tu cita cómodamente online a través de Bucmi.com."
        }, 
        {
            "service_category": "Manicura y Pedicura", 
            "service": "Radiofrecuencia Corporal", 
            "duration": 2700, 
            "price": "40 € ", 
            "description": "Con este tratamiento de Radiofrecuencia corporal, tu piel se ira tersando y endureciendo, teniendo mejor aspecto y dureza. Ven a tu Salón de Belleza Sitara y ponte en manos de nuestros profesionales. Luce un cuerpo libre de celulitis y flacidez. Tonifica y realza tu figura. Reserva tu cita cómodamente online a través de Bucmi.com."
        }, 
        {
            "service_category": "Masaje", 
            "service": "Higiene Facial", 
            "duration": 3600, 
            "price": "45 € ", 
            "description": "La contaminación y el estrés del día a día causan daños en nuestra piel, y por ello es necesario ayudarla a recuperarse mediante limpiezas facial periódicas. En Sitara te brindamos un completo servicio de higiene facial para que tu piel quede perfecta y libre de impurezas. Reserva tu cita cómodamente online a través de Bucmi.com. DD"
        }, 
        {
            "service_category": "Masaje", 
            "service": "Higiene Facial Con Masaje Craneal", 
            "duration": 3600, 
            "price": "60 € ", 
            "description": "Sitara te ofrece una limpieza facial con alta frecuencia, para que tu rostro luzca de una piel perfecta, y aprovecha a relajarte con un masaje craneal que bajará tu nivel de estrés."
        }, 
        {
            "service_category": "Masaje", 
            "service": "Maquillaje De Fiesta", 
            "duration": 2700, 
            "price": "30 € ", 
            "description": "¿Tienes un evento especial al que quieres ir espectacular? Haz tu reserva en Sitara de este completo servicio de maquillaje de fiesta de la mano de primeras marcas como MAC, que además incluye una ampolla flash para iluminar tu piel. Nos adecuaremos al estilo que vayas a llevar y a tus gustos y facciones. Simplemente increíble."
        }, 
        {
            "service_category": "Masaje", 
            "service": "Masaje Abhianga Y Shirodhara Ayurveda", 
            "duration": 5400, 
            "price": "120 € ", 
            "description": "Masaje corporal linfático y tratmineto craneal relajante que ayuda a evitar y corregir dolencias como el estres, insomnio, dolor de cabeza, etc. Vive una experiencia única y llena de innumerables beneficios gracias a Sitara."
        }, 
        {
            "service_category": "Masaje", 
            "service": "Masaje Anticelulítico Para Abdomen", 
            "duration": 1800, 
            "price": "30 € ", 
            "description": "Masaje anticelulítico centrado en el abdomen, con 30 minutos de duración y con grandes resultados. Si ves problemas en tu abdomen, este es tu tratamiento. Ven a tu Salón de Belleza Sitara y ponte en manos de nuestros mejores profesionales. Luce un cuerpo libre de grasa localizada y celulitis. Tonifica y realza tu figura. Reserva tu cita cómodamente online a través de Bucmi.com. DD"
        }, 
        {
            "service_category": "Masaje", 
            "service": "Masaje Anticelulitico Para Abdomen Y Piernas", 
            "duration": 3600, 
            "price": "50 € ", 
            "description": "Con este masaje de dos zonas, abdomen y piernas, practicado directamente, verás como tu celulitis va difuminándose. Ven a tu Salón de Belleza Sitara y ponte en manos de nuestros mejores profesionales. Luce un cuerpo libre de grasa localizada y celulitis. Realza y tonifica tu figura. Reserva tu cita cómodamente online a través de Bucmi.com. DD"
        }, 
        {
            "service_category": "Depilación", 
            "service": "Higiene Facial", 
            "duration": 3600, 
            "price": "45 € ", 
            "description": "La contaminación y el estrés del día a día causan daños en nuestra piel, y por ello es necesario ayudarla a recuperarse mediante limpiezas facial periódicas. En Sitara te brindamos un completo servicio de higiene facial para que tu piel quede perfecta y libre de impurezas. Reserva tu cita cómodamente online a través de Bucmi.com. DD"
        }, 
        {
            "service_category": "Depilación", 
            "service": "Higiene Facial Con Masaje Craneal", 
            "duration": 3600, 
            "price": "60 € ", 
            "description": "Sitara te ofrece una limpieza facial con alta frecuencia, para que tu rostro luzca de una piel perfecta, y aprovecha a relajarte con un masaje craneal que bajará tu nivel de estrés."
        }, 
        {
            "service_category": "Depilación", 
            "service": "Maquillaje De Fiesta", 
            "duration": 2700, 
            "price": "30 € ", 
            "description": "¿Tienes un evento especial al que quieres ir espectacular? Haz tu reserva en Sitara de este completo servicio de maquillaje de fiesta de la mano de primeras marcas como MAC, que además incluye una ampolla flash para iluminar tu piel. Nos adecuaremos al estilo que vayas a llevar y a tus gustos y facciones. Simplemente increíble."
        }, 
        {
            "service_category": "Depilación", 
            "service": "Masaje Abhianga Y Shirodhara Ayurveda", 
            "duration": 5400, 
            "price": "120 € ", 
            "description": "Masaje corporal linfático y tratmineto craneal relajante que ayuda a evitar y corregir dolencias como el estres, insomnio, dolor de cabeza, etc. Vive una experiencia única y llena de innumerables beneficios gracias a Sitara."
        }, 
        {
            "service_category": "Depilación", 
            "service": "Masaje Anticelulítico Para Abdomen", 
            "duration": 1800, 
            "price": "30 € ", 
            "description": "Masaje anticelulítico centrado en el abdomen, con 30 minutos de duración y con grandes resultados. Si ves problemas en tu abdomen, este es tu tratamiento. Ven a tu Salón de Belleza Sitara y ponte en manos de nuestros mejores profesionales. Luce un cuerpo libre de grasa localizada y celulitis. Tonifica y realza tu figura. Reserva tu cita cómodamente online a través de Bucmi.com. DD"
        }, 
        {
            "service_category": "Depilación", 
            "service": "Masaje Anticelulitico Para Abdomen Y Piernas", 
            "duration": 3600, 
            "price": "50 € ", 
            "description": "Con este masaje de dos zonas, abdomen y piernas, practicado directamente, verás como tu celulitis va difuminándose. Ven a tu Salón de Belleza Sitara y ponte en manos de nuestros mejores profesionales. Luce un cuerpo libre de grasa localizada y celulitis. Realza y tonifica tu figura. Reserva tu cita cómodamente online a través de Bucmi.com. DD"
        }, 
        {
            "service_category": "Depilación", 
            "service": "Masaje Anticelulitico Para Glúteos", 
            "duration": 900, 
            "price": "20 € ", 
            "description": "Con este masaje de glúteos notarás como se reafirma tu piel y se elimina poco a poco esa molesta celulitis. Masaje realizado por nuestras profesionales manualmente. Ven a tu Salón de Belleza Sitara y ponte en manos de nuestros mejores profesionales. Luce un cuerpo tonificado y realza tu figura. Dí adiós a la celulitis y la grasa localizada. Reserva tu cita cómodamente online a través de Bucmi.com. DD"
        }, 
        {
            "service_category": "Depilación", 
            "service": "Masaje Anticelulítico Para Piernas", 
            "duration": 1800, 
            "price": "30 € ", 
            "description": "Con este masaje manual anticelulitico de treinta minutos de duración, vas a ver como poco a poco se eliminan tus nódulos de grasa. ¡Elimina esa piel de naranja! Ven a tu Salón de Belleza Sitara y ponte en manos de nuestros mejores profesionales. Elimina la celulitis de una vez por todas. Luce unas piernas bonitas y sin imperfecciones. Realza y tonifica tu figura. Reserva tu cita cómodamente online a través de Bucmi.com. DD"
        }, 
        {
            "service_category": "Depilación", 
            "service": "Masaje Reafirmante", 
            "duration": 3600, 
            "price": "60 € ", 
            "description": "Si notas que pierdes la firmeza en tu cuerpo, no pierdas el tiempo y ven a probar este masaje a tu Salón de Belleza Sitara y ponte en manos de nuestros mejores profesionales. Disfruta de un cuerpo tonificado y realza tu figura. Reserva tu cita cómodamente online a través de Bucmi.com. DD"
        }, 
        {
            "service_category": "Depilación", 
            "service": "Peeling Corporal Más Hidratación", 
            "duration": 1800, 
            "price": "76 € ", 
            "description": "Prepara tu piel para recibir todos los beneficios de un peeling corporal más hidratación. Con el peeling eliminamos todas las impurezas que pueda tener nuestra piel y la dejamos perfecta para ser hidratada con los aceites utilizados. ¡Prepárate para los primeros rayos de Sol! Luce un bronceado bonito y duradero, disfrutando de una piel suave, hidratada y nutrida. Reserva tu cita cómodamente online a través de Bucmi.com."
        }, 
        {
            "service_category": "Depilación", 
            "service": "Radiofrecuencia Corporal", 
            "duration": 2700, 
            "price": "40 € ", 
            "description": "Con este tratamiento de Radiofrecuencia corporal, tu piel se ira tersando y endureciendo, teniendo mejor aspecto y dureza. Ven a tu Salón de Belleza Sitara y ponte en manos de nuestros profesionales. Luce un cuerpo libre de celulitis y flacidez. Tonifica y realza tu figura. Reserva tu cita cómodamente online a través de Bucmi.com."
        }, 
        {
            "service_category": "Depilación", 
            "service": "Radiofrecuencia Facial", 
            "duration": 3600, 
            "price": "50 € ", 
            "description": "Gracias a este tratamiento de Radiofrecuencia facial, tu piel lucirá más tersa, tendrás un rostro más joven y sin operaciones. Ven a tu Salón de Belleza y ponte en manos de nuestros mejores profesionales. Luce una piel tonificada y realza tu rostro gracias a este tratamiento. Dí adiós a la flacidez. Reserva tu cita cómodamente online a través de Bucmi.com."
        }, 
        {
            "service_category": "Depilación", 
            "service": "Tinte De Pestañas", 
            "duration": 1800, 
            "price": "20 € ", 
            "description": "El color de pestañas es un procedimiento similar a la coloración del cabello, con la utilización de productos adaptados para los ojos.Resaltar tu mirada nunca fue tan fácil. ¿Quieres lucir una mirada de cine? Ven a tu Salón de Belleza Sitara y ponte en manos de nuestros mejores profesionales. Luce una mirada profunda y penetrante. Reserva tu cita cómodamente online a través de Bucmi.com."
        }, 
        {
            "service_category": "Depilación", 
            "service": "Tratamiento Corporal Ayurveda", 
            "duration": 7200, 
            "price": "120 € ", 
            "description": "Cuida y mima tu cuerpo, dándote un capricho con dos horitas de relax absoluto. Comenzamos realizando un masaje corporal para estimular las linfas y relajar tu cuerpo, después realizamos la envoltura con productos ecológicos durante 15 minutos, mientras realizamos un masaje de pies, pasaríamos a la ducha y para finalizar realizamos un masaje de hidratación corporal. Reserva tu cita cómodamente online a través de Bucmi.com."
        }, 
        {
            "service_category": "Depilación", 
            "service": "Tratamiento Corporal Completo Post Verano", 
            "duration": 5400, 
            "price": "182 € ", 
            "description": "Ven a Sitara para restaurar tu piel de los rayos uva del verano. Te ofrecemos un peeling corporal con chocoterapia seguido de un masaje relajante, también disfruta de una higiene facial con masaje craneal y cejas al hilo para que estés preparada para la nueva temporada de frío."
        }, 
        {
            "service_category": "Depilación", 
            "service": "Tratamiento Facial Acné", 
            "duration": 5400, 
            "price": "40 € ", 
            "description": "¿Quieres lucir una piel suave y libre de imperfecciones? Ven a tu Salón de Belleza Sitara y ponte en manos de nuestros mejores profesionales. Lucirás una piel mucho más suave, luminosa e hidratada. Disfruta de un rostro libre de imperfecciones y acné de una vez por todas. Reserva tu cita cómodamente online a través de Bucmi.com."
        }, 
        {
            "service_category": "Depilación", 
            "service": "Extensiones De Pestañas", 
            "duration": 7200, 
            "price": "150 € ", 
            "description": "Extensiones de pestañas de seda natural utilizando el método de hair & hair."
        }, 
        {
            "service_category": "Depilación", 
            "service": "Manicura Completa", 
            "duration": 3600, 
            "price": "13,9 € ", 
            "description": "Empezamos limando las uñas (a elegir), se retiran las cutículas. Seguimos con un masaje para conseguir un mayor efecto de manos suaves y nutridas y finalizamos con el esmaltado del color que prefieras. No incluye francesa. Ven a tu Salón de Belleza Sitara y ponte en manos de nuestros mejores profesionales. Luce unas uñas bonitas y cuidadas. Tus manos dicen mucho de ti y su presencia es muy importante. Mima tus uñas. Reserva tu cita cómodamente online a través de Bucmi.com. DD"
        }, 
        {
            "service_category": "Depilación", 
            "service": "Manicura Con Parafina", 
            "duration": 5400, 
            "price": "20 € ", 
            "description": "Manicura completa con parafina, que incluye limado de uñas, quitar cutículas, hidratación, tratamiento de parafina en el que envolvemos tus manos con parafina y dejamos actuar durante 30 minutos, lo que hará tener unas manos mucho más suaves. Se finaliza con el esmaltado que se elija. Ven a tu Salón de Belleza Sitara y ponte en manos de nuestros mejores profesionales. Luce unas uñas bonitas y cuidadas.Tus manos son muy importantes y su presencia dicen mucho de ti. Mima tus uñas.Reserva tu cita en Bucmi.com."
        }
    ]
}