{
    "adid": null, 
    "name": "Castañeda", 
    "name_of_contact": "Castañeda", 
    "scrape_page": "https://www.bucmi.com/castañedapeluqueros", 
    "business_website": null, 
    "areas_covered": null, 
    "description": "Castañeda Peluqueros es una peluquería de caballeros con más de 43 años de experiencia, situados en Lacoma. Conocida como la peluquería del Pato, nuestro trabajo es cercano y personalizados. Contamos con servicios muy completos y especiales. Te esperamos", 
    "img_link": [
        "https://d1nd15w2k87kz0.cloudfront.net/Uploads/635963208960009556.jpg", 
        "https://d1nd15w2k87kz0.cloudfront.net/Uploads/635963208963915782.jpg", 
        "https://d1nd15w2k87kz0.cloudfront.net/Uploads/635963208964882467.jpg", 
        "https://d1nd15w2k87kz0.cloudfront.net/Uploads/635963208965820993.jpg", 
        "https://d1nd15w2k87kz0.cloudfront.net/Uploads/635963208966289741.jpg", 
        "https://d1nd15w2k87kz0.cloudfront.net/Uploads/635963208966445991.jpg", 
        "https://d1nd15w2k87kz0.cloudfront.net/Uploads/635963208968008482.jpg"
    ], 
    "hqdb_featured_ad_type": "Featured", 
    "hqdb_nr_reviews": "0", 
    "hqdb_review_score": "0,0", 
    "accreditations": null, 
    "category": null, 
    "subcategory": null, 
    "street": null, 
    "city": "Madrid", 
    "zipcode": "28035", 
    "formatted_address": "Madrid, 28034, Madrid, 28036, Madrid, 28022, Madrid, 28032, Madrid, 28035", 
    "country": "es", 
    "office_number": "917386999", 
    "office_number2": null, 
    "mobile_number": null, 
    "mobile_number2": null, 
    "unidentified_phone_numbers": null, 
    "latitude": "40.4812158000", 
    "longitude": "-3.7198860999", 
    "business_email": null, 
    "yelp_page": null, 
    "facebook": null, 
    "twitter": null, 
    "instagram": null, 
    "venue_images": "https://d1nd15w2k87kz0.cloudfront.net/Logotipos/635963243490754012.jpg", 
    "opening_hours_raw": null, 
    "pricelist_link": null, 
    "services": [
        {
            "service_category": "Preferente", 
            "service": "Afeitado Clásico", 
            "duration": 900, 
            "price": "8 € ", 
            "description": "El servicio incluye afeitado clásico a cuchilla, el afeitado más clásico, de mano de los grandes expertos. Ponte en nuestras manos y consigue un rasurado perfecto gracias a nuestros expertos profesionales de Castañeda Peluqueros. ¡Y que no se diga que a los hombres no nos preocupa nuestra imagen!"
        }, 
        {
            "service_category": "Preferente", 
            "service": "Arreglo Barba Con Máquina", 
            "duration": 900, 
            "price": "6 € ", 
            "description": "Quieres un retoque en la barba, déjate asesorar por los mejores profesionales. El servicio incluye arreglo de barba a máquina. En caso de querer el arreglo de barba con navaja, consulta sobre un posible suplemento con el salón. No lo dudes más y haz tu reserva con nosotros. Te encantará."
        }, 
        {
            "service_category": "Preferente", 
            "service": "Corte De Pelo Hombre", 
            "duration": 900, 
            "price": "10,5 € ", 
            "description": "El servicio es corte clásico, realizado a tijera o maquinilla, el corte de pelo más tradicional. Déjate asesorar por los mejores profesionales. Nuestro exclusivo corte de pelo de tendencia se realiza en seco, no incluye el lavado del pelo. ¿A qué estás esperando para hacer tu reserva online con nuestros estilistas de Castañeda Peluqueros?"
        }, 
        {
            "service_category": "Preferente", 
            "service": "Corte De Pelo Hombre A Máquina", 
            "duration": 900, 
            "price": "7 € ", 
            "description": "El servicio incluye corte a máquina, el lavado no esta incluido, el corte asesorado se realiza en seco. Ponte en las manos de nuestros expertos profesionales de Castañeda Peluqueros y consigue un look cuidado, acorde a tu estilo y personalidad. No lo dudes más y realiza tu reserva gracias a Bucmi.com."
        }, 
        {
            "service_category": "Preferente", 
            "service": "Corte De Pelo Hombre A Navaja", 
            "duration": 1800, 
            "price": "13 € ", 
            "description": "Consigue un estiloso corte con nuestra técnica de toda la vida gracias a nuestros expertos estilistas de Castañeda Peluqueros. El corte se realiza en seco, no incluye lavado del pelo. ¿A qué estás esperando para hacer tu reserva online? De un solo clic gracias a Bucmi.com."
        }, 
        {
            "service_category": "Preferente", 
            "service": "Corte De Pelo Hombre Con Lavado", 
            "duration": 900, 
            "price": "13 € ", 
            "description": "Servicio exclusivo para el hombre que incluye un corte asesorado por parte de nuestros expertos estilistas y lavado con champú del pelo. ¿A qué estás esperando para realizar tu reserva online en Castañeda Peluqueros? De un solo clic gracias a Bucmi.com y tendrás un look perfecto."
        }, 
        {
            "service_category": "Peluquería", 
            "service": "Afeitado Clásico", 
            "duration": 900, 
            "price": "8 € ", 
            "description": "El servicio incluye afeitado clásico a cuchilla, el afeitado más clásico, de mano de los grandes expertos. Ponte en nuestras manos y consigue un rasurado perfecto gracias a nuestros expertos profesionales de Castañeda Peluqueros. ¡Y que no se diga que a los hombres no nos preocupa nuestra imagen!"
        }, 
        {
            "service_category": "Peluquería", 
            "service": "Arreglo Barba Con Máquina", 
            "duration": 900, 
            "price": "6 € ", 
            "description": "Quieres un retoque en la barba, déjate asesorar por los mejores profesionales. El servicio incluye arreglo de barba a máquina. En caso de querer el arreglo de barba con navaja, consulta sobre un posible suplemento con el salón. No lo dudes más y haz tu reserva con nosotros. Te encantará."
        }, 
        {
            "service_category": "Peluquería", 
            "service": "Corte De Pelo Hombre", 
            "duration": 900, 
            "price": "10,5 € ", 
            "description": "El servicio es corte clásico, realizado a tijera o maquinilla, el corte de pelo más tradicional. Déjate asesorar por los mejores profesionales. Nuestro exclusivo corte de pelo de tendencia se realiza en seco, no incluye el lavado del pelo. ¿A qué estás esperando para hacer tu reserva online con nuestros estilistas de Castañeda Peluqueros?"
        }, 
        {
            "service_category": "Peluquería", 
            "service": "Corte De Pelo Hombre A Máquina", 
            "duration": 900, 
            "price": "7 € ", 
            "description": "El servicio incluye corte a máquina, el lavado no esta incluido, el corte asesorado se realiza en seco. Ponte en las manos de nuestros expertos profesionales de Castañeda Peluqueros y consigue un look cuidado, acorde a tu estilo y personalidad. No lo dudes más y realiza tu reserva gracias a Bucmi.com."
        }, 
        {
            "service_category": "Peluquería", 
            "service": "Corte De Pelo Hombre A Navaja", 
            "duration": 1800, 
            "price": "13 € ", 
            "description": "Consigue un estiloso corte con nuestra técnica de toda la vida gracias a nuestros expertos estilistas de Castañeda Peluqueros. El corte se realiza en seco, no incluye lavado del pelo. ¿A qué estás esperando para hacer tu reserva online? De un solo clic gracias a Bucmi.com."
        }, 
        {
            "service_category": "Peluquería", 
            "service": "Corte De Pelo Hombre Con Lavado", 
            "duration": 900, 
            "price": "13 € ", 
            "description": "Servicio exclusivo para el hombre que incluye un corte asesorado por parte de nuestros expertos estilistas y lavado con champú del pelo. ¿A qué estás esperando para realizar tu reserva online en Castañeda Peluqueros? De un solo clic gracias a Bucmi.com y tendrás un look perfecto."
        }
    ]
}