{
    "adid": null, 
    "name": "Cotton Nails", 
    "name_of_contact": "Cotton Nails", 
    "scrape_page": "https://www.bucmi.com/cotton", 
    "business_website": "https://www.bucmi.com/cotton", 
    "areas_covered": null, 
    "description": "Cotton Nails es un exclusivo salón de uñas ubicado en el barrio de la concepción, donde podrás embellecer tus pies y tus manos a la vez que te relajas con nuestros profesionales. A parte de manicuras y pedicuras, tenemos uñas de gel, depilaciones...", 
    "img_link": [
        "https://d1nd15w2k87kz0.cloudfront.net/Uploads/635981337377160776.jpg", 
        "https://d1nd15w2k87kz0.cloudfront.net/Uploads/635981337378310043.jpg", 
        "https://d1nd15w2k87kz0.cloudfront.net/Uploads/635981337377710049.jpg", 
        "https://d1nd15w2k87kz0.cloudfront.net/Uploads/635981337379840483.jpg", 
        "https://d1nd15w2k87kz0.cloudfront.net/Uploads/635981337380930476.jpg", 
        "https://d1nd15w2k87kz0.cloudfront.net/Uploads/635981337381980473.jpg", 
        "https://d1nd15w2k87kz0.cloudfront.net/Uploads/635981337382640431.jpg", 
        "https://d1nd15w2k87kz0.cloudfront.net/Uploads/635981337383170398.jpg"
    ], 
    "hqdb_featured_ad_type": "Featured", 
    "hqdb_nr_reviews": "106", 
    "hqdb_review_score": "9,3", 
    "accreditations": null, 
    "category": null, 
    "subcategory": null, 
    "street": "C/ Alcala, 462", 
    "city": "Madrid", 
    "zipcode": "28027", 
    "formatted_address": "C/ Alcala, 462, Madrid, 28027", 
    "country": "es", 
    "office_number": "910103493", 
    "office_number2": null, 
    "mobile_number": null, 
    "mobile_number2": null, 
    "unidentified_phone_numbers": null, 
    "latitude": "40.4388833000", 
    "longitude": "-3.6337814999", 
    "business_email": null, 
    "yelp_page": null, 
    "facebook": null, 
    "twitter": null, 
    "instagram": null, 
    "venue_images": "https://d1nd15w2k87kz0.cloudfront.net/Logotipos/635981383348469365.jpg", 
    "opening_hours_raw": null, 
    "pricelist_link": null, 
    "services": [
        {
            "service_category": "Preferente", 
            "service": "Manicura Spa Lcn", 
            "duration": 2700, 
            "price": "21,9 € ", 
            "description": "Tratamiento con manicura spa que incluye, cortar/limar la uña para conseguir la forma deseada, la retirada de cutículas, utilización de guantes para que penetrar bien el producto, exfoliación, esmaltado LCN y para terminar crema hidratante final. Si quieres esmaltado francesa, se cobrará un suplemento. Productos de la marca LCN. ¡Pon a punto tus manos y además saldrás totalmente relajada! ¡Un auténtico tratamiento exclusivo para unas manos suaves e hidratadas! ¿A qué estás esperando para reservar?"
        }, 
        {
            "service_category": "Preferente", 
            "service": "Pedicura Spa Lcn", 
            "duration": 2700, 
            "price": "29,9 € ", 
            "description": "Disfruta de una exclusiva pedicura spa que incluye, cortar/limar la uña para conseguir la forma deseada, la retirada de cutículas, el tratamiento de durezas y callosidades , mascarilla, esmaltado semipermanente LCN y crema final. Conseguirás así unos pies suaves, hidratados y con un esmaltado que dura semanas. Podrás escoger el color que más te guste, el más acorde con tu look. ¡No lo dudes, ponte en las mejores manos y reserva ya tu cita cómodamente online!"
        }, 
        {
            "service_category": "Preferente", 
            "service": "Depilación Hilo Cejas", 
            "duration": 900, 
            "price": "7,9 € ", 
            "description": "Diseñaremos tus cejas acorde con la forma de tu cara. El servicio incluye el diseño y la depilación de la ceja. Las cejas son un punto clave en la expresión y personalidad de cualquier rostro, por lo que un buen cuidado es esencial. Disfruta de la depilación al más estilo tradicional de la India, una técnica con hilo mucho más efectiva e indolora. ¡No lo dudes y reserva ya tu cita cómodamente online! ¡El resultado será inmejorable!"
        }, 
        {
            "service_category": "Preferente", 
            "service": "Manicura Semipermanente Lcn", 
            "duration": 1800, 
            "price": "12,9 € ", 
            "description": "Nuestra Manicura con Esmaltado Semipermanente incluye el corte y limado de la uña para conseguir la forma deseada, la retirada de cutículas, el esmaltado de larga duración LCN, exfoliación y mascarilla. Para un esmaltado francesa se cobrará un suplemento. Podrás escoger el color que más te guste, el más acorde a tu look. Disfruta de unas uñas perfectas durante mucho más tiempo. ¡Al menos tres semanas sin preocuparte de tus uñas! Reserva ya tu cita cómodamente online. ¿Te lo vas a perder?"
        }, 
        {
            "service_category": "Estética", 
            "service": "Extensiones Pestañas Pelo A Pelo Primera Puesta", 
            "duration": 5400, 
            "price": "59,9 € ", 
            "description": "Si quieres lucir una mirada de cine y unas pestañas más largas, ven a nuestro salón te haremos nuestro servicio de extensiones de pestañas con la técnica de pelo a pelo para conseguir un efecto más natural. Conseguirás así una mirada mucho más intensa, con las pestañas que estabas buscando. La duración es de unas 3 semanas. ¡No lo dudes y ponte guapa en nuestro centro, siempre con los mejores profesionales! ¡Te encantará el resultado!"
        }, 
        {
            "service_category": "Estética", 
            "service": "Mantenimiento Extensiones De Pestañas", 
            "duration": 3600, 
            "price": "29,9 € ", 
            "description": "Se recomienda que pases a Cotton Nails a retocar tus extensiones a las 3 o 4 semanas para que sigas manteniendo una mirada de cine y 100% cautivadora. ¡Volverás a lucir esas pestañas que tanto te gustaban, siempre en manos de nuestro equipo de profesionales! Reserva ya con Bucmi.com el mantenimiento de las extensiones. ¿A qué estás esperando? ¡No dejes que te lo cuenten!"
        }, 
        {
            "service_category": "Manicura y Pedicura", 
            "service": "Manicura Spa Lcn", 
            "duration": 2700, 
            "price": "21,9 € ", 
            "description": "Tratamiento con manicura spa que incluye, cortar/limar la uña para conseguir la forma deseada, la retirada de cutículas, utilización de guantes para que penetrar bien el producto, exfoliación, esmaltado LCN y para terminar crema hidratante final. Si quieres esmaltado francesa, se cobrará un suplemento. Productos de la marca LCN. ¡Pon a punto tus manos y además saldrás totalmente relajada! ¡Un auténtico tratamiento exclusivo para unas manos suaves e hidratadas! ¿A qué estás esperando para reservar?"
        }, 
        {
            "service_category": "Manicura y Pedicura", 
            "service": "Manicura Y Pedicura Semipermanente Lcn", 
            "duration": 5400, 
            "price": "34,8 € ", 
            "description": "Vive una experiencia única en nuestro exclusivo salón Cottton Nails con nuestro completo paquete de belleza para tus uñas que incluye manicura y pedicura en esmaltado semipermanente LCN. Escoge el color que más te guste de toda nuestra paleta. El servicio incluye el limado/corte de la uña, tratamiento de cutículas/durezas y el esmaltado de larga duración, del color que más vaya contigo, con tu estilo y personalidad. Contamos con una extensa gama de tonalidades. ¡Reserva ya tu cita cómodamente online!"
        }, 
        {
            "service_category": "Manicura y Pedicura", 
            "service": "Manicura Y Pedicura Spa Lcn", 
            "duration": 5400, 
            "price": "51,8 € ", 
            "description": "Vive una experiencia única en nuestro exclusivo salón Cottton Nails con nuestro completo paquete de belleza para tus uñas que incluye manicura SPA y pedicura SPA en esmaltado LCN. Escoge el color que más te guste de toda nuestra paleta. Escoge el color que más te guste, que más vaya con tu estilo y personalidad. ¡Pon a puntos tus manos y pies con este tratamiento! No lo dudes y reserva ya tu cita cómodamente online. ¿A qué estás esperando? ¡No dejes que te lo cuenten!"
        }, 
        {
            "service_category": "Manicura y Pedicura", 
            "service": "Pedicura Spa Lcn", 
            "duration": 2700, 
            "price": "29,9 € ", 
            "description": "Disfruta de una exclusiva pedicura spa que incluye, cortar/limar la uña para conseguir la forma deseada, la retirada de cutículas, el tratamiento de durezas y callosidades , mascarilla, esmaltado semipermanente LCN y crema final. Conseguirás así unos pies suaves, hidratados y con un esmaltado que dura semanas. Podrás escoger el color que más te guste, el más acorde con tu look. ¡No lo dudes, ponte en las mejores manos y reserva ya tu cita cómodamente online!"
        }, 
        {
            "service_category": "Manicura y Pedicura", 
            "service": "Uñas Acrílicas", 
            "duration": 5400, 
            "price": "27,9 € ", 
            "description": "Primera Puesta. Ven a Cotton Nails y luce unas manos impecables durante 2 o 3 semanas, gracias a nuestro servicio de uñas acrílicas. Incluye esmaltado semipermanente. Por fin unas uñas mucho más largas y con la forma que siempre has deseado. ¡No lo dudes y reserva ya tu cita cómodamente online! ¡Los resultados serán inmejorables! ¿A qué estás esperando? ¡No dejes que te lo cuenten!"
        }, 
        {
            "service_category": "Manicura y Pedicura", 
            "service": "Manicura Con Esmaltado Normal Opi", 
            "duration": 1800, 
            "price": "9,9 € ", 
            "description": "Presume de uñas de infarto con nuestra manicura Cotton de toda la vida que incluye el limado de la uña, cuidado de cutículas e hidratación de tu piel y esmaltado tradicional a escoger entre nuestra amplia gama de colores OPI. Escoge el tono que más te guste, que más vaya con tu estilo y personalidad. Para manicura francesa se cobrará un suplemento ¡Porque unas manos bonitas y cuidadas son siempre una buena carta de presentación! Haz ya tu reserva a través de Bucmi.com, ¡con toda comodidad!"
        }, 
        {
            "service_category": "Manicura y Pedicura", 
            "service": "Manicura Y Pedicura Con Esmaltado Normal Opi", 
            "duration": 3600, 
            "price": "24,8 € ", 
            "description": "Vive una experiencia única en nuestro exclusivo salón Cottton Nails con nuestro completo paquete de belleza para tus uñas que incluye manicura y pedicura en esmaltado OPI. Escoge el color que más te guste de toda nuestra paleta. El servicio incluye el limado/corte de la uña, tratamiento de cutículas y el esmaltado normal del color que más vaya contigo, con tu estilo y personalidad. Contamos con una extensa gama de tonalidades. ¡No lo dudes y reserva ya tu cita cómodamente online! Te encantará."
        }, 
        {
            "service_category": "Manicura y Pedicura", 
            "service": "Pedicura Semipermanente Lcn", 
            "duration": 2700, 
            "price": "21,9 € ", 
            "description": "Presume de uñas de infarto con nuestra pedicura Cotton de toda la vida que incluye el limado de la uña, cuidado de cutículas y durezas e hidratación de tu piel y esmaltado semipermanente LCN a escoger entre nuestra amplia gama de colores. ! Unos pies perfectos, con una piel hidratada y nutrida, todo ello durante semanas. Haz ya tu reserva cómodamente online y ¡te encantará el resultado!"
        }, 
        {
            "service_category": "Manicura y Pedicura", 
            "service": "Relleno Uñas Acrílicas", 
            "duration": 3600, 
            "price": "23,9 € ", 
            "description": "Para que tus uñas con acrílico continúen perfectas, se recomienda que pases por el salón de uñas en 3 o 4 semanas y rellenar el crecimiento de tu uña. Por lo tanto, volverás a lucir las uñas que tanto te gustaban, siempre perfectas. ¡Ponte en manos de nuestro equipo de profesionales, que trabajarán para conseguir el mejor resultados! ¡Seguirás siendo la envidia de tus amigas! ¿A qué estás esperando? ¡No dejes que te lo cuenten!"
        }, 
        {
            "service_category": "Manicura y Pedicura", 
            "service": "Relleno Uñas De Gel", 
            "duration": 3600, 
            "price": "27,9 € ", 
            "description": "Para que tus uñas con gel continúen perfectas, se recomienda que pases por el salón de uñas en 3 o 4 semanas y rellenar el crecimiento de tu uña. Por lo tanto, volverás a lucir las uñas que tanto te gustaban, siempre perfectas. ¡Ponte en manos de nuestro equipo de profesionales, que trabajarán para conseguir el mejor resultados! ¡Seguirás siendo la envidia de tus amigas! ¿A qué estás esperando? ¡No dejes que te lo cuenten!"
        }, 
        {
            "service_category": "Manicura y Pedicura", 
            "service": "Uñas De Gel Con Extensión", 
            "duration": 5400, 
            "price": "39,9 € ", 
            "description": "Primera Puesta, tus manos estarán perfectas por más tiempo gracias a este servicio de uñas de gel. Incluye esmaltado semipermanente. Por fin unas uñas mucho más largas y con la forma que siempre has deseado. El servicio incluye, si lo deseas, el esmaltado en francesa. ¡No lo dudes y reserva ya tu cita cómodamente online! ¡Los resultados serán inmejorables!"
        }, 
        {
            "service_category": "Manicura y Pedicura", 
            "service": "Uñas De Gel Sin Extensión", 
            "duration": 3600, 
            "price": "35,9 € ", 
            "description": "Primera Puesta, tus manos estarán perfectas por más tiempo gracias a este servicio de uñas de gel. Incluye esmaltado semipermanente. Incluye, si lo deseas, esmaltado en francesa. Lucirás así unas uñas con mucho más brillo, gracias al esmalte en gel. ¡No lo dudes y reserva ya tu cita cómodamente online! ¿A qué estás esperando? ¡No dejes que te lo cuenten!"
        }, 
        {
            "service_category": "Manicura y Pedicura", 
            "service": "Manicura Semipermanente Lcn", 
            "duration": 1800, 
            "price": "12,9 € ", 
            "description": "Nuestra Manicura con Esmaltado Semipermanente incluye el corte y limado de la uña para conseguir la forma deseada, la retirada de cutículas, el esmaltado de larga duración LCN, exfoliación y mascarilla. Para un esmaltado francesa se cobrará un suplemento. Podrás escoger el color que más te guste, el más acorde a tu look. Disfruta de unas uñas perfectas durante mucho más tiempo. ¡Al menos tres semanas sin preocuparte de tus uñas! Reserva ya tu cita cómodamente online. ¿Te lo vas a perder?"
        }, 
        {
            "service_category": "Manicura y Pedicura", 
            "service": "Pedicura Con Esmaltado Normal Opi", 
            "duration": 1800, 
            "price": "14,9 € ", 
            "description": "Presume de uñas de infarto con nuestra pedicura Cotton de toda la vida que incluye el limado de la uña, cuidado de cutículas, hidratación de tu piel y esmaltado tradicional a escoger entre nuestra amplia gama de colores OPI. ¡No esperes a cuidar tus pies cuando sólo llevas sandalias! Unos pies perfectos, con una piel hidratada y nutrida. Haz ya tu reserva cómodamente online y ¡te encantará el resultado!"
        }, 
        {
            "service_category": "Depilación", 
            "service": "Depilación Con Cera Brazos Completos", 
            "duration": 1800, 
            "price": "9,9 € ", 
            "description": "Disfruta de una piel suave y sedosa gracias a la depilación del centro Cotton. Utilizamos cera de un sólo uso, para que tu piel esté en las mejores manos, y eliminamos de raíz el vello de un tirón por un par de semanas. ¡Despreocúpate durante semanas del molesto vello! Disfruta de este servicio de depilación en brazos completos. ¡No lo dudes y reserva ya tu cita cómodamente online! ¿A qué estás esperando? ¡No dejes que te lo cuenten!"
        }, 
        {
            "service_category": "Depilación", 
            "service": "Depilación Con Cera Medios Brazos", 
            "duration": 900, 
            "price": "6,9 € ", 
            "description": "Disfruta de una piel suave y sedosa gracias a la depilación del centro Cotton. Utilizamos cera de un sólo uso, para que tu piel esté en las mejores manos, y eliminamos de raíz el vello de un tirón por un par de semanas. ¡Despreocúpate durante semanas del molesto vello! Disfruta de este servicio de depilación en medios brazos. ¡No lo dudes y reserva ya tu cita cómodamente online! ¿A qué estás esperando? ¡No dejes que te lo cuenten!"
        }, 
        {
            "service_category": "Depilación", 
            "service": "Depilación Hilo Cejas", 
            "duration": 900, 
            "price": "7,9 € ", 
            "description": "Diseñaremos tus cejas acorde con la forma de tu cara. El servicio incluye el diseño y la depilación de la ceja. Las cejas son un punto clave en la expresión y personalidad de cualquier rostro, por lo que un buen cuidado es esencial. Disfruta de la depilación al más estilo tradicional de la India, una técnica con hilo mucho más efectiva e indolora. ¡No lo dudes y reserva ya tu cita cómodamente online! ¡El resultado será inmejorable!"
        }, 
        {
            "service_category": "Depilación", 
            "service": "Depilación Hilo Cejas Y Labio Superior", 
            "duration": 1800, 
            "price": "11,8 € ", 
            "description": "Diseñaremos tus cejas acorde con la forma de tu cara. El servicio incluye el diseño, la depilación de la ceja y también la del labio superior. Las cejas son un punto clave en la expresión y personalidad de cualquier rostro, por lo que un buen cuidado es esencial. Disfruta de la depilación al más estilo tradicional de la India, una técnica con hilo mucho más efectiva e indolora. ¡No lo dudes y reserva ya tu cita cómodamente online! ¡El resultado será inmejorable!"
        }, 
        {
            "service_category": "Depilación", 
            "service": "Depilación Hilo Labio Superior", 
            "duration": 1800, 
            "price": "3,9 € ", 
            "description": "Al más puro estilo tradicional de la India, disfruta de una nueva forma de depilación, más eficaz y menos doloroso que otro tipo de depilaciones. Y olvídate del molesto vello por un par de semanas. Disfruta de este servicio de depilación con hilo en la zona del labio superior. Además, siempre en manos de un cualificado equipo de profesionales. ¡No lo dudes y reserva ya tu cita cómodamente online! ¿A qué estás esperando? ¡No dejes que te lo cuenten!"
        }, 
        {
            "service_category": "Depilación", 
            "service": "Depilación Hilo Mentón", 
            "duration": 900, 
            "price": "5,9 € ", 
            "description": "Al más puro estilo tradicional de la India, disfruta de una nueva forma de depilación, más eficaz y menos doloroso que otro tipo de depilaciones. Y olvídate del molesto vello por un par de semanas. Disfruta de este servicio de depilación con hilo en la zona del mentón. Además, siempre en manos de un cualificado equipo de profesionales. ¡No lo dudes y reserva ya tu cita cómodamente online! ¿A qué estás esperando? ¡No dejes que te lo cuenten!"
        }, 
        {
            "service_category": "Depilación", 
            "service": "Depilación Hilo Rostro Completo", 
            "duration": 1800, 
            "price": "24,9 € ", 
            "description": "Al más puro estilo tradicional de la India, disfruta de una nueva forma de depilación, más eficaz y menos doloroso que otro tipo de depilaciones. Y olvídate del vello por un par de semanas. ¡Disfruta ya de este servicio de depilación con hilo en rostro completo! No lo dudes y reserva ya tu cita cómodamente online. ¿A qué estás esperando? ¡No dejes que te lo cuenten!"
        }
    ]
}