{
    "adid": null, 
    "name": "Dulce Respiro", 
    "name_of_contact": "Dulce Respiro", 
    "scrape_page": "https://www.bucmi.com/dulce-respiro", 
    "business_website": "https://www.bucmi.com/dulce-respiro", 
    "areas_covered": null, 
    "description": "En Dulce Respiro nuestra prioridad es hacerte sentir especial, que al traspasar nuestra puerta el tiempo se detenga durante un rato y al salir lo hagas con una sonrisa y la satisfacción de haber invertido en ti misma. Descúbrenos y date un dulce respiro.", 
    "img_link": [
        "https://d1nd15w2k87kz0.cloudfront.net/Uploads/636104887364781995.jpg", 
        "https://d1nd15w2k87kz0.cloudfront.net/Uploads/636104887366969501.jpg", 
        "https://d1nd15w2k87kz0.cloudfront.net/Uploads/636104887368219501.jpg", 
        "https://d1nd15w2k87kz0.cloudfront.net/Uploads/636104887368532077.jpg", 
        "https://d1nd15w2k87kz0.cloudfront.net/Uploads/636104887368688289.jpg", 
        "https://d1nd15w2k87kz0.cloudfront.net/Uploads/636104887370094555.jpg", 
        "https://d1nd15w2k87kz0.cloudfront.net/Uploads/636104887369000811.jpg"
    ], 
    "hqdb_featured_ad_type": "Featured", 
    "hqdb_nr_reviews": "22", 
    "hqdb_review_score": "9,6", 
    "accreditations": null, 
    "category": null, 
    "subcategory": null, 
    "street": null, 
    "city": "Madrid", 
    "zipcode": "28009", 
    "formatted_address": "Madrid, 28037, Madrid, 28020, Madrid, 28009", 
    "country": "es", 
    "office_number": "910515419", 
    "office_number2": null, 
    "mobile_number": null, 
    "mobile_number2": null, 
    "unidentified_phone_numbers": null, 
    "latitude": "40.4170083000", 
    "longitude": "-3.6716479000", 
    "business_email": null, 
    "yelp_page": null, 
    "facebook": null, 
    "twitter": null, 
    "instagram": null, 
    "venue_images": "https://d1nd15w2k87kz0.cloudfront.net/Logotipos/636104888588350678.jpg", 
    "opening_hours_raw": null, 
    "pricelist_link": null, 
    "services": [
        {
            "service_category": "Preferente", 
            "service": "Masaje Descontracturante", 
            "duration": 2700, 
            "price": "50 € ", 
            "description": "EL precio está indicado para una sesión. Ven a conocernos y ponte en manos de nuestros profesionales. Somos expertos en el cuidado de tu bienestar, por eso, te ofrecemos un masaje descontracturante de 45 minutos de duración que aliviará tus dolores musculares, liberando las tensiones y mejorando tu calidad de vida. Déjate mimar y ¡notarás los resultados! ¿A qué estás esperando para reservar? ¡Hazlo cómodamente online a través de Bucmi.com! ¡Porque nuestra prioridad eres tú!"
        }, 
        {
            "service_category": "Preferente", 
            "service": "Masaje Relajante Azahar", 
            "duration": 3600, 
            "price": "70 € ", 
            "description": "Date el lujo de un masaje relajante con aceite de Azahar con un aroma dulce y cítrico, sus propiedades sedantes lo transforman en un aliado para los casos de tensión nerviosa y de insomnio y junto a las profesionales manos de la masajista evadirás tu mente a un estado hipnótico. ¿Quieres olvidarte de las preocupaciones y el estrés causado por la rutina diaria? Ven a tu Centro de Estética Dulce Respiro y ponte en manos de nuestros mejores profesionales. Disfruta de está experiencia en nuestro centro."
        }, 
        {
            "service_category": "Preferente", 
            "service": "1 Tto Facial Con Radiofrecuencia Y Mesoterapia", 
            "duration": 3600, 
            "price": "65 € ", 
            "description": "Reafirma y crea colágeno en tu piel con SYMMED un innovador método de trabajo que combina la tecnología médico-estética más avanzada y eficaz con un tratamiento especifico y una linea de cosmética diseñada para potenciar el rejuvenecimiento de tu piel. En Dulce Respiro tenemos la tecnología mas avanzada e innovadora para tu piel!"
        }, 
        {
            "service_category": "Preferente", 
            "service": "Limpieza Facial Profunda Más Tratamiento", 
            "duration": 5400, 
            "price": "60 € ", 
            "description": "Maravillosa higiene facial completa más tratamiento facial con productos de CASMARA que incluye limpieza, peeling con punta de diamante, extracción de impurezas, ampolla de tratamiento ( según piel), masaje, mascarilla con extracto de algas marinas ( según piel), e hidratación final, además de una diseño de cejas y depilación de labio superior. ¡tu piel renovada después del verano! No lo dudes es un dulce respiro!!"
        }, 
        {
            "service_category": "Preferente", 
            "service": "1 Sesión Tto Facial Beauté Neuve", 
            "duration": 3600, 
            "price": "55 € ", 
            "description": "Lucir una piel nueva una hora... Beauté Neuve es un tratamiento que elimina las células muertas responsables de los cutis apagados, y que atenúa las manchas oscuras y los excesos de pigmentación. ¿Quieres que tu piel vuelva a recobrar su brillo y luminosidad natural? Ven a tu Centro de Estética Dulce Respiro y ponte en manos de nuestros mejores profesionales. Disfruta de una piel perfecta, suave e hidratada. Devuelve a tu piel su color y aspecto natural. ¡Ponte guapa en Dulce Respiro!"
        }, 
        {
            "service_category": "Preferente", 
            "service": "Tto Facial Vitamínico", 
            "duration": 2700, 
            "price": "50 € ", 
            "description": "En Dulce Respiro cuidamos de tu piel siempre! Este tratamiento de shock consiste en un desmaquillado y tonificado de la piel, junto con una exfoliación que nos permitirá después introducir en la piel un cóctel de vitaminas para devolverle esa vitalidad y luminosidad que siempre nos gusta tener, te relajaras con un masaje facial para después dejar paso a la mascarilla según tu tipo de piel y tu crema final... y VOILA! tu piel desprenderá una energía envidiable... date un Dulce Respiro!"
        }, 
        {
            "service_category": "Estética", 
            "service": "Drenaje Linfático", 
            "duration": 2700, 
            "price": "50 € ", 
            "description": "En Dulce Respiro nos gusta mimarte y que te sientas bien contigo misma, garantizamos los mejores resultados, con los mejores productos y profesionalidad. El drenaje linfático permite obtener buenos resultados en el tratamiento de problemas derivados de la retención de líquidos, circulatorios y de grasas localizadas, además también ayuda a reducir las varices menores, las piernas pesadas y la celulitis. ¡Porque en Dulce Respiro nos preocupamos por tu cuidado, belleza y bienestar!¿A qué esperas para reservar?"
        }, 
        {
            "service_category": "Estética", 
            "service": "1 Sesión Microdermoabrasión Facial", 
            "duration": 2700, 
            "price": "50 € ", 
            "description": "Tratamiento facial que ayuda a lucir una piel joven y radiante, retirando la piel envejecida, con un proceso de pulido que estimula el crecimiento de nuevas células en la piel. El resultado es una piel más oxigenada, tersa y con arrugas y líneas de expresión más suaves. ¡Notarás los resultados! En nuestro centro contamos con lo último en aparatología para conseguir resultados 10. ¡No lo dudes y reserva ya tu cita cómodamente online a través de Bucmi.com! ¿A qué estás esperando? ¡No dejes que te lo cuenten!"
        }, 
        {
            "service_category": "Estética", 
            "service": "1 Sesión Tto Facial Age Summun", 
            "duration": 3600, 
            "price": "70 € ", 
            "description": "AGE SUMMUM es la respuesta de los laboratorios GUINOT para combatir los primeros signos de la edad. Un tratamiento innovador que consigue en tan sólo 60 min. una piel con menos arrugas, más firme y luminosa. ¿Quieres lucir una piel mucho más joven? Ven a tu Centro de Estética Dulce Respiro y ponte en manos de nuestros mejores profesionales. Luce una piel lisa, suave e hidratada. ¡Porque la edad simplemente es un número y en nuestro Centro lo sabemos! ¡No lo pienses, date un dulce respiro!"
        }, 
        {
            "service_category": "Estética", 
            "service": "1 Tto Facial Con Radiofrecuencia Y Mesoterapia", 
            "duration": 3600, 
            "price": "65 € ", 
            "description": "Reafirma y crea colágeno en tu piel con SYMMED un innovador método de trabajo que combina la tecnología médico-estética más avanzada y eficaz con un tratamiento especifico y una linea de cosmética diseñada para potenciar el rejuvenecimiento de tu piel. En Dulce Respiro tenemos la tecnología mas avanzada e innovadora para tu piel!"
        }, 
        {
            "service_category": "Estética", 
            "service": "3 Sesiones Tto Facial Age Summun", 
            "duration": 3600, 
            "price": "180 € ", 
            "description": "AGE SUMMUM es la respuesta de los laboratorios GUINOT para combatir los primeros signos de la edad. Un tratamiento innovador que consigue en tan sólo 60 min. una piel con menos arrugas, más firme y luminosa. ¿Quieres lucir una piel mucho más joven? Ven a tu Centro de Estética Dulce Respiro y ponte en manos de nuestros mejores profesionales. Luce una piel lisa, suave e hidratada. ¡Porque la edad simplemente es un número y en nuestro Centro lo sabemos! ¡No lo pienses date un dulce respiro!"
        }, 
        {
            "service_category": "Estética", 
            "service": "3 Sesiones Tto Facial Beauté Neuve", 
            "duration": 3600, 
            "price": "140 € ", 
            "description": "Lucir una piel nueva en menos de una hora. Beauté Neuve es un tratamiento que elimina las células muertas responsables de los cutis apagados, y que atenúa las manchas oscuras y los excesos de pigmentación. ¿Quieres que tu piel vuelva a recobrar su brillo y luminosidad natural? Ven a tu Centro de Estética Dulce Respiro y ponte en manos de nuestros mejores profesionales. Disfruta de una piel perfecta, suave e hidratada. Devuelve a tu piel su color y aspecto natural. ¡Ponte guapa en Dulce Respiro!"
        }, 
        {
            "service_category": "Estética", 
            "service": "Bono 6 Sesiones Microdermoabrasion", 
            "duration": 2700, 
            "price": "230 € ", 
            "description": "Tratamiento facial que ayuda a lucir una piel joven y radiante, retirando la piel envejecida, con un proceso de pulido que estimula el crecimiento de nuevas células en la piel. El resultado es una piel más oxigenada, tersa y con arrugas y líneas de expresión más suaves. ¡Notarás los resultados! En nuestro centro contamos con lo último en aparatología para conseguir resultados 10. ¡No lo dudes y reserva ya tu cita cómodamente online a través de Bucmi.com! ¿A qué estás esperando? ¡No dejes que te lo cuenten!"
        }, 
        {
            "service_category": "Estética", 
            "service": "Higiene Facial Basica", 
            "duration": 3600, 
            "price": "50 € ", 
            "description": "Presume de cutis radiante de la manera más cómoda y fácil. En Dulce Respiro mimamos cada detalle para que nuestros resultados sean perfectos. Gracias a esta higiene facial lucirás una piel sana, limpia e hidratada. ¡El cutis que siempre has deseado! El servicio incluye peeling, extracción, mascarilla y masaje final. Pruébalo y ¡Desearás repetir! No lo dudes y reserva ya tu cita cómodamente online a través de Bucmi.com. ¿A qué estás esperando? ¡No dejes que te lo cuenten!"
        }, 
        {
            "service_category": "Estética", 
            "service": "Limpieza Facial Profunda Más Tratamiento", 
            "duration": 5400, 
            "price": "60 € ", 
            "description": "Maravillosa higiene facial completa más tratamiento facial con productos de CASMARA que incluye limpieza, peeling con punta de diamante, extracción de impurezas, ampolla de tratamiento ( según piel), masaje, mascarilla con extracto de algas marinas ( según piel), e hidratación final, además de una diseño de cejas y depilación de labio superior. ¡tu piel renovada después del verano! No lo dudes es un dulce respiro!!"
        }, 
        {
            "service_category": "Estética", 
            "service": "1 Sesión Tto Facial Beauté Neuve", 
            "duration": 3600, 
            "price": "55 € ", 
            "description": "Lucir una piel nueva una hora... Beauté Neuve es un tratamiento que elimina las células muertas responsables de los cutis apagados, y que atenúa las manchas oscuras y los excesos de pigmentación. ¿Quieres que tu piel vuelva a recobrar su brillo y luminosidad natural? Ven a tu Centro de Estética Dulce Respiro y ponte en manos de nuestros mejores profesionales. Disfruta de una piel perfecta, suave e hidratada. Devuelve a tu piel su color y aspecto natural. ¡Ponte guapa en Dulce Respiro!"
        }, 
        {
            "service_category": "Estética", 
            "service": "Tto Facial Vitamínico", 
            "duration": 2700, 
            "price": "50 € ", 
            "description": "En Dulce Respiro cuidamos de tu piel siempre! Este tratamiento de shock consiste en un desmaquillado y tonificado de la piel, junto con una exfoliación que nos permitirá después introducir en la piel un cóctel de vitaminas para devolverle esa vitalidad y luminosidad que siempre nos gusta tener, te relajaras con un masaje facial para después dejar paso a la mascarilla según tu tipo de piel y tu crema final... y VOILA! tu piel desprenderá una energía envidiable... date un Dulce Respiro!"
        }, 
        {
            "service_category": "Masaje", 
            "service": "Bono 5 Masajes Relajantes Azahar", 
            "duration": 3600, 
            "price": "285 € ", 
            "description": "Date el lujo de un masaje relajante con aceite de Azahar con un aroma dulce y cítrico, sus propiedades sedantes lo transforman en un aliado para los casos de tensión nerviosa y de insomnio y junto a las profesionales manos de la masajista evadirás tu mente a un estado hipnótico. ¿Quieres olvidarte de las preocupaciones y el estrés causado por la rutina diaria? Ven a tu Centro de Estética Dulce Respiro y ponte en manos de nuestros mejores profesionales. Disfruta de está experiencia en nuestro centro."
        }, 
        {
            "service_category": "Masaje", 
            "service": "Bono 5 Ss Masaje Descontracturante", 
            "duration": 2700, 
            "price": "210 € ", 
            "description": "El precio está indicado para un bono de 4 sesiones más 1 de regalo. Ven a conocernos y ponte en manos de nuestros profesionales. Somos expertos en el cuidado de tu bienestar, por eso, te ofrecemos un masaje descontracturante de 45 minutos de duración que aliviará tus dolores musculares, liberando las tensiones y mejorando tu calidad de vida. Déjate mimar y ¡notarás los resultados! ¿A qué estás esperando para reservar? ¡Hazlo cómodamente online a través de Bucmi.com! ¡Porque nuestra prioridad eres tú!"
        }, 
        {
            "service_category": "Masaje", 
            "service": "Masaje Descontracturante", 
            "duration": 2700, 
            "price": "50 € ", 
            "description": "EL precio está indicado para una sesión. Ven a conocernos y ponte en manos de nuestros profesionales. Somos expertos en el cuidado de tu bienestar, por eso, te ofrecemos un masaje descontracturante de 45 minutos de duración que aliviará tus dolores musculares, liberando las tensiones y mejorando tu calidad de vida. Déjate mimar y ¡notarás los resultados! ¿A qué estás esperando para reservar? ¡Hazlo cómodamente online a través de Bucmi.com! ¡Porque nuestra prioridad eres tú!"
        }, 
        {
            "service_category": "Masaje", 
            "service": "Masaje Relajante Azahar", 
            "duration": 3600, 
            "price": "70 € ", 
            "description": "Date el lujo de un masaje relajante con aceite de Azahar con un aroma dulce y cítrico, sus propiedades sedantes lo transforman en un aliado para los casos de tensión nerviosa y de insomnio y junto a las profesionales manos de la masajista evadirás tu mente a un estado hipnótico. ¿Quieres olvidarte de las preocupaciones y el estrés causado por la rutina diaria? Ven a tu Centro de Estética Dulce Respiro y ponte en manos de nuestros mejores profesionales. Disfruta de está experiencia en nuestro centro."
        }, 
        {
            "service_category": "Depilación", 
            "service": "Depilación Cejas Y Labio Superior", 
            "duration": 900, 
            "price": "12 € ", 
            "description": "¿Quieres lucir una piel libre de vello molesto? En Dulce Respiro cuidamos de todos los detalles, eliminamos ese vello que tanto te incomoda con resultados perfectos. Ponte guapa y date un dulce respiro... Gracias a nuestros expertos estilistas de Dulce Respiro podrás olvidarte de la depilación por un par de semanas. Luce una piel suave, hidratada y nutrida. Dí adiós al vello molesto. Tu piel recobrará su brillo y luminosidad natural. Devuelve a tu piel su color y aspecto natural. Reserva tu cita ahora."
        }, 
        {
            "service_category": "Depilación", 
            "service": "Depilación Con Cera Axilas", 
            "duration": 900, 
            "price": "9 € ", 
            "description": "¿Quieres lucir una piel libre de vello molesto? En Dulce Respiro cuidamos de todos los detalles, eliminamos ese vello que tanto te incomoda con resultados perfectos. Ponte guapa y date un dulce respiro... Gracias a nuestros expertos estilistas de Dulce Respiro podrás olvidarte de la depilación por un par de semanas. Luce una piel suave, hidratada y nutrida. Dí adiós al vello molesto. Tu piel recobrará su brillo y luminosidad natural. Devuelve a tu piel su color y aspecto natural. Reserva tu cita ahora."
        }, 
        {
            "service_category": "Depilación", 
            "service": "Depilación Con Cera Brazos Hombre", 
            "duration": 900, 
            "price": "20 € ", 
            "description": "¿Quieres lucir una piel libre de vello molesto? En Dulce Respiro cuidamos de todos los detalles, eliminamos ese vello que tanto te incomoda con resultados perfectos. Ponte guapa y date un dulce respiro... Gracias a nuestros expertos estilistas de Dulce Respiro podrás olvidarte de la depilación por un par de semanas. Luce una piel suave, hidratada y nutrida. Dí adiós al vello molesto. Tu piel recobrará su brillo y luminosidad natural. Devuelve a tu piel su color y aspecto natural. Reserva tu cita ahora."
        }, 
        {
            "service_category": "Depilación", 
            "service": "Depilación Con Cera Brazos Mujer", 
            "duration": 900, 
            "price": "15 € ", 
            "description": "¿Quieres lucir una piel libre de vello molesto? En Dulce Respiro cuidamos de todos los detalles, eliminamos ese vello que tanto te incomoda con resultados perfectos. Ponte guapa y date un dulce respiro... Gracias a nuestros expertos estilistas de Dulce Respiro podrás olvidarte de la depilación por un par de semanas. Luce una piel suave, hidratada y nutrida. Dí adiós al vello molesto. Tu piel recobrará su brillo y luminosidad natural. Devuelve a tu piel su color y aspecto natural. Reserva tu cita ahora."
        }, 
        {
            "service_category": "Depilación", 
            "service": "Depilación Con Cera Cuerpo Completo Hombre", 
            "duration": 5400, 
            "price": "105 € ", 
            "description": "¿Quieres lucir una piel libre de vello molesto? En Dulce Respiro cuidamos de todos los detalles, eliminamos ese vello que tanto te incomoda con resultados perfectos. Ponte guapa y date un dulce respiro... Gracias a nuestros expertos estilistas de Dulce Respiro podrás olvidarte de la depilación por un par de semanas. Luce una piel suave, hidratada y nutrida. Dí adiós al vello molesto. Tu piel recobrará su brillo y luminosidad natural. Devuelve a tu piel su color y aspecto natural. Reserva tu cita ahora."
        }, 
        {
            "service_category": "Depilación", 
            "service": "Depilación Con Cera Cuerpo Completo Mujer", 
            "duration": 3600, 
            "price": "85 € ", 
            "description": "¿Quieres lucir una piel libre de vello molesto? En Dulce Respiro cuidamos de todos los detalles, eliminamos ese vello que tanto te incomoda con resultados perfectos. Ponte guapa y date un dulce respiro... Gracias a nuestros expertos estilistas de Dulce Respiro podrás olvidarte de la depilación por un par de semanas. Luce una piel suave, hidratada y nutrida. Dí adiós al vello molesto. Tu piel recobrará su brillo y luminosidad natural. Devuelve a tu piel su color y aspecto natural. Reserva tu cita ahora."
        }, 
        {
            "service_category": "Depilación", 
            "service": "Depilación Con Cera Espalda Hombre", 
            "duration": 900, 
            "price": "18 € ", 
            "description": "¿Quieres lucir una piel libre de vello molesto? En Dulce Respiro cuidamos de todos los detalles, eliminamos ese vello que tanto te incomoda con resultados perfectos. Ponte guapa y date un dulce respiro... Gracias a nuestros expertos estilistas de Dulce Respiro podrás olvidarte de la depilación por un par de semanas. Luce una piel suave, hidratada y nutrida. Dí adiós al vello molesto. Tu piel recobrará su brillo y luminosidad natural. Devuelve a tu piel su color y aspecto natural. Reserva tu cita ahora."
        }, 
        {
            "service_category": "Depilación", 
            "service": "Depilación Con Cera Espalda Mujer", 
            "duration": 900, 
            "price": "15 € ", 
            "description": "¿Quieres lucir una piel libre de vello molesto? En Dulce Respiro cuidamos de todos los detalles, eliminamos ese vello que tanto te incomoda con resultados perfectos. Ponte guapa y date un dulce respiro... Gracias a nuestros expertos estilistas de Dulce Respiro podrás olvidarte de la depilación por un par de semanas. Luce una piel suave, hidratada y nutrida. Dí adiós al vello molesto. Tu piel recobrará su brillo y luminosidad natural. Devuelve a tu piel su color y aspecto natural. Reserva tu cita ahora."
        }, 
        {
            "service_category": "Depilación", 
            "service": "Depilación Con Cera Ingles", 
            "duration": 900, 
            "price": "9 € ", 
            "description": "¿Quieres lucir una piel libre de vello molesto? En Dulce Respiro cuidamos de todos los detalles, eliminamos ese vello que tanto te incomoda con resultados perfectos. Ponte guapa y date un dulce respiro... Gracias a nuestros expertos estilistas de Dulce Respiro podrás olvidarte de la depilación por un par de semanas. Luce una piel suave, hidratada y nutrida. Dí adiós al vello molesto. Tu piel recobrará su brillo y luminosidad natural. Devuelve a tu piel su color y aspecto natural. Reserva tu cita ahora."
        }, 
        {
            "service_category": "Depilación", 
            "service": "Depilación Con Cera Ingles Brasileñas", 
            "duration": 900, 
            "price": "15 € ", 
            "description": "¿Quieres lucir una piel libre de vello molesto? En Dulce Respiro cuidamos de todos los detalles, eliminamos ese vello que tanto te incomoda con resultados perfectos. Ponte guapa y date un dulce respiro... Gracias a nuestros expertos estilistas de Dulce Respiro podrás olvidarte de la depilación por un par de semanas. Luce una piel suave, hidratada y nutrida. Dí adiós al vello molesto. Tu piel recobrará su brillo y luminosidad natural. Devuelve a tu piel su color y aspecto natural. Reserva tu cita ahora."
        }, 
        {
            "service_category": "Depilación", 
            "service": "Depilación Con Cera Labio Superior", 
            "duration": 900, 
            "price": "4 € ", 
            "description": "¿Quieres lucir una piel libre de vello molesto? En Dulce Respiro cuidamos de todos los detalles, eliminamos ese vello que tanto te incomoda con resultados perfectos. Ponte guapa y date un dulce respiro... Gracias a nuestros expertos estilistas de Dulce Respiro podrás olvidarte de la depilación por un par de semanas. Luce una piel suave, hidratada y nutrida. Dí adiós al vello molesto. Tu piel recobrará su brillo y luminosidad natural. Devuelve a tu piel su color y aspecto natural. Reserva tu cita ahora."
        }, 
        {
            "service_category": "Depilación", 
            "service": "Depilación Con Cera Medias Piernas Hombre", 
            "duration": 900, 
            "price": "15 € ", 
            "description": "¿Quieres lucir una piel libre de vello molesto? En Dulce Respiro cuidamos de todos los detalles, eliminamos ese vello que tanto te incomoda con resultados perfectos. Ponte guapa y date un dulce respiro... Gracias a nuestros expertos estilistas de Dulce Respiro podrás olvidarte de la depilación por un par de semanas. Luce una piel suave, hidratada y nutrida. Dí adiós al vello molesto. Tu piel recobrará su brillo y luminosidad natural. Devuelve a tu piel su color y aspecto natural. Reserva tu cita ahora."
        }, 
        {
            "service_category": "Depilación", 
            "service": "Depilación Con Cera Medias Piernas Mujer", 
            "duration": 900, 
            "price": "12 € ", 
            "description": "¿Quieres lucir una piel libre de vello molesto? En Dulce Respiro cuidamos de todos los detalles, eliminamos ese vello que tanto te incomoda con resultados perfectos. Ponte guapa y date un dulce respiro... Gracias a nuestros expertos estilistas de Dulce Respiro podrás olvidarte de la depilación por un par de semanas. Luce una piel suave, hidratada y nutrida. Dí adiós al vello molesto. Tu piel recobrará su brillo y luminosidad natural. Devuelve a tu piel su color y aspecto natural. Reserva tu cita ahora."
        }, 
        {
            "service_category": "Depilación", 
            "service": "Depilación Con Cera Piernas Completas Hombre", 
            "duration": 1800, 
            "price": "18 € ", 
            "description": "¿Quieres lucir una piel libre de vello molesto? En Dulce Respiro cuidamos de todos los detalles, eliminamos ese vello que tanto te incomoda con resultados perfectos. Ponte guapa y date un dulce respiro... Gracias a nuestros expertos estilistas de Dulce Respiro podrás olvidarte de la depilación por un par de semanas. Luce una piel suave, hidratada y nutrida. Dí adiós al vello molesto. Tu piel recobrará su brillo y luminosidad natural. Devuelve a tu piel su color y aspecto natural. Reserva tu cita ahora."
        }, 
        {
            "service_category": "Depilación", 
            "service": "Depilación Con Cera Piernas Completas Mujer", 
            "duration": 900, 
            "price": "15 € ", 
            "description": "¿Quieres lucir una piel libre de vello molesto? En Dulce Respiro cuidamos de todos los detalles, eliminamos ese vello que tanto te incomoda con resultados perfectos. Ponte guapa y date un dulce respiro... Gracias a nuestros expertos estilistas de Dulce Respiro podrás olvidarte de la depilación por un par de semanas. Luce una piel suave, hidratada y nutrida. Dí adiós al vello molesto. Tu piel recobrará su brillo y luminosidad natural. Devuelve a tu piel su color y aspecto natural. Reserva tu cita ahora."
        }, 
        {
            "service_category": "Depilación", 
            "service": "Depilación Con Cera Pubis", 
            "duration": 1800, 
            "price": "20 € ", 
            "description": "¿Quieres lucir una piel libre de vello molesto? En Dulce Respiro cuidamos de todos los detalles, eliminamos ese vello que tanto te incomoda con resultados perfectos. Ponte guapa y date un dulce respiro... Gracias a nuestros expertos estilistas de Dulce Respiro podrás olvidarte de la depilación por un par de semanas. Luce una piel suave, hidratada y nutrida. Dí adiós al vello molesto. Tu piel recobrará su brillo y luminosidad natural. Devuelve a tu piel su color y aspecto natural. Reserva tu cita ahora."
        }, 
        {
            "service_category": "Depilación", 
            "service": "Depilación Con Cera Torax Y Abdomen", 
            "duration": 900, 
            "price": "25 € ", 
            "description": "¿Quieres lucir una piel libre de vello molesto? En Dulce Respiro cuidamos de todos los detalles, eliminamos ese vello que tanto te incomoda con resultados perfectos. Ponte guapa y date un dulce respiro... Gracias a nuestros expertos estilistas de Dulce Respiro podrás olvidarte de la depilación por un par de semanas. Luce una piel suave, hidratada y nutrida. Dí adiós al vello molesto. Tu piel recobrará su brillo y luminosidad natural. Devuelve a tu piel su color y aspecto natural. Reserva tu cita ahora."
        }, 
        {
            "service_category": "Depilación", 
            "service": "Depilación De Cejas Con Pinzas", 
            "duration": 900, 
            "price": "9 € ", 
            "description": "Estudiaremos tu rostro y daremos un estilo a tus cejas para que creen una mirada más luminosa. Gracias a nuestros expertos estilistas no solo conseguiremos enmarcar tu mirada para que luzca perfecta, si no que potenciaremos tu belleza natural. Luce una mirada penetrante y cautivadora. Dí adiós al vello molesto de tus cejas y realza tu mirada con un diseño que se adapte a tu rostro y facciones. Presume de una mirada atractiva y seductora. Reserva tu cita online a través de Bucmi.com."
        }, 
        {
            "service_category": "Depilación", 
            "service": "Depilación Diseño De Cejas Y Labio Superior", 
            "duration": 900, 
            "price": "15 € ", 
            "description": "¿Quieres lucir una piel libre de vello molesto? En Dulce Respiro cuidamos de todos los detalles, eliminamos ese vello que tanto te incomoda con resultados perfectos. Ponte guapa y date un dulce respiro... Gracias a nuestros expertos estilistas de Dulce Respiro podrás olvidarte de la depilación por un par de semanas. Luce una piel suave, hidratada y nutrida. Dí adiós al vello molesto. Tu piel recobrará su brillo y luminosidad natural. Devuelve a tu piel su color y aspecto natural. Reserva tu cita ahora."
        }, 
        {
            "service_category": "Depilación", 
            "service": "Depilación Zona Pequeña ( Linea Alba, Menton...)", 
            "duration": 900, 
            "price": "6 € ", 
            "description": "¿Quieres lucir una piel libre de vello molesto? En Dulce Respiro cuidamos de todos los detalles, eliminamos ese vello que tanto te incomoda con resultados perfectos. Ponte guapa y date un dulce respiro... Gracias a nuestros expertos estilistas de Dulce Respiro podrás olvidarte de la depilación por un par de semanas. Luce una piel suave, hidratada y nutrida. Dí adiós al vello molesto. Tu piel recobrará su brillo y luminosidad natural. Devuelve a tu piel su color y aspecto natural. Reserva tu cita ahora."
        }, 
        {
            "service_category": "Depilación", 
            "service": "Diseño De Cejas Con Pinzas", 
            "duration": 900, 
            "price": "12 € ", 
            "description": "¿Quieres lucir una mirada penetrante gracias a tus cejas? Diseña tus cejas acorde a tu mirada. Ven a tu Centro de Estética Dulce Respiro y ponte en manos de nuestros mejores profesionales. Te asesorarán en todo momento y adecuarán el diseño de tus cejas a tu mirada y rasgos faciales. Luce unas cejas bonitas y bien diseñadas que resalten as facciones tan bonitas de tu cara. Reserva tu cita cómodamente online a través de Bucmi.com. ¡Ven a visitarnos! ¡No dejes que te lo cuenten!"
        }, 
        {
            "service_category": "Varios", 
            "service": "Bono 5 Sesiones Masaje Hindú", 
            "duration": 1800, 
            "price": "180 € ", 
            "description": "Este delicioso masaje consiste en un masaje craneo-facial indicado para liberar tensiones cervicales y dolores de cabeza, con las suaves presiones en puntos localizados y los movimientos lentos característicos de este masaje liberaremos todo el estrés mental y emocional. ¿Necesitas desconectar tu mente?Ven a tu Centro de Estética Dulce Respiro y ponte en manos de nuestros mejores profesionales. Desconecta tu cuerpo y mente. Disfruta de está experiencia. ¡no lo pienses te mereces un dulce respiro!"
        }, 
        {
            "service_category": "Varios", 
            "service": "Masaje Especial Dulce Respiro", 
            "duration": 3600, 
            "price": "110 € ", 
            "description": "¡Nuestro masaje estrella! ¿te imaginas que el centro cierra exclusivamente para ti en el centro de Madrid? disfrutaras de un masaje a 4 manos durante una hora en un ambiente especialmente cuidado, y es que de vez en cuando nos merecemos un dulce respiro. ¿Necesitas desconectar de tu rutina diaria? Ven a tu Centro de Estética Dulce Respiro y ponte en manos de nuestros mejores profesionales. Sumérgete en un universo de relax y bienestar. Disfruta de está experiencia en nuestro centro."
        }, 
        {
            "service_category": "Varios", 
            "service": "Masaje Hindú", 
            "duration": 1800, 
            "price": "45 € ", 
            "description": "Este delicioso masaje consiste en un masaje craneo-facial indicado para liberar tensiones cervicales y dolores de cabeza, con las suaves presiones en puntos localizados y los movimientos lentos característicos de este masaje liberaremos todo el estrés mental y emocional. ¿Necesitas desconectar tu mente?Ven a tu Centro de Estética Dulce Respiro y ponte en manos de nuestros mejores profesionales. Desconecta tu cuerpo y mente. Disfruta de está experiencia. ¡no lo pienses te mereces un dulce respiro!"
        }
    ]
}