{
    "adid": null, 
    "name": "NAILS COUTURE", 
    "name_of_contact": "NAILS COUTURE", 
    "scrape_page": "https://www.bucmi.com/nailscouture", 
    "business_website": "https://www.bucmi.com/nailscouture", 
    "areas_covered": null, 
    "description": "Nails Couture está situado en la zona de la Castellana de Madrid, en la calle Hernani, es un centro súper coqueto con papel pintado en las paredes, sillones vintage y un ambiente que te hace sentir cómoda y relajada nada más entrar.", 
    "img_link": [
        "https://d1nd15w2k87kz0.cloudfront.net/Uploads/636008277771358197.jpg", 
        "https://d1nd15w2k87kz0.cloudfront.net/Uploads/636008277777608208.jpg", 
        "https://d1nd15w2k87kz0.cloudfront.net/Uploads/636008277779795437.jpg", 
        "https://d1nd15w2k87kz0.cloudfront.net/Uploads/636008277782607852.jpg", 
        "https://d1nd15w2k87kz0.cloudfront.net/Uploads/636008277786201907.jpg", 
        "https://d1nd15w2k87kz0.cloudfront.net/Uploads/636008277808076871.jpg", 
        "https://d1nd15w2k87kz0.cloudfront.net/Uploads/636008277810107770.jpg", 
        "https://d1nd15w2k87kz0.cloudfront.net/Uploads/636008277813545601.jpg"
    ], 
    "hqdb_featured_ad_type": "Featured", 
    "hqdb_nr_reviews": "9", 
    "hqdb_review_score": "9,1", 
    "accreditations": null, 
    "category": null, 
    "subcategory": null, 
    "street": "C/ Hernani, 54", 
    "city": "Madrid", 
    "zipcode": "28020", 
    "formatted_address": "C/ Hernani, 54, Madrid, 28020", 
    "country": "es", 
    "office_number": "915341708", 
    "office_number2": null, 
    "mobile_number": null, 
    "mobile_number2": null, 
    "unidentified_phone_numbers": null, 
    "latitude": "40.4479464000", 
    "longitude": "-3.6978934999", 
    "business_email": null, 
    "yelp_page": null, 
    "facebook": null, 
    "twitter": null, 
    "instagram": null, 
    "venue_images": "https://d1nd15w2k87kz0.cloudfront.net/Logotipos/636008278416844816.jpg", 
    "opening_hours_raw": null, 
    "pricelist_link": null, 
    "services": [
        {
            "service_category": "Preferente", 
            "service": "Limpieza Facial Profunda The Cure + Manicura Spa", 
            "duration": 5400, 
            "price": "99 € ", 
            "description": "Limpieza facial profunda basado en la desintoxicación enzimática termoactiva. Una innovadora y auténtica Cura de Belleza que reúne ingredientes capaces de restaurar el daño celular, hidratar y desintoxicar la piel + Manicura SPA con esmaltado SEMIPERMANENTE el esmaltado dura una media de 40 días con un brillo perfecto como se le acabaras de aplicar. ¡Es el tratamiento perfecto para estar como nueva!"
        }, 
        {
            "service_category": "Preferente", 
            "service": "Manicura Express", 
            "duration": 900, 
            "price": "15 € ", 
            "description": "¿Quieres lucir unas uñas preciosas pero sólo dispones de 15 minutos? La manicura express es la solución más indicada para estos casos. Cortar, limar y esmaltar a gusto. Incluso saldrá más relajada gracias a un rápido masaje de hidratación. Incluye también esmaltado francesa."
        }, 
        {
            "service_category": "Preferente", 
            "service": "Pedicura Express", 
            "duration": 1800, 
            "price": "23 € ", 
            "description": "Si dispone de poco tiempo pero no quiere renunciar a unos pies bien cuidados, ésa la solución más adecuada! Limar, cortar y esmaltar. Seguido siempre de nuestro masaje de hidratación express… Incluye francesa."
        }, 
        {
            "service_category": "Preferente", 
            "service": "Manicura Spa", 
            "duration": 1800, 
            "price": "23 € ", 
            "description": "Todos los pasos para lucir unas manos perfectas: limado, hidratación y eliminación de cutículas, exfoliación y una hidratación completa con un delicioso masaje . Por último, esmaltado a gusto. ¡Elige tu aroma favorito! Incluido esmalte en francesa."
        }, 
        {
            "service_category": "Preferente", 
            "service": "Pedicura Spa", 
            "duration": 2700, 
            "price": "40 € ", 
            "description": "Todos los pasos para lucir unos pies perfectos: limar, cortar, retirada de cutículas y durezas, peeling y un maravilloso y placentero masaje de hidratación con tu aroma preferido. Para finalizar, esmaltado a gusto."
        }, 
        {
            "service_category": "Preferente", 
            "service": "Facial Limpieza Profunda", 
            "duration": 3600, 
            "price": "60 € ", 
            "description": "“The Cure” de Natura Bissé Un meticuloso protocolo de limpieza basado en la desintoxicación enzimática termoactiva: calor enzimético para abrir y ablandar los poros y frescura botánica para volver a cerrarlos y purificarlos"
        }, 
        {
            "service_category": "Estética", 
            "service": "Limpieza Facial Profunda The Cure + Tto Facial", 
            "duration": 7200, 
            "price": "135 € ", 
            "description": "Meticuloso protocolo de limpieza facial profunda basado en la desintoxicación enzimática termoactiva. Una innovadora y auténtica Cura de Belleza que reúne ingredientes capaces de restaurar el daño celular, hidratar y desintoxicar la piel. Incluye extracciones realizadas con una técnica desincrustante mediante la aplicación de ácido glicólico tamponado. Al finalizar el protocolo de limpieza se realiza un completo tratamiento facial en función del tipo de piel."
        }, 
        {
            "service_category": "Estética", 
            "service": "Limpieza Facial Profunda The Cure + Manicura Spa", 
            "duration": 5400, 
            "price": "99 € ", 
            "description": "Limpieza facial profunda basado en la desintoxicación enzimática termoactiva. Una innovadora y auténtica Cura de Belleza que reúne ingredientes capaces de restaurar el daño celular, hidratar y desintoxicar la piel + Manicura SPA con esmaltado SEMIPERMANENTE el esmaltado dura una media de 40 días con un brillo perfecto como se le acabaras de aplicar. ¡Es el tratamiento perfecto para estar como nueva!"
        }, 
        {
            "service_category": "Estética", 
            "service": "Corporal Anticelulitis", 
            "duration": 5400, 
            "price": "75 € ", 
            "description": "Tratamiento de remodelación con capacidad para reducir la celulitis y prevenir la formación de adipocitos, se practica según necesidad del cliente. Todos nuestros tratamientos son manuales."
        }, 
        {
            "service_category": "Estética", 
            "service": "Corporal Reafirmante", 
            "duration": 5400, 
            "price": "75 € ", 
            "description": "Tratamiento de remodelación con capacidad para reforzar el entramado dérmico y aportar solidez y firmeza a los tejidos, reafirmando el cuerpo. Se practicará según la necesidad de cada cliente."
        }, 
        {
            "service_category": "Estética", 
            "service": "Facial Antiedad - Colágeno", 
            "duration": 3600, 
            "price": "75 € ", 
            "description": "Es un tratamiento reparador de la estructura cutánea que se enfoca en frenar los efectos del paso del tiempo desde el nivel más básico, celular, para obtener como resultado una piel más firme y resplandesciente."
        }, 
        {
            "service_category": "Estética", 
            "service": "Higiene Facial Oxigenante", 
            "duration": 3600, 
            "price": "75 € ", 
            "description": "Este tratamiento libera moléculas de oxígeno puro en la piel, las cuales aportan energía a las células y permiten eliminar las toxinas almacenadas en los poros para alcanzar un estado de pureza y relax."
        }, 
        {
            "service_category": "Estética", 
            "service": "Manicura Nails Couture Antiaging", 
            "duration": 2700, 
            "price": "30 € ", 
            "description": "Todos los pasos de la manicura SPA más nuestro toque diferencial: la aplicación de un serum antiedad, antimanchas y una hidratación profunda a tu medida (aplicación de una mascarilla termal con distintos aromas a tu elección)."
        }, 
        {
            "service_category": "Estética", 
            "service": "Peeling Corporal M Reafirmante Con Vitamina C+C", 
            "duration": 3600, 
            "price": "67 € ", 
            "description": "Se realiza el ritual anterior pero terminando con un masaje con Vitamina C+C que tiene un gran poder antioxidante y reafirmante que estimula la formación de colágeno"
        }, 
        {
            "service_category": "Estética", 
            "service": "Peeling Corporal Y Masaje Hidratante", 
            "duration": 3600, 
            "price": "60 € ", 
            "description": "Nails Couture ofrece uno de los peelings corporales de mayor placer al envolver todo el cuerpo con un baño completo de miel que, tras humedecer con agua, el tratamiento se transforma en un baño puro de hidratación y regeneración para todo el cuerpo"
        }, 
        {
            "service_category": "Estética", 
            "service": "Tratamiento Corporal Reductor", 
            "duration": 5400, 
            "price": "75 € ", 
            "description": "Tratamiento corporal reductor de remodelación específico para obtener una reducción de volumen y grasa localizada."
        }, 
        {
            "service_category": "Estética", 
            "service": "Tratamiento Facial Antiedad Vitamina C", 
            "duration": 3600, 
            "price": "75 € ", 
            "description": "Este tratamiento anti-oxidante repara la piel maltratada por el sol u otros agentes externos combatiendo los signos prematuros de envejecimiento."
        }, 
        {
            "service_category": "Estética", 
            "service": "Facial Limpieza Profunda", 
            "duration": 3600, 
            "price": "60 € ", 
            "description": "“The Cure” de Natura Bissé Un meticuloso protocolo de limpieza basado en la desintoxicación enzimática termoactiva: calor enzimético para abrir y ablandar los poros y frescura botánica para volver a cerrarlos y purificarlos"
        }, 
        {
            "service_category": "Manicura y Pedicura", 
            "service": "Limpieza Facial Profunda The Cure + Manicura Spa", 
            "duration": 5400, 
            "price": "99 € ", 
            "description": "Limpieza facial profunda basado en la desintoxicación enzimática termoactiva. Una innovadora y auténtica Cura de Belleza que reúne ingredientes capaces de restaurar el daño celular, hidratar y desintoxicar la piel + Manicura SPA con esmaltado SEMIPERMANENTE el esmaltado dura una media de 40 días con un brillo perfecto como se le acabaras de aplicar. ¡Es el tratamiento perfecto para estar como nueva!"
        }, 
        {
            "service_category": "Manicura y Pedicura", 
            "service": "Manicura Express", 
            "duration": 900, 
            "price": "15 € ", 
            "description": "¿Quieres lucir unas uñas preciosas pero sólo dispones de 15 minutos? La manicura express es la solución más indicada para estos casos. Cortar, limar y esmaltar a gusto. Incluso saldrá más relajada gracias a un rápido masaje de hidratación. Incluye también esmaltado francesa."
        }, 
        {
            "service_category": "Manicura y Pedicura", 
            "service": "Manicura Gel Couture", 
            "duration": 2700, 
            "price": "30 € ", 
            "description": "Descubre Gel Couture, la nueva manicura de acabado gel de la marca Essie y consigue un esmaltado brillante y de larga duración en dos sencillos pasos. Gracias al exclusivo diseño de su pincel y la tecnología de su fórmula mantendrás tu manicura perfecta hasta 12 días. Una manicura de alta costura de fácil retirado y que no requiere lámpara de secado."
        }, 
        {
            "service_category": "Manicura y Pedicura", 
            "service": "Manicura Nails Couture Antiaging", 
            "duration": 2700, 
            "price": "30 € ", 
            "description": "Todos los pasos de la manicura SPA más nuestro toque diferencial: la aplicación de un serum antiedad, antimanchas y una hidratación profunda a tu medida (aplicación de una mascarilla termal con distintos aromas a tu elección)."
        }, 
        {
            "service_category": "Manicura y Pedicura", 
            "service": "Manicura Y Pedicura Gel Couture", 
            "duration": 7200, 
            "price": "75 € ", 
            "description": "Descubre el esmaltado con acabado gel de la marca Essie y consigue una manicura y pedicura brillante y de larga duración en dos pasos. Gracias al diseño de sus pinceles y la tecnología de su fórmula mantendrás tu manipedi perfecta hasta 12 días. Escoge tu color de alta costura y disfruta de un servicio en dos pasos que no requiere lámpara y es de fácil retirado."
        }, 
        {
            "service_category": "Manicura y Pedicura", 
            "service": "Pedicura Gel Couture", 
            "duration": 3600, 
            "price": "45 € ", 
            "description": "Descubre los nuevos esmaltes de acabado gel de la marca Essie y consigue una pedicura brillante y de larga duración. Gracias al diseño del pincel Gel Couture y la tecnología de su fórmula, mantendrás tu pedicura perfecta durante hasta 12 días. Además, gracias al secado sin lámpara hace que el retirado sea mucho más sencillo."
        }, 
        {
            "service_category": "Manicura y Pedicura", 
            "service": "Pedicura Nails Couture", 
            "duration": 3600, 
            "price": "48 € ", 
            "description": "Nuestra propuesta incluye una completa exfoliación (hasta la rodilla) e hidratación profunda mediante la aplicación de una mascarilla termal de distintos aromas. Para finalizar, un completo y relajante masaje hasta la rodilla…."
        }, 
        {
            "service_category": "Manicura y Pedicura", 
            "service": "Pedicura Spa De Esmaltado Semi-Permanente", 
            "duration": 3600, 
            "price": "50 € ", 
            "description": "Todos los pasos de la pedicura SPA pero con una gran valor añadido: el esmaltado dura una media de 40 días con un brillo perfecto como se le acabaras de aplicar. ¡Abúrrete del color! Puedes elegir entre color o francesa."
        }, 
        {
            "service_category": "Manicura y Pedicura", 
            "service": "Pedicura Express", 
            "duration": 1800, 
            "price": "23 € ", 
            "description": "Si dispone de poco tiempo pero no quiere renunciar a unos pies bien cuidados, ésa la solución más adecuada! Limar, cortar y esmaltar. Seguido siempre de nuestro masaje de hidratación express… Incluye francesa."
        }, 
        {
            "service_category": "Manicura y Pedicura", 
            "service": "Manicura Spa", 
            "duration": 1800, 
            "price": "23 € ", 
            "description": "Todos los pasos para lucir unas manos perfectas: limado, hidratación y eliminación de cutículas, exfoliación y una hidratación completa con un delicioso masaje . Por último, esmaltado a gusto. ¡Elige tu aroma favorito! Incluido esmalte en francesa."
        }, 
        {
            "service_category": "Manicura y Pedicura", 
            "service": "Manicura Spa Gel Color Esmaltado Semi-Permanente", 
            "duration": 3600, 
            "price": "39 € ", 
            "description": "Todos los pasos de la manicura SPA pero con un gran valor añadido: el esmaltado dura una media de 15 días con un brillo perfecto como si lo acabaras de aplicar. ¡Abúrrete del color! Incluida también esmalte en francesa."
        }, 
        {
            "service_category": "Manicura y Pedicura", 
            "service": "Pedicura Spa", 
            "duration": 2700, 
            "price": "40 € ", 
            "description": "Todos los pasos para lucir unos pies perfectos: limar, cortar, retirada de cutículas y durezas, peeling y un maravilloso y placentero masaje de hidratación con tu aroma preferido. Para finalizar, esmaltado a gusto."
        }
    ]
}