{
    "adid": null, 
    "name": "Natural Equilibrio", 
    "name_of_contact": "Natural Equilibrio", 
    "scrape_page": "https://www.bucmi.com/natural-equilibrio", 
    "business_website": "https://www.bucmi.com/natural-equilibrio", 
    "areas_covered": null, 
    "description": "En Centro de Estética Natural Equilibrio, situado en la zona de Embajadores, encontrarás servicios de depilación y cuidado para tu cuerpo. Ven a nuestro centro y disfruta también de nuestros masajes. Utilizamos productos naturales y veganos.", 
    "img_link": [
        "https://d1nd15w2k87kz0.cloudfront.net/Uploads/636191516749872340.jpg", 
        "https://d1nd15w2k87kz0.cloudfront.net/Uploads/636199146940371168.jpg", 
        "https://d1nd15w2k87kz0.cloudfront.net/Uploads/636219982517751782.jpg", 
        "https://d1nd15w2k87kz0.cloudfront.net/Uploads/636219987063410586.jpg", 
        "https://d1nd15w2k87kz0.cloudfront.net/Uploads/636219987103565782.jpg", 
        "https://d1nd15w2k87kz0.cloudfront.net/Uploads/636219987183407381.jpg", 
        "https://d1nd15w2k87kz0.cloudfront.net/Uploads/636219987214344026.jpg", 
        "https://d1nd15w2k87kz0.cloudfront.net/Uploads/636219987298872890.jpg", 
        "https://d1nd15w2k87kz0.cloudfront.net/Uploads/636219987458868572.jpg", 
        "https://d1nd15w2k87kz0.cloudfront.net/Uploads/636219990728624180.jpg", 
        "https://d1nd15w2k87kz0.cloudfront.net/Uploads/636301262179863779.jpg"
    ], 
    "hqdb_featured_ad_type": "Featured", 
    "hqdb_nr_reviews": "15", 
    "hqdb_review_score": "9,7", 
    "accreditations": null, 
    "category": null, 
    "subcategory": null, 
    "street": "C/ Finisterre, 19", 
    "city": "Madrid", 
    "zipcode": "28045", 
    "formatted_address": "C/ Finisterre, 19, Madrid, 28045", 
    "country": "es", 
    "office_number": "918215310", 
    "office_number2": null, 
    "mobile_number": null, 
    "mobile_number2": null, 
    "unidentified_phone_numbers": null, 
    "latitude": "40.3999006000", 
    "longitude": "-3.6992731000", 
    "business_email": null, 
    "yelp_page": null, 
    "facebook": null, 
    "twitter": null, 
    "instagram": null, 
    "venue_images": "https://d1nd15w2k87kz0.cloudfront.net/Logotipos/636221580088975339.jpg", 
    "opening_hours_raw": null, 
    "pricelist_link": null, 
    "services": [
        {
            "service_category": "Preferente", 
            "service": "Depilación Con Hilo Cejas", 
            "duration": 900, 
            "price": "9 € ", 
            "description": "La depilación con hilo te permitirá definir las cejas con un bonito aspecto y puede llegar a ser más precisa que la depilación con cera, ya que se sacan los pelos uno a uno. Un método muy efectivo, rápido y con unos resultados increíbles. Ven a conocernos y ¡desearás repetir!"
        }, 
        {
            "service_category": "Preferente", 
            "service": "Depilación Con Hilo Labio", 
            "duration": 900, 
            "price": "6 € ", 
            "description": "Eficaz método de depilación para eliminar ese vello no deseado durante semanas. Con unas ventajas tal como que no irrita la piel, es rápido, previene las arrugas, poco dolor, más precisa y duradera. Ponte en manos de nuestros profesionales y disfruta de las ventajas de esta técnica. ¡Te encantará!"
        }, 
        {
            "service_category": "Preferente", 
            "service": "Higiene Facial", 
            "duration": 5400, 
            "price": "38 € ", 
            "description": "Luce una piel radiante y libre de impurezas de la mano de los mejores profesionales y los mejores productos. Ponte en nuestras manos, relájate y desconecta mientras ponemos tu piel a punto. Disfruta de una piel sana y cuidada, con nuestra limpieza de cutis profunda."
        }, 
        {
            "service_category": "Preferente", 
            "service": "Masaje Descontracturante", 
            "duration": 2700, 
            "price": "25 € ", 
            "description": "Si notas molestias o tienes dolores musculares, este es el servicio ideal para aliviarlos. Ponte en manos de nuestros profesionales y mejora tu bienestar con nosotros. ¡Notarás una increíble mejora!"
        }, 
        {
            "service_category": "Preferente", 
            "service": "Piernas Enteras Mujer Azúcar", 
            "duration": 1800, 
            "price": "16 € ", 
            "description": "Un maravilloso método de depilación realizado a base de azucar, parecido al de la cera, pero tiene incluso más ventajas. Elimina durante semanas el vello no deseado en tus piernas, de una forma menos dolorosa que la cera, y con unos resultados inigualables. Luce unas piernas suaves y libre de vello. Servicio indicado para mujeres."
        }, 
        {
            "service_category": "Estética", 
            "service": "Higiene Facial", 
            "duration": 5400, 
            "price": "38 € ", 
            "description": "Luce una piel radiante y libre de impurezas de la mano de los mejores profesionales y los mejores productos. Ponte en nuestras manos, relájate y desconecta mientras ponemos tu piel a punto. Disfruta de una piel sana y cuidada, con nuestra limpieza de cutis profunda."
        }, 
        {
            "service_category": "Estética", 
            "service": "Piernas Enteras Mujer Azúcar", 
            "duration": 1800, 
            "price": "16 € ", 
            "description": "Un maravilloso método de depilación realizado a base de azucar, parecido al de la cera, pero tiene incluso más ventajas. Elimina durante semanas el vello no deseado en tus piernas, de una forma menos dolorosa que la cera, y con unos resultados inigualables. Luce unas piernas suaves y libre de vello. Servicio indicado para mujeres."
        }, 
        {
            "service_category": "Masaje", 
            "service": "Masaje Descontracturante", 
            "duration": 2700, 
            "price": "25 € ", 
            "description": "Si notas molestias o tienes dolores musculares, este es el servicio ideal para aliviarlos. Ponte en manos de nuestros profesionales y mejora tu bienestar con nosotros. ¡Notarás una increíble mejora!"
        }, 
        {
            "service_category": "Masaje", 
            "service": "Masaje Relajante", 
            "duration": 2700, 
            "price": "25 € ", 
            "description": "Disfruta de un agradable masaje relajante de 45 minutos de duración en manos de nuestros expertos y consigue un estado de desconexión y relajación inigualable, en el ambiente más propicio. ¡Saldrás como nuev@!"
        }, 
        {
            "service_category": "Depilación", 
            "service": "Depilación Con Hilo Cejas", 
            "duration": 900, 
            "price": "9 € ", 
            "description": "La depilación con hilo te permitirá definir las cejas con un bonito aspecto y puede llegar a ser más precisa que la depilación con cera, ya que se sacan los pelos uno a uno. Un método muy efectivo, rápido y con unos resultados increíbles. Ven a conocernos y ¡desearás repetir!"
        }, 
        {
            "service_category": "Depilación", 
            "service": "Depilación Con Hilo Labio", 
            "duration": 900, 
            "price": "6 € ", 
            "description": "Eficaz método de depilación para eliminar ese vello no deseado durante semanas. Con unas ventajas tal como que no irrita la piel, es rápido, previene las arrugas, poco dolor, más precisa y duradera. Ponte en manos de nuestros profesionales y disfruta de las ventajas de esta técnica. ¡Te encantará!"
        }, 
        {
            "service_category": "Depilación", 
            "service": "Ingles Normales Depilación Azúcar", 
            "duration": 900, 
            "price": "7 € ", 
            "description": "Un maravilloso método de depilación realizado a base de azucar, parecido al de la cera, pero tiene incluso más ventajas. Elimina durante semanas el vello no deseado en tus ingles, de una forma menos dolorosa que la cera, y con unos resultados inigualables. Luce unas ingles suaves y libres de vello."
        }, 
        {
            "service_category": "Depilación", 
            "service": "Piernas Enteras Mujer Azúcar", 
            "duration": 1800, 
            "price": "16 € ", 
            "description": "Un maravilloso método de depilación realizado a base de azucar, parecido al de la cera, pero tiene incluso más ventajas. Elimina durante semanas el vello no deseado en tus piernas, de una forma menos dolorosa que la cera, y con unos resultados inigualables. Luce unas piernas suaves y libre de vello. Servicio indicado para mujeres."
        }
    ]
}