{
    "adid": null, 
    "name": "David Mel", 
    "name_of_contact": "David Mel", 
    "scrape_page": "https://www.bucmi.com/davidmelbeluxury", 
    "business_website": "https://www.bucmi.com/davidmelbeluxury", 
    "areas_covered": null, 
    "description": "Tu centro de estética en el popular barrio de Ibiza de Madrid. Somos especialistas en los mejores servicios de aparatología médico- estética. Cuidamos de tu cuerpo y tu mente. Ponte en manos de nuestros profesionales y conoce nuestros tratamientos.", 
    "img_link": [
        "https://d1nd15w2k87kz0.cloudfront.net/Uploads/635963192828118139.jpg", 
        "https://d1nd15w2k87kz0.cloudfront.net/Uploads/635963192832805694.jpg", 
        "https://d1nd15w2k87kz0.cloudfront.net/Uploads/635963192831868124.jpg", 
        "https://d1nd15w2k87kz0.cloudfront.net/Uploads/635963192832493122.jpg", 
        "https://d1nd15w2k87kz0.cloudfront.net/Uploads/635963192831399375.jpg", 
        "https://d1nd15w2k87kz0.cloudfront.net/Uploads/635963192833586873.jpg"
    ], 
    "hqdb_featured_ad_type": "Featured", 
    "hqdb_nr_reviews": "4", 
    "hqdb_review_score": "10,0", 
    "accreditations": null, 
    "category": null, 
    "subcategory": null, 
    "street": "C/ Longares, 46", 
    "city": "Madrid", 
    "zipcode": "28007", 
    "formatted_address": "C/ Longares, 46, Madrid, 28007", 
    "country": "es", 
    "office_number": "913613236", 
    "office_number2": null, 
    "mobile_number": "618103316", 
    "mobile_number2": null, 
    "unidentified_phone_numbers": null, 
    "latitude": "40.4171532000", 
    "longitude": "-3.6682329999", 
    "business_email": null, 
    "yelp_page": null, 
    "facebook": null, 
    "twitter": null, 
    "instagram": null, 
    "venue_images": "https://d1nd15w2k87kz0.cloudfront.net/Logotipos/635963244842232019.jpg", 
    "opening_hours_raw": null, 
    "pricelist_link": null, 
    "services": [
        {
            "service_category": "Preferente", 
            "service": "Cavitación", 
            "duration": 2700, 
            "price": "60 € ", 
            "description": "Indicada para facilitar la eliminación de grasa localizada, mediante la aplicación de un ultrasonido de baja frecuencia, que actúa en el agua del tejido tratado. El precio es válido para una sesión."
        }, 
        {
            "service_category": "Preferente", 
            "service": "Electroestimulación", 
            "duration": 2700, 
            "price": "60 € ", 
            "description": "Mediante un aparato llamado electroestimulador, se utilizan las contracciones musculares con fines estéticos, deportivos o terapéuticos, tanto para rehabilitación como para el tratamiento del dolor. ¡Saldrás como nuevo gracias a los expertos profesionales con los que cuenta David Mel Beluxury!"
        }, 
        {
            "service_category": "Preferente", 
            "service": "Fotodepilación Axilas O Ingles", 
            "duration": 900, 
            "price": "20 € ", 
            "description": "El precio incluye una sesión para la zona de las axilas o de las ingles normales. La fotodepilación es un método de luz pulsada sobre la raíz del pelo, muy usado recientemente que ayuda a perder poco a poco el vello más molesto. ¡Olvídate de depilaciones tempranas!"
        }, 
        {
            "service_category": "Estética", 
            "service": "Cavitación", 
            "duration": 2700, 
            "price": "60 € ", 
            "description": "Indicada para facilitar la eliminación de grasa localizada, mediante la aplicación de un ultrasonido de baja frecuencia, que actúa en el agua del tejido tratado. El precio es válido para una sesión."
        }, 
        {
            "service_category": "Estética", 
            "service": "Fotorrejuvenecimiento Facial", 
            "duration": 1800, 
            "price": "50 € ", 
            "description": "El fotorrejuvenecimiento es un tratamiento facial que consiste en aplicar pulsos de luz intensa (IPL) en la piel penetrando en esta y estimulando la formación de nuevo colágeno y elastina. ¡Di adiós a la flacidez!"
        }, 
        {
            "service_category": "Estética", 
            "service": "Radiofrecuencia Facial", 
            "duration": 1800, 
            "price": "50 € ", 
            "description": "Un efecto de tensión inicial, con la piel más tersa y luminosa, que se debe al resultado del acortamiento del colágeno ya existente y un segundo efecto, que se mantiene en el tiempo, debido al remodelado de los tejidos. ¡Ven a David Mel Beluxury realizando tu reserva online!"
        }, 
        {
            "service_category": "Manicura y Pedicura", 
            "service": "Cavitación", 
            "duration": 2700, 
            "price": "60 € ", 
            "description": "Indicada para facilitar la eliminación de grasa localizada, mediante la aplicación de un ultrasonido de baja frecuencia, que actúa en el agua del tejido tratado. El precio es válido para una sesión."
        }, 
        {
            "service_category": "Manicura y Pedicura", 
            "service": "Fotorrejuvenecimiento Facial", 
            "duration": 1800, 
            "price": "50 € ", 
            "description": "El fotorrejuvenecimiento es un tratamiento facial que consiste en aplicar pulsos de luz intensa (IPL) en la piel penetrando en esta y estimulando la formación de nuevo colágeno y elastina. ¡Di adiós a la flacidez!"
        }, 
        {
            "service_category": "Manicura y Pedicura", 
            "service": "Radiofrecuencia Facial", 
            "duration": 1800, 
            "price": "50 € ", 
            "description": "Un efecto de tensión inicial, con la piel más tersa y luminosa, que se debe al resultado del acortamiento del colágeno ya existente y un segundo efecto, que se mantiene en el tiempo, debido al remodelado de los tejidos. ¡Ven a David Mel Beluxury realizando tu reserva online!"
        }, 
        {
            "service_category": "Manicura y Pedicura", 
            "service": "Manicura Básica", 
            "duration": 1800, 
            "price": "10 € ", 
            "description": "Las manos son el reflejo de uno mismo. Incluye limado y esmaltado con una amplia gama de colores, ¡escoge el que prefieras!. ¡Ven a David Mel Beluxury cento de estética gracias a Bucmi.com! Si quieres manicura francesa consulta posible suplemento con el salón."
        }, 
        {
            "service_category": "Depilación", 
            "service": "Cavitación", 
            "duration": 2700, 
            "price": "60 € ", 
            "description": "Indicada para facilitar la eliminación de grasa localizada, mediante la aplicación de un ultrasonido de baja frecuencia, que actúa en el agua del tejido tratado. El precio es válido para una sesión."
        }, 
        {
            "service_category": "Depilación", 
            "service": "Fotorrejuvenecimiento Facial", 
            "duration": 1800, 
            "price": "50 € ", 
            "description": "El fotorrejuvenecimiento es un tratamiento facial que consiste en aplicar pulsos de luz intensa (IPL) en la piel penetrando en esta y estimulando la formación de nuevo colágeno y elastina. ¡Di adiós a la flacidez!"
        }, 
        {
            "service_category": "Depilación", 
            "service": "Radiofrecuencia Facial", 
            "duration": 1800, 
            "price": "50 € ", 
            "description": "Un efecto de tensión inicial, con la piel más tersa y luminosa, que se debe al resultado del acortamiento del colágeno ya existente y un segundo efecto, que se mantiene en el tiempo, debido al remodelado de los tejidos. ¡Ven a David Mel Beluxury realizando tu reserva online!"
        }, 
        {
            "service_category": "Depilación", 
            "service": "Manicura Básica", 
            "duration": 1800, 
            "price": "10 € ", 
            "description": "Las manos son el reflejo de uno mismo. Incluye limado y esmaltado con una amplia gama de colores, ¡escoge el que prefieras!. ¡Ven a David Mel Beluxury cento de estética gracias a Bucmi.com! Si quieres manicura francesa consulta posible suplemento con el salón."
        }, 
        {
            "service_category": "Depilación", 
            "service": "Manicura Permanente", 
            "duration": 2700, 
            "price": "20 € ", 
            "description": "En el servicio se incluye una manicura con esmaltado permanente. Luce unas uñas perfectas durante 3 semanas. Realizamos la manicura completa, con limado de uñas, esmaltado a escoger el que prefieras dentro de toda nuestra paleta de colores, retirada de cutículas e hidratación. Para manicura francesa consulta con nuestros estilistas el posible suplmento."
        }, 
        {
            "service_category": "Depilación", 
            "service": "Pedicura Básica", 
            "duration": 1800, 
            "price": "20 € ", 
            "description": "Pedicura completa con esmaltado normal donde limamos las uñas, retiramos cutícula y durezas y esmaltamos con una amplia gama de colores a elegir. ¡Ven a conocernos a nuestro centro de estética! SI quieres esmaltado a la francesa, consulta posible suplemento con el profesional."
        }, 
        {
            "service_category": "Depilación", 
            "service": "Pedicura Permanente", 
            "duration": 2700, 
            "price": "30 € ", 
            "description": "Consigue una pedicura perfecta y sin agrietar durante tres o cuatro semanas gracias al esmaltado permanente de calidad que utilizamos en David Mel Beluxury. Puedes escoger el color que prefieras dentro de nuestra gama de colores. Si quieres francesa, consulta posible suplemento por el profesional. La pedicura es completa, incluye retirada de cutículas y durezas, limado de uñas e hidratación de la piel. ¿A qué estás esperando? Reserva ahora mismo online en Bucmi.com"
        }, 
        {
            "service_category": "Depilación", 
            "service": "Fotodepilación Axilas O Ingles", 
            "duration": 900, 
            "price": "20 € ", 
            "description": "El precio incluye una sesión para la zona de las axilas o de las ingles normales. La fotodepilación es un método de luz pulsada sobre la raíz del pelo, muy usado recientemente que ayuda a perder poco a poco el vello más molesto. ¡Olvídate de depilaciones tempranas!"
        }, 
        {
            "service_category": "Bienestar", 
            "service": "Cavitación", 
            "duration": 2700, 
            "price": "60 € ", 
            "description": "Indicada para facilitar la eliminación de grasa localizada, mediante la aplicación de un ultrasonido de baja frecuencia, que actúa en el agua del tejido tratado. El precio es válido para una sesión."
        }
    ]
}