{
    "adid": null, 
    "name": "Velvet Uñas y Estética", 
    "name_of_contact": "Velvet Uñas y Estética", 
    "scrape_page": "https://www.bucmi.com/velvet-unas-y-estetica", 
    "business_website": "https://www.bucmi.com/velvet-unas-y-estetica", 
    "areas_covered": null, 
    "description": "En el centro velvet te ofrecemos una variedad de servicios de estética para que salgas como nuev@ de nuestro centro. Manicura, pedicura, maquillajes o tinte de pestañas. Nuestra prioridad es tu belleza y bienestar. ¡Visítanos en Madrid, te encantará!", 
    "img_link": [
        "https://d1nd15w2k87kz0.cloudfront.net/Uploads/636368407650207689.jpg", 
        "https://d1nd15w2k87kz0.cloudfront.net/Uploads/636368407727709668.jpg", 
        "https://d1nd15w2k87kz0.cloudfront.net/Uploads/636368407770054316.jpg", 
        "https://d1nd15w2k87kz0.cloudfront.net/Uploads/636368407961933966.jpg", 
        "https://d1nd15w2k87kz0.cloudfront.net/Uploads/636368424960570898.jpg", 
        "https://d1nd15w2k87kz0.cloudfront.net/Uploads/636368424999008299.jpg", 
        "https://d1nd15w2k87kz0.cloudfront.net/Uploads/636368425012601946.jpg", 
        "https://d1nd15w2k87kz0.cloudfront.net/Uploads/636368425072133068.jpg", 
        "https://d1nd15w2k87kz0.cloudfront.net/Uploads/636368425091976781.jpg"
    ], 
    "hqdb_featured_ad_type": "Featured", 
    "hqdb_nr_reviews": "12", 
    "hqdb_review_score": "9,3", 
    "accreditations": null, 
    "category": null, 
    "subcategory": null, 
    "street": "C/ Argensola, 11", 
    "city": "Madrid", 
    "zipcode": "28041", 
    "formatted_address": "C/ Argensola, 11, Madrid, 28041", 
    "country": "es", 
    "office_number": "913087244", 
    "office_number2": null, 
    "mobile_number": "663502746", 
    "mobile_number2": null, 
    "unidentified_phone_numbers": null, 
    "latitude": "40.3572238000", 
    "longitude": "-3.6955361999", 
    "business_email": null, 
    "yelp_page": null, 
    "facebook": null, 
    "twitter": null, 
    "instagram": null, 
    "venue_images": "https://d1nd15w2k87kz0.cloudfront.net/Logotipos/636268343299503134.jpg", 
    "opening_hours_raw": null, 
    "pricelist_link": null, 
    "services": [
        {
            "service_category": "Preferente", 
            "service": "Esmaltado Permanente", 
            "duration": 2700, 
            "price": "15 € ", 
            "description": "Prueba el esmaltado permanente, un esmaltado de larga duración que mantendrá intacto tu esmalte durante más tiempo. Elige el tono que más te gusta. Atrévete con los más modernos, los más llamativos o los más clásicos. De esta forma, lucirás unas manos bonitas y cuidadas durante semanas. ¡Reserva ya cómodamente online!"
        }, 
        {
            "service_category": "Preferente", 
            "service": "Extensión De Pestañas Naturales", 
            "duration": 7200, 
            "price": "45 € ", 
            "description": "Luce la mirada de las estrellas de la televisión. Extensiones de pestañas natural, para tu día a día. Resultados super naturales a la par que magníficos. Extensiones colocadas pelo a pelo según tu necesidad. Efectos increíbles y duraderos. De esta forma, no sólo lucirás una mirada mucho más profunda y, a la vez, natural. ¡No lo dudes y reserva ya cómodamente online! ¿A qué estás esperando? ¡No dejes que te lo cuenten!"
        }, 
        {
            "service_category": "Preferente", 
            "service": "Limpieza De Cutis", 
            "duration": 3600, 
            "price": "35 € ", 
            "description": "Si quieres lucir este verano acuérdate a nuestro centro de belleza. Limpieza de cutis con los productos fr-haut. Incluye exfoliar de dos maneras diferentes, masaje especial, extensiones, cremas especiales para cada piel."
        }, 
        {
            "service_category": "Preferente", 
            "service": "Micropigmentacion De Cejas", 
            "duration": 9000, 
            "price": "270 € ", 
            "description": "Si quieres lucir este verano acude a nuestro centro, microblading es nueva técnica de lucir tus Cejas que te dura unos dos años. Entra un relleno (repaso). Técnica de 3d Cejas"
        }, 
        {
            "service_category": "Preferente", 
            "service": "Pedicura Completa Con Esmaltado Permanente", 
            "duration": 3600, 
            "price": "32 € ", 
            "description": "Mayor confort y suavidad en tus pies. Déjate mimar y disfruta de unos pies bonitos y cuidados gracias a nuestros profesionales. Escoge el tono de esmalte que más te gusta y ¡presume de pies con una pedicura intacta durante semanas! El servicio incluye una pedicura completas con esmaltado permanente para una duración y brillo mayor. ¿A qué estás esperando para probarlo? ¡Que no te lo cuenten!"
        }, 
        {
            "service_category": "Preferente", 
            "service": "Tratamiento Fácial", 
            "duration": 5400, 
            "price": "55 € ", 
            "description": "Si quieres lucir este verano acude a nuestro centro. Tratamiento fácial con productos fr-haut citrus care"
        }, 
        {
            "service_category": "Peluquería", 
            "service": "Maquillaje Para Novia", 
            "duration": 5400, 
            "price": "80 € ", 
            "description": "Tu boda es uno de los días más importantes de tu vida. Confía en nuestro equipo de profesionales que utilizan productos cosméticos de primeras marcas. No lo dudes y reserva ya cómodamente online. De esta forma lucirás un rostro perfectamente maquillado pero, a su vez, muy natural. ¡La novia debe ser la más guapa de la fiesta y en nuestro centro lo sabemos! Te encantará el resultado."
        }, 
        {
            "service_category": "Estética", 
            "service": "Maquillaje Para Novia", 
            "duration": 5400, 
            "price": "80 € ", 
            "description": "Tu boda es uno de los días más importantes de tu vida. Confía en nuestro equipo de profesionales que utilizan productos cosméticos de primeras marcas. No lo dudes y reserva ya cómodamente online. De esta forma lucirás un rostro perfectamente maquillado pero, a su vez, muy natural. ¡La novia debe ser la más guapa de la fiesta y en nuestro centro lo sabemos! Te encantará el resultado."
        }, 
        {
            "service_category": "Estética", 
            "service": "Extensión De Pestañas Naturales", 
            "duration": 7200, 
            "price": "45 € ", 
            "description": "Luce la mirada de las estrellas de la televisión. Extensiones de pestañas natural, para tu día a día. Resultados super naturales a la par que magníficos. Extensiones colocadas pelo a pelo según tu necesidad. Efectos increíbles y duraderos. De esta forma, no sólo lucirás una mirada mucho más profunda y, a la vez, natural. ¡No lo dudes y reserva ya cómodamente online! ¿A qué estás esperando? ¡No dejes que te lo cuenten!"
        }, 
        {
            "service_category": "Estética", 
            "service": "Limpieza De Cutis", 
            "duration": 3600, 
            "price": "35 € ", 
            "description": "Si quieres lucir este verano acuérdate a nuestro centro de belleza. Limpieza de cutis con los productos fr-haut. Incluye exfoliar de dos maneras diferentes, masaje especial, extensiones, cremas especiales para cada piel."
        }, 
        {
            "service_category": "Estética", 
            "service": "Maquillaje Para Evento", 
            "duration": 5400, 
            "price": "60 € ", 
            "description": "¿Tienes alguna ocasión especial y no sabes cómo maquillarte? Confía en nuestro equipo de profesionales que utilizan productos cosméticos de primeras marcas. No lo dudes y reserva ya cómodamente online. De esta forma lucirás un rostro perfectamente maquillado pero, a su vez, muy natural. ¡Serás la estrella de la fiesta! Te encantará el resultado."
        }, 
        {
            "service_category": "Estética", 
            "service": "Maquillaje Para Novia", 
            "duration": 5400, 
            "price": "80 € ", 
            "description": "Tu boda es uno de los días más importantes de tu vida. Confía en nuestro equipo de profesionales que utilizan productos cosméticos de primeras marcas. No lo dudes y reserva ya cómodamente online. De esta forma lucirás un rostro perfectamente maquillado pero, a su vez, muy natural. ¡La novia debe ser la más guapa de la fiesta y en nuestro centro lo sabemos! Te encantará el resultado."
        }, 
        {
            "service_category": "Estética", 
            "service": "Micropigmentacion De Cejas", 
            "duration": 9000, 
            "price": "270 € ", 
            "description": "Si quieres lucir este verano acude a nuestro centro, microblading es nueva técnica de lucir tus Cejas que te dura unos dos años. Entra un relleno (repaso). Técnica de 3d Cejas"
        }, 
        {
            "service_category": "Manicura y Pedicura", 
            "service": "Maquillaje Para Novia", 
            "duration": 5400, 
            "price": "80 € ", 
            "description": "Tu boda es uno de los días más importantes de tu vida. Confía en nuestro equipo de profesionales que utilizan productos cosméticos de primeras marcas. No lo dudes y reserva ya cómodamente online. De esta forma lucirás un rostro perfectamente maquillado pero, a su vez, muy natural. ¡La novia debe ser la más guapa de la fiesta y en nuestro centro lo sabemos! Te encantará el resultado."
        }, 
        {
            "service_category": "Manicura y Pedicura", 
            "service": "Extensión De Pestañas Naturales", 
            "duration": 7200, 
            "price": "45 € ", 
            "description": "Luce la mirada de las estrellas de la televisión. Extensiones de pestañas natural, para tu día a día. Resultados super naturales a la par que magníficos. Extensiones colocadas pelo a pelo según tu necesidad. Efectos increíbles y duraderos. De esta forma, no sólo lucirás una mirada mucho más profunda y, a la vez, natural. ¡No lo dudes y reserva ya cómodamente online! ¿A qué estás esperando? ¡No dejes que te lo cuenten!"
        }, 
        {
            "service_category": "Manicura y Pedicura", 
            "service": "Limpieza De Cutis", 
            "duration": 3600, 
            "price": "35 € ", 
            "description": "Si quieres lucir este verano acuérdate a nuestro centro de belleza. Limpieza de cutis con los productos fr-haut. Incluye exfoliar de dos maneras diferentes, masaje especial, extensiones, cremas especiales para cada piel."
        }, 
        {
            "service_category": "Manicura y Pedicura", 
            "service": "Maquillaje Para Evento", 
            "duration": 5400, 
            "price": "60 € ", 
            "description": "¿Tienes alguna ocasión especial y no sabes cómo maquillarte? Confía en nuestro equipo de profesionales que utilizan productos cosméticos de primeras marcas. No lo dudes y reserva ya cómodamente online. De esta forma lucirás un rostro perfectamente maquillado pero, a su vez, muy natural. ¡Serás la estrella de la fiesta! Te encantará el resultado."
        }, 
        {
            "service_category": "Manicura y Pedicura", 
            "service": "Maquillaje Para Novia", 
            "duration": 5400, 
            "price": "80 € ", 
            "description": "Tu boda es uno de los días más importantes de tu vida. Confía en nuestro equipo de profesionales que utilizan productos cosméticos de primeras marcas. No lo dudes y reserva ya cómodamente online. De esta forma lucirás un rostro perfectamente maquillado pero, a su vez, muy natural. ¡La novia debe ser la más guapa de la fiesta y en nuestro centro lo sabemos! Te encantará el resultado."
        }, 
        {
            "service_category": "Manicura y Pedicura", 
            "service": "Micropigmentacion De Cejas", 
            "duration": 9000, 
            "price": "270 € ", 
            "description": "Si quieres lucir este verano acude a nuestro centro, microblading es nueva técnica de lucir tus Cejas que te dura unos dos años. Entra un relleno (repaso). Técnica de 3d Cejas"
        }, 
        {
            "service_category": "Manicura y Pedicura", 
            "service": "Tinte Y Permanente De Pestañas Con Vitaminas", 
            "duration": 3600, 
            "price": "35 € ", 
            "description": "El tratamiento de pestañas perfecto para lucir una mirada irresistible. El tinte aportará a tu mirada la fuerza e intensidad que necesita, mientras la permanente consigue la curva perfecta para que tu mirada luzca magnífica. ¡De esta manera, podrás olvidarte de tu maquillaje tanto en tu día a día como en cualquier evento especial! Estarás muy satisfecha con el resultado."
        }, 
        {
            "service_category": "Manicura y Pedicura", 
            "service": "Esmaltado Permanente", 
            "duration": 2700, 
            "price": "15 € ", 
            "description": "Prueba el esmaltado permanente, un esmaltado de larga duración que mantendrá intacto tu esmalte durante más tiempo. Elige el tono que más te gusta. Atrévete con los más modernos, los más llamativos o los más clásicos. De esta forma, lucirás unas manos bonitas y cuidadas durante semanas. ¡Reserva ya cómodamente online!"
        }, 
        {
            "service_category": "Varios", 
            "service": "Maquillaje Para Novia", 
            "duration": 5400, 
            "price": "80 € ", 
            "description": "Tu boda es uno de los días más importantes de tu vida. Confía en nuestro equipo de profesionales que utilizan productos cosméticos de primeras marcas. No lo dudes y reserva ya cómodamente online. De esta forma lucirás un rostro perfectamente maquillado pero, a su vez, muy natural. ¡La novia debe ser la más guapa de la fiesta y en nuestro centro lo sabemos! Te encantará el resultado."
        }
    ]
}