{
    "adid": null, 
    "name": "Marivi Rojas", 
    "name_of_contact": "Marivi Rojas", 
    "scrape_page": "https://www.bucmi.com/marivirojas", 
    "business_website": "https://www.bucmi.com/marivirojas", 
    "areas_covered": null, 
    "description": "El salón de belleza Mariví Rojas, nuevo concepto de peluquería en Vista Alegre. Descubre nuestros servicios de cortes de pelo entre otros.Todos los tratamientos que ofrecemos se realizan de forma personalizada. No lo dudes más y reserva ahora online.", 
    "img_link": [
        "https://d1nd15w2k87kz0.cloudfront.net/Uploads/635645398325322389.jpg", 
        "https://d1nd15w2k87kz0.cloudfront.net/Uploads/635646886523260651.jpg", 
        "https://d1nd15w2k87kz0.cloudfront.net/Uploads/635646886565139116.jpg", 
        "https://d1nd15w2k87kz0.cloudfront.net/Uploads/635646886642489046.jpg"
    ], 
    "hqdb_featured_ad_type": "Featured", 
    "hqdb_nr_reviews": "2", 
    "hqdb_review_score": "10,0", 
    "accreditations": null, 
    "category": null, 
    "subcategory": null, 
    "street": "C/ Humanitarias, 23", 
    "city": "Madrid", 
    "zipcode": "28025", 
    "formatted_address": "C/ Humanitarias, 23, Madrid, 28025", 
    "country": "es", 
    "office_number": "912790706", 
    "office_number2": null, 
    "mobile_number": null, 
    "mobile_number2": null, 
    "unidentified_phone_numbers": null, 
    "latitude": "40.3877379000", 
    "longitude": "-3.7404719999", 
    "business_email": null, 
    "yelp_page": null, 
    "facebook": null, 
    "twitter": null, 
    "instagram": null, 
    "venue_images": "https://d1nd15w2k87kz0.cloudfront.net/Logotipos/635972024102278693.jpg", 
    "opening_hours_raw": null, 
    "pricelist_link": null, 
    "services": [
        {
            "service_category": "Preferente", 
            "service": "Tratamiento Botox Capilar Para Pelo Largo", 
            "duration": 5400, 
            "price": "40 € ", 
            "description": "El botox capilar es la más reciente alternativa de la estética para salvar cabellos que han sido tratados químicamente y que su estructura se ha visto modificada aportando mayor hidratación y brillo al cabello."
        }, 
        {
            "service_category": "Preferente", 
            "service": "Corte De Pelo Hombre", 
            "duration": 1800, 
            "price": "10,5 € ", 
            "description": "Dale un nuevo aire a tu peinado y déjate asesorar por los mejores profesionales con este servicio que incluye lavado y corte. No lo dudes más y reserva ahora online."
        }, 
        {
            "service_category": "Preferente", 
            "service": "Corte De Pelo Y Peinado Mujer Media Melena", 
            "duration": 1800, 
            "price": "15,5 € ", 
            "description": "Sanes tu melena o cambia de look con este servicio que incluye lavado, champú, masaje craneal, corte de pelo asesorado y peinado con secador. Reserva ahora online."
        }, 
        {
            "service_category": "Preferente", 
            "service": "Mechas Californianas Y Peinado", 
            "duration": 7200, 
            "price": "42 € ", 
            "description": "Estrena una melena surfera gracias a estas mechas californianas y luce un cabello espectacular. El servicio incluye champú adecuado a tu tipo de pelo y mascarilla."
        }, 
        {
            "service_category": "Peluquería", 
            "service": "Tratamiento Botox Capilar Para Pelo Largo", 
            "duration": 5400, 
            "price": "40 € ", 
            "description": "El botox capilar es la más reciente alternativa de la estética para salvar cabellos que han sido tratados químicamente y que su estructura se ha visto modificada aportando mayor hidratación y brillo al cabello."
        }, 
        {
            "service_category": "Peluquería", 
            "service": "Corte De Pelo Hombre", 
            "duration": 1800, 
            "price": "10,5 € ", 
            "description": "Dale un nuevo aire a tu peinado y déjate asesorar por los mejores profesionales con este servicio que incluye lavado y corte. No lo dudes más y reserva ahora online."
        }, 
        {
            "service_category": "Peluquería", 
            "service": "Corte De Pelo Y Peinado Mujer Media Melena", 
            "duration": 1800, 
            "price": "15,5 € ", 
            "description": "Sanes tu melena o cambia de look con este servicio que incluye lavado, champú, masaje craneal, corte de pelo asesorado y peinado con secador. Reserva ahora online."
        }, 
        {
            "service_category": "Peluquería", 
            "service": "Corte De Pelo Y Peinado Mujer Pelo Corto", 
            "duration": 1800, 
            "price": "14,5 € ", 
            "description": "Sanes tu melena o cambia de look con este servicio que incluye lavado, champú, masaje craneal, corte de pelo asesorado y peinado con secador. Reserva ahora online."
        }, 
        {
            "service_category": "Peluquería", 
            "service": "Corte De Pelo Y Peinado Mujer Pelo Largo", 
            "duration": 1800, 
            "price": "17 € ", 
            "description": "Sanes tu melena o cambia de look con este servicio que incluye lavado, champú, masaje craneal, corte de pelo asesorado y peinado con secador. Reserva ahora online."
        }, 
        {
            "service_category": "Peluquería", 
            "service": "Mechas Californianas Y Peinado", 
            "duration": 7200, 
            "price": "42 € ", 
            "description": "Estrena una melena surfera gracias a estas mechas californianas y luce un cabello espectacular. El servicio incluye champú adecuado a tu tipo de pelo y mascarilla."
        }, 
        {
            "service_category": "Peluquería", 
            "service": "Peinado Media Melena Y Maquillaje", 
            "duration": 7200, 
            "price": "59 € ", 
            "description": "¿Tienes una ocasión especial?. Este pack incluye peinado con secador y maquillaje a elegir de día o de noche con ampolla para que tenga una mayor duración."
        }, 
        {
            "service_category": "Peluquería", 
            "service": "Peinado Pelo Corto Y Maquillaje", 
            "duration": 7200, 
            "price": "53 € ", 
            "description": "¿Tienes una ocasión especial?. Este pack incluye peinado con secador y maquillaje a elegir de día o de noche con ampolla para que tenga una mayor duración."
        }, 
        {
            "service_category": "Peluquería", 
            "service": "Peinado Pelo Largo Y Maquillaje", 
            "duration": 7200, 
            "price": "65 € ", 
            "description": "Tienes una ocasión especial. Este pack incluye peinado con secador y maquillaje a elegir de día o de noche con ampolla para que tenga una mayor duración."
        }, 
        {
            "service_category": "Estética", 
            "service": "Tratamiento Botox Capilar Para Pelo Largo", 
            "duration": 5400, 
            "price": "40 € ", 
            "description": "El botox capilar es la más reciente alternativa de la estética para salvar cabellos que han sido tratados químicamente y que su estructura se ha visto modificada aportando mayor hidratación y brillo al cabello."
        }, 
        {
            "service_category": "Estética", 
            "service": "Corte De Pelo Hombre", 
            "duration": 1800, 
            "price": "10,5 € ", 
            "description": "Dale un nuevo aire a tu peinado y déjate asesorar por los mejores profesionales con este servicio que incluye lavado y corte. No lo dudes más y reserva ahora online."
        }, 
        {
            "service_category": "Estética", 
            "service": "Corte De Pelo Y Peinado Mujer Media Melena", 
            "duration": 1800, 
            "price": "15,5 € ", 
            "description": "Sanes tu melena o cambia de look con este servicio que incluye lavado, champú, masaje craneal, corte de pelo asesorado y peinado con secador. Reserva ahora online."
        }, 
        {
            "service_category": "Manicura y Pedicura", 
            "service": "Tratamiento Botox Capilar Para Pelo Largo", 
            "duration": 5400, 
            "price": "40 € ", 
            "description": "El botox capilar es la más reciente alternativa de la estética para salvar cabellos que han sido tratados químicamente y que su estructura se ha visto modificada aportando mayor hidratación y brillo al cabello."
        }
    ]
}