{
    "adid": null, 
    "name": "Evolution Vip by Spa San Jerónimo", 
    "name_of_contact": "Evolution Vip by Spa San Jerónimo", 
    "scrape_page": "https://www.bucmi.com/evolutionvip", 
    "business_website": "https://www.bucmi.com/evolutionvip", 
    "areas_covered": null, 
    "description": "En pleno centro de Madrid, cerca de la puerta del Sol se encuentra Evolution Vip by Spa. Llevamos a cabo servicios como cortes de pelo, manicuras, pedicuras, coloración.... Ven a vernos y ponte guap@ de la mano de profesionales de amplía experiencia", 
    "img_link": [
        "https://d1nd15w2k87kz0.cloudfront.net/Uploads/635941837882842548.jpg", 
        "https://d1nd15w2k87kz0.cloudfront.net/Uploads/635941837887221955.jpg", 
        "https://d1nd15w2k87kz0.cloudfront.net/Uploads/635941837887690687.jpg", 
        "https://d1nd15w2k87kz0.cloudfront.net/Uploads/635941837888966658.jpg", 
        "https://d1nd15w2k87kz0.cloudfront.net/Uploads/635941837883623821.jpg", 
        "https://d1nd15w2k87kz0.cloudfront.net/Uploads/635941837888654121.jpg", 
        "https://d1nd15w2k87kz0.cloudfront.net/Uploads/635941837888159452.jpg"
    ], 
    "hqdb_featured_ad_type": "Featured", 
    "hqdb_nr_reviews": "20", 
    "hqdb_review_score": "7,8", 
    "accreditations": null, 
    "category": null, 
    "subcategory": null, 
    "street": null, 
    "city": "Madrid", 
    "zipcode": "28014", 
    "formatted_address": "Madrid, 28035, Madrid, 28014", 
    "country": "es", 
    "office_number": "910325381", 
    "office_number2": null, 
    "mobile_number": null, 
    "mobile_number2": null, 
    "unidentified_phone_numbers": null, 
    "latitude": "40.4165827000", 
    "longitude": "-3.7013011000", 
    "business_email": null, 
    "yelp_page": null, 
    "facebook": null, 
    "twitter": null, 
    "instagram": null, 
    "venue_images": "https://d1nd15w2k87kz0.cloudfront.net/Logotipos/635941838013185037.jpg", 
    "opening_hours_raw": null, 
    "pricelist_link": null, 
    "services": [
        {
            "service_category": "Preferente", 
            "service": "Corte De Pelo Hombre", 
            "duration": 1800, 
            "price": "10 € ", 
            "description": "Dale una vuelta a tu look de toda la vida y visitános en Evolution Vip con este servicio que incluye corte de tendencia, lavado de la melena y peinado con productos de acabado como laca o gomina. ¿A qué estás esperando para hacer tu reserva con nosotros? De un solo clic gracias a Bucmi.com. No te arrepentirás de los resultados gracias a nuestros expertos profesionales de Evolution Vip."
        }, 
        {
            "service_category": "Preferente", 
            "service": "Manicura Completa", 
            "duration": 1800, 
            "price": "10,95 € ", 
            "description": "Las manos son el reflejo de uno mismo. Incluye limado, retirada de cutícula para el cuidado de tu uña y esmaltado dentro de una amplia variedad de colores. Incluye esmaltado en manicura francesa. ¿A qué estás esperando para hacer tu reserva con nosotros? De un solo clic gracias a Bucmi.com. No te arrepentirás de los resultados gracias a nuestros expertos profesionales de Evolution Vip."
        }, 
        {
            "service_category": "Preferente", 
            "service": "Corte De Pelo Mujer Y Peinado Pelo Corto", 
            "duration": 2700, 
            "price": "29,9 € ", 
            "description": "El servicio de corte y peinado incluye lavar, cortar y peinar el pelo, siempre asesorado por los mejores profesionales. ¡Que no se te arrebaten los pelos! Confía en Evolution Vip peluqueros.no incluye champú especifico ni crema. ¿A qué estás esperando para hacer tu reserva con nosotros? De un solo clic gracias a Bucmi.com. No te arrepentirás de los resultados gracias a nuestros expertos profesionales de Evolution Vip."
        }, 
        {
            "service_category": "Peluquería", 
            "service": "Color Raíz, Mechas, Corte Y Peinado Pelo Corto", 
            "duration": 3600, 
            "price": "85 € ", 
            "description": "Disfruta del servicio más completo. Incluye lavado con productos de tratamiento, corte asesorado por nuestros estilistas, color de alta gama, mechas y por último peinado de tu elección. ¿A qué estás esperando para hacer tu reserva con nosotros? De un solo clic gracias a Bucmi.com. No te arrepentirás de los resultados gracias a nuestros expertos profesionales de Evolution Vip."
        }, 
        {
            "service_category": "Peluquería", 
            "service": "Color Raíz, Mechas, Corte Y Peinado Pelo Largo", 
            "duration": 9000, 
            "price": "95 € ", 
            "description": "Disfruta del servicio más completo. Incluye lavado con productos de tratamiento, corte asesorado por nuestros estilistas, color de alta gama, mechas y por último peinado de tu elección. ¿A qué estás esperando para hacer tu reserva con nosotros? De un solo clic gracias a Bucmi.com. No te arrepentirás de los resultados gracias a nuestros expertos profesionales de Evolution Vip."
        }, 
        {
            "service_category": "Peluquería", 
            "service": "Alisado Keratina Brasileño Pelo Corto", 
            "duration": 7200, 
            "price": "65 € ", 
            "description": "Tratamiento capilar de keratina que devuelve la salud al cabello damnificado, reduciendo el volumen y eliminando el rizado. El resultado un cabello liso y fácil de trabajar. Utilizamos producto 100% libre de formol y de otros sulfatos para que además de eliminar el encrespamiento y de alisar tu pelo, podamos reconstruirlo e hidratarlo. Haz ya tu reserva con Bucmi.com y no te arrepentirás del resultado."
        }, 
        {
            "service_category": "Peluquería", 
            "service": "Alisado Keratina Pelo Largo", 
            "duration": 9000, 
            "price": "75 € ", 
            "description": "Tratamiento capilar de keratina que devuelve la salud al cabello damnificado, reduciendo el volumen y eliminando el rizado. El resultado un cabello liso y fácil de trabajar. Utilizamos producto 100% libre de formol y de otros sulfatos para que además de eliminar el encrespamiento y de alisar tu pelo, podamos reconstruirlo e hidratarlo. Haz ya tu reserva con Bucmi.com y no te arrepentirás del resultado."
        }, 
        {
            "service_category": "Peluquería", 
            "service": "Color Raíz Y Peinado Pelo Corto", 
            "duration": 3600, 
            "price": "21,5 € ", 
            "description": "El servicio incluye lavado con productos de tratamiento, champú y mascarilla en función de las necesidades de tu cabello. Repasa tu raíz con el color y, posteriormente, luce el peinado que tu elijas. ¿A qué estás esperando para hacer tu reserva con nosotros? De un solo clic gracias a Bucmi.com. No te arrepentirás de los resultados gracias a nuestros expertos profesionales de Evolution Vip."
        }, 
        {
            "service_category": "Peluquería", 
            "service": "Color Raíz Y Peinado Pelo Largo", 
            "duration": 3600, 
            "price": "31,5 € ", 
            "description": "El servicio incluye lavado con productos de tratamiento, champú y mascarilla en función de las necesidades de tu cabello. Repasa tu raíz con el color y, posteriormente, luce el peinado que tu elijas. ¿A qué estás esperando para hacer tu reserva con nosotros? De un solo clic gracias a Bucmi.com. No te arrepentirás de los resultados gracias a nuestros expertos profesionales de Evolution Vip."
        }, 
        {
            "service_category": "Peluquería", 
            "service": "Corte De Pelo Hombre", 
            "duration": 1800, 
            "price": "10 € ", 
            "description": "Dale una vuelta a tu look de toda la vida y visitános en Evolution Vip con este servicio que incluye corte de tendencia, lavado de la melena y peinado con productos de acabado como laca o gomina. ¿A qué estás esperando para hacer tu reserva con nosotros? De un solo clic gracias a Bucmi.com. No te arrepentirás de los resultados gracias a nuestros expertos profesionales de Evolution Vip."
        }, 
        {
            "service_category": "Peluquería", 
            "service": "Corte De Pelo Mujer Y Peinado Pelo Largo", 
            "duration": 3600, 
            "price": "39,9 € ", 
            "description": "El servicio de corte y peinado incluye lavar, cortar y peinar el pelo, siempre asesorado por los mejores profesionales. ¡Que no se te arrebaten los pelos! Confía en Evolution Vip peluqueros.no incluye champú especifico ni crema. ¿A qué estás esperando para hacer tu reserva con nosotros? De un solo clic gracias a Bucmi.com. No te arrepentirás de los resultados gracias a nuestros expertos profesionales de Evolution Vip."
        }, 
        {
            "service_category": "Peluquería", 
            "service": "Mechas Y Peinado Pelo Corto", 
            "duration": 7200, 
            "price": "27,5 € ", 
            "description": "Un servicio que incluye lavado con productos de tratamiento, champú y mascarilla en función de las necesidades de tu cabello. Escoge el tono de las mechas, y el peinado que desees. ¿A qué estás esperando para hacer tu reserva con nosotros? De un solo clic gracias a Bucmi.com. No te arrepentirás de los resultados gracias a nuestros expertos profesionales de Evolution Vip."
        }, 
        {
            "service_category": "Peluquería", 
            "service": "Mechas Y Peinado Pelo Largo", 
            "duration": 3600, 
            "price": "37,5 € ", 
            "description": "Un servicio que incluye lavado con productos de tratamiento, champú y mascarilla en función de las necesidades de tu cabello. Escoge el tono de las mechas, y el peinado que desees. ¿A qué estás esperando para hacer tu reserva con nosotros? De un solo clic gracias a Bucmi.com. No te arrepentirás de los resultados gracias a nuestros expertos profesionales de Evolution Vip."
        }, 
        {
            "service_category": "Peluquería", 
            "service": "Peinado Pelo Corto", 
            "duration": 2700, 
            "price": "12,95 € ", 
            "description": "El servicio incluye lavado con champú específico y el peinado a tu elección. Vente a nuestra peluquería a conocernos, ¡no te arrepentirás!. Dependiendo de la cantidad y largura de la melena, los productos que se utilicen para el cabello, si se utiliza plancha o no, étc. se aplicará un posible suplemento en el Centro. Consultar con el Profesional."
        }, 
        {
            "service_category": "Peluquería", 
            "service": "Peinado Pelo Largo", 
            "duration": 2700, 
            "price": "22,95 € ", 
            "description": "El servicio incluye lavado con champú específico y el peinado a tu elección. Vente a nuestra peluquería a conocernos, ¡no te arrepentirás!. Dependiendo de la cantidad y largura de la melena, los productos que se utilicen para el cabello, si se utiliza plancha o no, étc. se aplicará un posible suplemento en el Centro. Consultar con el Profesional."
        }, 
        {
            "service_category": "Peluquería", 
            "service": "Tto Bótox Capilar By Innovatis Pelo Largo", 
            "duration": 3600, 
            "price": "39,9 € ", 
            "description": "Bótox Hair By Inovatis. Consiste en un tratamiento de bótox capilar que reestuctura y proporciona brillo y elasticidad. El servicio incluye el tratamiento de bótox, el lavado con champú pero no incluye el peinado definido de la melena. ¡Ven a conocernos a peluquería Evolution Vip!"
        }, 
        {
            "service_category": "Peluquería", 
            "service": "Tto Bótox Capilar By Inovatis Pelo Corto", 
            "duration": 1800, 
            "price": "29,9 € ", 
            "description": "Bótox Hair By Inovatis. Consiste en un tratamiento de bótox capilar que reestuctura y proporciona brillo y elasticidad. El servicio incluye el tratamiento de bótox, el lavado con champú pero no incluye el peinado definido de la melena. ¡Ven a conocernos a peluquería Evolution Vip!"
        }, 
        {
            "service_category": "Peluquería", 
            "service": "Tto Capilar Macadamia Reconst Y Brillo Pelo Corto", 
            "duration": 2700, 
            "price": "25,95 € ", 
            "description": "Un tratamiento especifico para el cabello dañado después de la aplicación de tratamientos de color. Devuelve el brillo y suavidad al cabello. El servicio incluye el tratamiento de macadamia, lavado con champú pero no incluye el peinado de la melena. Disfruta de una melena increíble gracias a Bucmi.com."
        }, 
        {
            "service_category": "Peluquería", 
            "service": "Tto Capilar Macadamia Reconst Y Brillo Pelo Largo", 
            "duration": 2700, 
            "price": "35,95 € ", 
            "description": "Un tratamiento especifico para el cabello dañado después de la aplicación de tratamientos de color. Devuelve el brillo y suavidad al cabello. El servicio incluye el tratamiento de macadamia, lavado con champú pero no incluye el peinado de la melena. Disfruta de una melena increíble gracias a Bucmi.com."
        }, 
        {
            "service_category": "Peluquería", 
            "service": "Tto Hidratación Keratina Mantenimiento Pelo Corto", 
            "duration": 2700, 
            "price": "30,99 € ", 
            "description": "El servicio incluye el lavado pero no incluye el peinado de la melena, el tratamiento de hidratación con keratina y el peinado a tu elección. ¿A qué estás esperando para hacer tu reserva con nosotros? De un solo clic gracias a Bucmi.com. No te arrepentirás de los resultados gracias a nuestros expertos profesionales de Evolution Vip."
        }, 
        {
            "service_category": "Peluquería", 
            "service": "Tto Hidratación Keratina Mantenimiento Pelo Largo", 
            "duration": 2700, 
            "price": "40,99 € ", 
            "description": "El servicio incluye el lavado pero no incluye el peinado de la melena, el tratamiento de hidratación con keratina y el peinado a tu elección. ¿A qué estás esperando para hacer tu reserva con nosotros? De un solo clic gracias a Bucmi.com. No te arrepentirás de los resultados gracias a nuestros expertos profesionales de Evolution Vip."
        }, 
        {
            "service_category": "Peluquería", 
            "service": "Corte De Pelo Mujer Y Peinado Pelo Corto", 
            "duration": 2700, 
            "price": "29,9 € ", 
            "description": "El servicio de corte y peinado incluye lavar, cortar y peinar el pelo, siempre asesorado por los mejores profesionales. ¡Que no se te arrebaten los pelos! Confía en Evolution Vip peluqueros.no incluye champú especifico ni crema. ¿A qué estás esperando para hacer tu reserva con nosotros? De un solo clic gracias a Bucmi.com. No te arrepentirás de los resultados gracias a nuestros expertos profesionales de Evolution Vip."
        }, 
        {
            "service_category": "Estética", 
            "service": "Limpieza Facial Completa", 
            "duration": 2700, 
            "price": "28,95 € ", 
            "description": "Disfruta de una piel sin impurezas y completamente hidratada. El servicio incluye desmaquillado de la piel, extracción manual con máquina de vapor, aplicación de tónico y mascarilla refrescante al final del tratamiento. ¿A qué estás esperando para hacer tu reserva con nosotros? De un solo clic gracias a Bucmi.com. No te arrepentirás de los resultados gracias a nuestros expertos profesionales de Evolution Vip."
        }, 
        {
            "service_category": "Manicura y Pedicura", 
            "service": "Manicura Y Pedicura Completa", 
            "duration": 2700, 
            "price": "40 € ", 
            "description": "Luce perfecta para ese evento tan esperado con nuestro servicio de manicura y pedicura completa. Incluye tratamiento completo en pies y manos, limado de uñas y esmaltado a elegir entre nuestra gama de colores. También puedes escoger nuestro lacado a la francesa."
        }, 
        {
            "service_category": "Manicura y Pedicura", 
            "service": "Manicura Completa", 
            "duration": 1800, 
            "price": "10,95 € ", 
            "description": "Las manos son el reflejo de uno mismo. Incluye limado, retirada de cutícula para el cuidado de tu uña y esmaltado dentro de una amplia variedad de colores. Incluye esmaltado en manicura francesa. ¿A qué estás esperando para hacer tu reserva con nosotros? De un solo clic gracias a Bucmi.com. No te arrepentirás de los resultados gracias a nuestros expertos profesionales de Evolution Vip."
        }, 
        {
            "service_category": "Masaje", 
            "service": "Masaje Relajante", 
            "duration": 1800, 
            "price": "20,95 € ", 
            "description": "Consigue en tu agenda 30 minutos y date un respiro con nuestro servicio de masaje relajante con esencias. También puedes elegir entre nuestro masaje descontracturante y así eliminar las tensiones generadas por el estrés. ¿A qué estás esperando para hacer tu reserva con nosotros? De un solo clic gracias a Bucmi.com. No te arrepentirás de los resultados gracias a nuestros expertos profesionales de Evolution Vip."
        }, 
        {
            "service_category": "Depilación", 
            "service": "Pack Depilación Cera Completa Mujer", 
            "duration": 1800, 
            "price": "51,9 € ", 
            "description": "Consigue eliminar durante un par de semanas el vello y lucir una piel sedosa de la zona de las medias piernas, axilas, cejas, labio superior e ingles normales. Tu piel estará suave y sedosa por un par de semanas. ¿A qué estás esperando para hacer tu reserva con nosotros? De un solo clic gracias a Bucmi.com. No te arrepentirás de los resultados gracias a nuestros expertos profesionales de Evolution Vip."
        }, 
        {
            "service_category": "Depilación", 
            "service": "Depilación Cejas Y Labio Superior", 
            "duration": 1800, 
            "price": "6 € ", 
            "description": "Eliminaremos el exceso de vello de tus cejas, para que consigas la forma deseada que enmarque tu mirada y potencia tu belleza, y también eliminamos el vello de tu labio superior. ¿A qué estás esperando para hacer tu reserva con nosotros? De un solo clic gracias a Bucmi.com. No te arrepentirás de los resultados gracias a nuestros expertos profesionales de Evolution Vip."
        }, 
        {
            "service_category": null, 
            "service": "Alisado Keratina Brasileño Pelo Corto", 
            "duration": 7200, 
            "price": "65 € ", 
            "description": "Tratamiento capilar de keratina que devuelve la salud al cabello damnificado, reduciendo el volumen y eliminando el rizado. El resultado un cabello liso y fácil de trabajar. Utilizamos producto 100% libre de formol y de otros sulfatos para que además de eliminar el encrespamiento y de alisar tu pelo, podamos reconstruirlo e hidratarlo. Haz ya tu reserva con Bucmi.com y no te arrepentirás del resultado."
        }, 
        {
            "service_category": null, 
            "service": "Alisado Keratina Pelo Largo", 
            "duration": 9000, 
            "price": "75 € ", 
            "description": "Tratamiento capilar de keratina que devuelve la salud al cabello damnificado, reduciendo el volumen y eliminando el rizado. El resultado un cabello liso y fácil de trabajar. Utilizamos producto 100% libre de formol y de otros sulfatos para que además de eliminar el encrespamiento y de alisar tu pelo, podamos reconstruirlo e hidratarlo. Haz ya tu reserva con Bucmi.com y no te arrepentirás del resultado."
        }, 
        {
            "service_category": null, 
            "service": "Tto Hidratación Keratina Mantenimiento Pelo Corto", 
            "duration": 2700, 
            "price": "30,99 € ", 
            "description": "El servicio incluye el lavado pero no incluye el peinado de la melena, el tratamiento de hidratación con keratina y el peinado a tu elección. ¿A qué estás esperando para hacer tu reserva con nosotros? De un solo clic gracias a Bucmi.com. No te arrepentirás de los resultados gracias a nuestros expertos profesionales de Evolution Vip."
        }, 
        {
            "service_category": null, 
            "service": "Tto Hidratación Keratina Mantenimiento Pelo Largo", 
            "duration": 2700, 
            "price": "40,99 € ", 
            "description": "El servicio incluye el lavado pero no incluye el peinado de la melena, el tratamiento de hidratación con keratina y el peinado a tu elección. ¿A qué estás esperando para hacer tu reserva con nosotros? De un solo clic gracias a Bucmi.com. No te arrepentirás de los resultados gracias a nuestros expertos profesionales de Evolution Vip."
        }
    ]
}