{
    "adid": null, 
    "name": "Absolutely Ego", 
    "name_of_contact": "Absolutely Ego", 
    "scrape_page": "https://www.bucmi.com/absolutelyego", 
    "business_website": "https://www.bucmi.com/absolutelyego", 
    "areas_covered": null, 
    "description": "Con unos productos inmejorables Tigi, Keune, Davines... en Absolutely EGO podrás diseñarte a ti mismo: buscando un cambio de look o mejorando el que ya luces.Contamos con los mejores profesionales de peluquería y maquillaje en el barrio de Chamberí.", 
    "img_link": [
        "https://d1nd15w2k87kz0.cloudfront.net/Uploads/635285813207633304.jpg", 
        "https://d1nd15w2k87kz0.cloudfront.net/Uploads/635285813232144706.jpg", 
        "https://d1nd15w2k87kz0.cloudfront.net/Uploads/635285813308469071.jpg", 
        "https://d1nd15w2k87kz0.cloudfront.net/Uploads/635285813353701659.jpg", 
        "https://d1nd15w2k87kz0.cloudfront.net/Uploads/635285813385523479.jpg", 
        "https://d1nd15w2k87kz0.cloudfront.net/Uploads/635285813414015108.jpg", 
        "https://d1nd15w2k87kz0.cloudfront.net/Uploads/635285920765105239.jpg"
    ], 
    "hqdb_featured_ad_type": "Featured", 
    "hqdb_nr_reviews": "70", 
    "hqdb_review_score": "9,4", 
    "accreditations": null, 
    "category": null, 
    "subcategory": null, 
    "street": "C/ Galileo, 98", 
    "city": "Madrid", 
    "zipcode": "28015", 
    "formatted_address": "C/ Galileo, 98, Madrid, 28015", 
    "country": "es", 
    "office_number": "915360434", 
    "office_number2": null, 
    "mobile_number": null, 
    "mobile_number2": null, 
    "unidentified_phone_numbers": null, 
    "latitude": "40.4384320000", 
    "longitude": "-3.7098426000", 
    "business_email": null, 
    "yelp_page": null, 
    "facebook": null, 
    "twitter": null, 
    "instagram": null, 
    "venue_images": "https://d1nd15w2k87kz0.cloudfront.net/Logotipos/635954745846032589.jpg", 
    "opening_hours_raw": null, 
    "pricelist_link": null, 
    "services": [
        {
            "service_category": "Preferente", 
            "service": "Cauterización Con Keratina Nourishing Miracle", 
            "duration": 5400, 
            "price": "120,5 € ", 
            "description": "Tratamiento reestructurante para el cabello con la innovación del Nourishing Restructuring Miracle. En Absolutely Ego utilizamos productos de primera calidad, para que tu melena luzca perfecta en cualquier ocasión. ¡Da rienda suelta a una melena hidratada, siempre en manos de nuestro equipo de profesionales! ¡No esperes más y reserva ya tu cita cómodamente online! El resultado serán verdaderamente visible.F"
        }, 
        {
            "service_category": "Preferente", 
            "service": "Corte De Pelo De Hombre", 
            "duration": 1800, 
            "price": "16,5 € ", 
            "description": "Con nuestro estilista Hugo Alonso, conseguirás un look que se adapte a tus necesidades. ¡Los hombres también se preocupan por su aspecto y en Absolutely Ego lo sabemos! Un corte asesorado con el que te verás mucho más favorecido. También realizamos lavado de la cabeza y peinado con productos de acabado tipo gomina o cera. ¡No lo dudes y reserva ya tu cita cómodamente online! ¡Conseguirás el aspecto de un verdadero gentlemanF"
        }, 
        {
            "service_category": "Preferente", 
            "service": "Corte De Pelo Mujer Y Peinado", 
            "duration": 2700, 
            "price": "44,1 € ", 
            "description": "Déjate asesorar por nuestros profesionales y cambia tu look gracias a este paquete que incluye corte de tendencia, lavado con hidratación y peinado con definición para todo tipo de largos con nuestras planchas Babyliss. Estarás en manos de un cualificado equipo de estilistas, que conseguirán el corte que más te favorezca, siempre respetando tu gusto y estilo. ¡Sorprende con una nueva imagen y una melena mucho más sana y cuidada! Reserva ya tu cita cómodamente online a través de Bucmi.comF"
        }, 
        {
            "service_category": "Preferente", 
            "service": "Alisado De Keratina Pelo Medio Y Largo", 
            "duration": 10800, 
            "price": "72,1 € ", 
            "description": "Elimina el encrespamiento de tu melena mediana o larga, gracias a nuestros estilistas de Absolutely Ego y, además, aprovecha a nutrirlo y repararlo. ¡Conseguirás así dominar ese pelo tan rebelde y lucir una melena perfecta para cualquier ocasión! Nuestros productos son 100% libres de formol. Confía en nuestro equipo de profesionales, que trabajarán para conseguir el mejor resultado. ¡No lo dudes y reserva ya tu cita cómodamente onlineF"
        }, 
        {
            "service_category": "Preferente", 
            "service": "Corte Mujer Y Secado Natural", 
            "duration": 1800, 
            "price": "29 € ", 
            "description": "Mantenimiento de pelo perfecto, adaptado a tus necesidades y, si no necesitas peinarte, ¡este es el servicio para ti! Consigue un corte a la moda y lavado de la melena con productos de hidratación de la marca. Podrás escoger el corte más adecuado a tí, a tu estilo y personalidad. El secado se realiza de manera natural. ¡Luce una melena sana y cuidada y ven a nuestro centro Absolutely Ego! ¿A qué estás esperando? ¡No te lo pienses más, te encantará el resultadoF"
        }, 
        {
            "service_category": "Peluquería", 
            "service": "Cauterización Con Keratina Nourishing Miracle", 
            "duration": 5400, 
            "price": "120,5 € ", 
            "description": "Tratamiento reestructurante para el cabello con la innovación del Nourishing Restructuring Miracle. En Absolutely Ego utilizamos productos de primera calidad, para que tu melena luzca perfecta en cualquier ocasión. ¡Da rienda suelta a una melena hidratada, siempre en manos de nuestro equipo de profesionales! ¡No esperes más y reserva ya tu cita cómodamente online! El resultado serán verdaderamente visible.F"
        }, 
        {
            "service_category": "Peluquería", 
            "service": "Tto De Reparación, Hidratación Y Cauterización", 
            "duration": 1800, 
            "price": "24,9 € ", 
            "description": "¿Cansada de tu melena estropeada? Soluciónalo ya y disfruta de este tratamiento de reparación e hidratación, con productos de primera calidad. Tratamiento reestructurante para reponer los minerales esenciales, proteínas y vitaminas responsables de la estructura saludable de la melena. Devuelve la humedad natural y elasticidad. Haz que tu cabello luzca perfecto y brillante de nuevo. ¡No lo dudes y reserva ya tu cita cómodamente onlineF"
        }, 
        {
            "service_category": "Peluquería", 
            "service": "Corte De Pelo De Hombre", 
            "duration": 1800, 
            "price": "16,5 € ", 
            "description": "Con nuestro estilista Hugo Alonso, conseguirás un look que se adapte a tus necesidades. ¡Los hombres también se preocupan por su aspecto y en Absolutely Ego lo sabemos! Un corte asesorado con el que te verás mucho más favorecido. También realizamos lavado de la cabeza y peinado con productos de acabado tipo gomina o cera. ¡No lo dudes y reserva ya tu cita cómodamente online! ¡Conseguirás el aspecto de un verdadero gentlemanF"
        }, 
        {
            "service_category": "Peluquería", 
            "service": "Corte De Pelo Mujer Y Peinado", 
            "duration": 2700, 
            "price": "44,1 € ", 
            "description": "Déjate asesorar por nuestros profesionales y cambia tu look gracias a este paquete que incluye corte de tendencia, lavado con hidratación y peinado con definición para todo tipo de largos con nuestras planchas Babyliss. Estarás en manos de un cualificado equipo de estilistas, que conseguirán el corte que más te favorezca, siempre respetando tu gusto y estilo. ¡Sorprende con una nueva imagen y una melena mucho más sana y cuidada! Reserva ya tu cita cómodamente online a través de Bucmi.comF"
        }, 
        {
            "service_category": "Peluquería", 
            "service": "Alisado De Keratina Pelo Corto", 
            "duration": 7200, 
            "price": "49,9 € ", 
            "description": "Elimina el encrespamiento de tu melena corta gracias a nuestros estilistas de Absolutely Ego y, además, aprovecha a nutrirlo y repararlo. ¡Conseguirás así dominar ese pelo tan rebelde y lucir una melena perfecta para cualquier ocasión! Nuestros productos son 100% libres de formol. Confía en nuestro equipo de profesionales, que trabajarán para conseguir el mejor resultado. ¡No lo dudes y reserva ya tu cita cómodamente onlineF"
        }, 
        {
            "service_category": "Peluquería", 
            "service": "Alisado De Keratina Pelo Medio Y Largo", 
            "duration": 10800, 
            "price": "72,1 € ", 
            "description": "Elimina el encrespamiento de tu melena mediana o larga, gracias a nuestros estilistas de Absolutely Ego y, además, aprovecha a nutrirlo y repararlo. ¡Conseguirás así dominar ese pelo tan rebelde y lucir una melena perfecta para cualquier ocasión! Nuestros productos son 100% libres de formol. Confía en nuestro equipo de profesionales, que trabajarán para conseguir el mejor resultado. ¡No lo dudes y reserva ya tu cita cómodamente onlineF"
        }, 
        {
            "service_category": "Peluquería", 
            "service": "Color Completo", 
            "duration": 5400, 
            "price": "54,1 € ", 
            "description": "¿Aburrida de tu melena? Reserva nuestro servicio de coloración completo a elegir entre nuestro gama de colores, siempre asesorado por nuestros expertos profesionales y de la mano de productos de primeras marcas como L'Óreal. Nuestro balance de color dará vida y brillo a tu melena. Además, el servicio incluye lavado con hidratación capilar con productos de Schwarzkopf y secado para melena. Válido para todo tipo de largos. ¡Luce un nuevo aspecto con la mejor ayuda! ¡Reserva ya tu cita cómodamente onlineF"
        }, 
        {
            "service_category": "Peluquería", 
            "service": "Color Raíz", 
            "duration": 5400, 
            "price": "32 € ", 
            "description": "Unifica el color de tu pelo eliminando las raíces y las canas con nuestro exclusivo servicio de retoque de raíz. El servicio también incluye lavado del pelo y secado. ¡Consigue una melena a punto y perfecta, siempre en manos de nuestro equipo de profesionales! Sirve para todo tipo de melenas. ¡No lo pienses más y reserva ya tu cita cómodamente online! ¿A qué estas esperando? ¡No dejes que te lo cuentenF"
        }, 
        {
            "service_category": "Peluquería", 
            "service": "Corte De Pelo De Cambio De Look", 
            "duration": 3600, 
            "price": "44,7 € ", 
            "description": "Para esos momentos de la vida en los que necesita un cambio nosotros te aconsejamos lo que mejor para realzar tu belleza. ¡Déjate llevar! El servicio consta de un corte cambio de look total, lavado y peinado. Válido para todo tipo de melenas. Escoge el corte que más te guste; desde lo más clásico hasta las nuevas tendencias. ¡No te arrepentirás del resultado! Haz tu reserva ya con nosotros a través de Bucmi.comF"
        }, 
        {
            "service_category": "Peluquería", 
            "service": "Corte De Pelo Para Niño", 
            "duration": 1800, 
            "price": "9 € ", 
            "description": "Porque los más peques también necesitan un estilo cuidado y de tendencia. Podrás lucir en el cole un look ideal, siempre en manos de nuestro equipo de profesionales. ¡Estarán en todo momento cuidados y mimados por nuestros profesionales. Ven a vernos y déjale en nuestras manos. ¡Saldrá encantado con el resultado! ¿A qué estás esperando? ¡Haz tu reserva cómodamente online a través de Bucmi.com! ¡Ellos también quieren estar guaposF"
        }, 
        {
            "service_category": "Peluquería", 
            "service": "Corte Mujer Y Secado Natural", 
            "duration": 1800, 
            "price": "29 € ", 
            "description": "Mantenimiento de pelo perfecto, adaptado a tus necesidades y, si no necesitas peinarte, ¡este es el servicio para ti! Consigue un corte a la moda y lavado de la melena con productos de hidratación de la marca. Podrás escoger el corte más adecuado a tí, a tu estilo y personalidad. El secado se realiza de manera natural. ¡Luce una melena sana y cuidada y ven a nuestro centro Absolutely Ego! ¿A qué estás esperando? ¡No te lo pienses más, te encantará el resultadoF"
        }, 
        {
            "service_category": "Peluquería", 
            "service": "Corte, Peinado Y Tratamiento Hidratación", 
            "duration": 3600, 
            "price": "64,1 € ", 
            "description": "Reserva ya tu pack de peluquería más completo y luce un pelo sano e hidratado. Realizamos corte de pelo con asesoramiento personalizado, lavado, tratamiento de hidratación y peinado. Un auténtico pack con el que conseguirás la melena que siempre has deseado. Si tu pelo está estropeado y ya no sabes cómo arreglarlo, ven a Absolutely Ego. ¡Los resultado serán verdaderamente visibles! ¡No lo pienses más y reserva ya tu cita cómodamente onlineF"
        }, 
        {
            "service_category": "Estética", 
            "service": "Cauterización Con Keratina Nourishing Miracle", 
            "duration": 5400, 
            "price": "120,5 € ", 
            "description": "Tratamiento reestructurante para el cabello con la innovación del Nourishing Restructuring Miracle. En Absolutely Ego utilizamos productos de primera calidad, para que tu melena luzca perfecta en cualquier ocasión. ¡Da rienda suelta a una melena hidratada, siempre en manos de nuestro equipo de profesionales! ¡No esperes más y reserva ya tu cita cómodamente online! El resultado serán verdaderamente visible.F"
        }
    ]
}