{
    "adid": null, 
    "name": "Osorno", 
    "name_of_contact": "Osorno", 
    "scrape_page": "https://www.bucmi.com/osorno", 
    "business_website": "https://www.bucmi.com/osorno", 
    "areas_covered": null, 
    "description": "El centro de estética Osorno, situado a pocos metros de la plaza Conde de Casal, ofrece tratamientos faciales, corporales y bronceados. Reserva ahora tu cita online con Bucmi.com y cuida tu piel en profundidad. Te sentirás guapa por dentro y por fuera.", 
    "img_link": [
        "https://d1nd15w2k87kz0.cloudfront.net/Uploads/635963191148684458.jpg", 
        "https://d1nd15w2k87kz0.cloudfront.net/Uploads/635963191147898850.jpg", 
        "https://d1nd15w2k87kz0.cloudfront.net/Uploads/635963191150099677.jpg", 
        "https://d1nd15w2k87kz0.cloudfront.net/Uploads/635963191149309482.jpg", 
        "https://d1nd15w2k87kz0.cloudfront.net/Uploads/635963191151662172.jpg", 
        "https://d1nd15w2k87kz0.cloudfront.net/Uploads/635963191156818774.jpg"
    ], 
    "hqdb_featured_ad_type": "Featured", 
    "hqdb_nr_reviews": "8", 
    "hqdb_review_score": "8,8", 
    "accreditations": null, 
    "category": null, 
    "subcategory": null, 
    "street": null, 
    "city": "Madrid", 
    "zipcode": "28007", 
    "formatted_address": "Madrid, 28044, Madrid, Madrid, Madrid, 28043, Madrid, 28031, Madrid, 28007", 
    "country": "es", 
    "office_number": "915733539", 
    "office_number2": null, 
    "mobile_number": null, 
    "mobile_number2": null, 
    "unidentified_phone_numbers": null, 
    "latitude": "40.4077829000", 
    "longitude": "-3.6698652000", 
    "business_email": null, 
    "yelp_page": null, 
    "facebook": null, 
    "twitter": null, 
    "instagram": null, 
    "venue_images": "https://d1nd15w2k87kz0.cloudfront.net/Logotipos/635963254053834109.jpg", 
    "opening_hours_raw": null, 
    "pricelist_link": null, 
    "services": [
        {
            "service_category": "Preferente", 
            "service": "Tratamiento Hidratante Facial Profundo", 
            "duration": 3600, 
            "price": "90 € ", 
            "description": "Cuida tu piel con productos de la gama Alqvimia. Recuperación rápida de la hidratación, tonicidad y brillo natural de la piel. Este tratamiento está especialmente indicado para limpiar y fortalecer la piel después del verano. No esperes más y reserva ahora tu cita online con Bucmi.com."
        }, 
        {
            "service_category": "Preferente", 
            "service": "Pack Limpieza Y Masaje Facial", 
            "duration": 5400, 
            "price": "80 € ", 
            "description": "El servicio incluye el desmaquillado de la piel, limpieza con extracción de puntos negros, espinillas, exfoliación y mascarilla hidratante. Finalizamos con masaje facial de 20 minutos. El tratamiento lo realizamos con productos de la gama Alqvimia."
        }, 
        {
            "service_category": "Preferente", 
            "service": "5 Sesiones De Bronceado En Cabina Normal", 
            "duration": 900, 
            "price": "54 € ", 
            "description": "Presume de bronceado en cualquier época del año con este bono que incluye 1 sesión de 10 minutos, 1 sesión de 12 minutos, 1 sesión de 15 minutos y 2 sesiónes de 20 minutos.No esperes más y reserva ahora tu cita online con Bucmi.com."
        }, 
        {
            "service_category": "Estética", 
            "service": "Bono De 5 Sesiones Radiofrecuencia Facial", 
            "duration": 3600, 
            "price": "150 € ", 
            "description": "Consigue un rostro rejuvevecido con este bono que incluye 30 minutos de Radiofrecuencia Facial y 10 minutos de Hidratación Facial. Elimina las primeras líneas de expresión y recupera la elasticidad de tu piel. Reserva ahora tu cita online con Bucmi.com."
        }, 
        {
            "service_category": "Estética", 
            "service": "Tratamiento Hidratante Facial Profundo", 
            "duration": 3600, 
            "price": "90 € ", 
            "description": "Cuida tu piel con productos de la gama Alqvimia. Recuperación rápida de la hidratación, tonicidad y brillo natural de la piel. Este tratamiento está especialmente indicado para limpiar y fortalecer la piel después del verano. No esperes más y reserva ahora tu cita online con Bucmi.com."
        }, 
        {
            "service_category": "Estética", 
            "service": "Bono 5 Sesiones De Cavitación Y Presoterapia", 
            "duration": 2700, 
            "price": "160 € ", 
            "description": "Consigue la silueta que siempre has querido con la ayuda de este bono de 5 sesiones de cavitación y presoterapia. Cada sesión consta de 25 minutos de cavitación y otros 25 minutos de presoterapia. Reserva ahora tu cita online con Bucmi.com."
        }, 
        {
            "service_category": "Estética", 
            "service": "Pack Limpieza Y Masaje Facial", 
            "duration": 5400, 
            "price": "80 € ", 
            "description": "El servicio incluye el desmaquillado de la piel, limpieza con extracción de puntos negros, espinillas, exfoliación y mascarilla hidratante. Finalizamos con masaje facial de 20 minutos. El tratamiento lo realizamos con productos de la gama Alqvimia."
        }, 
        {
            "service_category": "Estética", 
            "service": "Bono 8 - 12 Sesiones Bronceado", 
            "duration": 900, 
            "price": "100 € ", 
            "description": "Consigue un bronceado perfecto en cualquier época del año gracias a este bono de entre 8 o 12 sesiones. El número de sesiones va en función de los minutos que consumas por sesión. El servicio se realiza en cabina normal o ultrarrápida."
        }, 
        {
            "service_category": "Estética", 
            "service": "5 Sesiones De Bronceado En Cabina Ultrarrápida", 
            "duration": 900, 
            "price": "61 € ", 
            "description": "Luce bronceado en cualquier época del año con este bono que incluye 2 sesiones de 10 minutos, 1 sesión de 12 minutos, 1 sesión de 15 minutos y 1 sesión de 20 minutos. Consigue un bronceado perfecto reservando ahora tu bono online con Bucmi.com."
        }, 
        {
            "service_category": "Estética", 
            "service": "5 Sesiones De Bronceado En Cabina Normal", 
            "duration": 900, 
            "price": "54 € ", 
            "description": "Presume de bronceado en cualquier época del año con este bono que incluye 1 sesión de 10 minutos, 1 sesión de 12 minutos, 1 sesión de 15 minutos y 2 sesiónes de 20 minutos.No esperes más y reserva ahora tu cita online con Bucmi.com."
        }, 
        {
            "service_category": "Estética", 
            "service": "5 Sesiones Tratamiento Facial Antiedad Y Reafirmante", 
            "duration": 3600, 
            "price": "160 € ", 
            "description": "Rejuvenece la piel de tu rostro con este bono de 5 sesiones. El tratamientos consiste en peeling antiaging, fotoelectroporación rejuvenecedora, vitaminas, mesoterapia, higiene facial e hidratación con productos de la gama Aqvimia."
        }, 
        {
            "service_category": "Estética", 
            "service": "5 Ss Tto Corporal Anticelulítico Y Reafirmante", 
            "duration": 2700, 
            "price": "160 € ", 
            "description": "El tratamiento consta de 30 minutos de Radiofrecuencia Multipolar y 10 minutos de hidratación que te permitirán reafirmar tu piel, hidratarla y conseguir un tensión elástica de los tejidos cutáneos. Resultados visibles desde la primera sesión."
        }, 
        {
            "service_category": "Masaje", 
            "service": "Bono De 5 Sesiones Radiofrecuencia Facial", 
            "duration": 3600, 
            "price": "150 € ", 
            "description": "Consigue un rostro rejuvevecido con este bono que incluye 30 minutos de Radiofrecuencia Facial y 10 minutos de Hidratación Facial. Elimina las primeras líneas de expresión y recupera la elasticidad de tu piel. Reserva ahora tu cita online con Bucmi.com."
        }
    ]
}