{
    "adid": null, 
    "name": "Atlas Fisioterapia", 
    "name_of_contact": "Atlas Fisioterapia", 
    "scrape_page": "https://www.bucmi.com/atlasfisioterapia", 
    "business_website": "https://www.bucmi.com/atlasfisioterapia", 
    "areas_covered": null, 
    "description": "Fisioterapia general,fisioterapia deportiva,rehabilitación post-operatoria,vendajes neuromusculares...", 
    "img_link": [
        "https://d1nd15w2k87kz0.cloudfront.net/Uploads/635192523910399676.jpg", 
        "https://d1nd15w2k87kz0.cloudfront.net/Uploads/635192530376979543.jpg", 
        "https://d1nd15w2k87kz0.cloudfront.net/Uploads/635192530486945833.jpg", 
        "https://d1nd15w2k87kz0.cloudfront.net/Uploads/635192530615823205.jpg", 
        "https://d1nd15w2k87kz0.cloudfront.net/Uploads/635192530660025733.jpg", 
        "https://d1nd15w2k87kz0.cloudfront.net/Uploads/635192531212997361.jpg"
    ], 
    "hqdb_featured_ad_type": "Featured", 
    "hqdb_nr_reviews": "90", 
    "hqdb_review_score": "9,5", 
    "accreditations": null, 
    "category": null, 
    "subcategory": null, 
    "street": "C/ Puenteareas, 18", 
    "city": "Madrid", 
    "zipcode": "28002", 
    "formatted_address": "C/ Puenteareas, 18, Madrid, 28002", 
    "country": "es", 
    "office_number": "915104859", 
    "office_number2": null, 
    "mobile_number": null, 
    "mobile_number2": null, 
    "unidentified_phone_numbers": null, 
    "latitude": "40.4436968000", 
    "longitude": "-3.6692353999", 
    "business_email": null, 
    "yelp_page": null, 
    "facebook": null, 
    "twitter": null, 
    "instagram": null, 
    "venue_images": "https://d1nd15w2k87kz0.cloudfront.net/Logotipos/635968603713112297.jpg", 
    "opening_hours_raw": null, 
    "pricelist_link": null, 
    "services": [
        {
            "service_category": "Preferente", 
            "service": "Sesión Fisioterapia", 
            "duration": 2700, 
            "price": "35 € ", 
            "description": "Reserva tu sesión de fisioterapia y elimina la dolencia de la zona localizada de la mano de los mejores profesionales del sector. Valoración y tratamiento personalizado de la patología del paciente."
        }, 
        {
            "service_category": "Masaje", 
            "service": "Sesión Fisioterapia", 
            "duration": 2700, 
            "price": "35 € ", 
            "description": "Reserva tu sesión de fisioterapia y elimina la dolencia de la zona localizada de la mano de los mejores profesionales del sector. Valoración y tratamiento personalizado de la patología del paciente."
        }
    ]
}