{
    "adid": null, 
    "name": "Look Deluxe", 
    "name_of_contact": "Look Deluxe", 
    "scrape_page": "https://www.bucmi.com/lookdeluxe", 
    "business_website": "https://www.bucmi.com/lookdeluxe", 
    "areas_covered": null, 
    "description": "Look Deluxe se sitúa en la calle General Pardiñas, número 3, entre las estaciones de Goya y Principe de Vergara. Es uno de los salones más cotizados del barrio de Salamanca de Madrid por la calidad de sus tratamientos y la atención al cliente. En él encontramos una salón de belleza integral que ofrece servicios de peluquería y estética. En su carta de servicios encontramos coloraciones, mechas, cortes asesorados, peinados y maquillajes, tratamientos faciales, manicuras y pedicuras. Para lograr los mejores resultados utilian productos de firmas de gran calidad como Inoa, Kerastase, Casmara o Essie. Su equipo profesional cuenta con una amplia experiencia y se mantiene al día de los tratamientos más novedosos.", 
    "img_link": [
        "https://d1nd15w2k87kz0.cloudfront.net/Uploads/636300384617871569.jpg", 
        "https://d1nd15w2k87kz0.cloudfront.net/Uploads/636300384790682621.jpg", 
        "https://d1nd15w2k87kz0.cloudfront.net/Uploads/636300384827088489.jpg", 
        "https://d1nd15w2k87kz0.cloudfront.net/Uploads/636300384984587458.jpg", 
        "https://d1nd15w2k87kz0.cloudfront.net/Uploads/636300385311616114.jpg", 
        "https://d1nd15w2k87kz0.cloudfront.net/Uploads/636300385353022047.jpg", 
        "https://d1nd15w2k87kz0.cloudfront.net/Uploads/636300385391615477.jpg"
    ], 
    "hqdb_featured_ad_type": "Featured", 
    "hqdb_nr_reviews": "25", 
    "hqdb_review_score": "8,4", 
    "accreditations": null, 
    "category": null, 
    "subcategory": null, 
    "street": null, 
    "city": "Madrid", 
    "zipcode": "28001", 
    "formatted_address": "Madrid, 28001, Madrid, 28043, Madrid, 28014, Madrid, 28001, Madrid, 28001", 
    "country": "es", 
    "office_number": "910103614", 
    "office_number2": null, 
    "mobile_number": null, 
    "mobile_number2": null, 
    "unidentified_phone_numbers": null, 
    "latitude": "40.4238650000", 
    "longitude": "-3.6788441999", 
    "business_email": null, 
    "yelp_page": null, 
    "facebook": null, 
    "twitter": null, 
    "instagram": null, 
    "venue_images": "https://d1nd15w2k87kz0.cloudfront.net/Logotipos/636300385715050509.jpg", 
    "opening_hours_raw": null, 
    "pricelist_link": null, 
    "services": [
        {
            "service_category": "Preferente", 
            "service": "Bono 4 Sesiones Tratamiento Facial Antimanchas", 
            "duration": 3600, 
            "price": "300 € ", 
            "description": "Este servicio de estética de Look Deluxe está pensado para conseguir una piel perfecta y libre de manchas. Incluye un bono de 4 sesiones de 60 minutos cada una de su tratamiento facial antimanchas. Para lograr los mejores resultados utilizan productos de primeras marcas y sus profesionales adecuan el tratamiento a cada tipo de piel según sus necesidades. Resérvalo en 3 clics con Bucmi."
        }, 
        {
            "service_category": "Preferente", 
            "service": "Color Inoa Y Peinado", 
            "duration": 3600, 
            "price": "36,3 € ", 
            "description": "La coloración perfecta ahora es posible gracias a los tintes de la marca Inoa, disponibles en Look Delux, y la mano experta de sus cualificados profesionales. El servicio completo incluye la coloración, el lavado y el peinado con definición. Válido para coloración en raíces. Para coloración de medios y puntas puede llevar suplemento de 13,50€. Consulta con sus estilistas."
        }, 
        {
            "service_category": "Peluquería", 
            "service": "Color Inoa Y Corte De Pelo", 
            "duration": 5400, 
            "price": "44,5 € ", 
            "description": "Un pack perfecto desarrollado para lograr el cambio deseado, tanto en color como en forma. Incluye coloración Inoa y corte de pelo asesorado por los estilistas de Look Deluxe. Si optas por un corte de tendencia, te aconsejarán para encontrar el look perfecto. El servicio incluye lavado, corte de pelo y color, pero no incluye peinado. Para pelo extralargo consulta posibles suplemento con sus profesionales."
        }, 
        {
            "service_category": "Peluquería", 
            "service": "Color Inoa Y Peinado", 
            "duration": 3600, 
            "price": "36,3 € ", 
            "description": "La coloración perfecta ahora es posible gracias a los tintes de la marca Inoa, disponibles en Look Delux, y la mano experta de sus cualificados profesionales. El servicio completo incluye la coloración, el lavado y el peinado con definición. Válido para coloración en raíces. Para coloración de medios y puntas puede llevar suplemento de 13,50€. Consulta con sus estilistas."
        }, 
        {
            "service_category": "Peluquería", 
            "service": "Color Inoa Y Ritual Kerastase", 
            "duration": 3600, 
            "price": "36,3 € ", 
            "description": "Un pack de peluquería pensado para cambiar el color del pelo sin dañarlo y dándole un cuidado extra. El color Inoa de L'oreal no contiene amoniaco y es de base oléica, con lo que respeta la estructura tanto del cuero cabelludo como del pelo. Después de la coloración, realizan nuestro ritual express KERASTASE, para conseguir una melena más hidratada y llena de vida. El servicio incluye el lavado con champú normal, pero no el peinado."
        }, 
        {
            "service_category": "Peluquería", 
            "service": "Corte De Pelo Y Peinado", 
            "duration": 1800, 
            "price": "24,5 € ", 
            "description": "Los estilistas profesionales de Look Delux realizan todo tipo de cortes de pelo, ya sean más tradicionales o más arriesgados. Además se mantienen al vanguardia de las últimas tendencias, por lo que pueden asesorar y realizar los looks más innovadores. El servicio completo incluye asesoramiento previo, lavado, corte de pelo y secado con definición o peinado. Resérvalo en 1 minuto con Bucmi."
        }, 
        {
            "service_category": "Peluquería", 
            "service": "Corte Pelo Hombre Con Productos Kerastase", 
            "duration": 1800, 
            "price": "13,5 € ", 
            "description": "En Look Deluxe sus profesionales son expertos en imagen femenina y masculina, por lo que también realizan todo tipo de cortes de pelo para hombre. El servicio además incluye el lavado con champú Kerastase y peinado con loción, gomina, cera o espuma. Resérvalo cómodamente online a través de Bucmi.com."
        }, 
        {
            "service_category": "Peluquería", 
            "service": "Corte Pelo Y Ritual Kerastase", 
            "duration": 2700, 
            "price": "19 € ", 
            "description": "Este servicio es idóneo para las melenas más castigadas. Gracias a este pack se sanea el pelo con un corte y un tratamiento específico. Primero se realiza un corte asesorado por los profesionales de Look Deluxe, para después lavar la melena aplicando el Ritual Express de Kerastase. El servicio no incluye secado ni peinado. Para melenas extralargas se debe consultar posibles suplementos con los profesionales. El resultado es una melena más saludable y cuidada con un nuevo look."
        }, 
        {
            "service_category": "Peluquería", 
            "service": "Lavado Y Peinado, Recogido Y Maquillaje", 
            "duration": 5400, 
            "price": "70 € ", 
            "description": "Este pack de tratamientos de belleza está pensado para conseguir la imagen adecuada para cualquier evento especial. Incluye lavado con Ritual Express de Kerastase, recogido según el estilo y las preferencias definidas en el asesoramiento previo y maquillaje de día o noche según la ocasión. Todo ello realizado por las manos de los estilistas y los maquilladores profesionales de Look Deluxe con productos de las mejores marcas."
        }, 
        {
            "service_category": "Peluquería", 
            "service": "Mechas Completas", 
            "duration": 5400, 
            "price": "28,75 € ", 
            "description": "Las mechas son perfectas para ilumina el pelo recreando reflejos naturales o creando contrastes de color. Los estilistas de Look Deluxe realizan todo tipo de mechas en cabeza completa, ya sean en 1 sólo color o de tendencia. Incluye lavado con champú y acondicionador, pero no incluye peinado. Se deben consultar con sus profesional posibles suplementos para pelo extralargo o mechas bicolor."
        }, 
        {
            "service_category": "Peluquería", 
            "service": "Mechas Parciales", 
            "duration": 3600, 
            "price": "17,25 € ", 
            "description": "Dentro de este servicio de mechas parciales se puede elegir entre nuestras mechas por sección o mechas solo para media cabeza. El servicio se realiza con coloración de gran calidad e incluye el lavado de la melena con champú y acondicionador, pero no el secado de la melena. Se debe consultar con los profesionales del salón posibles suplementos para melenas extralargas."
        }, 
        {
            "service_category": "Peluquería", 
            "service": "Ondas Surferas Beach Waves", 
            "duration": 5400, 
            "price": "47 € ", 
            "description": "Servicio L'oreal de ondas surferas, el look de tendencia del momento. Es ideal para dar estilo a melenas lisas o con ondas rebeldes. Este look de ondas dura unos tres o cuatro meses y se recomienda tratar con el texturizante Wild Styler, Beach Waves de Loreal. Un servicio exclusivo incluido en la carta de servicios de Look Deluxe y realizado por la mano experta de sus estilistas."
        }, 
        {
            "service_category": "Peluquería", 
            "service": "Peinado Y Ritual Kerastase", 
            "duration": 5400, 
            "price": "16 € ", 
            "description": "El objetivo de este servicio es conseguir un pelo sano y lleno de vida. Se realiza con el exclusivo tratamiento Ritual Express de Kerastase. Los estilistas de Look Deluxe realizan un lavado completo, aplican el tratamiento y realizan el peinado final aplicando productos de acabado. El resultado es una melena hidratada y un look perfecto. Todo ello realizado con productos de primera calidad."
        }, 
        {
            "service_category": "Estética", 
            "service": "Color Inoa Y Corte De Pelo", 
            "duration": 5400, 
            "price": "44,5 € ", 
            "description": "Un pack perfecto desarrollado para lograr el cambio deseado, tanto en color como en forma. Incluye coloración Inoa y corte de pelo asesorado por los estilistas de Look Deluxe. Si optas por un corte de tendencia, te aconsejarán para encontrar el look perfecto. El servicio incluye lavado, corte de pelo y color, pero no incluye peinado. Para pelo extralargo consulta posibles suplemento con sus profesionales."
        }, 
        {
            "service_category": "Estética", 
            "service": "Color Inoa Y Peinado", 
            "duration": 3600, 
            "price": "36,3 € ", 
            "description": "La coloración perfecta ahora es posible gracias a los tintes de la marca Inoa, disponibles en Look Delux, y la mano experta de sus cualificados profesionales. El servicio completo incluye la coloración, el lavado y el peinado con definición. Válido para coloración en raíces. Para coloración de medios y puntas puede llevar suplemento de 13,50€. Consulta con sus estilistas."
        }, 
        {
            "service_category": "Estética", 
            "service": "Color Inoa Y Ritual Kerastase", 
            "duration": 3600, 
            "price": "36,3 € ", 
            "description": "Un pack de peluquería pensado para cambiar el color del pelo sin dañarlo y dándole un cuidado extra. El color Inoa de L'oreal no contiene amoniaco y es de base oléica, con lo que respeta la estructura tanto del cuero cabelludo como del pelo. Después de la coloración, realizan nuestro ritual express KERASTASE, para conseguir una melena más hidratada y llena de vida. El servicio incluye el lavado con champú normal, pero no el peinado."
        }, 
        {
            "service_category": "Estética", 
            "service": "Corte De Pelo Y Peinado", 
            "duration": 1800, 
            "price": "24,5 € ", 
            "description": "Los estilistas profesionales de Look Delux realizan todo tipo de cortes de pelo, ya sean más tradicionales o más arriesgados. Además se mantienen al vanguardia de las últimas tendencias, por lo que pueden asesorar y realizar los looks más innovadores. El servicio completo incluye asesoramiento previo, lavado, corte de pelo y secado con definición o peinado. Resérvalo en 1 minuto con Bucmi."
        }, 
        {
            "service_category": "Manicura y Pedicura", 
            "service": "Color Inoa Y Corte De Pelo", 
            "duration": 5400, 
            "price": "44,5 € ", 
            "description": "Un pack perfecto desarrollado para lograr el cambio deseado, tanto en color como en forma. Incluye coloración Inoa y corte de pelo asesorado por los estilistas de Look Deluxe. Si optas por un corte de tendencia, te aconsejarán para encontrar el look perfecto. El servicio incluye lavado, corte de pelo y color, pero no incluye peinado. Para pelo extralargo consulta posibles suplemento con sus profesionales."
        }, 
        {
            "service_category": "Manicura y Pedicura", 
            "service": "Color Inoa Y Peinado", 
            "duration": 3600, 
            "price": "36,3 € ", 
            "description": "La coloración perfecta ahora es posible gracias a los tintes de la marca Inoa, disponibles en Look Delux, y la mano experta de sus cualificados profesionales. El servicio completo incluye la coloración, el lavado y el peinado con definición. Válido para coloración en raíces. Para coloración de medios y puntas puede llevar suplemento de 13,50€. Consulta con sus estilistas."
        }, 
        {
            "service_category": "Manicura y Pedicura", 
            "service": "Color Inoa Y Ritual Kerastase", 
            "duration": 3600, 
            "price": "36,3 € ", 
            "description": "Un pack de peluquería pensado para cambiar el color del pelo sin dañarlo y dándole un cuidado extra. El color Inoa de L'oreal no contiene amoniaco y es de base oléica, con lo que respeta la estructura tanto del cuero cabelludo como del pelo. Después de la coloración, realizan nuestro ritual express KERASTASE, para conseguir una melena más hidratada y llena de vida. El servicio incluye el lavado con champú normal, pero no el peinado."
        }, 
        {
            "service_category": "Manicura y Pedicura", 
            "service": "Corte De Pelo Y Peinado", 
            "duration": 1800, 
            "price": "24,5 € ", 
            "description": "Los estilistas profesionales de Look Delux realizan todo tipo de cortes de pelo, ya sean más tradicionales o más arriesgados. Además se mantienen al vanguardia de las últimas tendencias, por lo que pueden asesorar y realizar los looks más innovadores. El servicio completo incluye asesoramiento previo, lavado, corte de pelo y secado con definición o peinado. Resérvalo en 1 minuto con Bucmi."
        }, 
        {
            "service_category": "Manicura y Pedicura", 
            "service": "Corte Pelo Hombre Con Productos Kerastase", 
            "duration": 1800, 
            "price": "13,5 € ", 
            "description": "En Look Deluxe sus profesionales son expertos en imagen femenina y masculina, por lo que también realizan todo tipo de cortes de pelo para hombre. El servicio además incluye el lavado con champú Kerastase y peinado con loción, gomina, cera o espuma. Resérvalo cómodamente online a través de Bucmi.com."
        }, 
        {
            "service_category": "Manicura y Pedicura", 
            "service": "Corte Pelo Y Ritual Kerastase", 
            "duration": 2700, 
            "price": "19 € ", 
            "description": "Este servicio es idóneo para las melenas más castigadas. Gracias a este pack se sanea el pelo con un corte y un tratamiento específico. Primero se realiza un corte asesorado por los profesionales de Look Deluxe, para después lavar la melena aplicando el Ritual Express de Kerastase. El servicio no incluye secado ni peinado. Para melenas extralargas se debe consultar posibles suplementos con los profesionales. El resultado es una melena más saludable y cuidada con un nuevo look."
        }, 
        {
            "service_category": "Manicura y Pedicura", 
            "service": "Lavado Y Peinado, Recogido Y Maquillaje", 
            "duration": 5400, 
            "price": "70 € ", 
            "description": "Este pack de tratamientos de belleza está pensado para conseguir la imagen adecuada para cualquier evento especial. Incluye lavado con Ritual Express de Kerastase, recogido según el estilo y las preferencias definidas en el asesoramiento previo y maquillaje de día o noche según la ocasión. Todo ello realizado por las manos de los estilistas y los maquilladores profesionales de Look Deluxe con productos de las mejores marcas."
        }, 
        {
            "service_category": "Manicura y Pedicura", 
            "service": "Mechas Completas", 
            "duration": 5400, 
            "price": "28,75 € ", 
            "description": "Las mechas son perfectas para ilumina el pelo recreando reflejos naturales o creando contrastes de color. Los estilistas de Look Deluxe realizan todo tipo de mechas en cabeza completa, ya sean en 1 sólo color o de tendencia. Incluye lavado con champú y acondicionador, pero no incluye peinado. Se deben consultar con sus profesional posibles suplementos para pelo extralargo o mechas bicolor."
        }
    ]
}