{
    "adid": null, 
    "name": "Cambio de Look", 
    "name_of_contact": "Cambio de Look", 
    "scrape_page": "https://www.bucmi.com/cambiodelook", 
    "business_website": "https://www.bucmi.com/cambiodelook", 
    "areas_covered": null, 
    "description": "Cambio de Look es un salón unisex ubicado en la zona de Puerta del Ángel, en Madrid. Nuestro objetivo es ofrecer a nuestros clientes un trato personalizado y exclusivo, potenciando los cortes prácticos y el color adaptado según el deseo de cada cliente.", 
    "img_link": [
        "https://d1nd15w2k87kz0.cloudfront.net/Uploads/635963221720375572.jpg", 
        "https://d1nd15w2k87kz0.cloudfront.net/Uploads/635963221721313069.jpg", 
        "https://d1nd15w2k87kz0.cloudfront.net/Uploads/635963221722250562.jpg", 
        "https://d1nd15w2k87kz0.cloudfront.net/Uploads/635963221722719311.jpg", 
        "https://d1nd15w2k87kz0.cloudfront.net/Uploads/635963221725219308.jpg", 
        "https://d1nd15w2k87kz0.cloudfront.net/Uploads/635963221726313054.jpg"
    ], 
    "hqdb_featured_ad_type": "Featured", 
    "hqdb_nr_reviews": "19", 
    "hqdb_review_score": "8,0", 
    "accreditations": null, 
    "category": null, 
    "subcategory": null, 
    "street": "C/ Maudes, 31", 
    "city": "Madrid", 
    "zipcode": "28011", 
    "formatted_address": "C/ Maudes, 31, Madrid, 28011", 
    "country": "es", 
    "office_number": "911524375", 
    "office_number2": null, 
    "mobile_number": null, 
    "mobile_number2": null, 
    "unidentified_phone_numbers": null, 
    "latitude": "40.4140016000", 
    "longitude": "-3.7266810999", 
    "business_email": null, 
    "yelp_page": null, 
    "facebook": null, 
    "twitter": null, 
    "instagram": null, 
    "venue_images": "https://d1nd15w2k87kz0.cloudfront.net/Logotipos/635963242885346241.jpg", 
    "opening_hours_raw": null, 
    "pricelist_link": null, 
    "services": [
        {
            "service_category": "Preferente", 
            "service": "Higiene Facial 5 En 1", 
            "duration": 3600, 
            "price": "30 € ", 
            "description": "¿Quieres tener una piel limpia y sin impurezas? ¡Reserva nuestra higiene facial 5 en 1! El servicio incluye: Vapor ozono, peeling, extracción, alta frecuencia y masaje facial. Además, de regalo una mascarilla de colágeno y elastinaF"
        }, 
        {
            "service_category": "Preferente", 
            "service": "Manicura Spa Y Esmaltado Permanente", 
            "duration": 5400, 
            "price": "16,9 € ", 
            "description": "Para las que quieren tener siempre las uñas perfectas. Con una duración de, por lo menos, dos semanas. Y...lo mejor es que el secado es ¡instantáneo! El servicio incluye: desmaquillado, limado, pulido, arreglo de cutículas, esmalte permanente, peeling, hidratación y masaje con velas. DF"
        }, 
        {
            "service_category": "Preferente", 
            "service": "Depilación Cera Piernas Enteras, Ingles Y Axilas", 
            "duration": 2700, 
            "price": "24 € ", 
            "description": "¡Reserva nuestro pack de depilación con cera para las zonas de las piernas enteras, ingles normales y axilas! En caso de que quieras realizarte las ingles brasileñas o completas se abonará un suplemento en el centroF"
        }, 
        {
            "service_category": "Preferente", 
            "service": "Alisado Ácido Hialurónico Corto", 
            "duration": 7200, 
            "price": "69,9 € ", 
            "description": "Contiene ácido hialurónico y colágeno, proporciona al cabello reconstrucción, nutrición y realineación capilar, deja el cabello con un liso natural, brillo intenso y una textura indescriptible. *Consulte con el centro suplemento por largo o cantidad*DF"
        }, 
        {
            "service_category": "Preferente", 
            "service": "Uñas Gel", 
            "duration": 7200, 
            "price": "28 € ", 
            "description": "¿Te gustaría poder conseguir unas uñas perfectas? Ahora tienes la oportunidad de presumir de manos reservando nuestras uñas de gel en francesa. Tus manos estarán perfectas por más tiempo gracias a este servicioF"
        }, 
        {
            "service_category": "Peluquería", 
            "service": "Tratamiento Capilar Botox", 
            "duration": 5400, 
            "price": "40 € ", 
            "description": "¡Dale una oportunidad a tu pelo dañado! Todavía estás a tiempo de revivirlo reservando nuestro tratamiento capilar de botox. Incluye también el lavado, corte y peinado. Notarás tu cabello con una hidratación profunda, sin encrespamiento y con un brillo intensoF"
        }, 
        {
            "service_category": "Peluquería", 
            "service": "Alisado Ácido Hialurónico Corto", 
            "duration": 7200, 
            "price": "69,9 € ", 
            "description": "Contiene ácido hialurónico y colágeno, proporciona al cabello reconstrucción, nutrición y realineación capilar, deja el cabello con un liso natural, brillo intenso y una textura indescriptible. *Consulte con el centro suplemento por largo o cantidad*DF"
        }, 
        {
            "service_category": "Peluquería", 
            "service": "Mechas Plata Corto", 
            "duration": 5400, 
            "price": "25 € ", 
            "description": "¿Te apetece realizarte unas mechas? ¡Reserva nuestro servicio! Nuestros profesionales en peluquería se encargarán de realizar las mechas en la tonalidad que más se adapte a ti. Incluye mechas de plata, secado y lavado con champú y mascarilla. Servicio exclusivo para pelo corto, en caso de tener un largo superior se deberá abonar un suplemento en el salónF"
        }, 
        {
            "service_category": "Peluquería", 
            "service": "Mechas Plata Largo", 
            "duration": 5400, 
            "price": "45 € ", 
            "description": "¡Presume de un pelo increíble reservando nuestras mechas! Nuestros profesionales en peluquería se encargarán de realizar las mechas en la tonalidad que más se adapte a ti. Incluye mechas de plata, secado y lavado con champú y mascarilla. Servicio exclusivo para pelo largo. En caso de tener un largo superior, se deberá abonar un suplemento en el salónF"
        }, 
        {
            "service_category": "Peluquería", 
            "service": "Mechas Plata Medio", 
            "duration": 5400, 
            "price": "35 € ", 
            "description": "¿A qué esperas para hacerte unas mechas? ¡Reserva nuestro servicio! Nuestros profesionales en peluquería se encargarán de realizar las mechas en la tonalidad que más se adapte a ti. Incluye mechas de plata, secado y lavado con champú y mascarilla. Servicio exclusivo para pelo medio. En caso de tener un largo superior, se deberá abonar un suplemento en el salónF"
        }, 
        {
            "service_category": "Peluquería", 
            "service": "Tratamiento Keratina Corto", 
            "duration": 5400, 
            "price": "59,9 € ", 
            "description": "El alisado se consigue de forma progresiva a raiz de nutrir e hidratar la fibra capilar. El resultado es un cabello sin encrespamiento, sedoso y con un brillo intenso. *Consulte con el centro suplemento por largo o cantidad*DF"
        }, 
        {
            "service_category": "Peluquería", 
            "service": "Lavar, Corte Y Peinado", 
            "duration": 3600, 
            "price": "18 € ", 
            "description": "¡Disfruta de nuestro completo paquete de belleza para tu pelo! Este pack incluye: corte de tendencia, lavado con champú e hidratación con un ligero masaje capilar. Para finalizar, realizamos un peinado de la melena con definiciónF"
        }, 
        {
            "service_category": "Peluquería", 
            "service": "Corte Hombre", 
            "duration": 1800, 
            "price": "8 € ", 
            "description": "¿Necesitas un corte de pelo? ¡Reserva este servicio! Estarás en manos de nuestros profesionales en peluquería. Incluye el lavado, masaje capilar, corte, secado y producto de acabado (gomina, espuma, cera...)DF"
        }, 
        {
            "service_category": "Peluquería", 
            "service": "Tinte, Lavar, Corte Y Peinado", 
            "duration": 5400, 
            "price": "29,9 € ", 
            "description": "¿A qué esperas para reservar nuestro completísimo pack para mejorar el estilo de tu pelo? ¡Reserva ya! Incluye el tinte, lavado con champú post-coloración (para mayor durabilidad del color), masaje capilar, baño de hidratación, corte y peinadoF"
        }, 
        {
            "service_category": "Estética", 
            "service": "Tratamiento Capilar Botox", 
            "duration": 5400, 
            "price": "40 € ", 
            "description": "¡Dale una oportunidad a tu pelo dañado! Todavía estás a tiempo de revivirlo reservando nuestro tratamiento capilar de botox. Incluye también el lavado, corte y peinado. Notarás tu cabello con una hidratación profunda, sin encrespamiento y con un brillo intensoF"
        }, 
        {
            "service_category": "Manicura y Pedicura", 
            "service": "Tratamiento Capilar Botox", 
            "duration": 5400, 
            "price": "40 € ", 
            "description": "¡Dale una oportunidad a tu pelo dañado! Todavía estás a tiempo de revivirlo reservando nuestro tratamiento capilar de botox. Incluye también el lavado, corte y peinado. Notarás tu cabello con una hidratación profunda, sin encrespamiento y con un brillo intensoF"
        }, 
        {
            "service_category": "Manicura y Pedicura", 
            "service": "Alisado Ácido Hialurónico Corto", 
            "duration": 7200, 
            "price": "69,9 € ", 
            "description": "Contiene ácido hialurónico y colágeno, proporciona al cabello reconstrucción, nutrición y realineación capilar, deja el cabello con un liso natural, brillo intenso y una textura indescriptible. *Consulte con el centro suplemento por largo o cantidad*DF"
        }, 
        {
            "service_category": "Manicura y Pedicura", 
            "service": "Mechas Plata Corto", 
            "duration": 5400, 
            "price": "25 € ", 
            "description": "¿Te apetece realizarte unas mechas? ¡Reserva nuestro servicio! Nuestros profesionales en peluquería se encargarán de realizar las mechas en la tonalidad que más se adapte a ti. Incluye mechas de plata, secado y lavado con champú y mascarilla. Servicio exclusivo para pelo corto, en caso de tener un largo superior se deberá abonar un suplemento en el salónF"
        }, 
        {
            "service_category": "Manicura y Pedicura", 
            "service": "Mechas Plata Largo", 
            "duration": 5400, 
            "price": "45 € ", 
            "description": "¡Presume de un pelo increíble reservando nuestras mechas! Nuestros profesionales en peluquería se encargarán de realizar las mechas en la tonalidad que más se adapte a ti. Incluye mechas de plata, secado y lavado con champú y mascarilla. Servicio exclusivo para pelo largo. En caso de tener un largo superior, se deberá abonar un suplemento en el salónF"
        }, 
        {
            "service_category": "Depilación", 
            "service": "Tratamiento Capilar Botox", 
            "duration": 5400, 
            "price": "40 € ", 
            "description": "¡Dale una oportunidad a tu pelo dañado! Todavía estás a tiempo de revivirlo reservando nuestro tratamiento capilar de botox. Incluye también el lavado, corte y peinado. Notarás tu cabello con una hidratación profunda, sin encrespamiento y con un brillo intensoF"
        }
    ]
}