{
    "adid": null, 
    "name": "Valeria", 
    "name_of_contact": "Valeria", 
    "scrape_page": "https://www.bucmi.com/esteticavaleria", 
    "business_website": "https://www.bucmi.com/esteticavaleria", 
    "areas_covered": null, 
    "description": "El centro de estética Valeria situado en Aluche, Madrid, ofrece todo tipo de tratamientos tanto faciales como corporales. Ven a conocernos y reserva ahora online el tratamiento que prefieras para devolver la luminosidad y tersura a tu piel.", 
    "img_link": [
        "https://d1nd15w2k87kz0.cloudfront.net/Uploads/635998536532442149.jpg", 
        "https://d1nd15w2k87kz0.cloudfront.net/Uploads/635998536612130682.jpg", 
        "https://d1nd15w2k87kz0.cloudfront.net/Uploads/635998536719786615.jpg", 
        "https://d1nd15w2k87kz0.cloudfront.net/Uploads/635998536786678951.jpg", 
        "https://d1nd15w2k87kz0.cloudfront.net/Uploads/635998536828085078.jpg"
    ], 
    "hqdb_featured_ad_type": "Featured", 
    "hqdb_nr_reviews": "3", 
    "hqdb_review_score": "9,3", 
    "accreditations": null, 
    "category": null, 
    "subcategory": null, 
    "street": "C/ Almirante, 6", 
    "city": "Madrid", 
    "zipcode": "28044", 
    "formatted_address": "C/ Almirante, 6, Madrid, 28044", 
    "country": "es", 
    "office_number": "917056074", 
    "office_number2": null, 
    "mobile_number": null, 
    "mobile_number2": null, 
    "unidentified_phone_numbers": null, 
    "latitude": "40.3862232000", 
    "longitude": "-3.7639435999", 
    "business_email": null, 
    "yelp_page": null, 
    "facebook": null, 
    "twitter": null, 
    "instagram": null, 
    "venue_images": "https://d1nd15w2k87kz0.cloudfront.net/Logotipos/636021110925942725.jpg", 
    "opening_hours_raw": null, 
    "pricelist_link": null, 
    "services": [
        {
            "service_category": "Preferente", 
            "service": "Bono 6 Sesiones Pack 3 Tratamientos Faciales", 
            "duration": 3600, 
            "price": "510 € ", 
            "description": "Quítale un par de años de encima a tu rostro con nuestro bono de 6 sesiones de este fantástico pack de 3 tratamientos faciales en promoción. En cada sesión disfrutarás de tres tratamientos: RADIOFRECUENCIA+FOTORREJUVENECIMIENTO + SERÙM. Cada sesión tendrá una duración aproximada de una hora y te regalamos UNA SESION de 1 Trat. FACIAL ANTI-EDAD, Consigue unos resultados increíbles gracias a nuestros expertos esteticistas de Estética Valeria y no te arrepentirás de haber reservado."
        }, 
        {
            "service_category": "Preferente", 
            "service": "Higiene Facial Personalizada Y Tratamiento Facial", 
            "duration": 5400, 
            "price": "68 € ", 
            "description": "En nuestro centro sabemos que a cada piel hay que darle el cuidado necesario según su estado, por ello, realizamos nuestra higiene facial aplicando los productos y procedimientos específicos que necesitas. Durante el tratamiento utilizamos productos de la marca Casmara y te realizamos el desmaquillado, un peeling, la extracción y aplicamos un tratamiento personalizado exprés para tu piel. Además, te regalamos un diagnóstico de la piel."
        }, 
        {
            "service_category": "Preferente", 
            "service": "Depilación Cejas Unisex", 
            "duration": 900, 
            "price": "7,5 € ", 
            "description": "Este servicio incluye la depilación de las cejas unisex. Conseguiremos que enmarques tus cejas para que consigas una mirada estupenda. La depilación con cera es una de las formas más tradicionales de eliminar los vellos indeseados del cuerpo y rostro. En Estética Valeria utilizamos cera de calidad, para que tu piel esté suave y sedosa por un par de semanas. Haz ya tu reserva con Bucmi.com."
        }, 
        {
            "service_category": "Preferente", 
            "service": "Depilación Cera Brazos Mujer", 
            "duration": 1800, 
            "price": "14 € ", 
            "description": "La depilación con cera es una de las formas más tradicionales de eliminar los vellos indeseados del cuerpo y rostro. En Estética Valeria utilizamos cera de calidad, para que tu piel esté suave y sedosa por un par de semanas. Consigue unos resultados increíbles gracias a nuestros expertos esteticistas de Estética Valeria y no te arrepentirás de haber reservado."
        }, 
        {
            "service_category": "Preferente", 
            "service": "Depilación Cera Ingles O Axilas Hombre", 
            "duration": 900, 
            "price": "10 € ", 
            "description": "La depilación con cera es una de las formas más tradicionales de eliminar los vellos indeseados del cuerpo y rostro. En Estética Valeria utilizamos cera de calidad, para que tu piel esté suave y sedosa por un par de semanas. Consigue unos resultados increíbles gracias a nuestros expertos esteticistas de Estética Valeria y no te arrepentirás de haber reservado."
        }, 
        {
            "service_category": "Preferente", 
            "service": "Depilación Cera Ingles O Axilas Mujer", 
            "duration": 900, 
            "price": "9 € ", 
            "description": "La depilación con cera es una de las formas más tradicionales de eliminar los vellos indeseados del cuerpo y rostro. En Estética Valeria utilizamos cera de calidad, para que tu piel esté suave y sedosa por un par de semanas. Consigue unos resultados increíbles gracias a nuestros expertos esteticistas de Estética Valeria y no te arrepentirás de haber reservado."
        }, 
        {
            "service_category": "Preferente", 
            "service": "Depilación Cera Piernas Enteras Hombre", 
            "duration": 1800, 
            "price": "20 € ", 
            "description": "La depilación con cera es una de las formas más tradicionales de eliminar los vellos indeseados del cuerpo y rostro. En Estética Valeria utilizamos cera de calidad, para que tu piel esté suave y sedosa por un par de semanas. Consigue unos resultados increíbles gracias a nuestros expertos esteticistas de Estética Valeria y no te arrepentirás de haber reservado."
        }, 
        {
            "service_category": "Preferente", 
            "service": "Depilación Cera Piernas Enteras Mujer", 
            "duration": 1800, 
            "price": "19 € ", 
            "description": "La depilación con cera es una de las formas más tradicionales de eliminar los vellos indeseados del cuerpo y rostro. En Estética Valeria utilizamos cera de calidad, para que tu piel esté suave y sedosa por un par de semanas. Consigue unos resultados increíbles gracias a nuestros expertos esteticistas de Estética Valeria y no te arrepentirás de haber reservado."
        }, 
        {
            "service_category": "Preferente", 
            "service": "Depilación Cera Pubis Y Perianal Mujer", 
            "duration": 900, 
            "price": "22 € ", 
            "description": "La depilación con cera es una de las formas más tradicionales de eliminar los vellos indeseados del cuerpo y rostro. En Estética Valeria utilizamos cera de calidad, para que tu piel esté suave y sedosa por un par de semanas. Consigue unos resultados increíbles gracias a nuestros expertos esteticistas de Estética Valeria y no te arrepentirás de haber reservado."
        }, 
        {
            "service_category": "Preferente", 
            "service": "Trat. Nutrición Manos Y Esmaltar Semipermanente", 
            "duration": 1800, 
            "price": "22,4 € ", 
            "description": "Este tratamiento dará vida a tus manos, especialmente nutriéndolas. Preparamos las uñas para el Esmaltado Semipermanente ALESSANDRO. A diferencia de las técnicas tradicionales, nosotros pulimos las uñas, en vez de desgastarlas, priorizando la salud de las mismas, lo cual facilita la retirada del esmalte con aceite, libre de disolvente y acetona, Se tratan las cutículas con un serum especial de Mango. Acabamos con un sutil masaje de manos. Buenos resultados para manos especialmente secas y deshidratada."
        }, 
        {
            "service_category": "Preferente", 
            "service": "Higiene Facial", 
            "duration": 3600, 
            "price": "39 € ", 
            "description": "En nuestro centro sabemos que a cada piel hay que darle el cuidado necesario según su estado, por ello, realizamos nuestra higiene facial aplicando los productos y procedimientos específicos que necesitas. Durante el tratamiento utilizamos productos de la marca Casmara y te realizamos el desmaquillado, un peeling y la extracción de impurezas. No lo dudes más y haz tu reserva online. Te encantará el resultado."
        }, 
        {
            "service_category": "Preferente", 
            "service": "Pack 3 Tratamientos Faciales 1 Sesión", 
            "duration": 3600, 
            "price": "75 € ", 
            "description": "No dejes pasar la oportunidad de darle a tu cutis un look más joven y luminoso con nuestro pack de 3 tratamientos faciales en 1. Disfrutarás de una sesión de radiofrecuencia facial , sesión de fotorejuvenecimiento y el complemento ideal a estos dos tratamientos Un SERÙM Elixir Cell. Todo ello en una duración aproximada de 1 hora y te regalamos 1 Sesión Trat. antiedad , Con la compra de un bono de 6 sesiones."
        }, 
        {
            "service_category": "Preferente", 
            "service": "Presoterapia", 
            "duration": 1800, 
            "price": "18 € ", 
            "description": "Relajate y descarga la pesadez corporal con una sesión de 30 minutos de presoterapia. Los distintos niveles de presión que se aplican actúan sobre la retención de líquidos y la mala circulación, sumando un efecto relajante. Consigue unos resultados increíbles gracias a nuestros expertos esteticistas de Estética Valeria y no te arrepentirás de haber reservado."
        }, 
        {
            "service_category": "Estética", 
            "service": "Bono 6 Sesiones Pack 3 Tratamientos Faciales", 
            "duration": 3600, 
            "price": "510 € ", 
            "description": "Quítale un par de años de encima a tu rostro con nuestro bono de 6 sesiones de este fantástico pack de 3 tratamientos faciales en promoción. En cada sesión disfrutarás de tres tratamientos: RADIOFRECUENCIA+FOTORREJUVENECIMIENTO + SERÙM. Cada sesión tendrá una duración aproximada de una hora y te regalamos UNA SESION de 1 Trat. FACIAL ANTI-EDAD, Consigue unos resultados increíbles gracias a nuestros expertos esteticistas de Estética Valeria y no te arrepentirás de haber reservado."
        }, 
        {
            "service_category": "Estética", 
            "service": "Higiene Facial Personalizada Y Tratamiento Facial", 
            "duration": 5400, 
            "price": "68 € ", 
            "description": "En nuestro centro sabemos que a cada piel hay que darle el cuidado necesario según su estado, por ello, realizamos nuestra higiene facial aplicando los productos y procedimientos específicos que necesitas. Durante el tratamiento utilizamos productos de la marca Casmara y te realizamos el desmaquillado, un peeling, la extracción y aplicamos un tratamiento personalizado exprés para tu piel. Además, te regalamos un diagnóstico de la piel."
        }, 
        {
            "service_category": "Estética", 
            "service": "Trat. Oxígeno Express Y Fotorrejuvenecimiento", 
            "duration": 1800, 
            "price": "39 € ", 
            "description": "Detén el paso del tiempo con oxígeno exprés de Casmara, un aporte de energía, vitalidad y luminosidad. purifica, oxigena y energiza tu piel. El fotorrejuvenecimiento reduce el tamaño del poro y la profundidad de las arrugas, ayuda a sintetizar nuevo colágeno en la dermis, reduce las manchas tanto marrones como rojas y mejora la textura de la piel, es un sistema idóneo para atenuar las consecuencias del paso del tiempo."
        }, 
        {
            "service_category": "Estética", 
            "service": "Tto Corporal Reductor / Anticelulitico", 
            "duration": 5400, 
            "price": "50 € ", 
            "description": "Tratamiento intensivo remodelante basado en la combinación de masaje con maderoterapia y aceite esencial específico (drenante, anticelulítico o reafirmante), envoltura de fango marino y presoterapia. El objetivo es eliminar la celulitis y sobre todo reducir volumen. Las sesiones son totalmente personalizadas y por ello previamente hacemos un diagnóstico corporal para decidir cual será la mejor combinación a trabajar, podemos combinar indiba en nuestras sesiones. Buscamos el mejor tratamiento para ti."
        }, 
        {
            "service_category": "Estética", 
            "service": "Bono De 10 Sesiones De Presoterapia", 
            "duration": 1800, 
            "price": "162 € ", 
            "description": "Si ya eres fan de la presoterapia y te gusta disfrutar de uan sesión de vez en cuando, ahora puedes hacerlo a un precio increíble con nuestro bono de 10 sesiones de presotrapia de 30 minutos cada una en promoción. Consigue unos resultados increíbles gracias a nuestros expertos esteticistas de Estética Valeria y no te arrepentirás de haber reservado."
        }, 
        {
            "service_category": "Estética", 
            "service": "Higiene Facial", 
            "duration": 3600, 
            "price": "39 € ", 
            "description": "En nuestro centro sabemos que a cada piel hay que darle el cuidado necesario según su estado, por ello, realizamos nuestra higiene facial aplicando los productos y procedimientos específicos que necesitas. Durante el tratamiento utilizamos productos de la marca Casmara y te realizamos el desmaquillado, un peeling y la extracción de impurezas. No lo dudes más y haz tu reserva online. Te encantará el resultado."
        }, 
        {
            "service_category": "Estética", 
            "service": "Pack 3 Tratamientos Faciales 1 Sesión", 
            "duration": 3600, 
            "price": "75 € ", 
            "description": "No dejes pasar la oportunidad de darle a tu cutis un look más joven y luminoso con nuestro pack de 3 tratamientos faciales en 1. Disfrutarás de una sesión de radiofrecuencia facial , sesión de fotorejuvenecimiento y el complemento ideal a estos dos tratamientos Un SERÙM Elixir Cell. Todo ello en una duración aproximada de 1 hora y te regalamos 1 Sesión Trat. antiedad , Con la compra de un bono de 6 sesiones."
        }, 
        {
            "service_category": "Estética", 
            "service": "Presoterapia", 
            "duration": 1800, 
            "price": "18 € ", 
            "description": "Relajate y descarga la pesadez corporal con una sesión de 30 minutos de presoterapia. Los distintos niveles de presión que se aplican actúan sobre la retención de líquidos y la mala circulación, sumando un efecto relajante. Consigue unos resultados increíbles gracias a nuestros expertos esteticistas de Estética Valeria y no te arrepentirás de haber reservado."
        }, 
        {
            "service_category": "Manicura y Pedicura", 
            "service": "Trat. Nutrición Manos Y Esmaltar Semipermanente", 
            "duration": 1800, 
            "price": "22,4 € ", 
            "description": "Este tratamiento dará vida a tus manos, especialmente nutriéndolas. Preparamos las uñas para el Esmaltado Semipermanente ALESSANDRO. A diferencia de las técnicas tradicionales, nosotros pulimos las uñas, en vez de desgastarlas, priorizando la salud de las mismas, lo cual facilita la retirada del esmalte con aceite, libre de disolvente y acetona, Se tratan las cutículas con un serum especial de Mango. Acabamos con un sutil masaje de manos. Buenos resultados para manos especialmente secas y deshidratada."
        }, 
        {
            "service_category": "Masaje", 
            "service": "Bono 4 Masajes Corporales A Elegir De 30 Minutos", 
            "duration": 1800, 
            "price": "120 € ", 
            "description": "Si sueles necesitar un masaje de vez en cuando, ya sea técnico o relajante, ahora puedes disfrutar de ellos a un precio increíble. Podrás disfrutar de 3 masajes de 30 minutos a elegir entre un masaje relajante para una zona, un masaje con pindas, un masaje para piernas cansadas o un quiromasaje."
        }, 
        {
            "service_category": "Masaje", 
            "service": "Masaje A Elegir De 30 Minutos", 
            "duration": 1800, 
            "price": "30 € ", 
            "description": "Dedícale a tu cuerpo y a tu mente 30 minutos de relajación y tratamiento manual específico con nuestro masaje de 30 minutos. Podrás elegir entre un masaje relajante para una zona, un masaje con pindas, un masaje para piernas cansadas o un quiromasaje. Consigue unos resultados increíbles gracias a nuestros expertos esteticistas de Estética Valeria y no te arrepentirás de haber reservado."
        }, 
        {
            "service_category": "Depilación", 
            "service": "Depilación Cejas Unisex", 
            "duration": 900, 
            "price": "7,5 € ", 
            "description": "Este servicio incluye la depilación de las cejas unisex. Conseguiremos que enmarques tus cejas para que consigas una mirada estupenda. La depilación con cera es una de las formas más tradicionales de eliminar los vellos indeseados del cuerpo y rostro. En Estética Valeria utilizamos cera de calidad, para que tu piel esté suave y sedosa por un par de semanas. Haz ya tu reserva con Bucmi.com."
        }, 
        {
            "service_category": "Depilación", 
            "service": "Depilación Cera Brazos Mujer", 
            "duration": 1800, 
            "price": "14 € ", 
            "description": "La depilación con cera es una de las formas más tradicionales de eliminar los vellos indeseados del cuerpo y rostro. En Estética Valeria utilizamos cera de calidad, para que tu piel esté suave y sedosa por un par de semanas. Consigue unos resultados increíbles gracias a nuestros expertos esteticistas de Estética Valeria y no te arrepentirás de haber reservado."
        }, 
        {
            "service_category": "Depilación", 
            "service": "Depilación Cera Ingles O Axilas Hombre", 
            "duration": 900, 
            "price": "10 € ", 
            "description": "La depilación con cera es una de las formas más tradicionales de eliminar los vellos indeseados del cuerpo y rostro. En Estética Valeria utilizamos cera de calidad, para que tu piel esté suave y sedosa por un par de semanas. Consigue unos resultados increíbles gracias a nuestros expertos esteticistas de Estética Valeria y no te arrepentirás de haber reservado."
        }, 
        {
            "service_category": "Depilación", 
            "service": "Depilación Cera Ingles O Axilas Mujer", 
            "duration": 900, 
            "price": "9 € ", 
            "description": "La depilación con cera es una de las formas más tradicionales de eliminar los vellos indeseados del cuerpo y rostro. En Estética Valeria utilizamos cera de calidad, para que tu piel esté suave y sedosa por un par de semanas. Consigue unos resultados increíbles gracias a nuestros expertos esteticistas de Estética Valeria y no te arrepentirás de haber reservado."
        }, 
        {
            "service_category": "Depilación", 
            "service": "Depilación Cera Piernas Enteras Hombre", 
            "duration": 1800, 
            "price": "20 € ", 
            "description": "La depilación con cera es una de las formas más tradicionales de eliminar los vellos indeseados del cuerpo y rostro. En Estética Valeria utilizamos cera de calidad, para que tu piel esté suave y sedosa por un par de semanas. Consigue unos resultados increíbles gracias a nuestros expertos esteticistas de Estética Valeria y no te arrepentirás de haber reservado."
        }, 
        {
            "service_category": "Depilación", 
            "service": "Depilación Cera Piernas Enteras Mujer", 
            "duration": 1800, 
            "price": "19 € ", 
            "description": "La depilación con cera es una de las formas más tradicionales de eliminar los vellos indeseados del cuerpo y rostro. En Estética Valeria utilizamos cera de calidad, para que tu piel esté suave y sedosa por un par de semanas. Consigue unos resultados increíbles gracias a nuestros expertos esteticistas de Estética Valeria y no te arrepentirás de haber reservado."
        }, 
        {
            "service_category": "Depilación", 
            "service": "Depilación Cera Pubis Y Perianal Mujer", 
            "duration": 900, 
            "price": "22 € ", 
            "description": "La depilación con cera es una de las formas más tradicionales de eliminar los vellos indeseados del cuerpo y rostro. En Estética Valeria utilizamos cera de calidad, para que tu piel esté suave y sedosa por un par de semanas. Consigue unos resultados increíbles gracias a nuestros expertos esteticistas de Estética Valeria y no te arrepentirás de haber reservado."
        }, 
        {
            "service_category": "Bienestar", 
            "service": "Trat. Nutrición Manos Y Esmaltar Semipermanente", 
            "duration": 1800, 
            "price": "22,4 € ", 
            "description": "Este tratamiento dará vida a tus manos, especialmente nutriéndolas. Preparamos las uñas para el Esmaltado Semipermanente ALESSANDRO. A diferencia de las técnicas tradicionales, nosotros pulimos las uñas, en vez de desgastarlas, priorizando la salud de las mismas, lo cual facilita la retirada del esmalte con aceite, libre de disolvente y acetona, Se tratan las cutículas con un serum especial de Mango. Acabamos con un sutil masaje de manos. Buenos resultados para manos especialmente secas y deshidratada."
        }
    ]
}