{
    "adid": null, 
    "name": "Liuba Pinzaru", 
    "name_of_contact": "Liuba Pinzaru", 
    "scrape_page": "https://www.bucmi.com/liubapinzaru", 
    "business_website": "https://www.bucmi.com/liubapinzaru", 
    "areas_covered": null, 
    "description": "Liuba Pinzaru es tu Salón de Belleza moderno y agradable,especializado en asesoramiento de imagen y maquillaje profesional.Ponemos a tu disposición los tratamientos más avanzados y las mejores marcas del mercado para sacar el máximo partido a tu belleza.", 
    "img_link": [
        "https://d1nd15w2k87kz0.cloudfront.net/Uploads/636016082635096771.jpg", 
        "https://d1nd15w2k87kz0.cloudfront.net/Uploads/636016082683911213.jpg", 
        "https://d1nd15w2k87kz0.cloudfront.net/Uploads/636016082718327450.jpg", 
        "https://d1nd15w2k87kz0.cloudfront.net/Uploads/636016082765712835.jpg", 
        "https://d1nd15w2k87kz0.cloudfront.net/Uploads/636016082792942423.jpg", 
        "https://d1nd15w2k87kz0.cloudfront.net/Uploads/636016082791379782.jpg"
    ], 
    "hqdb_featured_ad_type": "Featured", 
    "hqdb_nr_reviews": "15", 
    "hqdb_review_score": "9,3", 
    "accreditations": null, 
    "category": null, 
    "subcategory": null, 
    "street": "C/ Montesa, 26", 
    "city": "Madrid", 
    "zipcode": "28036", 
    "formatted_address": "C/ Montesa, 26, Madrid, 28036", 
    "country": "es", 
    "office_number": "915296640", 
    "office_number2": null, 
    "mobile_number": null, 
    "mobile_number2": null, 
    "unidentified_phone_numbers": null, 
    "latitude": "40.4634913000", 
    "longitude": "-3.6801278000", 
    "business_email": null, 
    "yelp_page": null, 
    "facebook": null, 
    "twitter": null, 
    "instagram": null, 
    "venue_images": "https://d1nd15w2k87kz0.cloudfront.net/Logotipos/636016924427447990.jpg", 
    "opening_hours_raw": null, 
    "pricelist_link": null, 
    "services": [
        {
            "service_category": "Preferente", 
            "service": "Corte De Pelo Especial Mujer", 
            "duration": 2700, 
            "price": "30 € ", 
            "description": "¿Quieres lucir una melena sana y fuerte? Ven a tu Salón de Belleza Liuba Pinzaru y ponte en manos de nuestros mejores profesionales. Luce una melena suave, luminosa y con mucho brillo. Devuelve a tu cabello su color y aspecto natural. Disfruta de un cabello mucho más fuerte. Reserva tu cita cómodamente online a través de Bucmi.com. ¡Ven a visitarnos! ¡No dejes que te lo cuenten!F"
        }, 
        {
            "service_category": "Preferente", 
            "service": "Manicura Permanente", 
            "duration": 2700, 
            "price": "30 € ", 
            "description": "Presume de unas manos cuidadas y bonitas por más tiempo con nuestro servicio de manicura con esmaltado permanente. Se trata de disfrutar de una manicura completa que consiste en limado de la uña natural de la forma deseada, retirada de cutículas, hidratación y esmaltado permanente del color que más te apetezca de nuestra gamaF"
        }, 
        {
            "service_category": "Preferente", 
            "service": "Pedicura Básica Spa", 
            "duration": 2700, 
            "price": "40 € ", 
            "description": "Para unos pies bonitos y cuidados durante todo el año, no dudes en reservar tu cita en Liuba Pinzaru. Tu salud comienza por unos pies cuidados y sanos. El servicio consta de limado de la uña natural, tratamiento de durezas, hidratación y esmaltado del color que prefierasF"
        }, 
        {
            "service_category": "Peluquería", 
            "service": "Alisado Champú Sweet", 
            "duration": 10800, 
            "price": "200 € ", 
            "description": "Despídete de los rizos y el encrespamiento durante semanas con el alisado que tenemos para ti. Se trata de una nueva técnica de alisado con el campú sweet para cabello, para que presumas de una melena sana, lisa y brillante.Dile adiós a los métodos tradicionales de secador o planchas durante meses. REserva cómodamente online a través de Bucmi.coF"
        }, 
        {
            "service_category": "Peluquería", 
            "service": "Cambio De Color Para Media Melena", 
            "duration": 5400, 
            "price": "50 € ", 
            "description": "¿Quieres lucir un nuevo cambio de look? ¿O dar un nuevo aire a tu imagen? Ven a tu Salón de Belleza Liuba Pinzaru y ponte en manos de nuestros mejores profesionales. Para cuando sientes que necesitas un cambio, comenzar por el color de tu cabello es de lo más acertado, y en nuestro centro ponemos a tu disposición nuestra amplia gama de colores para que con el asesoramiento de nuestros coloristas profesionales puedas elegir el color que mejor se adapte a ti.Prepárate para lucir una melena renovada y cuidadaF"
        }, 
        {
            "service_category": "Peluquería", 
            "service": "Cambio De Color Para Pelo Corto", 
            "duration": 3600, 
            "price": "40 € ", 
            "description": "¿Quieres lucir un nuevo cambio de look? ¿O dar un nuevo aire a tu imagen? Ven a tu Salón de Belleza Liuba Pinzaru y ponte en manos de nuestros mejores profesionales. Para cuando sientes que necesitas un cambio, comenzar por el color de tu cabello es de lo más acertado, y en nuestro centro ponemos a tu disposición nuestra amplia gama de colores para que con el asesoramiento de nuestros coloristas profesionales puedas elegir el color que mejor se adapte a ti.Prepárate para lucir una melena renovada y cuidadaF"
        }, 
        {
            "service_category": "Peluquería", 
            "service": "Cambio De Color Para Pelo Largo", 
            "duration": 3600, 
            "price": "60 € ", 
            "description": "¿Quieres lucir un nuevo cambio de look? ¿O dar un nuevo aire a tu imagen? Ven a tu Salón de Belleza Liuba Pinzaru y ponte en manos de nuestros mejores profesionales. Para cuando sientes que necesitas un cambio, comenzar por el color de tu cabello es de lo más acertado, y en nuestro centro ponemos a tu disposición nuestra amplia gama de colores para que con el asesoramiento de nuestros coloristas profesionales puedas elegir el color que mejor se adapte a ti.Prepárate para lucir una melena renovada y cuidadaF"
        }, 
        {
            "service_category": "Peluquería", 
            "service": "Color Completo", 
            "duration": 3600, 
            "price": "35 € ", 
            "description": "¿Quieres lucir una melena uniforme? Ven a tu Salón de Belleza Liuba Pinzaru y ponte en manos de nuestros mejores profesionales. Luce una melena con mucho brillo y luminosidad. Disfruta de un cabello uniforme, suave e hidratado. Dale vida a tu melena y deslumbra con ella. Reserva tu cita cómodamente online a través de Bucmi.com. ¡Ven a visitarnos! ¡No dejes que te lo cuentenF"
        }, 
        {
            "service_category": "Peluquería", 
            "service": "Color Solo Raíz", 
            "duration": 2700, 
            "price": "30 € ", 
            "description": "Este servicio incluye: lavar y peinar. ¿Quieres lucir una melena uniforme? Ven a tu Salón de Belleza Liuba Pinzaru y ponte en manos de nuestros mejores profesionales. Luce una melena con mucho brillo y luminosidad. Disfruta de un cabello uniforme, suave e hidratado. Dale vida a tu melena y deslumbra con ella. Reserva tu cita cómodamente online a través de Bucmi.com. ¡Ven a visitarnos! ¡No dejes que te lo cuenten!F"
        }, 
        {
            "service_category": "Peluquería", 
            "service": "Color, Tratamiento De Hidratación Y Peinado", 
            "duration": 5400, 
            "price": "80 € ", 
            "description": "Ponte en las mejores manos para conseguir el mejor resultado para tu cabello. El servicio incluye color completo en pelo largo, lavado, tratamiento de hidratación y peinado. ¡Reserva ya tu pack de belleza en BucmiF"
        }, 
        {
            "service_category": "Peluquería", 
            "service": "Corte De Pelo Especial Mujer", 
            "duration": 2700, 
            "price": "30 € ", 
            "description": "¿Quieres lucir una melena sana y fuerte? Ven a tu Salón de Belleza Liuba Pinzaru y ponte en manos de nuestros mejores profesionales. Luce una melena suave, luminosa y con mucho brillo. Devuelve a tu cabello su color y aspecto natural. Disfruta de un cabello mucho más fuerte. Reserva tu cita cómodamente online a través de Bucmi.com. ¡Ven a visitarnos! ¡No dejes que te lo cuenten!F"
        }, 
        {
            "service_category": "Peluquería", 
            "service": "Lavar Y Color Para Media Melena", 
            "duration": 3600, 
            "price": "30 € ", 
            "description": "Este servicio no incluye el secado. ¿Quieres lucir una melena uniforme? Ven a tu Salón de Belleza Liuba Pinzaru y ponte en manos de nuestros mejores profesionales. Luce una melena con mucho brillo y luminosidad. Disfruta de un cabello uniforme, suave e hidratado. Dale vida a tu melena y deslumbra con ella. Reserva tu cita cómodamente online a través de Bucmi.com. ¡Ven a visitarnos! ¡No dejes que te lo cuentenF"
        }, 
        {
            "service_category": "Peluquería", 
            "service": "Lavar Y Color Para Pelo Largo", 
            "duration": 3600, 
            "price": "35 € ", 
            "description": "Este servicio no incluye el secado. ¿Quieres lucir una melena uniforme? Ven a tu Salón de Belleza Liuba Pinzaru y ponte en manos de nuestros mejores profesionales. Luce una melena con mucho brillo y luminosidad. Disfruta de un cabello uniforme, suave e hidratado. Dale vida a tu melena y deslumbra con ella. Reserva tu cita cómodamente online a través de Bucmi.com. ¡Ven a visitarnos! ¡No dejes que te lo cuentenF"
        }, 
        {
            "service_category": "Peluquería", 
            "service": "Lavar, Color Y Secar Para Media Melena", 
            "duration": 5400, 
            "price": "35 € ", 
            "description": "¿Quieres lucir una melena uniforme? Ven a tu Salón de Belleza Liuba Pinzaru y ponte en manos de nuestros mejores profesionales. Luce una melena con mucho brillo y luminosidad. Disfruta de un cabello uniforme, suave e hidratado. Dale vida a tu melena y deslumbra con ella. Reserva tu cita cómodamente online a través de Bucmi.com. ¡Ven a visitarnos! ¡No dejes que te lo cuentenF"
        }, 
        {
            "service_category": "Peluquería", 
            "service": "Lavar, Color Y Secar Para Pelo Corto", 
            "duration": 5400, 
            "price": "30 € ", 
            "description": "¿Quieres lucir una melena uniforme? Ven a tu Salón de Belleza Liuba Pinzaru y ponte en manos de nuestros mejores profesionales. Luce una melena con mucho brillo y luminosidad. Disfruta de un cabello uniforme, suave e hidratado. Dale vida a tu melena y deslumbra con ella. Reserva tu cita cómodamente online a través de Bucmi.com. ¡Ven a visitarnos! ¡No dejes que te lo cuentenF"
        }, 
        {
            "service_category": "Peluquería", 
            "service": "Lavar, Color Y Secar Para Pelo Largo", 
            "duration": 5400, 
            "price": "40 € ", 
            "description": "¿Quieres lucir una melena uniforme? Ven a tu Salón de Belleza Liuba Pinzaru y ponte en manos de nuestros mejores profesionales. Luce una melena con mucho brillo y luminosidad. Disfruta de un cabello uniforme, suave e hidratado. Dale vida a tu melena y deslumbra con ella. Reserva tu cita cómodamente online a través de Bucmi.com. ¡Ven a visitarnos! ¡No dejes que te lo cuentenF"
        }, 
        {
            "service_category": "Peluquería", 
            "service": "Lavar, Cortar Y Secar Para Media Melena", 
            "duration": 3600, 
            "price": "35 € ", 
            "description": "¿Quieres lucir una melena luminosa y suave? Ven a tu Salón de Belleza Liuba Pinzaru y ponte en manos de nuestros mejores profesionales. Luce una melena suave, hidratada y nutrida. Disfruta de un pelo con mucho brillo y luminosidad. Tu melena mucho más fuerte y sana. Devuelve a tu pelo su color y aspecto natural. Reserva tu cita cómodamente online a través de Bucmi.com. ¡Ven a visitarnos! ¡No dejes que te lo cuentenF"
        }, 
        {
            "service_category": "Peluquería", 
            "service": "Lavar, Cortar Y Secar Para Pelo Corto", 
            "duration": 3600, 
            "price": "30 € ", 
            "description": "¿Quieres lucir una melena luminosa y suave? Ven a tu Salón de Belleza Liuba Pinzaru y ponte en manos de nuestros mejores profesionales. Luce una melena suave, hidratada y nutrida. Disfruta de un pelo con mucho brillo y luminosidad. Tu melena mucho más fuerte y sana. Devuelve a tu pelo su color y aspecto natural. Reserva tu cita cómodamente online a través de Bucmi.com. ¡Ven a visitarnos! ¡No dejes que te lo cuentenF"
        }, 
        {
            "service_category": "Peluquería", 
            "service": "Lavar, Cortar Y Secar Para Pelo Largo", 
            "duration": 3600, 
            "price": "40 € ", 
            "description": "¿Quieres lucir una melena luminosa y suave? Ven a tu Salón de Belleza Liuba Pinzaru y ponte en manos de nuestros mejores profesionales. Luce una melena suave, hidratada y nutrida. Disfruta de un pelo con mucho brillo y luminosidad. Tu melena mucho más fuerte y sana. Devuelve a tu pelo su color y aspecto natural. Reserva tu cita cómodamente online a través de Bucmi.com. ¡Ven a visitarnos! ¡No dejes que te lo cuentenF"
        }, 
        {
            "service_category": "Peluquería", 
            "service": "Mechas Californianas Para Media Melena", 
            "duration": 5400, 
            "price": "35 € ", 
            "description": "Este servicio incluye: lavar y peinar. Ideal para darle a tu melena el punto de luz y la sensación de movimiento que estás buscando. En Liuba Pinzaru somos expertos coloristas y le proporcionaremos a tu cabello el degradado perfecto para lucir como una auténtica estrella. Dale a tu melena un toque de brillo y luminosidad con las mechas que están ahora de moda. Tu cabello y tú deslumbraréis. No incluye peinado."
        }, 
        {
            "service_category": "Peluquería", 
            "service": "Mechas Californianas Para Pelo Largo", 
            "duration": 5400, 
            "price": "40 € ", 
            "description": "Este servicio incluye: lavar y peinar. Ideal para darle a tu melena el punto de luz y la sensación de movimiento que estás buscando. En Liuba Pinzaru somos expertos coloristas y le proporcionaremos a tu cabello el degradado perfecto para lucir como una auténtica estrella. Dale a tu melena un toque de brillo y luminosidad con las mechas que están ahora de moda. Tu cabello y tú deslumbraréis. Reserva tu cita cómodamente online a través de Bucmi.com. No incluye peinado."
        }, 
        {
            "service_category": "Peluquería", 
            "service": "Mechas En Dos Colores Para Media Melena", 
            "duration": 5400, 
            "price": "45 € ", 
            "description": "¿Necesitas darle a tu melena un toque de brillo y luminosidad? Prepara tu cabello de cara al verano y ven a tu Salón de Belleza Liuba Pinzaru y ponte en manos de nuestros mejores profesionales. Luce una melena suave, hidratada y nutrida. Disfruta de un cabello mucho más luminoso y con vitalidad. Proporcionaremos a tu cabello la luminosidad y la sensación de movimiento que necesita. Reserva tu cita cómodamente online a través de Bucmi.com. No incluye peinado."
        }, 
        {
            "service_category": "Peluquería", 
            "service": "Mechas En Dos Colores Para Pelo Corto", 
            "duration": 5400, 
            "price": "35 € ", 
            "description": "¿Necesitas darle a tu melena un toque de brillo y luminosidad? Prepara tu cabello de cara al verano y ven a tu Salón de Belleza Liuba Pinzaru y ponte en manos de nuestros mejores profesionales. Luce una melena suave, hidratada y nutrida. Disfruta de un cabello mucho más luminoso y con vitalidad. Proporcionaremos a tu cabello la luminosidad y la sensación de movimiento que necesita. Reserva tu cita cómodamente online a través de Bucmi.com. ¡Te encantará! No incluye peinado."
        }, 
        {
            "service_category": "Peluquería", 
            "service": "Mechas En Dos Colores Para Pelo Largo", 
            "duration": 5400, 
            "price": "65 € ", 
            "description": "¿Necesitas darle a tu melena un toque de brillo y luminosidad? Prepara tu cabello de cara al verano y ven a tu Salón de Belleza Liuba Pinzaru y ponte en manos de nuestros mejores profesionales. Luce una melena suave, hidratada y nutrida. Disfruta de un cabello mucho más luminoso y con vitalidad. Proporcionaremos a tu cabello la luminosidad y la sensación de movimiento que necesita. Reserva tu cita cómodamente online a través de Bucmi.com. No incluye peinado."
        }, 
        {
            "service_category": "Peluquería", 
            "service": "Mechas Para Media Melena", 
            "duration": 3600, 
            "price": "40 € ", 
            "description": "¿Necesitas darle a tu melena un toque de brillo y luminosidad? Prepara tu cabello de cara al verano y ven a tu Salón de Belleza Liuba Pinzaru y ponte en manos de nuestros mejores profesionales. Luce una melena suave, hidratada y nutrida. Disfruta de un cabello mucho más luminoso y con vitalidad. Proporcionaremos a tu cabello la luminosidad y la sensación de movimiento que necesita. Reserva tu cita cómodamente online a través de Bucmi.com. No incluye peinado."
        }, 
        {
            "service_category": "Peluquería", 
            "service": "Mechas Para Pelo Corto", 
            "duration": 2700, 
            "price": "30 € ", 
            "description": "¿Necesitas darle a tu melena un toque de brillo y luminosidad? Prepara tu cabello de cara al verano y ven a tu Salón de Belleza Liuba Pinzaru y ponte en manos de nuestros mejores profesionales. Luce una melena suave, hidratada y nutrida. Disfruta de un cabello mucho más luminoso y con vitalidad. Proporcionaremos a tu cabello la luminosidad y la sensación de movimiento que necesita. Reserva tu cita cómodamente online a través de Bucmi.com. No incluye peinado."
        }, 
        {
            "service_category": "Peluquería", 
            "service": "Mechas Para Pelo Largo", 
            "duration": 3600, 
            "price": "50 € ", 
            "description": "¿Necesitas darle a tu melena un toque de brillo y luminosidad? Prepara tu cabello de cara al verano y ven a tu Salón de Belleza Liuba Pinzaru y ponte en manos de nuestros mejores profesionales. Luce una melena suave, hidratada y nutrida. Disfruta de un cabello mucho más luminoso y con vitalidad. Proporcionaremos a tu cabello la luminosidad y la sensación de movimiento que necesita. Reserva tu cita cómodamente online a través de Bucmi.com. No incluye peinado."
        }, 
        {
            "service_category": "Peluquería", 
            "service": "Corte De Flequillo Mujer", 
            "duration": 900, 
            "price": "5 € ", 
            "description": "¿Necesitas arreglar y dar forma a tu flequillo? Ven a tu Salón de Belleza Liuba Pinzaru y ponte en manos de nuestros mejores profesionales. Luce una melena suave, luminosa y con mucho brillo. Devuelve a tu cabello su color y aspecto natural. Disfruta de un cabello mucho más fuerte. Reserva tu cita cómodamente online a través de Bucmi.com. ¡Ven a visitarnos! ¡No dejes que te lo cuenten!F"
        }, 
        {
            "service_category": "Peluquería", 
            "service": "Corte De Pelo Normal Mujer", 
            "duration": 2700, 
            "price": "20 € ", 
            "description": "¿Quieres lucir una melena sana y fuerte? Ven a tu Salón de Belleza Liuba Pinzaru y ponte en manos de nuestros mejores profesionales. Luce una melena suave, luminosa y con mucho brillo. Devuelve a tu cabello su color y aspecto natural. Disfruta de un cabello mucho más fuerte. Reserva tu cita cómodamente online a través de Bucmi.com. ¡Ven a visitarnos! ¡No dejes que te lo cuenten!F"
        }, 
        {
            "service_category": "Peluquería", 
            "service": "Corte De Pelo Para Hombre", 
            "duration": 1800, 
            "price": "15 € ", 
            "description": "Porque ir a la peluquería y sentirse guapos ya no es solo para mujeres, en Liuba Pinzaru lo sabemos y por eso en nuestro centro el equipo son perfectos conocedores todas las técnicas en corte de caballero, tanto si eres atrevido para lucir los look más de moda como si eres más tradicional y no te gusta cambiar, éste es tu centro. Reserva tu cita cómodamente online a través de Bucmi.com. ¡Ven a visitarnos! ¡Te encantará el resultado!F"
        }, 
        {
            "service_category": "Peluquería", 
            "service": "Lavar Y Color Para Pelo Corto", 
            "duration": 3600, 
            "price": "25 € ", 
            "description": "Este servicio no incluye el secado. ¿Quieres lucir una melena uniforme? Ven a tu Salón de Belleza Liuba Pinzaru y ponte en manos de nuestros mejores profesionales. Luce una melena con mucho brillo y luminosidad. Disfruta de un cabello uniforme, suave e hidratado. Dale vida a tu melena y deslumbra con ella. Reserva tu cita cómodamente online a través de Bucmi.com. ¡Ven a visitarnos! ¡No dejes que te lo cuentenF"
        }, 
        {
            "service_category": "Peluquería", 
            "service": "Lavar Y Secar Para Media Melena", 
            "duration": 2700, 
            "price": "20 € ", 
            "description": "¿Quieres lucir una melena luminosa y suave? Ven a tu Salón de Belleza Liuba Pinzaru y ponte en manos de nuestros mejores profesionales. Luce una melena suave, hidratada y nutrida. Disfruta de un pelo con mucho brillo y luminosidad. Devuelve a tu melena su color y aspecto natural. Reserva tu cita cómodamente online a través de Bucmi.com. ¡Ven a visitarnos! ¡No dejes que te lo cuentenF"
        }, 
        {
            "service_category": "Peluquería", 
            "service": "Lavar Y Secar Para Pelo Corto", 
            "duration": 2700, 
            "price": "15 € ", 
            "description": "¿Quieres lucir una melena luminosa y suave? Ven a tu Salón de Belleza Liuba Pinzaru y ponte en manos de nuestros mejores profesionales. Luce una melena suave, hidratada y nutrida. Disfruta de un pelo con mucho brillo y luminosidad. Devuelve a tu melena su color y aspecto natural. Reserva tu cita cómodamente online a través de Bucmi.com. ¡Ven a visitarnos! ¡No dejes que te lo cuentenF"
        }, 
        {
            "service_category": "Peluquería", 
            "service": "Lavar Y Secar Para Pelo Largo", 
            "duration": 2700, 
            "price": "25 € ", 
            "description": "¿Quieres lucir una melena luminosa y suave? Ven a tu Salón de Belleza Liuba Pinzaru y ponte en manos de nuestros mejores profesionales. Luce una melena suave, hidratada y nutrida. Disfruta de un pelo con mucho brillo y luminosidad. Devuelve a tu melena su color y aspecto natural. Reserva tu cita cómodamente online a través de Bucmi.com. ¡Ven a visitarnos! ¡No dejes que te lo cuentenF"
        }, 
        {
            "service_category": "Peluquería", 
            "service": "Pack De Boda", 
            "duration": 9000, 
            "price": "110 € ", 
            "description": "Este Pack incluye el Peinado y el Maquillaje. ¿Eres la madrina de la boda de tu pequeña o de tú mejor amiga? Ven a tu Salón de Belleza Liuba Pinzaru y ponte en manos de nuestros mejores profesionales. Te asesoraremos en todo momento y conseguiremos realzar las facciones más bonitas de tu rostro. Te aplicaremos los mejores productos de cosmética. Y realizaremos un peinado que te favorezca y realce los rasgos más llamativos de tu rostro. Estarás espectacular para acompañar a la novia en su día especial.F"
        }, 
        {
            "service_category": "Peluquería", 
            "service": "Pack De Novia", 
            "duration": 9000, 
            "price": "130 € ", 
            "description": "Este Pack incluye el Peinado y el Maquillaje. ¿Quieres deslumbrar en uno de los días más especiales de tu vida? Ven a tu Salón de Belleza Liuba Pinzaru y ponte en manos de nuestros mejores profesionales. Te asesoraremos en todo momento y conseguiremos realzar los rasgos más bonitos de tu rostro. Utilizaremos los mejores productos para maquillarte y deslumbrarás con tu mirada. Realizaremos un peinado que realce tus rasgos más llamativos. Estarás preciosa. Reserva tu cita cómodamente online en Bucmi.com.F"
        }, 
        {
            "service_category": "Peluquería", 
            "service": "Tratamiento Capilar Beauty Más Oxígeno", 
            "duration": 1800, 
            "price": "16 € ", 
            "description": "¡Tenemos nuevos tratamientos capilares de oxígeno! ¿Quieres probar alguno de ellos? Ven a tu Salón de Belleza Liuba Pinzaru y ponte en manos de nuestros mejores profesionales. Este tratamiento hidratada, estira la piel, reconstruye las células muertas, se aplica tanto en el cabello como en la piel de tu rostro. Luce una melena suave, con mucho brillo y luminosidad. Disfruta de un cutis perfecto y mucho más terso. Reserva tu cita cómodamente online a través de Bucmi.com. ¡Te encantaráF"
        }, 
        {
            "service_category": "Peluquería", 
            "service": "Tratamiento Capilar Nutritive Más Oxígeno", 
            "duration": 1800, 
            "price": "25 € ", 
            "description": "¡Tenemos nuevos tratamientos capilares de oxígeno! ¿Quieres probar alguno de ellos? Ven a tu Salón de Belleza Liuba Pinzaru y ponte en manos de nuestros mejores profesionales. Es un tratamiento ideal para la caída del cabello. Fortalece e ilumina tu melena. Reserva tu cita cómodamente online a través de Bucmi.com. ¡Te encantará! ¡Ven a visitarnos! ¡No dejes que te lo cuenten!F"
        }, 
        {
            "service_category": "Peluquería", 
            "service": "Tratamiento Capilar Reparador Pelo Largo", 
            "duration": 1800, 
            "price": "25 € ", 
            "description": "Se trata del tratamiento adecuado para cabellos secos y estropeados. Recupera la salud y la belleza de tu cabello en pocos minutos y muy cerca de ti. ¿Quieres lucir un cabello suave, hidratado y mucho más fuerte? Ven a tu Salón de Belleza Liuba Pinzaru y ponte en manos de nuestros mejores profesionales. Disfruta de una melena reparada y con un toque de luminosidad. ¡Presume de melena cuidada! Reserva tu cita cómodamente online a través de Bucmi.com.F"
        }, 
        {
            "service_category": "Estética", 
            "service": "Higiene Facial Profunda Con Hidratación", 
            "duration": 3600, 
            "price": "45 € ", 
            "description": "Si lo que andas buscando en una limpieza más a fondo, no dudes de probar en nuestro exclusivo salón de Liuba Pinzaru nuestra higiene facial profunda, donde eliminamos todo tipo de impurezas que aparecen en tu rostro, y nutrimos y cuidamos tu cutis. Además, aplicamos vapor en tu rostro y nuestro tratamiento de hidratación profunda para que tu rostro quede perfectoF"
        }, 
        {
            "service_category": "Estética", 
            "service": "Maquillaje De Día", 
            "duration": 3600, 
            "price": "50 € ", 
            "description": "¿Tienes una cita especial, un evento o un cóctel inesperado de última hora? Ven a tu Salón Liuba Pinzaru y ponte en manos de nuestros mejores profesionales. Te asesoraremos en todo momento y aplicaremos un maquillaje que te dará brillo y luminosidad a tu rostro. Trabajamos con productos de alta calidad. Reserva tu cita cómodamente online a través de Bucmi.com. ¡Ven a visitarnos! ¡No dejes que te lo cuenten!F"
        }, 
        {
            "service_category": "Estética", 
            "service": "Maquillaje De Noche", 
            "duration": 3600, 
            "price": "60 € ", 
            "description": "¿Tienes una cita especial, un evento o un cóctel inesperado de última hora? Ven a tu Salón Liuba Pinzaru y ponte en manos de nuestros mejores profesionales. Te asesoraremos en todo momento y aplicaremos un maquillaje que te dará brillo y luminosidad a tu rostro. Trabajamos con productos de alta calidad. Reserva tu cita cómodamente online a través de Bucmi.com. ¡Ven a visitarnos! ¡No dejes que te lo cuenten!F"
        }, 
        {
            "service_category": "Manicura y Pedicura", 
            "service": "Esmaltado Permanente", 
            "duration": 2700, 
            "price": "25 € ", 
            "description": "Este servicio incluye únicamente el esmalte de color permanente. ¿No tienes mucho tiempo en tu día a día para cuidar tus manos? Ven a tu Salón de Belleza Liuba Pinzaru y ponte en manos de nuestros mejores profesionales. Luce unas uñas bonitas, cuidadas y coloridas. Puedes elegir el color que más te guste entre una gran variedad de tonalidades. Tus manos son muy importantes y dicen mucho de ti. Reserva tu cita online a través de Bucmi.com.F"
        }, 
        {
            "service_category": "Manicura y Pedicura", 
            "service": "Manicura Expréss", 
            "duration": 2700, 
            "price": "15 € ", 
            "description": "Este servicio incluye: limar y pintar. ¿Quieres lucir unas uñas bonitas, perfectas y bien cuidadas? Ven a tu Salón de Belleza Liuba Pinzaru y ponte en manos de nuestros mejores profesionales. Luce unas uñas bonitas, cuidadas y perfectas. Tus manos son muy importantes y dicen mucho de ti. Disfruta de unas uñas coloridas. Trabajamos con productos de alta gama. Reserva tu cita cómodamente online a través de Bucmi.com. ¡Cuida y mima tus manosF"
        }, 
        {
            "service_category": "Manicura y Pedicura", 
            "service": "Manicura Permanente", 
            "duration": 2700, 
            "price": "30 € ", 
            "description": "Presume de unas manos cuidadas y bonitas por más tiempo con nuestro servicio de manicura con esmaltado permanente. Se trata de disfrutar de una manicura completa que consiste en limado de la uña natural de la forma deseada, retirada de cutículas, hidratación y esmaltado permanente del color que más te apetezca de nuestra gamaF"
        }, 
        {
            "service_category": "Manicura y Pedicura", 
            "service": "Manicura Y Pedicura Spa Permanente", 
            "duration": 5400, 
            "price": "60 € ", 
            "description": "Cuida tus manos y pies y luce unas uñas perfectas durante mucho más tiempo, hasta 3 semanas como el primer día. El servicio incluye limado, retirada de cutículas, hidratación, masaje, eliminación de durezas, exfoliación y esmaltado permanente tanto en manos como en píesF"
        }, 
        {
            "service_category": "Manicura y Pedicura", 
            "service": "Pedicura Básica Spa", 
            "duration": 2700, 
            "price": "40 € ", 
            "description": "Para unos pies bonitos y cuidados durante todo el año, no dudes en reservar tu cita en Liuba Pinzaru. Tu salud comienza por unos pies cuidados y sanos. El servicio consta de limado de la uña natural, tratamiento de durezas, hidratación y esmaltado del color que prefierasF"
        }, 
        {
            "service_category": "Manicura y Pedicura", 
            "service": "Pedicura Expréss", 
            "duration": 2700, 
            "price": "25 € ", 
            "description": "Este servicio incluye: limar y pintar. ¿Quieres lucir unas uñas bonitas, perfectas y bien cuidadas? Ven a tu Salón de Belleza Liuba Pinzaru y ponte en manos de nuestros mejores profesionales. Luce unas uñas bonitas, cuidadas y perfectas. Prepara tus pies de cara al buen tiempo para poder lucirlos con esas sandalias que tanto te gustan. Disfruta de unas uñas coloridas. Trabajamos con productos de alta gama. Reserva tu cita cómodamente online a través de Bucmi.com. ¡Cuida y mima tus pies!F"
        }, 
        {
            "service_category": "Manicura y Pedicura", 
            "service": "Uñas De Gel Mantenimiento", 
            "duration": 5400, 
            "price": "30 € ", 
            "description": "¿Quieres lucir unas uñas bonitas, perfectas y bien cuidadas? Ven a tu Salón de Belleza Liuba Pinzaru y ponte en manos de nuestros mejores profesionales. Luce unas uñas bonitas, cuidadas y perfectas. Tus manos son muy importantes y dicen mucho de ti. Disfruta de unas uñas coloridas. Trabajamos con productos de alta gama. Reserva tu cita cómodamente online a través de Bucmi.com. ¡Cuida y mima tus manosF"
        }, 
        {
            "service_category": "Manicura y Pedicura", 
            "service": "Uñas De Gel Primera Puesta", 
            "duration": 5400, 
            "price": "50 € ", 
            "description": "¿Quieres lucir unas uñas bonitas, perfectas y bien cuidadas? Ven a tu Salón de Belleza Liuba Pinzaru y ponte en manos de nuestros mejores profesionales. Luce unas uñas bonitas, cuidadas y perfectas. Tus manos son muy importantes y dicen mucho de ti. Disfruta de unas uñas coloridas. Trabajamos con productos de alta gama. Reserva tu cita cómodamente online a través de Bucmi.com. ¡Cuida y mima tus manos!F"
        }
    ]
}