{
    "adid": null, 
    "name": "Melgar Peluqueros", 
    "name_of_contact": "Melgar Peluqueros", 
    "scrape_page": "https://www.bucmi.com/melgarpeluqueros", 
    "business_website": "https://www.bucmi.com/melgarpeluqueros", 
    "areas_covered": null, 
    "description": "Dentro del Centro Comercial Colombia, se encuentra Melgar Peluqueros, tu peluquería y estética de confianza en Madrid. Trato personalizado con los mejores productos de peluquería. Contamos con grandes profesionales. ¡Ven a conocernos!", 
    "img_link": [
        "https://d1nd15w2k87kz0.cloudfront.net/Uploads/635933038697568259.jpg", 
        "https://d1nd15w2k87kz0.cloudfront.net/Uploads/635933038716787276.jpg", 
        "https://d1nd15w2k87kz0.cloudfront.net/Uploads/635933038739264382.jpg", 
        "https://d1nd15w2k87kz0.cloudfront.net/Uploads/635933038763639326.jpg", 
        "https://d1nd15w2k87kz0.cloudfront.net/Uploads/635933038787551034.jpg"
    ], 
    "hqdb_featured_ad_type": "Featured", 
    "hqdb_nr_reviews": "9", 
    "hqdb_review_score": "8,7", 
    "accreditations": null, 
    "category": null, 
    "subcategory": null, 
    "street": null, 
    "city": "Madrid", 
    "zipcode": "28033", 
    "formatted_address": "Madrid, 28020, Madrid, 28043, Madrid, 28031, Madrid, 28007, Madrid, 28005, Madrid, 28001, Madrid, 28036, Madrid, 28033", 
    "country": "es", 
    "office_number": "917630235", 
    "office_number2": null, 
    "mobile_number": null, 
    "mobile_number2": null, 
    "unidentified_phone_numbers": null, 
    "latitude": "40.4721900000", 
    "longitude": "-3.6363800000", 
    "business_email": null, 
    "yelp_page": null, 
    "facebook": null, 
    "twitter": null, 
    "instagram": null, 
    "venue_images": "https://d1nd15w2k87kz0.cloudfront.net/Logotipos/635971995066647793.jpg", 
    "opening_hours_raw": null, 
    "pricelist_link": null, 
    "services": [
        {
            "service_category": "Preferente", 
            "service": "Corte De Pelo Hombre", 
            "duration": 1800, 
            "price": "13 € ", 
            "description": "El servicio incluye productos de acabado. ¿Quieres cambiar de look y renovar tu imagen pero no encuentras el momento? Pues ya ha llegado, aprovecha ahora para dar un nuevo aire a tu imagen. Ven a Melgar Peluqueros y te asesoraremos acerca del corte que mejor quede con tus facciones. Reserva ya tu cita online en Bucmi.com."
        }, 
        {
            "service_category": "Preferente", 
            "service": "Corte Y Peinado Media Melena", 
            "duration": 2700, 
            "price": "19,3 € ", 
            "description": "Este tratamiento incluye lavado con champú específico y productos de acabado. Saldrás de Melgar Peluqueros estupenda y perfecta para cualquier ocasión. Además, lucirás el corte y peinado (no incluye peinados elaborados, recogidos ni semirecogidos). Notarás tu cabello mucho más brillante y sedoso. Reserva ahora tu cita online en Bucmi.com."
        }, 
        {
            "service_category": "Peluquería", 
            "service": "Tto Bótox Capilar Y Peinado Pelo Corto", 
            "duration": 5400, 
            "price": "35 € ", 
            "description": "Disfruta de una melena reestructurada y brillante gracias a este completo tratamiento regenerador a base de bótox capilar, que engrosa tu cabello para reconstruir las partes dañadas y otorgarle mayor brillo a la vez que eliminas el encrespamiento. El servicio incluye el tratamiento de bótox, lavado y peinado (no incluye peinados elaborados, recogidos ni semirecogidos) ya que sellamos el tratamiento con plancha."
        }, 
        {
            "service_category": "Peluquería", 
            "service": "Tto Bótox Capilar Y Peinado Pelo Largo", 
            "duration": 5400, 
            "price": "70 € ", 
            "description": "Disfruta de una melena reestructurada y brillante gracias a este completo tratamiento regenerador a base de bótox capilar, que engrosa tu cabello para reconstruir las partes dañadas y otorgarle mayor brillo a la vez que eliminas el encrespamiento. El servicio incluye el tratamiento de bótox, lavado y peinado (no incluye peinados elaborados, recogidos ni semirecogidos) ya que sellamos el tratamiento con plancha."
        }, 
        {
            "service_category": "Peluquería", 
            "service": "Peinado Pelo Largo Con Baño Keratina", 
            "duration": 3600, 
            "price": "24 € ", 
            "description": "Peinado en melena con baño de keratina que nutre tu cabello con un aspecto mucho más sedoso. Incluye el peinado (no incluye peinados elaborados, recogidos ni semirecogidos) y el baño de hidratación de keratina. Di adiós al encrespamiento con este tratamiento. Lucirás un pelo mucho más sedoso y brillante durante más tiempo. Trabajamos con productos MONTIBELLO y L'OREAL. Reserva ya tu cita online a través de Bucmi.com."
        }, 
        {
            "service_category": "Peluquería", 
            "service": "Tto Bótox Capilar Y Peinado Media Melena", 
            "duration": 5400, 
            "price": "50 € ", 
            "description": "Disfruta de una melena reestructurada y brillante gracias a este completo tratamiento regenerador a base de bótox capilar, que engrosa tu cabello para reconstruir las partes dañadas y otorgarle mayor brillo a la vez que eliminas el encrespamiento. El servicio incluye el tratamiento de bótox, lavado y peinado (no incluye peinados elaborados, recogidos ni semirecogidos) ya que sellamos el tratamiento con plancha."
        }, 
        {
            "service_category": "Peluquería", 
            "service": "Peinado Media Melena Con Baño Keratina", 
            "duration": 3600, 
            "price": "20 € ", 
            "description": "Peinado en melena con baño de keratina que nutre tu cabello con un aspecto mucho más sedoso. Incluye el peinado y el baño de hidratación de keratina. Di adiós al encrespamiento con este tratamiento. Lucirás un pelo mucho más sedoso y brillante durante más tiempo. Trabajamos con productos MONTIBELLO y L'OREAL. Reserva ya tu cita online a través de Bucmi.com."
        }, 
        {
            "service_category": "Peluquería", 
            "service": "Peinado Pelo Corto Con Baño De Keratina", 
            "duration": 2700, 
            "price": "16 € ", 
            "description": "Peinado en melena con baño de keratina que nutre tu cabello con un aspecto mucho más sedoso. Incluye el peinado (no incluye peinados elaborados, recogidos ni semirecogidos) y el baño de hidratación de keratina. Di adiós al encrespamiento con este tratamiento. Lucirás un pelo mucho más sedoso y brillante durante más tiempo. Trabajamos con productos MONTIBELLO y L'OREAL. Reserva ya tu cita online a través de Bucmi.com."
        }, 
        {
            "service_category": "Peluquería", 
            "service": "Alisado De Keratina Pelo Largo", 
            "duration": 10800, 
            "price": "190 € ", 
            "description": "Servicio de alisado keratina SALERM. ¡No dejarás de tocar tu pelo! Resultados garantizados con una melena mucho más sedosa. Di adiós al encrespamiento. En el servicio está incluido el tratamiento de mantenimiento en casa, champú y mascarilla. Luce una melena bonita, brillante y cuidada. Reserva ahora tu cita online a través de Bucmi.com."
        }, 
        {
            "service_category": "Peluquería", 
            "service": "Alisado De Keratina Media Melena", 
            "duration": 10800, 
            "price": "150 € ", 
            "description": "Servicio de alisado keratina SALERM. ¡No dejarás de tocar tu pelo! Resultados garantizados con una melena mucho más sedosa. Di adiós al encrespamiento. En el servicio está incluido el tratamiento de mantenimiento en casa, champú y mascarilla. Luce una melena bonita, brillante y cuidada. Reserva ahora tu cita online a través de Bucmi.com."
        }, 
        {
            "service_category": "Peluquería", 
            "service": "Color Media Melena", 
            "duration": 3600, 
            "price": "20 € ", 
            "description": "Este tratamiento incluye el color, lavado y secado natural con el secador para quitar la humedad. No incluye el peinado. Lucirás un pelo natural, bonito, brillante y cuidado. Trabajamos con productos profesionales WELLA y L'OREAL para que puedas disfrutar de una melena envidiable. Reserva ya tu cita en Bucmi.com."
        }, 
        {
            "service_category": "Peluquería", 
            "service": "Color Pelo Corto", 
            "duration": 3600, 
            "price": "18 € ", 
            "description": "Este tratamiento incluye el color, lavado y secado natural con el secador para quitar la humedad. No incluye el peinado. Lucirás un pelo natural, bonito, brillante y cuidado. Trabajamos con productos profesionales WELLA y L'OREAL para que puedas disfrutar de una melena envidiable. Reserva ya tu cita en Bucmi.com."
        }, 
        {
            "service_category": "Peluquería", 
            "service": "Color Pelo Largo", 
            "duration": 5400, 
            "price": "23 € ", 
            "description": "Este tratamiento incluye el color, lavado y secado natural con el secador para quitar la humedad. No incluye el peinado. Disfrutarás de un tono natural y lucirás una melena larga, cuidada, bonita y brillante. Tu pelo estará mucho más sedoso gracias a los productos que utilizamos de WELLA y L'OREAL. Reserva ahora en Bucmi.com tu cita."
        }, 
        {
            "service_category": "Peluquería", 
            "service": "Color Y Peinado Media Melena", 
            "duration": 5400, 
            "price": "30 € ", 
            "description": "Este tratamiento incluye el color, lavado y secado natural con el secador para quitar la humedad. Incluye peinado (no incluye peinados elaborados, recogidos ni semirecogidos). Lucirás un pelo natural, bonito, brillante y cuidado. Trabajamos con productos profesionales WELLA y L'OREAL para que puedas disfrutar de una melena envidiable. Reserva ya tu cita en Bucmi.com."
        }, 
        {
            "service_category": "Peluquería", 
            "service": "Color Y Peinado Pelo Corto", 
            "duration": 5400, 
            "price": "28 € ", 
            "description": "Este tratamiento incluye el color, lavado y secado natural con el secador para quitar la humedad. Incluye peinado (no incluye peinados elaborados, recogidos ni semirecogidos). Lucirás un pelo natural, bonito, brillante y cuidado. Trabajamos con productos profesionales WELLA y L'OREAL para que puedas disfrutar de una melena envidiable. Reserva ya tu cita en Bucmi.com."
        }, 
        {
            "service_category": "Peluquería", 
            "service": "Color Y Peinado Pelo Largo", 
            "duration": 5400, 
            "price": "33 € ", 
            "description": "Este tratamiento incluye el color, lavado y secado natural con el secador para quitar la humedad. Incluye peinado (no incluye peinados elaborados, recogidos ni semirecogidos). Lucirás un pelo natural, bonito, brillante y cuidado. Trabajamos con productos profesionales WELLA y L'OREAL para que puedas disfrutar de una melena envidiable. Reserva ya tu cita en Bucmi.com."
        }, 
        {
            "service_category": "Peluquería", 
            "service": "Corte De Pelo Hombre", 
            "duration": 1800, 
            "price": "13 € ", 
            "description": "El servicio incluye productos de acabado. ¿Quieres cambiar de look y renovar tu imagen pero no encuentras el momento? Pues ya ha llegado, aprovecha ahora para dar un nuevo aire a tu imagen. Ven a Melgar Peluqueros y te asesoraremos acerca del corte que mejor quede con tus facciones. Reserva ya tu cita online en Bucmi.com."
        }, 
        {
            "service_category": "Peluquería", 
            "service": "Corte De Pelo Mujer", 
            "duration": 1800, 
            "price": "16 € ", 
            "description": "Si eres de las que prefieres no peinarte en la peluquería, porque te encanta el secado natural de tu cabello, y necesitas retocar la forma de tu melena, este es tu servicio ideal. Este pack incluye un corte asesorado por nuestros expertos estilistas de Melgar Peluquero, y lavado con champú. No incluye el peinado."
        }, 
        {
            "service_category": "Peluquería", 
            "service": "Corte Y Peinado Media Melena", 
            "duration": 2700, 
            "price": "19,3 € ", 
            "description": "Este tratamiento incluye lavado con champú específico y productos de acabado. Saldrás de Melgar Peluqueros estupenda y perfecta para cualquier ocasión. Además, lucirás el corte y peinado (no incluye peinados elaborados, recogidos ni semirecogidos). Notarás tu cabello mucho más brillante y sedoso. Reserva ahora tu cita online en Bucmi.com."
        }, 
        {
            "service_category": "Peluquería", 
            "service": "Corte Y Peinado Pelo Corto", 
            "duration": 2700, 
            "price": "17,5 € ", 
            "description": "El tratamiento incluye lavado con champú específico y productos de acabado. Saldrás de Melgar Peluqueros estupenda y perfecta para cualquier ocasión. Además, lucirás el corte y peinado (no incluye peinados elaborados, recogidos ni semirecogidos). Notarás tu cabello mucho más brillante y sedoso. Reserva ahora en Bucmi.com tu cita."
        }, 
        {
            "service_category": "Peluquería", 
            "service": "Corte Y Peinado Pelo Largo", 
            "duration": 2700, 
            "price": "23,3 € ", 
            "description": "Este tratamiento incluye lavado con champú especifico y productos de acabado. Saldrás de Melgar Peluqueros estupenda y perfecta para cualquier ocasión. Además, lucirás el corte y peinado (no incluye peinados elaborados, recogidos ni semirecogidos). Notarás tu cabello mucho más brillante y sedoso. Reserva ahora tu cita cómodamente online a través de Bucmi.com."
        }, 
        {
            "service_category": "Peluquería", 
            "service": "Mechas Babylight Media Melena", 
            "duration": 7200, 
            "price": "29,9 € ", 
            "description": "Las mechas 'babylight' son unas mechas de moda que imitan esos ligeros reflejos que aparecen en las melenas de bebés y niños pequeños. Te haremos un aclarado muy natural, gracias a nuestros expertos estilistas. El servicio incluye las mechas, el lavado con champú pero no incluye secado ni peinado del cabello. No te arrepentirás del resultado."
        }, 
        {
            "service_category": "Peluquería", 
            "service": "Mechas Babylight Pelo Largo", 
            "duration": 7200, 
            "price": "39,9 € ", 
            "description": "Las mechas 'babylight' son unas mechas de moda que imitan esos ligeros reflejos que aparecen en las melenas de bebés y niños pequeños. Te haremos un aclarado muy natural, gracias a nuestros expertos estilistas. El servicio incluye las mechas, el lavado con champú pero no incluye secado ni peinado del cabello. No te arrepentirás del resultado."
        }, 
        {
            "service_category": "Peluquería", 
            "service": "Mechas Californianas", 
            "duration": 3600, 
            "price": "39,9 € ", 
            "description": "Este tratamiento incluye las mechas californianas, el lavado y el secado al natural para quitar la humedad. No incluye el peinado; se aplicará un suplemento adicional en el salón en caso de querer peinarse. Luce una melena bonita, brillante y cuidada gracias a nuestros productos. Tus mechas tendrán un color tan natural que parecerán de tu propio cabello. Reserva ya tu cita online en Bucmi.com."
        }, 
        {
            "service_category": "Peluquería", 
            "service": "Peinado Ondas Surferas", 
            "duration": 3600, 
            "price": "36 € ", 
            "description": "Es un peinado natural, desenfadado y sencillo; a la última moda. El resultado es un cabello ondulado y natural. Luce una melena muy natural, sedosa y brillante. Disfruta de este tratamiento que se lleva tanto ahora. Trabajamos con productos MONTIBELLO y L'OREAL. Reserva ahora tu cita online cómodamente a través de Bucmi.com."
        }, 
        {
            "service_category": "Peluquería", 
            "service": "Recogido Fiesta", 
            "duration": 3600, 
            "price": "49,9 € ", 
            "description": "¿Tienes un evento exclusivo y no sabes que hacer con tu melena? Ponte guapa para ese evento tan especial y déjate asesorar por nuestras profesionales. Luce un recogido natural y siéntete perfecta para esa ocasión. reserva ya online tu cita a través de Bucmi.com."
        }, 
        {
            "service_category": "Peluquería", 
            "service": "Recogido Y Maquillaje", 
            "duration": 5400, 
            "price": "65 € ", 
            "description": "Este tratamiento incluye el servicio de recogido con maquillaje para cualquier evento. Es el pack perfecto para estar estupenda en una cena de gala, boda o evento. Te aconsejamos qué recogido y maquillaje se adaptan más a tu look. Lucirás un recogido y maquillaje muy natural y perfecto para la ocasión. Reserva ya tu cita online a través de Bucmi.com."
        }, 
        {
            "service_category": "Peluquería", 
            "service": "Tto Capilar Cóctel Brillo Y Color", 
            "duration": 5400, 
            "price": "11,95 € ", 
            "description": "Este tratamiento es perfecto para darle un refresco a tu coloración, sobre todo si empiezas a notar que se va apagando, y un aporte de brillo. Tu melena volverá a recuperar esa luz y color que va desapareciendo por el estrés, la contaminación, el exceso de sol.... Incluye el tratamiento y el lavado con champú pero no incluye el peinado. Válido para todo tipo de largos."
        }, 
        {
            "service_category": "Estética", 
            "service": "Recogido Y Maquillaje", 
            "duration": 5400, 
            "price": "65 € ", 
            "description": "Este tratamiento incluye el servicio de recogido con maquillaje para cualquier evento. Es el pack perfecto para estar estupenda en una cena de gala, boda o evento. Te aconsejamos qué recogido y maquillaje se adaptan más a tu look. Lucirás un recogido y maquillaje muy natural y perfecto para la ocasión. Reserva ya tu cita online a través de Bucmi.com."
        }, 
        {
            "service_category": null, 
            "service": "Peinado Pelo Largo Con Baño Keratina", 
            "duration": 3600, 
            "price": "24 € ", 
            "description": "Peinado en melena con baño de keratina que nutre tu cabello con un aspecto mucho más sedoso. Incluye el peinado (no incluye peinados elaborados, recogidos ni semirecogidos) y el baño de hidratación de keratina. Di adiós al encrespamiento con este tratamiento. Lucirás un pelo mucho más sedoso y brillante durante más tiempo. Trabajamos con productos MONTIBELLO y L'OREAL. Reserva ya tu cita online a través de Bucmi.com."
        }, 
        {
            "service_category": null, 
            "service": "Peinado Media Melena Con Baño Keratina", 
            "duration": 3600, 
            "price": "20 € ", 
            "description": "Peinado en melena con baño de keratina que nutre tu cabello con un aspecto mucho más sedoso. Incluye el peinado y el baño de hidratación de keratina. Di adiós al encrespamiento con este tratamiento. Lucirás un pelo mucho más sedoso y brillante durante más tiempo. Trabajamos con productos MONTIBELLO y L'OREAL. Reserva ya tu cita online a través de Bucmi.com."
        }, 
        {
            "service_category": null, 
            "service": "Peinado Pelo Corto Con Baño De Keratina", 
            "duration": 2700, 
            "price": "16 € ", 
            "description": "Peinado en melena con baño de keratina que nutre tu cabello con un aspecto mucho más sedoso. Incluye el peinado (no incluye peinados elaborados, recogidos ni semirecogidos) y el baño de hidratación de keratina. Di adiós al encrespamiento con este tratamiento. Lucirás un pelo mucho más sedoso y brillante durante más tiempo. Trabajamos con productos MONTIBELLO y L'OREAL. Reserva ya tu cita online a través de Bucmi.com."
        }, 
        {
            "service_category": null, 
            "service": "Alisado De Keratina Pelo Largo", 
            "duration": 10800, 
            "price": "190 € ", 
            "description": "Servicio de alisado keratina SALERM. ¡No dejarás de tocar tu pelo! Resultados garantizados con una melena mucho más sedosa. Di adiós al encrespamiento. En el servicio está incluido el tratamiento de mantenimiento en casa, champú y mascarilla. Luce una melena bonita, brillante y cuidada. Reserva ahora tu cita online a través de Bucmi.com."
        }, 
        {
            "service_category": null, 
            "service": "Alisado De Keratina Media Melena", 
            "duration": 10800, 
            "price": "150 € ", 
            "description": "Servicio de alisado keratina SALERM. ¡No dejarás de tocar tu pelo! Resultados garantizados con una melena mucho más sedosa. Di adiós al encrespamiento. En el servicio está incluido el tratamiento de mantenimiento en casa, champú y mascarilla. Luce una melena bonita, brillante y cuidada. Reserva ahora tu cita online a través de Bucmi.com."
        }
    ]
}