{
    "adid": null, 
    "name": "Skin Inc Hotel ME", 
    "name_of_contact": "Skin Inc Hotel ME", 
    "scrape_page": "https://www.bucmi.com/skinincme", 
    "business_website": "https://www.bucmi.com/skinincme", 
    "areas_covered": null, 
    "description": "El nuevo Skin Inc en el Hotel ME tiene un diseño contemporáneo,confluye con una cuidada atención para el disfrute tanto de los huéspedes como de los visitantes. Contamos con tratamientos faciales, corporales, masajes, manicuras, pedicuras y depilaciones.", 
    "img_link": [
        "https://d1nd15w2k87kz0.cloudfront.net/Uploads/635726419577863516.jpg", 
        "https://d1nd15w2k87kz0.cloudfront.net/Uploads/635726419608178097.jpg", 
        "https://d1nd15w2k87kz0.cloudfront.net/Uploads/635726419662557433.jpg"
    ], 
    "hqdb_featured_ad_type": "Featured", 
    "hqdb_nr_reviews": "30", 
    "hqdb_review_score": "7,6", 
    "accreditations": null, 
    "category": null, 
    "subcategory": null, 
    "street": null, 
    "city": "Madrid", 
    "zipcode": "28012", 
    "formatted_address": "Madrid, 28012", 
    "country": "es", 
    "office_number": "911960500", 
    "office_number2": null, 
    "mobile_number": null, 
    "mobile_number2": null, 
    "unidentified_phone_numbers": null, 
    "latitude": "40.4146316000", 
    "longitude": "-3.7013871999", 
    "business_email": null, 
    "yelp_page": null, 
    "facebook": null, 
    "twitter": null, 
    "instagram": null, 
    "venue_images": "https://d1nd15w2k87kz0.cloudfront.net/Logotipos/635914875794467986.jpg", 
    "opening_hours_raw": null, 
    "pricelist_link": null, 
    "services": [
        {
            "service_category": "Preferente", 
            "service": "Higiene Facial: Oxy Miracle Peel & Infusion (1 H)", 
            "duration": 3600, 
            "price": "79 € ", 
            "description": "Oxy Miracle Peel & Infusion. Limpieza Facial. Tratamiento de limpieza profunda 5 en 1: limpia, hidrata, ilumina, repara y prepara.Resultado: Consigue una limpieza profunda, una piel oxigenada, hidratada, iluminada,tonificada y rejuvenecida. Confía en nuestros expertos profesionales de Skin Inc, y vive una experiencia única en nuestro bonito y exclusivo salón, a la vez que disfrutas de unos resultados increíbles. No esperes más a hacer tu reserva online con Bucmi.com."
        }, 
        {
            "service_category": "Preferente", 
            "service": "Tto. Corporal Anticelulítico: Bye, Bye Cellulite", 
            "duration": 3600, 
            "price": "85 € ", 
            "description": "Duración 55 minutos. Tratamiento corporal anticelulítico. Reduce la celulitis proporcionanado una piel lisa y firme. Resultados: Piel lisa y firme, celulitis reducida. Confía en nuestros expertos profesionales de Skin Inc, y vive una experiencia única en nuestro bonito y exclusivo salón, a la vez que disfrutas de unos resultados increíbles. No esperes más a hacer tu reserva online con Bucmi.com."
        }, 
        {
            "service_category": "Preferente", 
            "service": "Tto. Facial Antiedad: Oxy Snow White Radiance", 
            "duration": 3600, 
            "price": "100 € ", 
            "description": "Duración 55 minutos. Tratamiento corrector del tono, antimanchas y reductor de los poros dilatados. Resultado: Piel más luminosa y radiante. Unifica el tono. Manchas atenuadas. Líneas y arrugas difuminadas. Piel más suave, lisa e hidratada. Confía en nuestros expertos profesionales de Skin Inc, y vive una experiencia única en nuestro bonito y exclusivo salón, a la vez que disfrutas de unos resultados increíbles. No esperes más a hacer tu reserva online con Bucmi.com."
        }, 
        {
            "service_category": "Preferente", 
            "service": "Masaje Descontracturante: Bye, Bye Muscle Cramp", 
            "duration": 3600, 
            "price": "85 € ", 
            "description": "Duración 55 minutos. Masaje descontracturante. Trata todo tipo de contracturas musculares para que afrontes el día a día relajado y con energía. Confía en nuestros expertos profesionales de Skin Inc, y vive una experiencia única en nuestro bonito y exclusivo salón, a la vez que disfrutas de unos resultados increíbles. No esperes más a hacer tu reserva online con Bucmi.com."
        }, 
        {
            "service_category": "Estética", 
            "service": "Higiene Facial: Oxy Miracle Peel & Infusion (1 H)", 
            "duration": 3600, 
            "price": "79 € ", 
            "description": "Oxy Miracle Peel & Infusion. Limpieza Facial. Tratamiento de limpieza profunda 5 en 1: limpia, hidrata, ilumina, repara y prepara.Resultado: Consigue una limpieza profunda, una piel oxigenada, hidratada, iluminada,tonificada y rejuvenecida. Confía en nuestros expertos profesionales de Skin Inc, y vive una experiencia única en nuestro bonito y exclusivo salón, a la vez que disfrutas de unos resultados increíbles. No esperes más a hacer tu reserva online con Bucmi.com."
        }, 
        {
            "service_category": "Estética", 
            "service": "Limpieza Facial: Oxy Bye Bye Blemishes (85 Min)", 
            "duration": 5400, 
            "price": "115 € ", 
            "description": "Tratamiento purificante para pieles con granos: limpia los poros en profundidad, hidrata y calma el enrojecimiento, previniendo la aparición de futuras impurezas. Resultado: Limpia los poros en profundidad, reduce la grasa, brillos y el enrojecimientos visible. Proporciona una piel de aspecto suave y saludable. Duración 85 minutos. Confía en nuestros expertos profesionales de Skin Inc, y vive una experiencia única en nuestro bonito y exclusivo salón, a la vez que disfrutas de unos resultados increíbles."
        }, 
        {
            "service_category": "Estética", 
            "service": "Tratamiento Anticelulítico: Oxy Anti-Cellulite.", 
            "duration": 5400, 
            "price": "150 € ", 
            "description": "Tras un diagnóstico del tipo de celulitis, este tratamiento consiste en la introducción de oxígeno combinado con suero fisiológico y un complejo anticelulítico, junto con la aparatología más adecuada para tratar cada tipo de celulitis (LPG, radiofrecuencia, presoterpia, electroestimulación) así como una mascarilla anticelulítica. Resultado: Reduce el aspecto de cualquier celulitis y de la piel de naranja proporcionando una piel lisa, suave y firme."
        }, 
        {
            "service_category": "Estética", 
            "service": "Tto. Corporal Anticelulítico: Bye, Bye Cellulite", 
            "duration": 3600, 
            "price": "85 € ", 
            "description": "Duración 55 minutos. Tratamiento corporal anticelulítico. Reduce la celulitis proporcionanado una piel lisa y firme. Resultados: Piel lisa y firme, celulitis reducida. Confía en nuestros expertos profesionales de Skin Inc, y vive una experiencia única en nuestro bonito y exclusivo salón, a la vez que disfrutas de unos resultados increíbles. No esperes más a hacer tu reserva online con Bucmi.com."
        }, 
        {
            "service_category": "Estética", 
            "service": "Tto. Facial Antiedad: Oxy Snow White Radiance", 
            "duration": 3600, 
            "price": "100 € ", 
            "description": "Duración 55 minutos. Tratamiento corrector del tono, antimanchas y reductor de los poros dilatados. Resultado: Piel más luminosa y radiante. Unifica el tono. Manchas atenuadas. Líneas y arrugas difuminadas. Piel más suave, lisa e hidratada. Confía en nuestros expertos profesionales de Skin Inc, y vive una experiencia única en nuestro bonito y exclusivo salón, a la vez que disfrutas de unos resultados increíbles. No esperes más a hacer tu reserva online con Bucmi.com."
        }, 
        {
            "service_category": "Estética", 
            "service": "Exfoliación Corporal: Chocolate Freak (55 Min)", 
            "duration": 3600, 
            "price": "120 € ", 
            "description": "Tratamiento de exfoliación corporal realizada con trocitos de verdadero y puro cacao con acción hidratante, antioxidante y anticelulítica. La exfoliación es un paso importante para mantener tu piel hidratada durante más tiempo. De este modo conseguirás eliminar la piel muerta y los restos del día a día que impiden que tus hidratantes penetren en la dermis causando el efecto de seda para tu piel. Duración 55 minutos."
        }, 
        {
            "service_category": "Estética", 
            "service": "Exfoliación Corporal: Mediterranean Breeze", 
            "duration": 3600, 
            "price": "100 € ", 
            "description": "Exfoliación corporal estimulante realizada a base de aceites de argán, semillas de uvas y agua de naranjo. Una experiencia que te ayudará a relajarte gracias a los aromas y además dejará tu piel preparada para que la hidratación penetre en la dermis. Duración 55 minutos. Confía en nuestros expertos profesionales de Skin Inc, y vive una experiencia única en nuestro bonito y exclusivo salón, a la vez que disfrutas de unos resultados increíbles. No esperes más a hacer tu reserva online con Bucmi.com."
        }, 
        {
            "service_category": "Estética", 
            "service": "Higiene Facial:Oxy Miracle Peel & Infusion (85 M)", 
            "duration": 5400, 
            "price": "105 € ", 
            "description": "Duración 85 minutos. Tratamiento de limpieza profunda 5 en 1: limpia, hidrata, ilumina, repara y prepara. Resultado: Consigue una limpieza profunda, una piel oxigenada, hidratada, iluminada, tonificada y rejuvenecida.Confía en nuestros expertos profesionales de Skin Inc, y vive una experiencia única en nuestro bonito y exclusivo salón, a la vez que disfrutas de unos resultados increíbles. No esperes más a hacer tu reserva online con Bucmi.com."
        }, 
        {
            "service_category": "Estética", 
            "service": "Lifting Facial - Lift It Up (55 Min)", 
            "duration": 3600, 
            "price": "125 € ", 
            "description": "Servicio de Lifting facial sin cirugía. Se realiza avanzada tecnología: radiofrecuencia bipolar, radiofrecuencia multipolar y succión. Resultado: alisa visiblemente el aspecto de líneas y arrugas, difumina bolsas y ojeras, reafirma y tensa la piel. Duración 55 minutos. Confía en nuestros expertos profesionales de Skin Inc, y vive una experiencia única en nuestro bonito y exclusivo salón, a la vez que disfrutas de unos resultados increíbles. No esperes más a hacer tu reserva online con Bucmi.com."
        }, 
        {
            "service_category": "Estética", 
            "service": "Linfático Corporal: Water Of Drenaje", 
            "duration": 3600, 
            "price": "85 € ", 
            "description": "Servicio de drenaje linfático manual. Se realiza con el método Vodder que favorece el funcionamiento del sistema linfático mediante el masaje manual especializado de los ganglios linfáticos hinchados. Duración 55 minutos. Confía en nuestros expertos profesionales de Skin Inc, y vive una experiencia única en nuestro bonito y exclusivo salón, a la vez que disfrutas de unos resultados increíbles. No esperes más a hacer tu reserva online con Bucmi.com."
        }, 
        {
            "service_category": "Estética", 
            "service": "Tratamiento Anticelulítico: Oxy Beauty Legs.", 
            "duration": 5400, 
            "price": "120 € ", 
            "description": "Un tratamiento destinado a lucir unas piernas espectaculares. Totalmente personalizadoa cada caso. Puede reducir la celulitis, tonificar o remodelar. Además consigue una piel luminosa, firme e hidratada. Resultado: Proporciona unas piernas tonificadas, hidratadas y esculpidas."
        }, 
        {
            "service_category": "Estética", 
            "service": "Tratamiento Facial Hidratante Men Friendly", 
            "duration": 3600, 
            "price": "79 € ", 
            "description": "Tratamiento Facial hidratante masculino. Conocido como 'Tratamiento 5 en 1' para la piel del hombre: limpia, hidrata, ilumina, tonifica y rejuvenece. Mantén una piel cuidada y tonificada. Confía en nuestros expertos profesionales de Skin Inc, y vive una experiencia única en nuestro bonito y exclusivo salón, a la vez que disfrutas de unos resultados increíbles."
        }, 
        {
            "service_category": "Estética", 
            "service": "Tratamiento Reductor: Oxy Body Slim", 
            "duration": 5400, 
            "price": "150 € ", 
            "description": "Tratamiento corporal que combina el poder de un exclusivo sérum adelgazante introducido con la tecnología Oxy-Jet en las capas profundas de la piel, junto con la más avanzada aparatología corporal de Skin Inc y una mascarilla adelgazante para ayudar a adelgazar y remodelar el cuerpo desde la primera sesión. Resultados: Más firmeza en la piel, textura y tono más uniforme, más luminosa y una silueta definida. Al cabo de varias sesiones ayuda a eliminar la grasa y remodelar el cuerpo."
        }, 
        {
            "service_category": "Estética", 
            "service": "Tto. Corporal Hidratante: Chocolate Freak", 
            "duration": 3600, 
            "price": "120 € ", 
            "description": "Tratamiento corporal hidratante, consiste en una envoltura nutritiva y remodelante con efecto calor a base de cacao. Estimula los sentidos, hidrata, nutre, proporciona elasticidad en la piel y mejora la circulación sanguínea. Una experiencia que te aportará bienestar exterior e interior. Confía en nuestros expertos profesionales de Skin Inc, y vive una experiencia única en nuestro bonito y exclusivo salón, a la vez que disfrutas de unos resultados increíbles."
        }, 
        {
            "service_category": "Estética", 
            "service": "Tto. Corporal Hidratante: Mediterranean Breeze", 
            "duration": 3600, 
            "price": "100 € ", 
            "description": "Tratamiento hidratante realizado a base de una envoltura corporal calmante con extractos de aloe vera y menta. Una estimulación de los sentidos que, además, hidrata profundamente, nutre y aporta luminosidad a tu piel. Duración 55 minutos. Confía en nuestros expertos profesionales de Skin Inc, y vive una experiencia única en nuestro bonito y exclusivo salón, a la vez que disfrutas de unos resultados increíbles. No esperes más a hacer tu reserva online con Bucmi.com."
        }, 
        {
            "service_category": "Estética", 
            "service": "Tto. Corporal Hidratante: Oxy Miracle Back Peel", 
            "duration": 3600, 
            "price": "89 € ", 
            "description": "Duración 55 minutos. Tratamiento de belleza que incluye exfoliación e hidratación para la espalda masculina. Confía en nuestros expertos profesionales de Skin Inc, y vive una experiencia única en nuestro bonito y exclusivo salón, a la vez que disfrutas de unos resultados increíbles. No esperes más a hacer tu reserva online con Bucmi.com."
        }, 
        {
            "service_category": "Masaje", 
            "service": "Masaje Relajante: Swedish Design", 
            "duration": 3600, 
            "price": "120 € ", 
            "description": "Duración 55 minutos. Auténtico masaje sueco reduce el estrés y disminuye las contracciones musculares, relajando cuerpo y mente. Confía en nuestros expertos profesionales de Skin Inc, y vive una experiencia única en nuestro bonito y exclusivo salón, a la vez que disfrutas de unos resultados increíbles. No esperes más a hacer tu reserva online con Bucmi.com."
        }, 
        {
            "service_category": "Masaje", 
            "service": "Masaje Deportivo", 
            "duration": 3600, 
            "price": "85 € ", 
            "description": "Duración 55 minutos. Masaje deportivo, prepara los músculos y la elasticidad para la óptima realización del esfuerzo físico, evitando la aparición de lesiones y fatiga. Confía en nuestros expertos profesionales de Skin Inc, y vive una experiencia única en nuestro bonito y exclusivo salón, a la vez que disfrutas de unos resultados increíbles. No esperes más a hacer tu reserva online con Bucmi.com."
        }, 
        {
            "service_category": "Masaje", 
            "service": "Masaje Descontracturante: Bye, Bye Muscle Cramp", 
            "duration": 3600, 
            "price": "85 € ", 
            "description": "Duración 55 minutos. Masaje descontracturante. Trata todo tipo de contracturas musculares para que afrontes el día a día relajado y con energía. Confía en nuestros expertos profesionales de Skin Inc, y vive una experiencia única en nuestro bonito y exclusivo salón, a la vez que disfrutas de unos resultados increíbles. No esperes más a hacer tu reserva online con Bucmi.com."
        }, 
        {
            "service_category": "Masaje", 
            "service": "Masaje Relajante: The Gateway Of India", 
            "duration": 3600, 
            "price": "130 € ", 
            "description": "Duración 55 minutos. Masaje Ayuvédico de la India, técnica de masaje profundo e integral realizado con aceite que activa la circulación sanguínea, fortalece la función del cerebro, relajando cuerpo, mente y alma. Confía en nuestros expertos profesionales de Skin Inc, y vive una experiencia única en nuestro bonito y exclusivo salón, a la vez que disfrutas de unos resultados increíbles. No esperes más a hacer tu reserva online con Bucmi.com."
        }, 
        {
            "service_category": "Masaje", 
            "service": "Tto. Corporal Hidratante: Chocolate Freak", 
            "duration": 3600, 
            "price": "120 € ", 
            "description": "Tratamiento corporal hidratante, consiste en una envoltura nutritiva y remodelante con efecto calor a base de cacao. Estimula los sentidos, hidrata, nutre, proporciona elasticidad en la piel y mejora la circulación sanguínea. Una experiencia que te aportará bienestar exterior e interior. Confía en nuestros expertos profesionales de Skin Inc, y vive una experiencia única en nuestro bonito y exclusivo salón, a la vez que disfrutas de unos resultados increíbles."
        }, 
        {
            "service_category": "Varios", 
            "service": "Limpieza Facia Loxy Bye Bye Blemishes (55 Min)", 
            "duration": 3600, 
            "price": "89 € ", 
            "description": "Tratamiento purificante para pieles con granos: limpia los poros en profundidad, hidrata y calma el enrojecimiento, previniendo la aparición de futuras impurezas. Resultado: Limpia los poros en profundidad, reduce la grasa, brillos y el enrojecimientos visible. Proporciona una piel de aspecto suave y saludable. Duración 55 minutos. Confía en nuestros expertos profesionales de Skin Inc, y vive una experiencia única en nuestro bonito y exclusivo salón, a la vez que disfrutas de unos resultados increíbles."
        }
    ]
}