{
    "adid": null, 
    "name": "Masajes de Mundo", 
    "name_of_contact": "Masajes de Mundo", 
    "scrape_page": "https://www.bucmi.com/masajesdemundo", 
    "business_website": "https://www.bucmi.com/masajesdemundo", 
    "areas_covered": null, 
    "description": "El centro de Masajes del Mundo, situado en Chamartín, ofrece tratamientos de acupuntura, técnicas japonesas y masajes relajantes entre otros. Ofrecemos un medio de prevención y mejora en su rendimiento y bienestar, aportando así calidad vida.", 
    "img_link": [
        "https://d1nd15w2k87kz0.cloudfront.net/Uploads/635568303846619081.jpg", 
        "https://d1nd15w2k87kz0.cloudfront.net/Uploads/635568303846931712.jpg", 
        "https://d1nd15w2k87kz0.cloudfront.net/Uploads/635568303847869196.jpg", 
        "https://d1nd15w2k87kz0.cloudfront.net/Uploads/635568303848025428.jpg", 
        "https://d1nd15w2k87kz0.cloudfront.net/Uploads/635568303848494223.jpg"
    ], 
    "hqdb_featured_ad_type": "Featured", 
    "hqdb_nr_reviews": "7", 
    "hqdb_review_score": "9,1", 
    "accreditations": null, 
    "category": null, 
    "subcategory": null, 
    "street": "C/ Hernani, 54", 
    "city": "Madrid", 
    "zipcode": "28033", 
    "formatted_address": "C/ Hernani, 54, Madrid, 28033", 
    "country": "es", 
    "office_number": "915341708", 
    "office_number2": null, 
    "mobile_number": null, 
    "mobile_number2": null, 
    "unidentified_phone_numbers": null, 
    "latitude": "40.4777026999", 
    "longitude": "-3.6706930999", 
    "business_email": null, 
    "yelp_page": null, 
    "facebook": null, 
    "twitter": null, 
    "instagram": null, 
    "venue_images": "https://d1nd15w2k87kz0.cloudfront.net/Logotipos/635842211948347722.jpg", 
    "opening_hours_raw": null, 
    "pricelist_link": null, 
    "services": [
        {
            "service_category": "Preferente", 
            "service": "Acupuntura", 
            "duration": 3600, 
            "price": "35 € ", 
            "description": "Devuelve a tu organismo el equilibrio. Altamente eficaz en ansiedad, problemas digestivos, ginecológicos. Los tratamientos son 100% personalizados. Ven a tu Centro de Masajes De Mundo y ponte en manos de nuestros mejores profesionales. Notarás los resultados y te sentirás mucho mejor. Recomendado para multitud de desequilibrios destacando la ansiedad , problemas emocionales , desequilibrios digestivos, respitarorios ,ginecologicos, dolores cronicos, y ayuda a dejar de fumar y perder peso. Reserva ahora."
        }, 
        {
            "service_category": "Preferente", 
            "service": "Masaje Deportivo", 
            "duration": 3600, 
            "price": "37 € ", 
            "description": "Masaje descontracturante. Desbloquea tu musculatura y siente como la tensión y las molestias musculares desaparecen. Esta técnica no solo es utilizada en deportistas si no en aquellas personas que necesiten una descarga muscular mas intensa , alcanzando así un bienestar mucho mas intenso, también utilizado en post competiciones o en practicas deportivas intensas. Ven a tu Centro de Masajes de Mundo y ponte en manos de nuestros mejores profesionales. Notarás los resultados. Reserva tu cita en Bucmi.com."
        }, 
        {
            "service_category": "Preferente", 
            "service": "Quiromasaje", 
            "duration": 3600, 
            "price": "35 € ", 
            "description": "Técnica de masaje relajante en la cual se trabajan todos los grupos musculares. La relajación está garantizada. Ven a tu Centro de Masajes de Mundo y ponte en manos de nuestros mejores profesionales. Técnica descontracturante donde la tensión y las molestias musculares se disipan gracias a la destreza y agilidad de las manos de tu terapeuta, nuestros aceites esenciales de romero y limón además te darán vitalidad y vigor, dejando atrás el cansancio. Reserva tu cita cómodamente online a través de Bucmi.com."
        }, 
        {
            "service_category": "Estética", 
            "service": "Acupuntura Cosmofacial", 
            "duration": 5400, 
            "price": "70 € ", 
            "description": "Tratamiento donde la acupuntura facial realza tu óvalo y quita las arrugas de la cara. En pocas sesiones tu musculatura se realza y te sentirás más guapa y joven. Este tratamiento natural rejuvenece sin necesidad de pasar por técnicas invasoras. Ven a tu Centro Masajes De Mundo y ponte en manos de nuestros mejores profesionales. Luce una piel mucho más cuidada y bonita. Reserva tu cita cómodamente online a través de Bucmi.com."
        }, 
        {
            "service_category": "Estética", 
            "service": "Drenaje Linfático", 
            "duration": 3600, 
            "price": "37 € ", 
            "description": "Masaje muy relajante con dos beneficios: uno eliminar toxinas y otro perder volumen. Muy recomendado para problemas de retención de líquidos. Ven a tu Centro Masajes de Mundo y ponte en manos de nuestros mejores profesionales. Tonifica y realza tu figura. Dí adiós a la celulitis y flacidez. Reserva tu cita cómodamente online a través de Bucmi.com."
        }, 
        {
            "service_category": "Estética", 
            "service": "Lifting Facial Japonés", 
            "duration": 5400, 
            "price": "60 € ", 
            "description": "Con el lifting japonés facial trabajamos toda la musculatura de la cara con efecto tensor y antiflacidez. La musculatura vuelve a su sitio y la piel luce visiblemente más joven. Elimina o minimiza las líneas de expresión, suaviza el aspecto de las arrugas, elimina la flacidez de la piel, disminuye los círculos oscuros bajo los ojos, etc. Disfruta de las numerosas ventajas de este tratamiento y luce una piel cuidada, mucho más joven y bonita. Disfrutarás de un cutis terso. Reserva tu cita en Bucmi.com."
        }, 
        {
            "service_category": "Estética", 
            "service": "Masaje Anticelulítico", 
            "duration": 3600, 
            "price": "37 € ", 
            "description": "Luce unas piernas sin celulitis con este masaje y olvídate de la piel de naranja de manera eficaz y segura gracias a nuestra sesión de una hora de masaje manual. Ven a tu Centro de Masajes de Mundo y ponte en manos de nuestros mejores profesionales. Disfruta de un cuerpo mucho más tonificado y una piel tersa. Dí adiós a la flacidez y la celulitis de una vez por todas. Realza tu figura. Reserva tu cita cómodamente online a través de Bucmi.com."
        }, 
        {
            "service_category": "Estética", 
            "service": "Masaje Reductor", 
            "duration": 3600, 
            "price": "37 € ", 
            "description": "Remodela tu silueta de manera efectiva con sesiones personalizadas. Conseguirás que tu figura esté mucho más definida. Ven a tu Centro de Masajes de Mundo y ponte en manos de nuestros mejores profesionales. Disfruta de las numerosas ventajas de este tratamiento. Realza y tonifica tu figura. Reducirás unas tallas y te encontrarás mucho mejor contigo misma. Reserva tu cita cómodamente online a través de Bucmi.com."
        }, 
        {
            "service_category": "Masaje", 
            "service": "Masaje Kobido", 
            "duration": 3600, 
            "price": "42 € ", 
            "description": "Masaje facial japonés. Di adiós a las arrugas y luce una piel más joven y con mas luminosidad. Esta técnica terapéutica estimula los nervios faciales alcanzando las células de la piel; beneficia y aumenta la circulación sanguínea, distribuyendo nutrientes y eliminando toxinas e impurezas. Disfruta de las numerosos beneficios de este tratamiento. Reafirma y tonifica el cuerpo, elimina las células muertas y aporta luminosidad a la piel, regula la hidratación y libera las contracturas. Reserva en Bucmi.com."
        }, 
        {
            "service_category": "Masaje", 
            "service": "Masaje Deportivo", 
            "duration": 1800, 
            "price": "25 € ", 
            "description": "Masaje descontracturante. Desbloquea tu musculatura y siente como la tensión y las molestias musculares desaparecen. Esta técnica no solo es utilizada en deportistas si no en aquellas personas que necesiten una descarga muscular mas intensa , alcanzando así un bienestar mucho mas intenso, también utilizado en post competiciones o en practicas deportivas intensas. Ven a tu Centro de Masajes de Mundo y ponte en manos de nuestros mejores profesionales. Notarás los resultados. Reserva tu cita en Bucmi.com."
        }, 
        {
            "service_category": "Masaje", 
            "service": "Masaje Deportivo", 
            "duration": 3600, 
            "price": "37 € ", 
            "description": "Masaje descontracturante. Desbloquea tu musculatura y siente como la tensión y las molestias musculares desaparecen. Esta técnica no solo es utilizada en deportistas si no en aquellas personas que necesiten una descarga muscular mas intensa , alcanzando así un bienestar mucho mas intenso, también utilizado en post competiciones o en practicas deportivas intensas. Ven a tu Centro de Masajes de Mundo y ponte en manos de nuestros mejores profesionales. Notarás los resultados. Reserva tu cita en Bucmi.com."
        }, 
        {
            "service_category": "Masaje", 
            "service": "Quiromasaje", 
            "duration": 1800, 
            "price": "25 € ", 
            "description": "Técnica de masaje relajante en la cual se trabajan todos los grupos musculares. La relajación está garantizada. Ven a tu Centro de Masajes de Mundo y ponte en manos de nuestros mejores profesionales. Técnica descontracturante donde la tensión y las molestias musculares se disipan gracias a la destreza y agilidad de las manos de tu terapeuta, nuestros aceites esenciales de romero y limón ademas te darán vitalidad y vigor, dejando atrás el cansancio. Reserva tu cita online a través de Bucmi.com."
        }, 
        {
            "service_category": "Masaje", 
            "service": "Quiromasaje", 
            "duration": 3600, 
            "price": "35 € ", 
            "description": "Técnica de masaje relajante en la cual se trabajan todos los grupos musculares. La relajación está garantizada. Ven a tu Centro de Masajes de Mundo y ponte en manos de nuestros mejores profesionales. Técnica descontracturante donde la tensión y las molestias musculares se disipan gracias a la destreza y agilidad de las manos de tu terapeuta, nuestros aceites esenciales de romero y limón además te darán vitalidad y vigor, dejando atrás el cansancio. Reserva tu cita cómodamente online a través de Bucmi.com."
        }, 
        {
            "service_category": "Bienestar", 
            "service": "Acupuntura", 
            "duration": 3600, 
            "price": "35 € ", 
            "description": "Devuelve a tu organismo el equilibrio. Altamente eficaz en ansiedad, problemas digestivos, ginecológicos. Los tratamientos son 100% personalizados. Ven a tu Centro de Masajes De Mundo y ponte en manos de nuestros mejores profesionales. Notarás los resultados y te sentirás mucho mejor. Recomendado para multitud de desequilibrios destacando la ansiedad , problemas emocionales , desequilibrios digestivos, respitarorios ,ginecologicos, dolores cronicos, y ayuda a dejar de fumar y perder peso. Reserva ahora."
        }, 
        {
            "service_category": "Bienestar", 
            "service": "Acupuntura Cosmofacial", 
            "duration": 5400, 
            "price": "70 € ", 
            "description": "Tratamiento donde la acupuntura facial realza tu óvalo y quita las arrugas de la cara. En pocas sesiones tu musculatura se realza y te sentirás más guapa y joven. Este tratamiento natural rejuvenece sin necesidad de pasar por técnicas invasoras. Ven a tu Centro Masajes De Mundo y ponte en manos de nuestros mejores profesionales. Luce una piel mucho más cuidada y bonita. Reserva tu cita cómodamente online a través de Bucmi.com."
        }
    ]
}