{
    "adid": null, 
    "name": "Freestyle Estilistas", 
    "name_of_contact": "Freestyle Estilistas", 
    "scrape_page": "https://www.bucmi.com/freestyleestilistas", 
    "business_website": "https://www.bucmi.com/freestyleestilistas", 
    "areas_covered": null, 
    "description": "En Freestyle Peluquería contamos con estilistas y profesionales con las mejores técnicas de imagen personal. Encontrarás en nosotros una dedicación y entendimiento para tu cambio de look. Anímate y ven a conocernos, saldrás encantada de nuestra pelu.", 
    "img_link": [
        "https://d1nd15w2k87kz0.cloudfront.net/Uploads/635999429253275653.jpg", 
        "https://d1nd15w2k87kz0.cloudfront.net/Uploads/635999429252650647.jpg", 
        "https://d1nd15w2k87kz0.cloudfront.net/Uploads/635999429252181992.jpg", 
        "https://d1nd15w2k87kz0.cloudfront.net/Uploads/635999429253900647.jpg", 
        "https://d1nd15w2k87kz0.cloudfront.net/Uploads/635999429254838149.jpg", 
        "https://d1nd15w2k87kz0.cloudfront.net/Uploads/635999429255306897.jpg", 
        "https://d1nd15w2k87kz0.cloudfront.net/Uploads/635999429269369423.jpg"
    ], 
    "hqdb_featured_ad_type": "Featured", 
    "hqdb_nr_reviews": "75", 
    "hqdb_review_score": "9,7", 
    "accreditations": null, 
    "category": null, 
    "subcategory": null, 
    "street": "C/ Alcala, 462", 
    "city": "Madrid", 
    "zipcode": "28031", 
    "formatted_address": "C/ Alcala, 462, Madrid, 28031", 
    "country": "es", 
    "office_number": "913321659", 
    "office_number2": null, 
    "mobile_number": null, 
    "mobile_number2": null, 
    "unidentified_phone_numbers": null, 
    "latitude": "40.3772978999", 
    "longitude": "-3.6189133000", 
    "business_email": null, 
    "yelp_page": null, 
    "facebook": null, 
    "twitter": null, 
    "instagram": null, 
    "venue_images": "https://d1nd15w2k87kz0.cloudfront.net/Logotipos/635999430132523914.jpg", 
    "opening_hours_raw": null, 
    "pricelist_link": null, 
    "services": [
        {
            "service_category": "Preferente", 
            "service": "Corte De Pelo Hombre", 
            "duration": 900, 
            "price": "10 € ", 
            "description": "El servicio incluye el lavado del pelo con champú neutro y por último acondicionador de acabado para salir de la peluquería como nuevo. Confía en nuestros expertos estilistas de Free Style Estilistas y disfruta de unos resultados únicos gracias a que seguimos las últimas tendencias. Disfruta de un look renovado y acorde a tu estilo. No lo dudes más y haz tu reservaF"
        }, 
        {
            "service_category": "Preferente", 
            "service": "Tinte Y Permanente De Pestañas", 
            "duration": 5400, 
            "price": "30 € ", 
            "description": "Si quieres lucir una mirada seductora, sin necesidad de recurrir de forma diaria a la máscara de pestañas, reserva en nuestro salón de Free Style nuestro completo servicio de tinte y permanente de pestañas, donde conseguiremos que tu pestaña consiga un rizo y un tono perfecto. Y deja a un lado la máscara de pestañas por una temporadaF"
        }, 
        {
            "service_category": "Preferente", 
            "service": "Corte De Pelo Mujer", 
            "duration": 1800, 
            "price": "15 € ", 
            "description": "En el servicio está incluido el lavado del pelo con champú neutro y también el acondicionador, que servirá para facilitar el peinado y para suavizar tu pelo, de la marca Davines. Confía en nuestros expertos estilistas de Free Style Estilistas y disfruta de unos resultados únicos gracias a que seguimos las últimas tendencias. Disfruta de un look renovado y acorde a tu estilo. No lo dudes más y haz tu reservaF"
        }, 
        {
            "service_category": "Peluquería", 
            "service": "Ahuecador Media Melena", 
            "duration": 5400, 
            "price": "42 € ", 
            "description": "El servicio incluye el lavado del pelo con champú neutro y un acondicionador para el rizo, para facilitar a su vez el desenredo y cepillado de tu pelo corto. Confía en nuestros expertos estilistas de Free Style Estilistas y disfruta de unos resultados únicos gracias a que seguimos las últimas tendencias. Disfruta de un look renovado y acorde a tu estilo. No lo dudes más y haz tu reservaF"
        }, 
        {
            "service_category": "Peluquería", 
            "service": "Ahuecador Pelo Corto", 
            "duration": 5400, 
            "price": "38 € ", 
            "description": "El servicio incluye el lavado del pelo con champú neutro y acondicionador para el rizo, para así facilitar el desenredo y facilitar el cepillado. Confía en nuestros expertos estilistas de Free Style Estilistas y disfruta de unos resultados únicos gracias a que seguimos las últimas tendencias. Disfruta de un look renovado y acorde a tu estilo. No lo dudes más y haz tu reservaF"
        }, 
        {
            "service_category": "Peluquería", 
            "service": "Ahuecador Pelo Largo", 
            "duration": 5400, 
            "price": "48 € ", 
            "description": "El servicio incluye el lavado del pelo con champú neutro y el acondicionador para el rizo, que gracias a sus propiedades facilitará el desenredado y el cepillado. Confía en nuestros expertos estilistas de Free Style Estilistas y disfruta de unos resultados únicos gracias a que seguimos las últimas tendencias. Disfruta de un look renovado y acorde a tu estilo. No lo dudes más y haz tu reservaF"
        }, 
        {
            "service_category": "Peluquería", 
            "service": "Alisado De Keratina Media Melena (Hasta Hombros)", 
            "duration": 7200, 
            "price": "110 € ", 
            "description": "Proceso quimico a base de keratina y aceites esenciales para relajar el encrespamiento del pelo y mas facilidad a la hora de secarlo y peinarlo, 0% de formol. Ahorra tiempo y reserva online. Confía en nuestros expertos estilistas de Free Style Estilistas y disfruta de unos resultados únicos gracias a que seguimos las últimas tendencias. Disfruta de un look renovado y acorde a tu estilo. No lo dudes más y haz tu reservaF"
        }, 
        {
            "service_category": "Peluquería", 
            "service": "Balayage, Baby-Lights O Californianas (Basico)", 
            "duration": 3600, 
            "price": "48 € ", 
            "description": "Este es un servicio de tecnica básica en degradado de color en el que entra el lavado de pelo con champú neutro y también con crema suavizante para así facilitar el cepillado en nuestro centro de peluquería Freestyle Estilistas. Incluye un secado natural del cabello pero no definido."
        }, 
        {
            "service_category": "Peluquería", 
            "service": "Baño De Color", 
            "duration": 2700, 
            "price": "24 € ", 
            "description": "Este es un servicio de color semipermanente en tu pelo. El baño color incluye el lavado del pelo con champú neutro, crema suavizante y coloración de las prestigiosas marcas Wella o Davines. Incluye un secado natural del cabello pero no definido. Confía en nuestros expertos estilistas de Free Style Estilistas y disfruta de unos resultados únicos gracias a que seguimos las últimas tendencias. Disfruta de un look renovado y acorde a tu estilo. No lo dudes más y haz tu reservaF"
        }, 
        {
            "service_category": "Peluquería", 
            "service": "Color Completo", 
            "duration": 2700, 
            "price": "35 € ", 
            "description": "Este es un servicio de color desde la raíz hasta las puntas. Se incluye el lavado del pelo con champú neutro y por último crema suavizante para facilitar así el desenredo y el cepillado del pelo. Incluye un secado natural del cabello pero no definido. Confía en nuestros expertos estilistas de Free Style Estilistas y disfruta de unos resultados únicos gracias a que seguimos las últimas tendencias, trabajamos con productos de Wella o Davines. No lo dudes más y haz tu reservaF"
        }, 
        {
            "service_category": "Peluquería", 
            "service": "Color E Iluminaciones", 
            "duration": 3600, 
            "price": "45 € ", 
            "description": "Este es un servicio para la aplicación de un color base y un toque de mechas en la zona frontal de las prestigiosas marcas Wella o Davines. Incluye lavado del pelo con champú neutro y crema suavizante para facilitar el desenredo y cepillado. Incluye un secado natural del cabello pero no definido. Confía en nuestros expertos estilistas de Free Style Estilistas y disfruta de unos resultados únicos gracias a que seguimos las últimas tendencias. No lo dudes más y haz tu reservaF"
        }, 
        {
            "service_category": "Peluquería", 
            "service": "Color Raíz", 
            "duration": 2700, 
            "price": "32 € ", 
            "description": "Este es un servicio de color solo para raíces. Está incluido el lavado con champú neutro y crema suavizante para facilitar el desenredo así como el cepillado. Incluye un secado natural del cabello pero no definido. Confía en nuestros expertos estilistas de Free Style Estilistas y disfruta de unos resultados únicos gracias a que seguimos las últimas tendencias. Trabajamos con productos de primera calidad como Wella y Davines. No lo dudes más y haz tu reservaF"
        }, 
        {
            "service_category": "Peluquería", 
            "service": "Corte Cambio De Estilo", 
            "duration": 1800, 
            "price": "15 € ", 
            "description": "Este servicio es especial para personas que quieran un cambio total de estilo con asesoramiento. Incluye el lavado con champú neutro, acondicionador y por último secado natural. Confía en nuestros expertos estilistas de Free Style Estilistas y disfruta de unos resultados únicos gracias a que seguimos las últimas tendencias. Disfruta de un look renovado y acorde a tu estilo, trabajamos con productos de la prestigiosa marca Davines. No lo dudes más y haz tu reservaF"
        }, 
        {
            "service_category": "Peluquería", 
            "service": "Corte De Pelo Hombre", 
            "duration": 900, 
            "price": "10 € ", 
            "description": "El servicio incluye el lavado del pelo con champú neutro y por último acondicionador de acabado para salir de la peluquería como nuevo. Confía en nuestros expertos estilistas de Free Style Estilistas y disfruta de unos resultados únicos gracias a que seguimos las últimas tendencias. Disfruta de un look renovado y acorde a tu estilo. No lo dudes más y haz tu reservaF"
        }, 
        {
            "service_category": "Peluquería", 
            "service": "Lavar Y Brushing Media Melena", 
            "duration": 2700, 
            "price": "18 € ", 
            "description": "En el servicio está incluido el lavado del pelo con champú neutro y también el acondicionador de pelo, para que así sea más fácil los desenredos y el cepillado. Incluye un secado brushing del cabello. Confía en nuestros expertos estilistas de Free Style Estilistas y disfruta de unos resultados únicos gracias a que seguimos las últimas tendencias. Disfruta de un look renovado y acorde a tu estilo. No lo dudes más y haz tu reservaF"
        }, 
        {
            "service_category": "Peluquería", 
            "service": "Lavar Y Brushing Pelo Corto", 
            "duration": 1800, 
            "price": "15 € ", 
            "description": "En el servicio está incluido el lavado del pelo con champú neutro y también el acondicionador de pelo, para que así sea más fácil los desenredos y el cepillado. Incluye un secado brushing del cabello. Confía en nuestros expertos estilistas de Free Style Estilistas y disfruta de unos resultados únicos gracias a que seguimos las últimas tendencias. Disfruta de un look renovado y acorde a tu estilo. No lo dudes más y haz tu reservaF"
        }, 
        {
            "service_category": "Peluquería", 
            "service": "Lavar Y Brushing Pelo Largo", 
            "duration": 2700, 
            "price": "23 € ", 
            "description": "En el servicio está incluido el lavado del pelo con champú neutro y también el acondicionador de pelo, para que así sea más fácil los desenredos y el cepillado. Incluye un secado brushing del cabello. Confía en nuestros expertos estilistas de Free Style Estilistas y disfruta de unos resultados únicos gracias a que seguimos las últimas tendencias. Disfruta de un look renovado y acorde a tu estilo. No lo dudes más y haz tu reservaF"
        }, 
        {
            "service_category": "Peluquería", 
            "service": "Lavar, Cortar Y Brushing Media Melena", 
            "duration": 2700, 
            "price": "30 € ", 
            "description": "El servicio incluye el lavado con champú neutro y acondicionador para facilitar peinado. Si el largo no coincide con el seleccionado se abonará la diferencia en el momento del servicio. Incluye un secado brushing del cabello. Confía en nuestros expertos estilistas de Free Style Estilistas y disfruta de unos resultados únicos gracias a que seguimos las últimas tendencias. Disfruta de un look renovado y acorde a tu estilo. No lo dudes más y haz tu reservaF"
        }, 
        {
            "service_category": "Peluquería", 
            "service": "Lavar, Cortar Y Brushing Pelo Corto", 
            "duration": 2700, 
            "price": "25 € ", 
            "description": "En el servicio está incluido el lavado con champú neutro y acondicionador de acabado para así facilitar el peinado, cortar el pelo a tu gusto y aconsejado por nuestros peluqueros. Incluye un secado brushing del cabello. Confía en nuestros expertos estilistas de Free Style Estilistas y disfruta de unos resultados únicos gracias a que seguimos las últimas tendencias. Disfruta de un look renovado y acorde a tu estilo. No lo dudes más y haz tu reservaF"
        }, 
        {
            "service_category": "Peluquería", 
            "service": "Lavar, Cortar Y Brushing Pelo Largo", 
            "duration": 2700, 
            "price": "35 € ", 
            "description": "El servicio incluye el lavado del pelo con champú neutro y acondicionador de acabado para así facilitar el desenredo y peinado del pelo. Incluye un secado brushing del cabello. Confía en nuestros expertos estilistas de Free Style Estilistas y disfruta de unos resultados únicos gracias a que seguimos las últimas tendencias. Disfruta de un look renovado y acorde a tu estilo. No lo dudes más y haz tu reservaF"
        }, 
        {
            "service_category": "Peluquería", 
            "service": "Pack Ceremonia Novias", 
            "duration": 7200, 
            "price": "240 € ", 
            "description": "Este es un servicio en el que incluye prueba y dia de boda, de maquillaje y peinado con recogido,utilizando productos de fijación así como ampolla o mascailla de luminosidad y champu y acondicionador DAVINES. Asesoramiento y configuración con las últimas vanguardias en ceremonia y amplio conocimiento en moda y cursos recientes en recogidos y maquillaje. Disfrutamos de nuestro trabajo y nos encantan las novias!!!"
        }, 
        {
            "service_category": "Peluquería", 
            "service": "Recogido O Semi-Recogido Social Fiesta", 
            "duration": 1800, 
            "price": "38 € ", 
            "description": "En este servicio se incluye lavar el pelo con champú neutro, acondicionar con productos que faciliten el peinado de tu melena y por ultimo el brushing de tu cabello para salir perfecta de la peluquería. Acabados perfectos gracias a nuestras planchas GHD. No lo dudes más y haz tu reserva en nuestro salón de Free Style Estilistes y no te arrepentirás del resultado.F"
        }, 
        {
            "service_category": "Peluquería", 
            "service": "Tratamiento Elasticidad Y Relleno Davines", 
            "duration": 1800, 
            "price": "18 € ", 
            "description": "Tratamiento Davines Repumpling que aporta elasticidad y rellena la fibra capilar con ácido hialurónico, que aporta brillo e hidratación. Rico en extractos naturales y aceites esenciales. Incluye un secado natural del cabello pero no definido. Confía en nuestros expertos estilistas de Free Style Estilistas y disfruta de unos resultados únicos gracias a que seguimos las últimas tendencias. Disfruta de un look renovado y acorde a tu estilo. No lo dudes más y haz tu reservaF"
        }, 
        {
            "service_category": "Peluquería", 
            "service": "Tratamiento Nutritivo Keratina Davines", 
            "duration": 1800, 
            "price": "18 € ", 
            "description": "Tratamiento reconstructor Davines Nourishing está compuesto a base de keratina de lana de oveja y enriquecido con extractos naturales y aceites esenciales.Todo un lujo de sensaciones para tu cabello. Incluye un secado natural del cabello pero no definido. Confía en nuestros expertos estilistas de Free Style Estilistas y disfruta de unos resultados únicos gracias a que seguimos las últimas tendencias. Disfruta de un look renovado y acorde a tu estilo. No lo dudes más y haz tu reservaF"
        }, 
        {
            "service_category": "Peluquería", 
            "service": "Corte De Pelo Mujer", 
            "duration": 1800, 
            "price": "15 € ", 
            "description": "En el servicio está incluido el lavado del pelo con champú neutro y también el acondicionador, que servirá para facilitar el peinado y para suavizar tu pelo, de la marca Davines. Confía en nuestros expertos estilistas de Free Style Estilistas y disfruta de unos resultados únicos gracias a que seguimos las últimas tendencias. Disfruta de un look renovado y acorde a tu estilo. No lo dudes más y haz tu reservaF"
        }, 
        {
            "service_category": "Estética", 
            "service": "Maquillaje", 
            "duration": 1800, 
            "price": "30 € ", 
            "description": "El servicio incluye una sesión de estética en la que se te maquillará de manera que quedarás impresionante para cualquier ocasión en la que quieras lucir bella con nuestros productos de MAC. Además incluye una ampolla flash. Gracias a nuestros expertos maquilladores de Free Style Estilistes conseguirás lucir radiante en ese evento tan especial. No lo dudes más y haz tu reserva online con Bucmi.comF"
        }, 
        {
            "service_category": "Estética", 
            "service": "Tinte Y Permanente De Pestañas", 
            "duration": 5400, 
            "price": "30 € ", 
            "description": "Si quieres lucir una mirada seductora, sin necesidad de recurrir de forma diaria a la máscara de pestañas, reserva en nuestro salón de Free Style nuestro completo servicio de tinte y permanente de pestañas, donde conseguiremos que tu pestaña consiga un rizo y un tono perfecto. Y deja a un lado la máscara de pestañas por una temporadaF"
        }, 
        {
            "service_category": "Manicura y Pedicura", 
            "service": "Tratamiento Elasticidad Y Relleno Davines", 
            "duration": 1800, 
            "price": "18 € ", 
            "description": "Tratamiento Davines Repumpling que aporta elasticidad y rellena la fibra capilar con ácido hialurónico, que aporta brillo e hidratación. Rico en extractos naturales y aceites esenciales. Incluye un secado natural del cabello pero no definido. Confía en nuestros expertos estilistas de Free Style Estilistas y disfruta de unos resultados únicos gracias a que seguimos las últimas tendencias. Disfruta de un look renovado y acorde a tu estilo. No lo dudes más y haz tu reservaF"
        }, 
        {
            "service_category": null, 
            "service": "Alisado De Keratina Media Melena (Hasta Hombros)", 
            "duration": 7200, 
            "price": "110 € ", 
            "description": "Proceso quimico a base de keratina y aceites esenciales para relajar el encrespamiento del pelo y mas facilidad a la hora de secarlo y peinarlo, 0% de formol. Ahorra tiempo y reserva online. Confía en nuestros expertos estilistas de Free Style Estilistas y disfruta de unos resultados únicos gracias a que seguimos las últimas tendencias. Disfruta de un look renovado y acorde a tu estilo. No lo dudes más y haz tu reservaF"
        }, 
        {
            "service_category": null, 
            "service": "Tratamiento Nutritivo Keratina Davines", 
            "duration": 1800, 
            "price": "18 € ", 
            "description": "Tratamiento reconstructor Davines Nourishing está compuesto a base de keratina de lana de oveja y enriquecido con extractos naturales y aceites esenciales.Todo un lujo de sensaciones para tu cabello. Incluye un secado natural del cabello pero no definido. Confía en nuestros expertos estilistas de Free Style Estilistas y disfruta de unos resultados únicos gracias a que seguimos las últimas tendencias. Disfruta de un look renovado y acorde a tu estilo. No lo dudes más y haz tu reservaF"
        }, 
        {
            "service_category": "Varios", 
            "service": "Olaplex (Dosis Complemento Tecnico)", 
            "duration": 900, 
            "price": "24 € ", 
            "description": "Revolucionario protector del cabello ideal como complemento a los procesos quimicos como el color,decoloraciones,balayage,alisados,moldeados,etc...Dale a tu cabello una dosis del elixir de la juventud capilar!!!"
        }, 
        {
            "service_category": "Varios", 
            "service": "Olaplex (Tratamiento Reconstructor De Impacto)", 
            "duration": 1800, 
            "price": "55 € ", 
            "description": "Tratamiento innovador creado para reconstruir los enlaces de disulfuro rotos por la coloración y el maltrato de fuentes termicas y agentes externos. Libre de siliconas,aceites y parabenos,se obtiene un cabello fuerte,saludable,brillante alargando la vida del color. Especialmente indicado para cabellos decolorados. EL ELIXIR DE LA JUVENTUD PARA EL CABELLO!!!"
        }
    ]
}