{
    "adid": null, 
    "name": "Sant Louis Art", 
    "name_of_contact": "Sant Louis Art", 
    "scrape_page": "https://www.bucmi.com/santlouisart", 
    "business_website": "https://www.bucmi.com/santlouisart", 
    "areas_covered": null, 
    "description": "Sant Louis Art es un Salón de Belleza ubicado en Canillejas.Encontrarás a profesionales con una larga trayectoria profesional y podrás disfrutar de nuestros cortes de tendencia, peinados asesorados, mechas, coloraciones,...¡Es tu peluquería de confianza!", 
    "img_link": [
        "https://d1nd15w2k87kz0.cloudfront.net/Uploads/635987503882081782.jpg", 
        "https://d1nd15w2k87kz0.cloudfront.net/Uploads/635987503910460668.jpg", 
        "https://d1nd15w2k87kz0.cloudfront.net/Uploads/635987503970758685.jpg", 
        "https://d1nd15w2k87kz0.cloudfront.net/Uploads/635987503974118687.jpg", 
        "https://d1nd15w2k87kz0.cloudfront.net/Uploads/635987503974248687.jpg"
    ], 
    "hqdb_featured_ad_type": "Featured", 
    "hqdb_nr_reviews": "6", 
    "hqdb_review_score": "10,0", 
    "accreditations": null, 
    "category": null, 
    "subcategory": null, 
    "street": "C/ Argensola, 11", 
    "city": "Madrid", 
    "zipcode": "28037", 
    "formatted_address": "C/ Argensola, 11, Madrid, 28037", 
    "country": "es", 
    "office_number": "910835629", 
    "office_number2": null, 
    "mobile_number": "663502746", 
    "mobile_number2": null, 
    "unidentified_phone_numbers": null, 
    "latitude": "40.4347549000", 
    "longitude": "-3.6180171999", 
    "business_email": null, 
    "yelp_page": null, 
    "facebook": null, 
    "twitter": null, 
    "instagram": null, 
    "venue_images": "https://d1nd15w2k87kz0.cloudfront.net/Logotipos/635990787405485250.jpg", 
    "opening_hours_raw": null, 
    "pricelist_link": null, 
    "services": [
        {
            "service_category": "Preferente", 
            "service": "Mechas Totales", 
            "duration": 5400, 
            "price": "45 € ", 
            "description": "Estas cansada de lucir igual y ¿crees que es momento de hacerte un cambio de look? Anímate aplicando Mechas!!, hay muchas opciones por las que pudes optar, dando un contraste de color en tu cabello pueden contribuir a verte espectacular y regia en cualquier momento, solo es cuestión de decidir que color es el adecuado según el tono natural de tu cabello...(Lavado Nentro Incluido)"
        }, 
        {
            "service_category": "Preferente", 
            "service": "Corte De Pelo Mujer", 
            "duration": 1800, 
            "price": "18 € ", 
            "description": "Corte de Mujer con lavado neutro incluido. Asesorado por nuestros profesionales conseguiremos el corte que más se adapte con tu estilo. ¿Quieres lucir un nuevo cambio de imagen? ¿O simplemente sanear tu melena? Ven a tu Salón de Belleza Sant Louis Art y ponte en manos de nuestros mejores profesionales. Luce una melena suave, perfecta, fuerte y sana. Disfruta de un cabello luminoso y con mucho brillo. Reserva tu cita cómodamente online a través de Bucmi.com. ¡Ven a visitarnos! ¡No dejes que te lo cuenten!"
        }, 
        {
            "service_category": "Preferente", 
            "service": "Alisado De Keratina", 
            "duration": 5400, 
            "price": "90 € ", 
            "description": "Alisado de keratina que reestructura y alisa tu cabello. Promoción específica para cualquier largo de cabello. Despídete del encrespamiento de tu cabello a un precio único gracias a Sant Louis Art."
        }, 
        {
            "service_category": "Preferente", 
            "service": "Corte De Pelo Hombre", 
            "duration": 900, 
            "price": "15 € ", 
            "description": "Corte para 'El' con lavado neutro y peinado, ponte en las manos de los mejores profesionales del sector y renueva tu look. ¿Quieres lucir un nuevo cambio de imagen? Ven a tu Salón de Belleza Sant Louis Art y ponte en manos de nuestros mejores profesionales. Luce un pelo mucho más fuerte, suave y cuidado. Devuelve a tu cabello su aspecto natural. Disfruta de un pelo con mucho brillo y luminosidad. Reserva tu cita cómodamente online a través de Bucmi.com. ¡Ven a visitarnos! ¡Te encantará!"
        }, 
        {
            "service_category": "Preferente", 
            "service": "Mechas Parciales", 
            "duration": 3600, 
            "price": "35 € ", 
            "description": "Estas mechas son nada más y nada menos que un teñido parcial de tu cabello. Esto quiere decir que el color nuevo no se aplicará a todo tu cabello, sino en pequeñas secciones. Para esto debes tener en cuenta que hay dos maneras de realizarte las mechas, la primera y mas sencilla, es hacerlo con la ayuda de un tinte, en 2 o 3 tonos mas claros que tu tono de pelo, darán un toque súper natural. Todo consultado con el experto..(Lavado Neutro Incluidol)"
        }, 
        {
            "service_category": "Peluquería", 
            "service": "Color", 
            "duration": 2700, 
            "price": "35 € ", 
            "description": "Dale brillo a tu melena con una aplicacion de color. Un cambio de look más suave y ligero. ¿Quieres lucir un nuevo cambio de look? Ven a tu Salón de Belleza Sant Louis Art y ponte en manos de nuestros mejores profesionales. Luce una melena suave, cuidada, fuerte y sana. Disfruta de un cabello con mucho brillo y luminosidad. Reserva tu cita cómodamente online a través de Bucmi.com. ¡Ven a visitarnos! ¡No dejes que te lo cuenten! ..(Lavado Neutro Incluido)"
        }, 
        {
            "service_category": "Peluquería", 
            "service": "Mechas Totales", 
            "duration": 5400, 
            "price": "45 € ", 
            "description": "Estas cansada de lucir igual y ¿crees que es momento de hacerte un cambio de look? Anímate aplicando Mechas!!, hay muchas opciones por las que pudes optar, dando un contraste de color en tu cabello pueden contribuir a verte espectacular y regia en cualquier momento, solo es cuestión de decidir que color es el adecuado según el tono natural de tu cabello...(Lavado Nentro Incluido)"
        }, 
        {
            "service_category": "Peluquería", 
            "service": "Corte De Pelo Mujer", 
            "duration": 1800, 
            "price": "18 € ", 
            "description": "Corte de Mujer con lavado neutro incluido. Asesorado por nuestros profesionales conseguiremos el corte que más se adapte con tu estilo. ¿Quieres lucir un nuevo cambio de imagen? ¿O simplemente sanear tu melena? Ven a tu Salón de Belleza Sant Louis Art y ponte en manos de nuestros mejores profesionales. Luce una melena suave, perfecta, fuerte y sana. Disfruta de un cabello luminoso y con mucho brillo. Reserva tu cita cómodamente online a través de Bucmi.com. ¡Ven a visitarnos! ¡No dejes que te lo cuenten!"
        }, 
        {
            "service_category": "Peluquería", 
            "service": "Peinado Para Pelo Largo", 
            "duration": 1800, 
            "price": "22 € ", 
            "description": "¿Quieres estar perfecta para cualquier ocasión? Escoge el peinado que más te guste y vaya con tu estilo y ponte guapa. Ven a tu Salón de Belleza Sant Louis Art y ponte en manos de nuestros mejores profesionales. Luce un peinado que te favorezca y realce las facciones tan bonitas de tu rostro. Nuestros profesionales te asesorarán en todo momento. Estarás fabulosa y te encantará tu nuevo look. No lo dudes más y reserva tu cita cómodamente online a través de Bucmi.com. ¡Ven a visitarnos!..(Lavado Neutro)"
        }, 
        {
            "service_category": "Peluquería", 
            "service": "Alisado De Keratina", 
            "duration": 5400, 
            "price": "90 € ", 
            "description": "Alisado de keratina que reestructura y alisa tu cabello. Promoción específica para cualquier largo de cabello. Despídete del encrespamiento de tu cabello a un precio único gracias a Sant Louis Art."
        }, 
        {
            "service_category": "Peluquería", 
            "service": "Corte De Pelo Hombre", 
            "duration": 900, 
            "price": "15 € ", 
            "description": "Corte para 'El' con lavado neutro y peinado, ponte en las manos de los mejores profesionales del sector y renueva tu look. ¿Quieres lucir un nuevo cambio de imagen? Ven a tu Salón de Belleza Sant Louis Art y ponte en manos de nuestros mejores profesionales. Luce un pelo mucho más fuerte, suave y cuidado. Devuelve a tu cabello su aspecto natural. Disfruta de un pelo con mucho brillo y luminosidad. Reserva tu cita cómodamente online a través de Bucmi.com. ¡Ven a visitarnos! ¡Te encantará!"
        }, 
        {
            "service_category": "Peluquería", 
            "service": "Mechas Parciales", 
            "duration": 3600, 
            "price": "35 € ", 
            "description": "Estas mechas son nada más y nada menos que un teñido parcial de tu cabello. Esto quiere decir que el color nuevo no se aplicará a todo tu cabello, sino en pequeñas secciones. Para esto debes tener en cuenta que hay dos maneras de realizarte las mechas, la primera y mas sencilla, es hacerlo con la ayuda de un tinte, en 2 o 3 tonos mas claros que tu tono de pelo, darán un toque súper natural. Todo consultado con el experto..(Lavado Neutro Incluidol)"
        }, 
        {
            "service_category": "Peluquería", 
            "service": "Peinado Para Pelo Corto", 
            "duration": 1800, 
            "price": "16 € ", 
            "description": "¿Quieres lucir una melena espectacular en tu día a día o en cualquier evento especial? Ven a tu Salón de Belleza Sant Louis Art y ponte en manos de nuestros mejores profesionales. Luce un peinado que te favorezca y realce las facciones tan bonitas de tu rostro. Nuestros profesionales te asesorarán en todo momento. Estarás fabulosa y te encantará tu nuevo look. No lo dudes más y reserva tu cita cómodamente online a través de Bucmi.com. ¡Ven a visitarnos! ¡No dejes que te lo cuenten! (Lavado Neutro)"
        }, 
        {
            "service_category": "Peluquería", 
            "service": "Recogidos (Cabello Entero)", 
            "duration": 3600, 
            "price": "50 € ", 
            "description": "¿Tienes una cita especial, una reunión de trabajo o un evento inesperado de última hora y no sabes que hacer con tu melena? Ven a tu Salón de Belleza Sant Louis Art y ponte en manos de nuestros mejores profesionales. Luce un recogido que te favorezca y realce las facciones tan bonitas de tu rostro. Nuestros profesionales te asesorarán en todo momento. Estarás fabulosa y te encantará tu nuevo look. No lo dudes más y reserva tu cita cómodamente online a través de Bucmi.com. ¡Te encantará!"
        }, 
        {
            "service_category": "Peluquería", 
            "service": "Semi-Recogidos", 
            "duration": 2700, 
            "price": "35 € ", 
            "description": "Nos encanta el aire sexy que te da una melena suelta y la sofisticación de un recogido, pero si hay un peinado lleno de posibilidades y matices, esos son sin duda los semi recogidos. Desde los más románicos y bohemios a los más sexys y descarados, elige tu estilo y disfruta de la versatilidad de esta tendencia capilar"
        }, 
        {
            "service_category": "Manicura y Pedicura", 
            "service": "Color", 
            "duration": 2700, 
            "price": "35 € ", 
            "description": "Dale brillo a tu melena con una aplicacion de color. Un cambio de look más suave y ligero. ¿Quieres lucir un nuevo cambio de look? Ven a tu Salón de Belleza Sant Louis Art y ponte en manos de nuestros mejores profesionales. Luce una melena suave, cuidada, fuerte y sana. Disfruta de un cabello con mucho brillo y luminosidad. Reserva tu cita cómodamente online a través de Bucmi.com. ¡Ven a visitarnos! ¡No dejes que te lo cuenten! ..(Lavado Neutro Incluido)"
        }, 
        {
            "service_category": "Manicura y Pedicura", 
            "service": "Mechas Totales", 
            "duration": 5400, 
            "price": "45 € ", 
            "description": "Estas cansada de lucir igual y ¿crees que es momento de hacerte un cambio de look? Anímate aplicando Mechas!!, hay muchas opciones por las que pudes optar, dando un contraste de color en tu cabello pueden contribuir a verte espectacular y regia en cualquier momento, solo es cuestión de decidir que color es el adecuado según el tono natural de tu cabello...(Lavado Nentro Incluido)"
        }, 
        {
            "service_category": "Manicura y Pedicura", 
            "service": "Corte De Pelo Mujer", 
            "duration": 1800, 
            "price": "18 € ", 
            "description": "Corte de Mujer con lavado neutro incluido. Asesorado por nuestros profesionales conseguiremos el corte que más se adapte con tu estilo. ¿Quieres lucir un nuevo cambio de imagen? ¿O simplemente sanear tu melena? Ven a tu Salón de Belleza Sant Louis Art y ponte en manos de nuestros mejores profesionales. Luce una melena suave, perfecta, fuerte y sana. Disfruta de un cabello luminoso y con mucho brillo. Reserva tu cita cómodamente online a través de Bucmi.com. ¡Ven a visitarnos! ¡No dejes que te lo cuenten!"
        }, 
        {
            "service_category": "Manicura y Pedicura", 
            "service": "Peinado Para Pelo Largo", 
            "duration": 1800, 
            "price": "22 € ", 
            "description": "¿Quieres estar perfecta para cualquier ocasión? Escoge el peinado que más te guste y vaya con tu estilo y ponte guapa. Ven a tu Salón de Belleza Sant Louis Art y ponte en manos de nuestros mejores profesionales. Luce un peinado que te favorezca y realce las facciones tan bonitas de tu rostro. Nuestros profesionales te asesorarán en todo momento. Estarás fabulosa y te encantará tu nuevo look. No lo dudes más y reserva tu cita cómodamente online a través de Bucmi.com. ¡Ven a visitarnos!..(Lavado Neutro)"
        }
    ]
}