{
    "adid": null, 
    "name": "Sol Nails", 
    "name_of_contact": "Sol Nails", 
    "scrape_page": "https://www.bucmi.com/solnails", 
    "business_website": "https://www.bucmi.com/solnails", 
    "areas_covered": null, 
    "description": "Somos tu salón de belleza en Madrid, con multitud de servicios variados, que van desde tratamientos reductores, masajes, higienes faciales o manicuras, conseguirás unos resultados estupendos.De la mano de nuestros profesionales adaptamos cada servicio.", 
    "img_link": [
        "https://d1nd15w2k87kz0.cloudfront.net/Uploads/636039361505032685.jpg", 
        "https://d1nd15w2k87kz0.cloudfront.net/Uploads/636039361507064097.jpg", 
        "https://d1nd15w2k87kz0.cloudfront.net/Uploads/636039361510049805.jpg", 
        "https://d1nd15w2k87kz0.cloudfront.net/Uploads/636039361510206059.jpg", 
        "https://d1nd15w2k87kz0.cloudfront.net/Uploads/636039361511925979.jpg", 
        "https://d1nd15w2k87kz0.cloudfront.net/Uploads/636039361511143634.jpg", 
        "https://d1nd15w2k87kz0.cloudfront.net/Uploads/636039361512082237.jpg", 
        "https://d1nd15w2k87kz0.cloudfront.net/Uploads/636039361511925979.jpg", 
        "https://d1nd15w2k87kz0.cloudfront.net/Uploads/636039361515832754.jpg"
    ], 
    "hqdb_featured_ad_type": "Featured", 
    "hqdb_nr_reviews": "13", 
    "hqdb_review_score": "9,5", 
    "accreditations": null, 
    "category": null, 
    "subcategory": null, 
    "street": "C/ Rodio, 4", 
    "city": "Madrid", 
    "zipcode": "28012", 
    "formatted_address": "C/ Rodio, 4, Madrid, 28012", 
    "country": "es", 
    "office_number": "915228878", 
    "office_number2": null, 
    "mobile_number": "654353445", 
    "mobile_number2": null, 
    "unidentified_phone_numbers": null, 
    "latitude": "40.4132182000", 
    "longitude": "-3.7039082000", 
    "business_email": null, 
    "yelp_page": null, 
    "facebook": null, 
    "twitter": null, 
    "instagram": null, 
    "venue_images": "https://d1nd15w2k87kz0.cloudfront.net/Logotipos/636039361594121914.jpg", 
    "opening_hours_raw": null, 
    "pricelist_link": null, 
    "services": [
        {
            "service_category": "Preferente", 
            "service": "Bono 10 Ss.Tratamiento Reductor", 
            "duration": 3600, 
            "price": "450 € ", 
            "description": "Se trata del bono reductor más completo que puedas encontrar ya que ponemos a tu disposición electroestimulación, presoterapia, vacunterapia, cavitación, radiofrecuencia, mesoterapia y body sculpt para conseguir el cocktail de reducción totalmente personalizado para tus necesidades. Este bono se compone de 10 sesiones en las que se combinan diferentes aparatologías para que los resultados sean óptimos. Trabajamos con productos de primera calidad de la marca Skeyndor."
        }, 
        {
            "service_category": "Preferente", 
            "service": "Higiene Facial,Tto Personalizado Y Radiofrecuencia", 
            "duration": 7200, 
            "price": "60 € ", 
            "description": "Para un servicio completo al 100% no dudes en escoger este que ponemos a tu disposición en que se suma la higiene facial completa, un tratamiento personalizado según tus necesidades y una sesión de radiofrecuencia con la que rellenar arruguitas y estimular el colágeno para que tu piel luzca maravillosa. Trabajamos con productos de primera calidad de la marca Skeyndor."
        }, 
        {
            "service_category": "Preferente", 
            "service": "Masaje Relajante Y Presoterapia", 
            "duration": 3600, 
            "price": "45 € ", 
            "description": "Si sientes que tu cuerpo te pide un descanso es el momento de reservar cita con nosotros para disfrutar de un agradable masaje relajante seguido de unos minutos de presoterapia para ayudar a tu cuerpo a eliminar lo que no necesita al tiempo que te relajas. Conseguirás cargarte de energía para seguir con el día a día."
        }, 
        {
            "service_category": "Estética", 
            "service": "Bono 10 Ss.Tratamiento Reductor", 
            "duration": 3600, 
            "price": "450 € ", 
            "description": "Se trata del bono reductor más completo que puedas encontrar ya que ponemos a tu disposición electroestimulación, presoterapia, vacunterapia, cavitación, radiofrecuencia, mesoterapia y body sculpt para conseguir el cocktail de reducción totalmente personalizado para tus necesidades. Este bono se compone de 10 sesiones en las que se combinan diferentes aparatologías para que los resultados sean óptimos. Trabajamos con productos de primera calidad de la marca Skeyndor."
        }, 
        {
            "service_category": "Estética", 
            "service": "Extensión De Cejas, Diseño Y Depilación Con Hilo", 
            "duration": 3600, 
            "price": "38 € ", 
            "description": "¿Sabes que las cejas pobladas, bonitas y marcadas están de moda? Con esta extensión de cejas conseguirás más densidad en tus pestañas,y con el diseño darás forma a las cejas y potenciarás tu mirada consiguiendo mayor profundidad. Además si no conoces la depilación con hilo, ahora podrás experimentar los resultados de esta nueva técnica."
        }, 
        {
            "service_category": "Estética", 
            "service": "Extensión De Pestañas", 
            "duration": 5400, 
            "price": "75 € ", 
            "description": "¿Eres de las que no puede vivir sin máscara de pestañas? Con esta extensión de pestañas te olvidarás de tener que maquillarte continuamente y lucir siempre unas pestañas de infarto. Son perfectas para eventos y ocasiones especial, pero también puedes llevarlas en el día a día y lucir una mirada increíble en cualquier situación. ¿A qué esperas para probar nuestra extensión de pestañas?"
        }, 
        {
            "service_category": "Estética", 
            "service": "Higiene Facial", 
            "duration": 3600, 
            "price": "40 € ", 
            "description": "Cuando sientes tu piel apagada y sin vida, te está pidiendo una higiene facial completa, con productos de primera calidad y la última tecnología en higiene facial como la espátula ultrasónica y punta de diamante. Tu piel recuperará su luz y brillo natural. Trabajamos con productos de primera calidad de la marca Skeyndor."
        }, 
        {
            "service_category": "Estética", 
            "service": "Higiene Facial Y Tto Personalizado", 
            "duration": 5400, 
            "price": "50 € ", 
            "description": "El servicio ideal para que la higiene facial sea aun más completa añadiéndole el tratamiento facial más indicado para tu piel. En Sol Nails disponemos de un amplio abanico entre los cuales elegiremos el que más adecuado. Ácido hialurónico, Vitamina C, Oxigeno, Colágeno, entre otros. Te encantará el resultado. Trabajamos con productos de primera calidad de la marca Skeyndor."
        }, 
        {
            "service_category": "Estética", 
            "service": "Higiene Facial,Tto Personalizado Y Radiofrecuencia", 
            "duration": 7200, 
            "price": "60 € ", 
            "description": "Para un servicio completo al 100% no dudes en escoger este que ponemos a tu disposición en que se suma la higiene facial completa, un tratamiento personalizado según tus necesidades y una sesión de radiofrecuencia con la que rellenar arruguitas y estimular el colágeno para que tu piel luzca maravillosa. Trabajamos con productos de primera calidad de la marca Skeyndor."
        }, 
        {
            "service_category": "Estética", 
            "service": "Masaje Relajante Y Presoterapia", 
            "duration": 3600, 
            "price": "45 € ", 
            "description": "Si sientes que tu cuerpo te pide un descanso es el momento de reservar cita con nosotros para disfrutar de un agradable masaje relajante seguido de unos minutos de presoterapia para ayudar a tu cuerpo a eliminar lo que no necesita al tiempo que te relajas. Conseguirás cargarte de energía para seguir con el día a día."
        }, 
        {
            "service_category": "Estética", 
            "service": "Micropigmentación Cejas", 
            "duration": 1800, 
            "price": "370 € ", 
            "description": "Ahora están súper de moda las cejas pobladas, perfiladas y marcadas , que acentúen tus facciones y aporten personalidad y fuerza a tu rostro. Con esa micropigmentación de cejas lucirás unas cejas siempre perfectas, con resultados muy naturales. ¡Descubre la comodidad del maquillaje permanente!"
        }, 
        {
            "service_category": "Estética", 
            "service": "Micropigmentación Linea Inferior Ojo", 
            "duration": 1800, 
            "price": "220 € ", 
            "description": "¿Conoces ya la micropigmentación? Se trata del maquillaje permanente, conseguirás estar perfecta en cualquier momento. Con la micropigmentación. El objetivo de la micropigmentación es conseguir que tu mirada sea más expresiva, además de hacer el volumen de tus pestañas sea mayor. Te encantarán los resultados."
        }, 
        {
            "service_category": "Estética", 
            "service": "Micropigmentación Linea Superior Ojos", 
            "duration": 1800, 
            "price": "270 € ", 
            "description": "¿Conoces ya la micropigmentación? Se trata del maquillaje permanente, conseguirás estar perfecta en cualquier momento. Con la micropigmentación. El objetivo de la micropigmentación es conseguir que tu mirada sea más expresiva, además de hacer el volumen de tus pestañas sea mayor. Te encantarán los resultados."
        }, 
        {
            "service_category": "Manicura y Pedicura", 
            "service": "Bono 10 Ss.Tratamiento Reductor", 
            "duration": 3600, 
            "price": "450 € ", 
            "description": "Se trata del bono reductor más completo que puedas encontrar ya que ponemos a tu disposición electroestimulación, presoterapia, vacunterapia, cavitación, radiofrecuencia, mesoterapia y body sculpt para conseguir el cocktail de reducción totalmente personalizado para tus necesidades. Este bono se compone de 10 sesiones en las que se combinan diferentes aparatologías para que los resultados sean óptimos. Trabajamos con productos de primera calidad de la marca Skeyndor."
        }, 
        {
            "service_category": "Manicura y Pedicura", 
            "service": "Extensión De Cejas, Diseño Y Depilación Con Hilo", 
            "duration": 3600, 
            "price": "38 € ", 
            "description": "¿Sabes que las cejas pobladas, bonitas y marcadas están de moda? Con esta extensión de cejas conseguirás más densidad en tus pestañas,y con el diseño darás forma a las cejas y potenciarás tu mirada consiguiendo mayor profundidad. Además si no conoces la depilación con hilo, ahora podrás experimentar los resultados de esta nueva técnica."
        }, 
        {
            "service_category": "Manicura y Pedicura", 
            "service": "Extensión De Pestañas", 
            "duration": 5400, 
            "price": "75 € ", 
            "description": "¿Eres de las que no puede vivir sin máscara de pestañas? Con esta extensión de pestañas te olvidarás de tener que maquillarte continuamente y lucir siempre unas pestañas de infarto. Son perfectas para eventos y ocasiones especial, pero también puedes llevarlas en el día a día y lucir una mirada increíble en cualquier situación. ¿A qué esperas para probar nuestra extensión de pestañas?"
        }, 
        {
            "service_category": "Masaje", 
            "service": "Bono 10 Ss.Tratamiento Reductor", 
            "duration": 3600, 
            "price": "450 € ", 
            "description": "Se trata del bono reductor más completo que puedas encontrar ya que ponemos a tu disposición electroestimulación, presoterapia, vacunterapia, cavitación, radiofrecuencia, mesoterapia y body sculpt para conseguir el cocktail de reducción totalmente personalizado para tus necesidades. Este bono se compone de 10 sesiones en las que se combinan diferentes aparatologías para que los resultados sean óptimos. Trabajamos con productos de primera calidad de la marca Skeyndor."
        }, 
        {
            "service_category": "Masaje", 
            "service": "Extensión De Cejas, Diseño Y Depilación Con Hilo", 
            "duration": 3600, 
            "price": "38 € ", 
            "description": "¿Sabes que las cejas pobladas, bonitas y marcadas están de moda? Con esta extensión de cejas conseguirás más densidad en tus pestañas,y con el diseño darás forma a las cejas y potenciarás tu mirada consiguiendo mayor profundidad. Además si no conoces la depilación con hilo, ahora podrás experimentar los resultados de esta nueva técnica."
        }, 
        {
            "service_category": "Depilación", 
            "service": "Bono 10 Ss.Tratamiento Reductor", 
            "duration": 3600, 
            "price": "450 € ", 
            "description": "Se trata del bono reductor más completo que puedas encontrar ya que ponemos a tu disposición electroestimulación, presoterapia, vacunterapia, cavitación, radiofrecuencia, mesoterapia y body sculpt para conseguir el cocktail de reducción totalmente personalizado para tus necesidades. Este bono se compone de 10 sesiones en las que se combinan diferentes aparatologías para que los resultados sean óptimos. Trabajamos con productos de primera calidad de la marca Skeyndor."
        }, 
        {
            "service_category": "Depilación", 
            "service": "Extensión De Cejas, Diseño Y Depilación Con Hilo", 
            "duration": 3600, 
            "price": "38 € ", 
            "description": "¿Sabes que las cejas pobladas, bonitas y marcadas están de moda? Con esta extensión de cejas conseguirás más densidad en tus pestañas,y con el diseño darás forma a las cejas y potenciarás tu mirada consiguiendo mayor profundidad. Además si no conoces la depilación con hilo, ahora podrás experimentar los resultados de esta nueva técnica."
        }, 
        {
            "service_category": "Depilación", 
            "service": "Extensión De Pestañas", 
            "duration": 5400, 
            "price": "75 € ", 
            "description": "¿Eres de las que no puede vivir sin máscara de pestañas? Con esta extensión de pestañas te olvidarás de tener que maquillarte continuamente y lucir siempre unas pestañas de infarto. Son perfectas para eventos y ocasiones especial, pero también puedes llevarlas en el día a día y lucir una mirada increíble en cualquier situación. ¿A qué esperas para probar nuestra extensión de pestañas?"
        }, 
        {
            "service_category": "Depilación", 
            "service": "Higiene Facial", 
            "duration": 3600, 
            "price": "40 € ", 
            "description": "Cuando sientes tu piel apagada y sin vida, te está pidiendo una higiene facial completa, con productos de primera calidad y la última tecnología en higiene facial como la espátula ultrasónica y punta de diamante. Tu piel recuperará su luz y brillo natural. Trabajamos con productos de primera calidad de la marca Skeyndor."
        }, 
        {
            "service_category": "Depilación", 
            "service": "Higiene Facial Y Tto Personalizado", 
            "duration": 5400, 
            "price": "50 € ", 
            "description": "El servicio ideal para que la higiene facial sea aun más completa añadiéndole el tratamiento facial más indicado para tu piel. En Sol Nails disponemos de un amplio abanico entre los cuales elegiremos el que más adecuado. Ácido hialurónico, Vitamina C, Oxigeno, Colágeno, entre otros. Te encantará el resultado. Trabajamos con productos de primera calidad de la marca Skeyndor."
        }, 
        {
            "service_category": "Depilación", 
            "service": "Higiene Facial,Tto Personalizado Y Radiofrecuencia", 
            "duration": 7200, 
            "price": "60 € ", 
            "description": "Para un servicio completo al 100% no dudes en escoger este que ponemos a tu disposición en que se suma la higiene facial completa, un tratamiento personalizado según tus necesidades y una sesión de radiofrecuencia con la que rellenar arruguitas y estimular el colágeno para que tu piel luzca maravillosa. Trabajamos con productos de primera calidad de la marca Skeyndor."
        }, 
        {
            "service_category": "Depilación", 
            "service": "Masaje Relajante Y Presoterapia", 
            "duration": 3600, 
            "price": "45 € ", 
            "description": "Si sientes que tu cuerpo te pide un descanso es el momento de reservar cita con nosotros para disfrutar de un agradable masaje relajante seguido de unos minutos de presoterapia para ayudar a tu cuerpo a eliminar lo que no necesita al tiempo que te relajas. Conseguirás cargarte de energía para seguir con el día a día."
        }, 
        {
            "service_category": "Depilación", 
            "service": "Micropigmentación Cejas", 
            "duration": 1800, 
            "price": "370 € ", 
            "description": "Ahora están súper de moda las cejas pobladas, perfiladas y marcadas , que acentúen tus facciones y aporten personalidad y fuerza a tu rostro. Con esa micropigmentación de cejas lucirás unas cejas siempre perfectas, con resultados muy naturales. ¡Descubre la comodidad del maquillaje permanente!"
        }, 
        {
            "service_category": "Depilación", 
            "service": "Micropigmentación Linea Inferior Ojo", 
            "duration": 1800, 
            "price": "220 € ", 
            "description": "¿Conoces ya la micropigmentación? Se trata del maquillaje permanente, conseguirás estar perfecta en cualquier momento. Con la micropigmentación. El objetivo de la micropigmentación es conseguir que tu mirada sea más expresiva, además de hacer el volumen de tus pestañas sea mayor. Te encantarán los resultados."
        }, 
        {
            "service_category": "Depilación", 
            "service": "Micropigmentación Linea Superior Ojos", 
            "duration": 1800, 
            "price": "270 € ", 
            "description": "¿Conoces ya la micropigmentación? Se trata del maquillaje permanente, conseguirás estar perfecta en cualquier momento. Con la micropigmentación. El objetivo de la micropigmentación es conseguir que tu mirada sea más expresiva, además de hacer el volumen de tus pestañas sea mayor. Te encantarán los resultados."
        }, 
        {
            "service_category": "Depilación", 
            "service": "Uñas Acrilico", 
            "duration": 3600, 
            "price": "50 € ", 
            "description": "Si tienes las uñas frágiles o se rompen con facilidad y no consigues el largo que te gustaría,no lo pienses más y reserva tu cita con nosotros. Ideal para uñas mordidas. Se trata de la manera menos agresiva para alargar la longitud de tus uñas. Con acabado francesa o del color que más te guste de nuestra amplia gama."
        }, 
        {
            "service_category": "Depilación", 
            "service": "Manicura Completa Con Esmalte Permanente", 
            "duration": 3600, 
            "price": "24 € ", 
            "description": "Con esta manicura completa conseguirás una manos de revista, presumir de uñas y manos perfectas. Esta manicura incluye limado o corte de uñas, eliminación de cutículas, hidratación y esmaltado permanente con el color que prefieras dentro de nuestra amplia gama de colores de la marca Shellac. El esmalte más duradero para estar ideal en todo momento."
        }
    ]
}