{
    "adid": null, 
    "name": "Portopelo", 
    "name_of_contact": "Portopelo", 
    "scrape_page": "https://www.bucmi.com/portopelo", 
    "business_website": "https://www.bucmi.com/portopelo", 
    "areas_covered": null, 
    "description": "El salón de belleza Portopelo, situado en pleno barrio de Salamanca, ofrece tratamientos de keratina, cortes de pelo, servicios de uñas tales como manicuras y pedicuras. Trabajamos con las mejores marcas como pueden ser Kerastase, Paul Mitchell y Opi.", 
    "img_link": [
        "https://d1nd15w2k87kz0.cloudfront.net/Uploads/635857971763532567.jpg", 
        "https://d1nd15w2k87kz0.cloudfront.net/Uploads/635857971780719990.jpg", 
        "https://d1nd15w2k87kz0.cloudfront.net/Uploads/635857971842610106.jpg", 
        "https://d1nd15w2k87kz0.cloudfront.net/Uploads/635857971865422529.jpg", 
        "https://d1nd15w2k87kz0.cloudfront.net/Uploads/635857971876047506.jpg", 
        "https://d1nd15w2k87kz0.cloudfront.net/Uploads/635857971886047459.jpg"
    ], 
    "hqdb_featured_ad_type": "Featured", 
    "hqdb_nr_reviews": "58", 
    "hqdb_review_score": "9,0", 
    "accreditations": null, 
    "category": null, 
    "subcategory": null, 
    "street": "C/ Hermosilla, 124", 
    "city": "Madrid", 
    "zipcode": "28028", 
    "formatted_address": "C/ Hermosilla, 124, Madrid, 28028", 
    "country": "es", 
    "office_number": "917263138", 
    "office_number2": null, 
    "mobile_number": null, 
    "mobile_number2": null, 
    "unidentified_phone_numbers": null, 
    "latitude": "40.4254203000", 
    "longitude": "-3.6682332999", 
    "business_email": null, 
    "yelp_page": null, 
    "facebook": null, 
    "twitter": null, 
    "instagram": null, 
    "venue_images": "https://d1nd15w2k87kz0.cloudfront.net/Logotipos/635908711374218100.jpg", 
    "opening_hours_raw": null, 
    "pricelist_link": null, 
    "services": [
        {
            "service_category": "Preferente", 
            "service": "Alisado De Taninoplastia Para Media Melena", 
            "duration": 7200, 
            "price": "300 € ", 
            "description": "Prueba uno de los tratamientos que están revolucionando el mundo de la belleza para tu pelo.Este tratamiento es uno de los más recientes y utilizados en los salones de bellezas más avanzados.La taninoplastia es un sistema de alisado capaz de controlar y moldear tu melena, eliminando el encrespamiento y mantenerla con una apariencia más sana, sedosa y brillante por mucho más tiempo.Dependiendo de la cantidad y largura de la melena se aplicará un posible suplemento en el Centro.Consultar con el profesional."
        }, 
        {
            "service_category": "Preferente", 
            "service": "Alisado Keratina Media Melena (Altura Hombros)", 
            "duration": 5400, 
            "price": "140 € ", 
            "description": "Su exclusiva forma de nano partículas de keratina natural se fija al corte del cabello. Relaja los cabellos, los deja lisos, suaves, brillantes, flexibles y fáciles de peinar. Consigues una melena libre de encrespamiento de 8 a 12 semanas. Es ideal para cualquier tipo de cabello. DF"
        }, 
        {
            "service_category": "Preferente", 
            "service": "Corte, Tto. Capilar Brillo Y Peinado Largo", 
            "duration": 3600, 
            "price": "67 € ", 
            "description": "¡Reserva ahora mismo nuestro pack hidratación de Portopelo! El servicio incluye corte de tendencia, tratamiento capilar brillo en el lavada y lavado de la melena larga. Si tu pelo es extralargo consulta el suplemento en el salón. No lo dudes más y haz tu reserva con Bucmi.comF"
        }, 
        {
            "service_category": "Preferente", 
            "service": "Corte, Color, Keratina Y Peinado Pelo Corto", 
            "duration": 12600, 
            "price": "69 € ", 
            "description": "Renueva tu color con un corte de look. Incluye el lavado con el color que mejor te siente y un tratamiento flash de keratina sin formol (exprés) para nutrir tu melena con un peinado de moda para sacarte el mejor partido! ¿A qué estás esperando para hacer tu reserva online? De un solo clic gracias a Bucmi.comF"
        }, 
        {
            "service_category": "Peluquería", 
            "service": "Alisado De Taninoplastia Para Media Melena", 
            "duration": 7200, 
            "price": "300 € ", 
            "description": "Prueba uno de los tratamientos que están revolucionando el mundo de la belleza para tu pelo.Este tratamiento es uno de los más recientes y utilizados en los salones de bellezas más avanzados.La taninoplastia es un sistema de alisado capaz de controlar y moldear tu melena, eliminando el encrespamiento y mantenerla con una apariencia más sana, sedosa y brillante por mucho más tiempo.Dependiendo de la cantidad y largura de la melena se aplicará un posible suplemento en el Centro.Consultar con el profesional."
        }, 
        {
            "service_category": "Peluquería", 
            "service": "Corte, Tto. Capilar Brillo Y Peinado Corto", 
            "duration": 3600, 
            "price": "47 € ", 
            "description": "Déjate asesorar por nuestro profesionales y consigue el corte que mejor te sienta. Además, te aplicaremos un tratamiento de brillo capilar mientras te lavamos y secaremos con definición tu peinado. Haz tu reserva de un solo clic en nuestro exclusivo salón de Portopelo. No te arrepentirás del resultadoF"
        }, 
        {
            "service_category": "Peluquería", 
            "service": "Corte, Tto Capilar Hidrat Y Peinado Pelo Largo", 
            "duration": 9000, 
            "price": "49 € ", 
            "description": "Incluye lavado con corte de pelo y peinado. Además conseguirás una melena perfecta gracias al tratamiento de hidratación. Este tratamiento fomentará la hidratación, aporta luminosidad y en caso de ya disponga color en el cabello este tratamiento se lo fortaleceráF"
        }, 
        {
            "service_category": "Peluquería", 
            "service": "Corte, Tto. Capilar Brillo Y Peinado Medio", 
            "duration": 3600, 
            "price": "57 € ", 
            "description": "¡El tratamiento más popular de Portopelo! Incluye corte acorde a tu estilo y personalidad, tratamiento capilar de brillo y peinado para la melena media. ¡Luce una melena llena de vida!Haz tu reserva de un solo clic en nuestro exclusivo salón de Portopelo. No te arrepentirás del resultadoF"
        }, 
        {
            "service_category": "Peluquería", 
            "service": "Alisado De Keratina Pelo Largo", 
            "duration": 7200, 
            "price": "160 € ", 
            "description": "Su exclusiva forma de nano partículas de keratina natural se fija al corte del cabello. Relaja los cabellos, los deja lisos, suaves, brillantes, flexibles y fáciles de peinar. Consigues una melena libre de encrespamiento de 8 a 12 semanas. Es ideal para cualquier tipo de cabello. DF"
        }, 
        {
            "service_category": "Peluquería", 
            "service": "Alisado Keratina Media Melena (Altura Hombros)", 
            "duration": 5400, 
            "price": "140 € ", 
            "description": "Su exclusiva forma de nano partículas de keratina natural se fija al corte del cabello. Relaja los cabellos, los deja lisos, suaves, brillantes, flexibles y fáciles de peinar. Consigues una melena libre de encrespamiento de 8 a 12 semanas. Es ideal para cualquier tipo de cabello. DF"
        }, 
        {
            "service_category": "Peluquería", 
            "service": "Corte Y Tto Capilar Brillo Cocktail Media Melena", 
            "duration": 9000, 
            "price": "39 € ", 
            "description": "Incluye lavado con nuestro tratamiento de birllo, el corte de pelo que mejor te siente y secado con definición. Este tratamiento fomentará la hidratación, aporta luminosidad y en caso de ya dispongas color en el pelo este tratamiento te lo fortalecerá. Reserva ahora mismo onlineF"
        }, 
        {
            "service_category": "Peluquería", 
            "service": "Corte Y Tto Capilar Brillo Cocktail Pelo Corto", 
            "duration": 9000, 
            "price": "29 € ", 
            "description": "Incluye lavado con nuestro tratamiento de birllo, el corte de pelo que mejor te siente y secado con definición. Este tratamiento fomentará la hidratación, aporta luminosidad y en caso de ya dispongas color en el pelo este tratamiento te lo fortalecerá. Reserva ahora mismo onlineF"
        }, 
        {
            "service_category": "Peluquería", 
            "service": "Corte Y Tto Capilar Brillo Cocktail Pelo Corto", 
            "duration": 9000, 
            "price": "49 € ", 
            "description": "Incluye lavado con nuestro tratamiento de birllo, el corte de pelo que mejor te siente y secado con definición. Este tratamiento fomentará la hidratación, aporta luminosidad y en caso de ya dispongas color en el pelo este tratamiento te lo fortalecerá. Reserva ahora mismo onlineF"
        }, 
        {
            "service_category": "Peluquería", 
            "service": "Corte, Color, Keratina, Y Peinado Media Melena", 
            "duration": 12600, 
            "price": "82 € ", 
            "description": "Consigue el color que deseas de la mano de los mejores profesionales. Incluye además tratamiento flash Keratina, (exprés) corte de pelo y peinado en media melenaedia melena se considera hasta la altura de los hombros. No lo dudes más y haz tu reserva online gracias a Bucmi.com. No te arrepentirás del resultadoF"
        }, 
        {
            "service_category": "Peluquería", 
            "service": "Corte, Color, Keratina, Y Peinado Pelo Largo", 
            "duration": 12600, 
            "price": "93 € ", 
            "description": "Consigue el color que mejor te favoreza además de sanear tu melena. Incluye lavado, color, tratamiento de flash keratina (exprés) con corte de pelo y peinado. Servicio para pelo largo. No lo dudes más y haz tu reserva online gracias a Bucmi.com. No te arrepentirás del resultadoF"
        }, 
        {
            "service_category": "Peluquería", 
            "service": "Corte, Tto. Capilar Brillo Y Peinado Largo", 
            "duration": 3600, 
            "price": "67 € ", 
            "description": "¡Reserva ahora mismo nuestro pack hidratación de Portopelo! El servicio incluye corte de tendencia, tratamiento capilar brillo en el lavada y lavado de la melena larga. Si tu pelo es extralargo consulta el suplemento en el salón. No lo dudes más y haz tu reserva con Bucmi.comF"
        }, 
        {
            "service_category": "Peluquería", 
            "service": "Corte, Color, Keratina Y Peinado Pelo Corto", 
            "duration": 12600, 
            "price": "69 € ", 
            "description": "Renueva tu color con un corte de look. Incluye el lavado con el color que mejor te siente y un tratamiento flash de keratina sin formol (exprés) para nutrir tu melena con un peinado de moda para sacarte el mejor partido! ¿A qué estás esperando para hacer tu reserva online? De un solo clic gracias a Bucmi.comF"
        }, 
        {
            "service_category": "Peluquería", 
            "service": "Color Raíz, Corte, Tto Hidratación Y Peinado", 
            "duration": 7200, 
            "price": "72 € ", 
            "description": "¿Necesitas cubrir esa raíz o esas canas tan incómodas? Ven a Portopelo y ponte en las mejores manos. Realizamos color en raíz, corte, lavado, tratamiento cauterizador hidratante sellado con plancha, que ayudara a tu cabello a eliminar el encrespamiento, y peinado. En caso de cabellos extralargos, consulte con su profesional posible suplementoF"
        }, 
        {
            "service_category": "Peluquería", 
            "service": "Color, Peinado E Hidratación Kerastase Pelo Corto", 
            "duration": 5400, 
            "price": "37 € ", 
            "description": "Da color a tu pelo, hidratalo con un tratamiento de Kerastase y lleva un peinado espectacular. Ponte en manos de nuestros estilistas que te asesorarán para que estés ideal. Disfruta de una melena perfecta y saneada gracias a nuestros estilistas de PortopeloF"
        }, 
        {
            "service_category": "Peluquería", 
            "service": "Color, Peinado E Hidratación Kerastase Pelo Largo", 
            "duration": 5400, 
            "price": "57 € ", 
            "description": "Da color a tu pelo, hidratalo con un tratamiento de Kerastase y lleva un peinado espectacular. Ponte en manos de nuestros estilistas que te asesorarán para que estés ideal. Disfruta de una melena perfecta y saneada gracias a nuestros estilistas de PortopeloF"
        }, 
        {
            "service_category": "Peluquería", 
            "service": "Color, Peinado E Hidratación Peinado Media Melena", 
            "duration": 5400, 
            "price": "47 € ", 
            "description": "Da color a tu pelo, hidratalo con un tratamiento de Kerastase y lleva un peinado espectacular. Ponte en manos de nuestros estilistas que te asesorarán para que estés ideal. Disfruta de una melena perfecta y saneada gracias a nuestros estilistas de PortopeloF"
        }, 
        {
            "service_category": "Peluquería", 
            "service": "Corte De Pelo Mujer", 
            "duration": 1800, 
            "price": "16 € ", 
            "description": "Renuévate, cambia de estilo y dale otro airea tu melena. Ponte en buenas manos y luce tu melena brillante con un lavado y un corte de pelo que saneará puntas abiertas. El servicio incluye el corte de tendencia y el lavado con champú, pero no el peinado de la melenaF"
        }, 
        {
            "service_category": "Peluquería", 
            "service": "Corte, Tto Capilar Hidrat Y Peinado Media Melena", 
            "duration": 7200, 
            "price": "39 € ", 
            "description": "Incluye lavado con corte de pelo y peinado. Además conseguirás una melena perfecta gracias al tratamiento de hidratación. Este tratamiento fomentará la hidratación, aporta luminosidad y en caso de ya disponga color en el cabello este tratamiento se lo fortaleceráDF"
        }, 
        {
            "service_category": "Peluquería", 
            "service": "Corte, Tto Capilar Hidrat Y Peinado Pelo Corto", 
            "duration": 7200, 
            "price": "29 € ", 
            "description": "Incluye lavado con corte de pelo y peinado. Además conseguirás una melena perfecta gracias al tratamiento de hidratación. Este tratamiento fomentará la hidratación, aporta luminosidad y en caso de ya disponga color en el cabello este tratamiento se lo fortaleceráDF"
        }, 
        {
            "service_category": "Peluquería", 
            "service": "Peinado Media Melena", 
            "duration": 1800, 
            "price": "15 € ", 
            "description": "Date el gusto y sal como una estrella de la peluquería con tu peinado favorito. Este servicio incluye lavado con champú y crema. Servicio válido para pelos medios. No incluye peinado muy elaborados, ni recogidos o semirecogidosF"
        }, 
        {
            "service_category": "Peluquería", 
            "service": "Peinado Pelo Corto", 
            "duration": 1800, 
            "price": "12 € ", 
            "description": "¡Consigue un momento para ti y ponte guapa! El servicio incluye lavado con champú, crema hidratante y consigue tu peinado favorito. Es para el pelo corto. Ideal si tienes un evento o simplemente te apetece verte guapa. No incluye peinado muy elaborados, ni recogidos o semirecogidosF"
        }, 
        {
            "service_category": "Peluquería", 
            "service": "Peinado Pelo Largo", 
            "duration": 2700, 
            "price": "18 € ", 
            "description": "Presume de peinado de la mano de los mejores profesionales. El servicio incluye lavado con champú y crema. En el caso de pelo extralargo puede haber un suplemento. Consulte con su profesional. No incluye peinado muy elaborados, ni recogidos o semirecogidosF"
        }, 
        {
            "service_category": null, 
            "service": "Alisado De Keratina Pelo Largo", 
            "duration": 7200, 
            "price": "160 € ", 
            "description": "Su exclusiva forma de nano partículas de keratina natural se fija al corte del cabello. Relaja los cabellos, los deja lisos, suaves, brillantes, flexibles y fáciles de peinar. Consigues una melena libre de encrespamiento de 8 a 12 semanas. Es ideal para cualquier tipo de cabello. DF"
        }, 
        {
            "service_category": null, 
            "service": "Alisado Keratina Media Melena (Altura Hombros)", 
            "duration": 5400, 
            "price": "140 € ", 
            "description": "Su exclusiva forma de nano partículas de keratina natural se fija al corte del cabello. Relaja los cabellos, los deja lisos, suaves, brillantes, flexibles y fáciles de peinar. Consigues una melena libre de encrespamiento de 8 a 12 semanas. Es ideal para cualquier tipo de cabello. DF"
        }
    ]
}