{
    "adid": null, 
    "name": "Estilo", 
    "name_of_contact": "Estilo", 
    "scrape_page": "https://www.bucmi.com/estilo", 
    "business_website": "https://www.bucmi.com/estilo", 
    "areas_covered": null, 
    "description": "Centro de peluquería y estética en Madrid. Encontrarás una variada gama de servicios con precios inmejorables y un trato personalizado. Nuestra profesionalidad y dedicación nos avalan. No dudes en visitarnos a nuestro centro ubicado en Carabanchel.", 
    "img_link": [
        "https://d1nd15w2k87kz0.cloudfront.net/Uploads/635941586467286642.jpg", 
        "https://d1nd15w2k87kz0.cloudfront.net/Uploads/635941586491661902.jpg", 
        "https://d1nd15w2k87kz0.cloudfront.net/Uploads/635941586510567746.jpg", 
        "https://d1nd15w2k87kz0.cloudfront.net/Uploads/635941586551817619.jpg", 
        "https://d1nd15w2k87kz0.cloudfront.net/Uploads/635941586573957991.jpg", 
        "https://d1nd15w2k87kz0.cloudfront.net/Uploads/635941586598646275.jpg", 
        "https://d1nd15w2k87kz0.cloudfront.net/Uploads/635941586619114951.jpg", 
        "https://d1nd15w2k87kz0.cloudfront.net/Uploads/635941586639339928.jpg"
    ], 
    "hqdb_featured_ad_type": "Featured", 
    "hqdb_nr_reviews": "3", 
    "hqdb_review_score": "9,3", 
    "accreditations": null, 
    "category": null, 
    "subcategory": null, 
    "street": "C/ Veza, 34", 
    "city": "Madrid", 
    "zipcode": "28025", 
    "formatted_address": "C/ Veza, 34, Madrid, 28025", 
    "country": "es", 
    "office_number": "914624361", 
    "office_number2": null, 
    "mobile_number": null, 
    "mobile_number2": null, 
    "unidentified_phone_numbers": null, 
    "latitude": "40.3764234000", 
    "longitude": "-3.7452364000", 
    "business_email": null, 
    "yelp_page": null, 
    "facebook": null, 
    "twitter": null, 
    "instagram": null, 
    "venue_images": "https://d1nd15w2k87kz0.cloudfront.net/Logotipos/635971975611576824.jpg", 
    "opening_hours_raw": null, 
    "pricelist_link": null, 
    "services": [
        {
            "service_category": "Preferente", 
            "service": "Corte, Mechas Y Peinar Pelo Medio", 
            "duration": 9000, 
            "price": "47 € ", 
            "description": "Disfruta de este Pack completo con lavado, mechas del tono que más te guste y peinado. El PACK perfecto para realizar un cambio de look. Para otros largos, consultar suplementos en el salón."
        }, 
        {
            "service_category": "Preferente", 
            "service": "Corte Señora", 
            "duration": 1800, 
            "price": "10 € ", 
            "description": "Este servicio ncluye lavar, acondicionador y corte. No incluye peinado.El servicio es para cualquier tipo de largo y corte, ven y déjate asesorar por nuestros profesionales..."
        }, 
        {
            "service_category": "Preferente", 
            "service": "Tinte, Peinar Y Cortar Pelo Media Melena Mujer", 
            "duration": 7200, 
            "price": "35 € ", 
            "description": "Opta por el tratamiento más completo, que incluye lavado, acondicionador, tinte de pelo, cortar y para fianlizar peinamos tu cabello. Te irás perfecta... VEN"
        }, 
        {
            "service_category": "Preferente", 
            "service": "Corte Hombre", 
            "duration": 1800, 
            "price": "9 € ", 
            "description": "¿Un rollo ir a la peluquería? Con nosotros no te pasará eso, disfruta de nuestro servicio que incuye: lavar, cortar y producto de acabado."
        }, 
        {
            "service_category": "Peluquería", 
            "service": "Cortar Y Peinar Media Melena", 
            "duration": 2700, 
            "price": "22 € ", 
            "description": "Incluye lavado, cortar con asesoramiento + peinar media melena. El acondicionador va incluido en el precio"
        }, 
        {
            "service_category": "Peluquería", 
            "service": "Cortar Y Peinar Pelo Corto", 
            "duration": 1800, 
            "price": "20 € ", 
            "description": "Si quieres cortar tu cabello, no lo dudes y ven a visitarnos. Incluye lavar con acondicionador, productos de lavado, cortar y peinar."
        }, 
        {
            "service_category": "Peluquería", 
            "service": "Cortar Y Peinar Pelo Largo", 
            "duration": 3600, 
            "price": "25 € ", 
            "description": "¿Quiéres cortate el pelo? No lo dudes y ven a conocernos, si no lo has hecho ya! Incluye lavado con acondicionador, corte de pelo de medida largo y peinado."
        }, 
        {
            "service_category": "Peluquería", 
            "service": "Corte, Mechas Y Peinar Pelo Medio", 
            "duration": 9000, 
            "price": "47 € ", 
            "description": "Disfruta de este Pack completo con lavado, mechas del tono que más te guste y peinado. El PACK perfecto para realizar un cambio de look. Para otros largos, consultar suplementos en el salón."
        }, 
        {
            "service_category": "Peluquería", 
            "service": "Corte Señora", 
            "duration": 1800, 
            "price": "10 € ", 
            "description": "Este servicio ncluye lavar, acondicionador y corte. No incluye peinado.El servicio es para cualquier tipo de largo y corte, ven y déjate asesorar por nuestros profesionales..."
        }, 
        {
            "service_category": "Peluquería", 
            "service": "Mechas Media Melena", 
            "duration": 3600, 
            "price": "25 € ", 
            "description": "Este servicio de mechas, hará que tu melena no luzca sosa y sin vida. Incluye lavado con acondicionador y mechas en tu cabello. Si deseas peinarte, se abonaría en el salón."
        }, 
        {
            "service_category": "Peluquería", 
            "service": "Mechas Pelo Corto", 
            "duration": 2700, 
            "price": "20 € ", 
            "description": "Con este servicio de mechas, te damos luz a la cara y aportamos vida. Incluye lavar, acondicionador y mechas en cabello corto."
        }, 
        {
            "service_category": "Peluquería", 
            "service": "Mechas Pelo Largo", 
            "duration": 5400, 
            "price": "30 € ", 
            "description": "Gracias a las mechas, tu pelo podrá lucir con más vida y simular más movimiento.Incluye lavar, uso de acondicionador y mechas en cabello largo."
        }, 
        {
            "service_category": "Peluquería", 
            "service": "Peinar Media Melena", 
            "duration": 1800, 
            "price": "12 € ", 
            "description": "Si tan sólo quieres peinar tu cabello, esta es tu mejor opción. Lavamos tú pelo, acondicionamos y peinamos como desees, si no tienes idea clara, te asesoraremos..."
        }, 
        {
            "service_category": "Peluquería", 
            "service": "Peinar Pelo Corto", 
            "duration": 1800, 
            "price": "10 € ", 
            "description": "Porque el pelo corto es muy cómodo, pero también hay que peinarlo. Incluye lavar, acondicionador y peinar."
        }, 
        {
            "service_category": "Peluquería", 
            "service": "Peinar Pelo Extra Largo", 
            "duration": 3600, 
            "price": "17 € ", 
            "description": "¿Melena muy larga? Dificil de peinar, no, en nuestro centro eso no te ocurrirá.Incluye lavar,acondicionador y peinar."
        }, 
        {
            "service_category": "Peluquería", 
            "service": "Peinar Pelo Largo", 
            "duration": 2700, 
            "price": "15 € ", 
            "description": "Peina tu melena en nuestra peluquería. Te verás radiante... Te asesoramos si no sabes que hacerte, no lo dudes y ven!"
        }, 
        {
            "service_category": "Peluquería", 
            "service": "Tinte, Peinar Y Cortar Pelo Corto Mujer", 
            "duration": 7200, 
            "price": "32 € ", 
            "description": "Este servicio incluye Tinte de cabello corto, peinado, cortar el pelo y peinarlo como más te guste o nosotros te asesoramos."
        }, 
        {
            "service_category": "Peluquería", 
            "service": "Tinte, Peinar Y Cortar Pelo Largo Mujer", 
            "duration": 7200, 
            "price": "40 € ", 
            "description": "¿Tenerlo todo? Esto es posible gracias a este completo Pack que te ofrecemos en nuestra peluquería. Incluye: Lavado, acondicionador, tinte, peinar y cortar tu cabello largo."
        }, 
        {
            "service_category": "Peluquería", 
            "service": "Tinte, Peinar Y Cortar Pelo Media Melena Mujer", 
            "duration": 7200, 
            "price": "35 € ", 
            "description": "Opta por el tratamiento más completo, que incluye lavado, acondicionador, tinte de pelo, cortar y para fianlizar peinamos tu cabello. Te irás perfecta... VEN"
        }, 
        {
            "service_category": "Peluquería", 
            "service": "Corte Hombre", 
            "duration": 1800, 
            "price": "9 € ", 
            "description": "¿Un rollo ir a la peluquería? Con nosotros no te pasará eso, disfruta de nuestro servicio que incuye: lavar, cortar y producto de acabado."
        }, 
        {
            "service_category": "Manicura y Pedicura", 
            "service": "Manicura Básica", 
            "duration": 900, 
            "price": "8 € ", 
            "description": "Incluye limar, retiración de cutículas, hidratación y esmaltado con el color que más te guste. Si optas por francesa, tiene un suplemento de dos euros, que se abonaría en el salón."
        }, 
        {
            "service_category": "Manicura y Pedicura", 
            "service": "Manicura Francesa", 
            "duration": 1800, 
            "price": "10 € ", 
            "description": "Incluye limado de uñas, retiración de cutículas, hidratación y manicura francesa. La manicura más elegante, esta pidiendo a gritos que la reserves..."
        }, 
        {
            "service_category": "Manicura y Pedicura", 
            "service": "Manicura Permanente", 
            "duration": 2700, 
            "price": "15 € ", 
            "description": "Luce uñas hasta 3 semanas intactas. Este servicio incluye limado, quitar cutículas, hidratación y esmaltado a color, entre nuestra amplia gama."
        }, 
        {
            "service_category": "Manicura y Pedicura", 
            "service": "Manicura Y Pedicura", 
            "duration": 5400, 
            "price": "25 € ", 
            "description": "Manicura y pedicura tradicional básica, que incluye limado de uñas, retirar cutículas, hidratación y tratamiento de durezas. Después te las esmaltamos con el color que más te guste o francesa. La francesa supone dos euros de suplemento que se abonarán en el salón."
        }
    ]
}