{
    "adid": null, 
    "name": "Sensazen", 
    "name_of_contact": "Sensazen", 
    "scrape_page": "https://www.bucmi.com/sensazen", 
    "business_website": "https://www.bucmi.com/sensazen", 
    "areas_covered": null, 
    "description": "Centro Médico ubicado en La Latina (Madrid) especializado en el cuidado de la piel gracias a tratamientos específicos. Cuenta con profesionales de más de 20 años de experiencia y tienen la última tecnología en medicina estética. Pon tu piel en equilibrio", 
    "img_link": [
        "https://d1nd15w2k87kz0.cloudfront.net/Uploads/635786963743920420.jpg", 
        "https://d1nd15w2k87kz0.cloudfront.net/Uploads/635786963763944556.jpg", 
        "https://d1nd15w2k87kz0.cloudfront.net/Uploads/635786963817238023.jpg", 
        "https://d1nd15w2k87kz0.cloudfront.net/Uploads/636096242386051042.jpg"
    ], 
    "hqdb_featured_ad_type": "Featured", 
    "hqdb_nr_reviews": "28", 
    "hqdb_review_score": "9,6", 
    "accreditations": null, 
    "category": null, 
    "subcategory": null, 
    "street": "C/ Ruda, 10", 
    "city": "Madrid", 
    "zipcode": "28005", 
    "formatted_address": "C/ Ruda, 10, Madrid, 28005", 
    "country": "es", 
    "office_number": "914384571", 
    "office_number2": null, 
    "mobile_number": null, 
    "mobile_number2": null, 
    "unidentified_phone_numbers": null, 
    "latitude": "40.4105295000", 
    "longitude": "-3.7080104000", 
    "business_email": null, 
    "yelp_page": null, 
    "facebook": null, 
    "twitter": null, 
    "instagram": null, 
    "venue_images": "https://d1nd15w2k87kz0.cloudfront.net/Logotipos/635972894391011606.jpg", 
    "opening_hours_raw": null, 
    "pricelist_link": null, 
    "services": [
        {
            "service_category": "Preferente", 
            "service": "10 Sesiones De Ultra-Electroterapia", 
            "duration": 2700, 
            "price": "310 € ", 
            "description": "Olvídate del gimnasio y consigue tonificar tu cuerpo en tiempo récord. Con nosotros conseguirás tonificar, reafirmar y eliminar grasa sin moverte de la camilla, eso sí vas a tener agujetas como si hubieras corrido una maratón. ¿Quieres lucir un cuerpo tonificado y realzar tu figura sin necesidad de ir al gimnasio? Ven a tu Centro de Estética Sensazen y ponte en manos de nuestros mejores profesionales. Luce un cuerpo tonificado y libre de grasa localizada. Reduce, remodela y realza. Reserva tu cita ahora."
        }, 
        {
            "service_category": "Preferente", 
            "service": "Higine Facial Premama", 
            "duration": 7200, 
            "price": "69 € ", 
            "description": "Con el embarazo hay una alteración de las Hormonas y puede haber descompesanciones de la piel, en SENSAZEN hemos diseñado un protocolo para que salgas con la piel limpia y radiante y tu bebé no sufra ningún riesgo:Diagnóstico con lámpara WOOD. Peeling, extracción con microcristales de absorción, Broussing para la eliminación de células muertas. Alginatos o minerales dependiendo de tu tipo de piel y Masje Relajante."
        }, 
        {
            "service_category": "Preferente", 
            "service": "10 Sesiones Presoterapia Drenante Y Anticelulítica", 
            "duration": 2700, 
            "price": "310 € ", 
            "description": "Si retienes líquidos, grasas, te hinchas como un balón, la mejor manera de lucir elbelta el la presoterapia, en 1 sesión tratamos el cuerpo entero enseñando a líquidos y grasas el camino hacia la Linfa para su posteriór eliminación. No lo dudes y luce tipazo"
        }, 
        {
            "service_category": "Preferente", 
            "service": "Extensión Pestañas Pelo A Pelo", 
            "duration": 3600, 
            "price": "50 € ", 
            "description": "El procedimiento consiste en poner pelo artificial en tus pestañas naturales, colocando pelo a pelo de forma que quede homogéneo y natural"
        }, 
        {
            "service_category": "Preferente", 
            "service": "Higiene Facial Médica", 
            "duration": 3600, 
            "price": "39 € ", 
            "description": "Diagnostico con lampara Wood (luz negra). El servicio incluye dermoabrasión, microabsorción con cristales, browsing, tratamiento de ozono, micropulverización de colágeno, y mascarilla adecuada a tu tipo de piel."
        }, 
        {
            "service_category": "Preferente", 
            "service": "Higiene Facial Médica Profunda", 
            "duration": 5400, 
            "price": "59 € ", 
            "description": "Diagnostico con lampara Wood (luz negra). El servicio incluye microabsorción, browsing, peeling químico, tratamiento de ozono, micropulverización de colágeno, mascarilla adecuada a tu tipo de piel, tratamiento de vitaminas, Radio Frecuencia Ultaactiva Reparadora y Electroterapia para regulación seborréica."
        }, 
        {
            "service_category": "Preferente", 
            "service": "5 Sesiones De Drenaje Linfatico De Piernas", 
            "duration": 3600, 
            "price": "189 € ", 
            "description": "Técnica manual que mediante la movilización de la linfa produce un efecto antiedemizante, relajante, activando el automatismo de las fibras musculares, mejorando la respuestad defensivo-inmunitaria y liberando el sistema de toxinas. En definitiva, sentirás tus piernas ligera, disminuirá su contorno por la liberación de la retención de líquidos y te olvidarás de los dolores. Especialmente indicado en celulitis edematosa, embarazadas y personas con problemas circulatorios."
        }, 
        {
            "service_category": "Preferente", 
            "service": "Drenaje Linfático Piernas", 
            "duration": 3600, 
            "price": "45 € ", 
            "description": "Técnica manual que mediante la movilización de la linfa produce un efecto antiedemizante, relajante, activando el automatismo de las fibras musculares, mejorando la respuestad defensivo-inmunitaria y liberando el sistema de toxinas. En definitiva, sentirás tus piernas ligera, disminuirá su contorno por la liberación de la retención de líquidos y te olvidarás de los dolores. Especialmente indicado en celulitis edematosa, embarazadas y personas con problemas circulatorios."
        }, 
        {
            "service_category": "Estética", 
            "service": "Pack Mas Vitallifting", 
            "duration": 10800, 
            "price": "262 € ", 
            "description": "Nuestro Pack Mas Vitallingting incluye: 1 Peeling Químico Multiácido, 1 Higiene Facial Médica Suave, 1 Tratamiento Reafirmante, 1 Masaje Estimulante, 1 Radiofrecuencia + Vitaminas, 1 Miniliftig Facial. Los tratamientos se realizarán en 2 sesiones espaciadas entre 3 y 4 días."
        }, 
        {
            "service_category": "Estética", 
            "service": "Higine Facial Premama", 
            "duration": 7200, 
            "price": "69 € ", 
            "description": "Con el embarazo hay una alteración de las Hormonas y puede haber descompesanciones de la piel, en SENSAZEN hemos diseñado un protocolo para que salgas con la piel limpia y radiante y tu bebé no sufra ningún riesgo:Diagnóstico con lámpara WOOD. Peeling, extracción con microcristales de absorción, Broussing para la eliminación de células muertas. Alginatos o minerales dependiendo de tu tipo de piel y Masje Relajante."
        }, 
        {
            "service_category": "Estética", 
            "service": "3 Seiones Eliminacion Manchas Solares", 
            "duration": 1800, 
            "price": "170 € ", 
            "description": "El láser Neodimio Q-Switched es ideal para eliminar las manchas producidas por el sol durante el verano o por la edad. La Queratosis, nevus o léntigos son eliminados fácilmente con este método."
        }, 
        {
            "service_category": "Estética", 
            "service": "Eliminación De Manchas Solares.", 
            "duration": 1800, 
            "price": "69 € ", 
            "description": "El láser Neodimio Q-Switched es ideal para eliminar las manchas producidas por el sol durante el verano o por la edad. La Queratosis, nevus o léntigos son eliminados fácilmente con este método."
        }, 
        {
            "service_category": "Estética", 
            "service": "Bono 5 Sesiones Cavitación Y Presoterapia", 
            "duration": 3600, 
            "price": "350 € ", 
            "description": "Aprovecha este bono de 5 sesiones de cavitación y Presoterapia para remodelar tu figura y eliminar esa grasa acumulada. Consigue esa talla tan deseada."
        }, 
        {
            "service_category": "Estética", 
            "service": "Peeling Facial Químico Ácido Ferúlico", 
            "duration": 3600, 
            "price": "160 € ", 
            "description": "Recupera tu piel después del verano. Muestra tucara más luminosa. El Ácido Ferúlico está indicado para esta época del año, en la que queremos recuperarnos de la exposición solar, pero es demasiado pronto para peelings más agresivos. Estimula la renovación celular y la producción de colágeno. Tiene efecto rejuvenecedor y despigmentante. Y es apto para todo tipo de pieles y fototipos. Tratamiento y seguimiento del mismo realizado y por la Dra. Falguera, especializada en medicina estética."
        }, 
        {
            "service_category": "Estética", 
            "service": "Tratamiento Reafirmante De Senos", 
            "duration": 2700, 
            "price": "49 € ", 
            "description": "La Radiofrecuencia Fraccionada actúa sobre la piel calentando la dermis y activando la producción de colágeno y elastina. Haciendo la piel más resistente y elástica. Además, se produce un aumento de la circulación sanguínea, con lo que la apariencia de la piel del escote y senos se verá más tersa y suave."
        }, 
        {
            "service_category": "Estética", 
            "service": "Tratamiento Reafirmante Facial", 
            "duration": 2700, 
            "price": "52 € ", 
            "description": "Envoltura con alginatos Botox Like, que estimula la gimnasia pasiva de los músculos faciales consiguiendo un efecto tensor e hidratante."
        }, 
        {
            "service_category": "Estética", 
            "service": "Tto Corporal Body Wrap Anticelulítico", 
            "duration": 3600, 
            "price": "45 € ", 
            "description": "Zona a elegir entre piernas, abdomen o brazos.El Body Wrap es un tratamiento anticelulítico que ayuda a penetrar los principios activos por medio de osmosis. Antes de utilizar el principio activo, se realizará un peeling scrub para preparar bien la piel. Para reforzarlo, se dará un masaje anticelulítico en la zona elegida."
        }, 
        {
            "service_category": "Estética", 
            "service": "10 Sesiones Presoterapia Drenante Y Anticelulítica", 
            "duration": 2700, 
            "price": "310 € ", 
            "description": "Si retienes líquidos, grasas, te hinchas como un balón, la mejor manera de lucir elbelta el la presoterapia, en 1 sesión tratamos el cuerpo entero enseñando a líquidos y grasas el camino hacia la Linfa para su posteriór eliminación. No lo dudes y luce tipazo"
        }, 
        {
            "service_category": "Estética", 
            "service": "6 Sesiones De Eliminación De Tatuajes Hasta 20 Cm2", 
            "duration": 1800, 
            "price": "249 € ", 
            "description": "Si te has aburrido de lucir en tu cuerpo aquello que en su día fue algo memorable, no dudes y ven a quitartelo con la garantía de hacerlo en un centro médico Homologado"
        }, 
        {
            "service_category": "Estética", 
            "service": "6 Sesiones De Eliminación Tatuajes Hasta 150 Cm2", 
            "duration": 2700, 
            "price": "399 € ", 
            "description": "Si te has aburrido de lucir en tu cuerpo aquello que en su día fue algo memorable, no dudes y venir a quitartelo con la garantía de hacerlo en un centro médico Homologado."
        }, 
        {
            "service_category": "Estética", 
            "service": "6 Sesiones De Eliminación Tatuajes Hasta 300 Cm2", 
            "duration": 3600, 
            "price": "499 € ", 
            "description": "Si te has aburrido de lucir en tu cuerpo aquello que en su día fue algo memorable, no dudes y venir a quitartelo con la garantía de hacerlo en un centro médico Homologado"
        }, 
        {
            "service_category": "Estética", 
            "service": "6 Sesiones De Eliminación Tatuajes Hasta 80 Cm2", 
            "duration": 1800, 
            "price": "299 € ", 
            "description": "Si te has aburrido de lucir en tu cuerpo aquello que en su día fue algo memorable, no dudes y venir a quitartelo con la garantía de hacerlo en un centro médico Homologado"
        }, 
        {
            "service_category": "Estética", 
            "service": "Extensión Pestañas Pelo A Pelo", 
            "duration": 3600, 
            "price": "50 € ", 
            "description": "El procedimiento consiste en poner pelo artificial en tus pestañas naturales, colocando pelo a pelo de forma que quede homogéneo y natural"
        }, 
        {
            "service_category": "Estética", 
            "service": "Higiene Facial Médica", 
            "duration": 3600, 
            "price": "39 € ", 
            "description": "Diagnostico con lampara Wood (luz negra). El servicio incluye dermoabrasión, microabsorción con cristales, browsing, tratamiento de ozono, micropulverización de colágeno, y mascarilla adecuada a tu tipo de piel."
        }, 
        {
            "service_category": "Estética", 
            "service": "Higiene Facial Médica Profunda", 
            "duration": 5400, 
            "price": "59 € ", 
            "description": "Diagnostico con lampara Wood (luz negra). El servicio incluye microabsorción, browsing, peeling químico, tratamiento de ozono, micropulverización de colágeno, mascarilla adecuada a tu tipo de piel, tratamiento de vitaminas, Radio Frecuencia Ultaactiva Reparadora y Electroterapia para regulación seborréica."
        }, 
        {
            "service_category": "Estética", 
            "service": "Mini Liftting Facial", 
            "duration": 5400, 
            "price": "62 € ", 
            "description": "¿Quieres resplandecer como nunca en ese acontecimineto tan importante? Reduce las líneas de expresión, mejora la circulación de la piel y da a tu piel un aspecto más saludable, más joven y más firme. Tratamiento reafirmante con mascarilla facial que incluye preparación de la piel con peeling químico, utilización de principio activo efecto tensor, masaje facial y mascarilla Mini Lift."
        }, 
        {
            "service_category": "Estética", 
            "service": "Tto. Facial *Peel Of* Superhydrating", 
            "duration": 5400, 
            "price": "52 € ", 
            "description": "Tratamiento ideal para combatir las agresiones producidas por agentes externos de la piel o para prevenir dichas agresiones. Si te has pasado con el sol este es tu tratamiento. Da a tu piel la máxima hidratación. Este tratamiento incluye preparación de la piel con Peeling Químico o Scrub, según necesidad de la piel; mascarilla facial de alginatos 'Super Hydrating', principio activo hidratante y masaje facial."
        }, 
        {
            "service_category": "Estética", 
            "service": "5 Sesiones De Drenaje Linfatico De Piernas", 
            "duration": 3600, 
            "price": "189 € ", 
            "description": "Técnica manual que mediante la movilización de la linfa produce un efecto antiedemizante, relajante, activando el automatismo de las fibras musculares, mejorando la respuestad defensivo-inmunitaria y liberando el sistema de toxinas. En definitiva, sentirás tus piernas ligera, disminuirá su contorno por la liberación de la retención de líquidos y te olvidarás de los dolores. Especialmente indicado en celulitis edematosa, embarazadas y personas con problemas circulatorios."
        }, 
        {
            "service_category": "Estética", 
            "service": "Drenaje Linfático Piernas", 
            "duration": 3600, 
            "price": "45 € ", 
            "description": "Técnica manual que mediante la movilización de la linfa produce un efecto antiedemizante, relajante, activando el automatismo de las fibras musculares, mejorando la respuestad defensivo-inmunitaria y liberando el sistema de toxinas. En definitiva, sentirás tus piernas ligera, disminuirá su contorno por la liberación de la retención de líquidos y te olvidarás de los dolores. Especialmente indicado en celulitis edematosa, embarazadas y personas con problemas circulatorios."
        }, 
        {
            "service_category": "Estética", 
            "service": "Tto Hidratación Facial Profunda", 
            "duration": 3600, 
            "price": "49 € ", 
            "description": "Tratamiento orientado a mejorar la piel antes y después de la exposición solar. La aplicación de principios activos y minerales de efecto hidratante produce una mejoría instantánea de la piel. Estando más luminosa, tersa e hidratada."
        }, 
        {
            "service_category": "Estética", 
            "service": "Masaje Relajante Circulatorio", 
            "duration": 3600, 
            "price": "39 € ", 
            "description": "Masaje de una hora de duración que ayudará a la persona a equilibrar y mantener una buena forma física y mental. Con este tipo de masaje se produce una mejoría notable en la piel, un aumento de la tonicidad y resistencia muscular, mejora de la circulación sanguínea y linfática, y efectos analgésicos y sedativos sobre el sistema nervioso. En definitiva, no te puedes perder esta experiencia."
        }, 
        {
            "service_category": "Masaje", 
            "service": "Pack Mas Vitallifting", 
            "duration": 10800, 
            "price": "262 € ", 
            "description": "Nuestro Pack Mas Vitallingting incluye: 1 Peeling Químico Multiácido, 1 Higiene Facial Médica Suave, 1 Tratamiento Reafirmante, 1 Masaje Estimulante, 1 Radiofrecuencia + Vitaminas, 1 Miniliftig Facial. Los tratamientos se realizarán en 2 sesiones espaciadas entre 3 y 4 días."
        }, 
        {
            "service_category": "Masaje", 
            "service": "Higine Facial Premama", 
            "duration": 7200, 
            "price": "69 € ", 
            "description": "Con el embarazo hay una alteración de las Hormonas y puede haber descompesanciones de la piel, en SENSAZEN hemos diseñado un protocolo para que salgas con la piel limpia y radiante y tu bebé no sufra ningún riesgo:Diagnóstico con lámpara WOOD. Peeling, extracción con microcristales de absorción, Broussing para la eliminación de células muertas. Alginatos o minerales dependiendo de tu tipo de piel y Masje Relajante."
        }, 
        {
            "service_category": "Varios", 
            "service": "Pack Mas Vitallifting", 
            "duration": 10800, 
            "price": "262 € ", 
            "description": "Nuestro Pack Mas Vitallingting incluye: 1 Peeling Químico Multiácido, 1 Higiene Facial Médica Suave, 1 Tratamiento Reafirmante, 1 Masaje Estimulante, 1 Radiofrecuencia + Vitaminas, 1 Miniliftig Facial. Los tratamientos se realizarán en 2 sesiones espaciadas entre 3 y 4 días."
        }, 
        {
            "service_category": "Varios", 
            "service": "Higine Facial Premama", 
            "duration": 7200, 
            "price": "69 € ", 
            "description": "Con el embarazo hay una alteración de las Hormonas y puede haber descompesanciones de la piel, en SENSAZEN hemos diseñado un protocolo para que salgas con la piel limpia y radiante y tu bebé no sufra ningún riesgo:Diagnóstico con lámpara WOOD. Peeling, extracción con microcristales de absorción, Broussing para la eliminación de células muertas. Alginatos o minerales dependiendo de tu tipo de piel y Masje Relajante."
        }, 
        {
            "service_category": "Varios", 
            "service": "3 Seiones Eliminacion Manchas Solares", 
            "duration": 1800, 
            "price": "170 € ", 
            "description": "El láser Neodimio Q-Switched es ideal para eliminar las manchas producidas por el sol durante el verano o por la edad. La Queratosis, nevus o léntigos son eliminados fácilmente con este método."
        }, 
        {
            "service_category": "Varios", 
            "service": "Eliminación De Manchas Solares.", 
            "duration": 1800, 
            "price": "69 € ", 
            "description": "El láser Neodimio Q-Switched es ideal para eliminar las manchas producidas por el sol durante el verano o por la edad. La Queratosis, nevus o léntigos son eliminados fácilmente con este método."
        }, 
        {
            "service_category": "Varios", 
            "service": "Bono 5 Sesiones Cavitación Y Presoterapia", 
            "duration": 3600, 
            "price": "350 € ", 
            "description": "Aprovecha este bono de 5 sesiones de cavitación y Presoterapia para remodelar tu figura y eliminar esa grasa acumulada. Consigue esa talla tan deseada."
        }, 
        {
            "service_category": "Varios", 
            "service": "Peeling Facial Químico Ácido Ferúlico", 
            "duration": 3600, 
            "price": "160 € ", 
            "description": "Recupera tu piel después del verano. Muestra tucara más luminosa. El Ácido Ferúlico está indicado para esta época del año, en la que queremos recuperarnos de la exposición solar, pero es demasiado pronto para peelings más agresivos. Estimula la renovación celular y la producción de colágeno. Tiene efecto rejuvenecedor y despigmentante. Y es apto para todo tipo de pieles y fototipos. Tratamiento y seguimiento del mismo realizado y por la Dra. Falguera, especializada en medicina estética."
        }, 
        {
            "service_category": "Varios", 
            "service": "Tratamiento Reafirmante De Senos", 
            "duration": 2700, 
            "price": "49 € ", 
            "description": "La Radiofrecuencia Fraccionada actúa sobre la piel calentando la dermis y activando la producción de colágeno y elastina. Haciendo la piel más resistente y elástica. Además, se produce un aumento de la circulación sanguínea, con lo que la apariencia de la piel del escote y senos se verá más tersa y suave."
        }, 
        {
            "service_category": "Varios", 
            "service": "Tratamiento Reafirmante Facial", 
            "duration": 2700, 
            "price": "52 € ", 
            "description": "Envoltura con alginatos Botox Like, que estimula la gimnasia pasiva de los músculos faciales consiguiendo un efecto tensor e hidratante."
        }, 
        {
            "service_category": "Varios", 
            "service": "Tto Corporal Body Wrap Anticelulítico", 
            "duration": 3600, 
            "price": "45 € ", 
            "description": "Zona a elegir entre piernas, abdomen o brazos.El Body Wrap es un tratamiento anticelulítico que ayuda a penetrar los principios activos por medio de osmosis. Antes de utilizar el principio activo, se realizará un peeling scrub para preparar bien la piel. Para reforzarlo, se dará un masaje anticelulítico en la zona elegida."
        }, 
        {
            "service_category": "Varios", 
            "service": "10 Sesiones Presoterapia Drenante Y Anticelulítica", 
            "duration": 2700, 
            "price": "310 € ", 
            "description": "Si retienes líquidos, grasas, te hinchas como un balón, la mejor manera de lucir elbelta el la presoterapia, en 1 sesión tratamos el cuerpo entero enseñando a líquidos y grasas el camino hacia la Linfa para su posteriór eliminación. No lo dudes y luce tipazo"
        }, 
        {
            "service_category": "Varios", 
            "service": "6 Sesiones De Eliminación De Tatuajes Hasta 20 Cm2", 
            "duration": 1800, 
            "price": "249 € ", 
            "description": "Si te has aburrido de lucir en tu cuerpo aquello que en su día fue algo memorable, no dudes y ven a quitartelo con la garantía de hacerlo en un centro médico Homologado"
        }
    ]
}