{
    "adid": null, 
    "name": "2 A DOS", 
    "name_of_contact": "2 A DOS", 
    "scrape_page": "https://www.bucmi.com/2ados", 
    "business_website": "https://www.bucmi.com/2ados", 
    "areas_covered": null, 
    "description": "2 A DOS es un salón de peluquería y estética ubicado en la zona de Ciudad Lineal, en Madrid. Aquí podrás disfrutar de un tiempo para ti, con los mejores tratamientos y servicios para tu pelo y tu piel de la mano de profesionales del bienestar.", 
    "img_link": [
        "https://d1nd15w2k87kz0.cloudfront.net/Uploads/635993407797114585.jpg", 
        "https://d1nd15w2k87kz0.cloudfront.net/Uploads/635993407800395838.jpg", 
        "https://d1nd15w2k87kz0.cloudfront.net/Uploads/635993407801489576.jpg", 
        "https://d1nd15w2k87kz0.cloudfront.net/Uploads/635993407801802071.jpg", 
        "https://d1nd15w2k87kz0.cloudfront.net/Uploads/635993407799770827.jpg", 
        "https://d1nd15w2k87kz0.cloudfront.net/Uploads/635993407801489576.jpg", 
        "https://d1nd15w2k87kz0.cloudfront.net/Uploads/635993407802270824.jpg"
    ], 
    "hqdb_featured_ad_type": "Featured", 
    "hqdb_nr_reviews": "2", 
    "hqdb_review_score": "9,0", 
    "accreditations": null, 
    "category": null, 
    "subcategory": null, 
    "street": "C/ Fuentespina, 13", 
    "city": "Madrid", 
    "zipcode": "28027", 
    "formatted_address": "C/ Fuentespina, 13, Madrid, 28027", 
    "country": "es", 
    "office_number": "913774155", 
    "office_number2": null, 
    "mobile_number": null, 
    "mobile_number2": null, 
    "unidentified_phone_numbers": null, 
    "latitude": "40.4472452000", 
    "longitude": "-3.6505483999", 
    "business_email": null, 
    "yelp_page": null, 
    "facebook": null, 
    "twitter": null, 
    "instagram": null, 
    "venue_images": "https://d1nd15w2k87kz0.cloudfront.net/Logotipos/635993467071863434.jpg", 
    "opening_hours_raw": null, 
    "pricelist_link": null, 
    "services": [
        {
            "service_category": "Preferente", 
            "service": "Manicura Permanente", 
            "duration": 2700, 
            "price": "28,5 € ", 
            "description": "¡Date un capricho y embellece tus manos! Reserva nuestra manicura permanente y podrás disfrutar de unas manos bonitas y cuidadas durante mucho más tiempo que con una manicura clásica."
        }, 
        {
            "service_category": "Preferente", 
            "service": "Permanente Y Tinte De Pestañas", 
            "duration": 3600, 
            "price": "27 € ", 
            "description": "Porque las pestañas son la llave de una mirada más intensa y profunda, realza tu mirada mostrándolas largas, rizadas,con la permanente y tinte de pestañas. ¡Luce una mirada expresiva y radiante!"
        }, 
        {
            "service_category": "Peluquería", 
            "service": "Pack Peinado Corto Y Manicura", 
            "duration": 1800, 
            "price": "32,5 € ", 
            "description": "¡Reserva nuestro pack de peinado y manicura! Nuestros profesionales en peluquería y estética se encargarán de dejarte un pelo y uñas perfectas. El servicio incluye: lavado con baño Kerastase y acondicionador. En caso de tener un largo superior se cobrará un suplemento en el centro."
        }, 
        {
            "service_category": "Peluquería", 
            "service": "Pack Peinado Largo Y Manicura", 
            "duration": 3600, 
            "price": "38,5 € ", 
            "description": "¿Tienes un evento especial y necesitas estar perfecta? ¡Reserva este completo servicio y saldrás con el peinado que deseas y con unas manos bonitas y cuidadas. Incluye el lavado con baño Kerastase y acondicionador."
        }, 
        {
            "service_category": "Peluquería", 
            "service": "Pack Peinado Medio Y Manicura", 
            "duration": 2700, 
            "price": "36 € ", 
            "description": "Si tienes una ocasión especial, no lo dudes y reserva nuestro completo pack. Nuestros profesionales te realizarán una manicura y el peinado que te apetezca lucir. Incluye el lavado con baño Kerastase y acondicionador."
        }, 
        {
            "service_category": "Peluquería", 
            "service": "Peinado", 
            "duration": 1800, 
            "price": "18,5 € ", 
            "description": "¿Te apetece lucir un peinado de manos de profesionales? ¡Reserva ahora! Te realizaremos el peinado que más te apetezca lucir. Incluye el lavado con baño Kerastase. No lo dudes más y ven a conocernos."
        }, 
        {
            "service_category": "Peluquería", 
            "service": "Peinado Y Tratamiento Capilar", 
            "duration": 1800, 
            "price": "19,9 € ", 
            "description": "¡Disfruta de nuestro Servicio 2 en 1! Reserva nuestro peinado con tratamiento capilar. Peinamos con la plancha steam pod de loreal, ya que, gracias a la presión con vapor realiza un tratamiento en el cabello dejándolo suave y brillante a la vez que peinamos el cabello."
        }, 
        {
            "service_category": "Peluquería", 
            "service": "Tratamiento Capilar Mitic Oil", 
            "duration": 900, 
            "price": "5,9 € ", 
            "description": "Tratamiento a base de la unión de cinco aceites esenciales dejando el cabello lleno de brillo y suavidad. El servicio incluye el tratamiento y el lavado, pero no incluye el peinado del cabello."
        }, 
        {
            "service_category": "Estética", 
            "service": "Permanente Y Tinte De Pestañas", 
            "duration": 3600, 
            "price": "27 € ", 
            "description": "Porque las pestañas son la llave de una mirada más intensa y profunda, realza tu mirada mostrándolas largas, rizadas,con la permanente y tinte de pestañas. ¡Luce una mirada expresiva y radiante!"
        }, 
        {
            "service_category": "Manicura y Pedicura", 
            "service": "Manicura Permanente", 
            "duration": 2700, 
            "price": "28,5 € ", 
            "description": "¡Date un capricho y embellece tus manos! Reserva nuestra manicura permanente y podrás disfrutar de unas manos bonitas y cuidadas durante mucho más tiempo que con una manicura clásica."
        }, 
        {
            "service_category": "Manicura y Pedicura", 
            "service": "Pedicura", 
            "duration": 2700, 
            "price": "24,5 € ", 
            "description": "Cuida tus pies reservando nuestra pedicura normal. Nuestro profesionales se encargarán de dejarte unos pies perfectos y bonitos para que puedas lucirlos orgullosa."
        }
    ]
}