{
    "adid": null, 
    "name": "Yves Rocher", 
    "name_of_contact": "Yves Rocher", 
    "scrape_page": "https://www.bucmi.com/yvesrocher", 
    "business_website": "https://www.bucmi.com/yvesrocher", 
    "areas_covered": null, 
    "description": "Yves Rocher centro de estética innova con la cosmética vegetal. Disponemos de laboratorios de investigación en donde realizan cosméticos efectivos y personalizados para tu piel compuesto de plantas naturales. ¡Descubre nuestros tratamientos de belleza!", 
    "img_link": [
        "https://d1nd15w2k87kz0.cloudfront.net/Uploads/635930270115702689.jpg", 
        "https://d1nd15w2k87kz0.cloudfront.net/Uploads/635930270151171193.jpg", 
        "https://d1nd15w2k87kz0.cloudfront.net/Uploads/635930270171170920.jpg", 
        "https://d1nd15w2k87kz0.cloudfront.net/Uploads/635930270195233352.jpg"
    ], 
    "hqdb_featured_ad_type": "Featured", 
    "hqdb_nr_reviews": "6", 
    "hqdb_review_score": "8,7", 
    "accreditations": null, 
    "category": null, 
    "subcategory": null, 
    "street": null, 
    "city": "Madrid", 
    "zipcode": "Madrid", 
    "formatted_address": "Madrid, 28044, Madrid, Madrid, Madrid, 28043, Madrid, 28031, Madrid, 28007, Madrid, 28005, Madrid, Madrid, Madrid, 28033, Madrid, Madrid", 
    "country": "es", 
    "office_number": "917304524", 
    "office_number2": null, 
    "mobile_number": null, 
    "mobile_number2": null, 
    "unidentified_phone_numbers": null, 
    "latitude": "40.4797164999", 
    "longitude": "-3.7023444999", 
    "business_email": null, 
    "yelp_page": null, 
    "facebook": null, 
    "twitter": null, 
    "instagram": null, 
    "venue_images": "https://d1nd15w2k87kz0.cloudfront.net/Logotipos/635973804568072535.jpg", 
    "opening_hours_raw": null, 
    "pricelist_link": null, 
    "services": [
        {
            "service_category": "Preferente", 
            "service": "Tratamiento Facial Antiedad Y Masaje Pies", 
            "duration": 5400, 
            "price": "80 € ", 
            "description": "Elige entre una amplia variedad de tratamientos (regenarante, reafirmante, antiarrugas, revitalizante) y en la misma sesión te regalamos un masaje exfoliante para los pies, para que estén suaves e hidratados. La duración del servicio es de 1 hora y 15 minutos."
        }, 
        {
            "service_category": "Preferente", 
            "service": "Masaje Ritual Oriental Hamman", 
            "duration": 3600, 
            "price": "48 € ", 
            "description": "Recupera toda la suavidad de tu piel, mediante una exfoliación con nuestros guantes exclusivos, seguido de un masaje manual con aceite de Argán."
        }, 
        {
            "service_category": "Preferente", 
            "service": "Pack Tratamiento Facial (1H Y 15Min)", 
            "duration": 5400, 
            "price": "91 € ", 
            "description": "El servicio consiste en una higiene facial con tratamiento personalizado, diseño de cejas, Tratamiento contorno de ojos, masaje con exfoloación de manos y masaje de piernas con presoterapia."
        }, 
        {
            "service_category": "Estética", 
            "service": "Tratamiento De Hidratación Facial Y Presoterapia", 
            "duration": 3600, 
            "price": "70 € ", 
            "description": "Se realiza una higiene facial en profundidad y a continuación, tratamiento de hidratación, aportamos todo el agua que tu piel necesita y además realizamos un masaje drenante con presoterapia para aliviar tus piernas cansadas."
        }, 
        {
            "service_category": "Estética", 
            "service": "Tratamiento Facial Antiedad Y Masaje Pies", 
            "duration": 5400, 
            "price": "80 € ", 
            "description": "Elige entre una amplia variedad de tratamientos (regenarante, reafirmante, antiarrugas, revitalizante) y en la misma sesión te regalamos un masaje exfoliante para los pies, para que estén suaves e hidratados. La duración del servicio es de 1 hora y 15 minutos."
        }, 
        {
            "service_category": "Estética", 
            "service": "Higiene Facial Y Masaje Piernas", 
            "duration": 2700, 
            "price": "49 € ", 
            "description": "¿Notas tu piel apagada y con suciedad? Ven a Yves Rocher y disfruta de nuestra completa higiene facial que incluye el desmaquillado de la piel, exfoliación, extracción de impurezas con vapor y mascarilla. Además, incluye un masaje de piernas con presoterapia de 20 minutos para mejorar tu circulación."
        }, 
        {
            "service_category": "Estética", 
            "service": "Higiene Facial", 
            "duration": 2700, 
            "price": "30 € ", 
            "description": "¿Notas tu piel apagada y con suciedad? Ven a Yves Rocher y disfruta de nuestra completa higiene facial que incluye el desmaquillado de la piel, exfoliación, extracción de impurezas con vapor."
        }, 
        {
            "service_category": "Estética", 
            "service": "Higiene Facial Con Baño De Hidratación Y Cejas", 
            "duration": 3600, 
            "price": "50 € ", 
            "description": "Libera la piel de tu rostro de impurezas gracias a esta higiene facial con extracción, exfoliación y parches con jugos de frutas para hidratar tu piel. Además incluye diseño de cejas. No esperes más y reserva ahora online."
        }, 
        {
            "service_category": "Estética", 
            "service": "Higiene Facial Y Peeling Corporal", 
            "duration": 3600, 
            "price": "48 € ", 
            "description": "Limpiamos en profundidad tu piel, liberándola de células muertas, dejándola totalmente renovada, gracias a la combinación de la extracción y mascarilla desincrustrante. Así mismo, te realizamos un peeling corporal con el que recuperaras una piel suave."
        }, 
        {
            "service_category": "Estética", 
            "service": "Pack Tratamiento Facial (1H Y 15Min)", 
            "duration": 5400, 
            "price": "91 € ", 
            "description": "El servicio consiste en una higiene facial con tratamiento personalizado, diseño de cejas, Tratamiento contorno de ojos, masaje con exfoloación de manos y masaje de piernas con presoterapia."
        }, 
        {
            "service_category": "Estética", 
            "service": "Tratamiento Facial Hidratante", 
            "duration": 3600, 
            "price": "40 € ", 
            "description": "Si notas tu piel con tirantez y falta de elasticidad este es tu servicio. Piel limpia e hidratada en un solo gesto con nuestro tratamiento a base de jugo de frutas 100% naturales. Lucirás un rostro mucho más hidratado y lleno de vida."
        }, 
        {
            "service_category": "Masaje", 
            "service": "Tratamiento De Hidratación Facial Y Presoterapia", 
            "duration": 3600, 
            "price": "70 € ", 
            "description": "Se realiza una higiene facial en profundidad y a continuación, tratamiento de hidratación, aportamos todo el agua que tu piel necesita y además realizamos un masaje drenante con presoterapia para aliviar tus piernas cansadas."
        }, 
        {
            "service_category": "Depilación", 
            "service": "Tratamiento De Hidratación Facial Y Presoterapia", 
            "duration": 3600, 
            "price": "70 € ", 
            "description": "Se realiza una higiene facial en profundidad y a continuación, tratamiento de hidratación, aportamos todo el agua que tu piel necesita y además realizamos un masaje drenante con presoterapia para aliviar tus piernas cansadas."
        }, 
        {
            "service_category": "Depilación", 
            "service": "Tratamiento Facial Antiedad Y Masaje Pies", 
            "duration": 5400, 
            "price": "80 € ", 
            "description": "Elige entre una amplia variedad de tratamientos (regenarante, reafirmante, antiarrugas, revitalizante) y en la misma sesión te regalamos un masaje exfoliante para los pies, para que estén suaves e hidratados. La duración del servicio es de 1 hora y 15 minutos."
        }, 
        {
            "service_category": "Depilación", 
            "service": "Higiene Facial Y Masaje Piernas", 
            "duration": 2700, 
            "price": "49 € ", 
            "description": "¿Notas tu piel apagada y con suciedad? Ven a Yves Rocher y disfruta de nuestra completa higiene facial que incluye el desmaquillado de la piel, exfoliación, extracción de impurezas con vapor y mascarilla. Además, incluye un masaje de piernas con presoterapia de 20 minutos para mejorar tu circulación."
        }, 
        {
            "service_category": "Depilación", 
            "service": "Higiene Facial", 
            "duration": 2700, 
            "price": "30 € ", 
            "description": "¿Notas tu piel apagada y con suciedad? Ven a Yves Rocher y disfruta de nuestra completa higiene facial que incluye el desmaquillado de la piel, exfoliación, extracción de impurezas con vapor."
        }, 
        {
            "service_category": "Depilación", 
            "service": "Higiene Facial Con Baño De Hidratación Y Cejas", 
            "duration": 3600, 
            "price": "50 € ", 
            "description": "Libera la piel de tu rostro de impurezas gracias a esta higiene facial con extracción, exfoliación y parches con jugos de frutas para hidratar tu piel. Además incluye diseño de cejas. No esperes más y reserva ahora online."
        }, 
        {
            "service_category": "Depilación", 
            "service": "Higiene Facial Y Peeling Corporal", 
            "duration": 3600, 
            "price": "48 € ", 
            "description": "Limpiamos en profundidad tu piel, liberándola de células muertas, dejándola totalmente renovada, gracias a la combinación de la extracción y mascarilla desincrustrante. Así mismo, te realizamos un peeling corporal con el que recuperaras una piel suave."
        }, 
        {
            "service_category": "Depilación", 
            "service": "Pack Tratamiento Facial (1H Y 15Min)", 
            "duration": 5400, 
            "price": "91 € ", 
            "description": "El servicio consiste en una higiene facial con tratamiento personalizado, diseño de cejas, Tratamiento contorno de ojos, masaje con exfoloación de manos y masaje de piernas con presoterapia."
        }, 
        {
            "service_category": "Depilación", 
            "service": "Tratamiento Facial Hidratante", 
            "duration": 3600, 
            "price": "40 € ", 
            "description": "Si notas tu piel con tirantez y falta de elasticidad este es tu servicio. Piel limpia e hidratada en un solo gesto con nuestro tratamiento a base de jugo de frutas 100% naturales. Lucirás un rostro mucho más hidratado y lleno de vida."
        }, 
        {
            "service_category": "Depilación", 
            "service": "Masaje Ritual Oriental Hamman", 
            "duration": 3600, 
            "price": "48 € ", 
            "description": "Recupera toda la suavidad de tu piel, mediante una exfoliación con nuestros guantes exclusivos, seguido de un masaje manual con aceite de Argán."
        }
    ]
}