{
    "adid": null, 
    "name": "Urban Chic Estetic", 
    "name_of_contact": "Urban Chic Estetic", 
    "scrape_page": "https://www.bucmi.com/urbanchic", 
    "business_website": "https://www.bucmi.com/urbanchic", 
    "areas_covered": null, 
    "description": "Urban Chic Estetic es un exclusivo centro de belleza unisex ubicado en Arturo Soria en Madrid, que gracias a un personal cualificado y a un trato personalizado, te hará sentir cómodo a la vez que te pone guap@.", 
    "img_link": [
        "https://d1nd15w2k87kz0.cloudfront.net/Uploads/635683208811492643.jpg", 
        "https://d1nd15w2k87kz0.cloudfront.net/Uploads/635749805146294401.jpg", 
        "https://d1nd15w2k87kz0.cloudfront.net/Uploads/635967588539562079.jpg", 
        "https://d1nd15w2k87kz0.cloudfront.net/Uploads/635967590107498644.jpg", 
        "https://d1nd15w2k87kz0.cloudfront.net/Uploads/635967590435929315.jpg", 
        "https://d1nd15w2k87kz0.cloudfront.net/Uploads/635967590623581635.jpg", 
        "https://d1nd15w2k87kz0.cloudfront.net/Uploads/635967591385441045.jpg", 
        "https://d1nd15w2k87kz0.cloudfront.net/Uploads/635967591526063182.jpg", 
        "https://d1nd15w2k87kz0.cloudfront.net/Uploads/635967591690747186.jpg", 
        "https://d1nd15w2k87kz0.cloudfront.net/Uploads/635967591870587236.jpg", 
        "https://d1nd15w2k87kz0.cloudfront.net/Uploads/636075538042033871.jpg", 
        "https://d1nd15w2k87kz0.cloudfront.net/Uploads/636177479265819243.jpg", 
        "https://d1nd15w2k87kz0.cloudfront.net/Uploads/636177479397534513.jpg", 
        "https://d1nd15w2k87kz0.cloudfront.net/Uploads/636177479929707494.jpg"
    ], 
    "hqdb_featured_ad_type": "Featured", 
    "hqdb_nr_reviews": "122", 
    "hqdb_review_score": "9,1", 
    "accreditations": null, 
    "category": null, 
    "subcategory": null, 
    "street": "C/ Cartagena, 73", 
    "city": "Madrid", 
    "zipcode": "28043", 
    "formatted_address": "C/ Cartagena, 73, Madrid, 28043", 
    "country": "es", 
    "office_number": "910250464", 
    "office_number2": null, 
    "mobile_number": null, 
    "mobile_number2": null, 
    "unidentified_phone_numbers": null, 
    "latitude": "40.4630565000", 
    "longitude": "-3.6561848000", 
    "business_email": null, 
    "yelp_page": null, 
    "facebook": null, 
    "twitter": null, 
    "instagram": null, 
    "venue_images": "https://d1nd15w2k87kz0.cloudfront.net/Logotipos/635931435578945071.jpg", 
    "opening_hours_raw": null, 
    "pricelist_link": null, 
    "services": [
        {
            "service_category": "Preferente", 
            "service": "Demo Radiofrecuencia Facial", 
            "duration": 1800, 
            "price": "90 € ", 
            "description": "¿Quieres lucir una piel tersa y mucho más joven? Ven a tu Centro de Estética Urban Chic Estetic y ponte en manos de nuestros mejores profesionales. Gracias a nuestra Demo Facial de radiofrecuencia conseguirás una piel renovada ya que eliminarás las primeras líneas de expresión, reduce manchas, cicatrices y pequeñas imperfecciones. Muy reafirmante. Reserva esta sesión y comprueba la diferencia. ¡Ven a visitarnos! ¡No dejes que te lo cuenten! DF"
        }, 
        {
            "service_category": "Preferente", 
            "service": "Higiene Facial Y Tratamiento Labios", 
            "duration": 3600, 
            "price": "58 € ", 
            "description": "¿Quieres lucir una piel suave, hidratada y nutrida? ¿Y además cuidar tus labios? Ven a tu Centro de Estética Urban Chic Estetic y ponte en manos de nuestros mejores profesionales. Cuida tu piel y tus labios con este servicio. Sanea tus labios con este servicio, que incluye un peeling labial con el que eliminarás las pielecitas sobrantes y finaliza con una mascarilla bálsamo para hidratar tus labios, Además de una higiene facial completa. Reserva tu cita cómodamente online a través de Bucmi.com. DF"
        }, 
        {
            "service_category": "Preferente", 
            "service": "Masaje Relajante, Descontracturante O Mixto", 
            "duration": 1800, 
            "price": "28 € ", 
            "description": "Elije entre masaje relajante, descontracturante, o mixto en la zona que tú elijas: pies, piernas, espalda y cuello, craneofacial o cuerpo entero. Relaja cuerpo y mente. Se puede elegir el aceite con el cual se quiere realizar el masaje, entre los siguientes aromas: fresa, melón, cereza, chocolate, lavanda, rosa de mosqueta, almendras, étc. Reserva tu cita cómodamente online a través de Bucmi.com y ven a nuestro Centro y sumérgete en un universo de relax y bienestar. DF"
        }, 
        {
            "service_category": "Preferente", 
            "service": "Depilación Cera Masculina Integral (Pubis)", 
            "duration": 1800, 
            "price": "20 € ", 
            "description": "¿Quieres lucir un cuerpo libre de vello molesto? Ven a tu Centro de Estética Urban Chic Estetic y ponte en manos de nuestros mejores profesionales. Luce una piel suave, hidratada y nutrida. Olvídate de tener que depilarte al menos en 3 semanas. Servicio de depilación integral con cera en la zona del pubis para hombre La cera que utilizamos en Urban Chic es de un sólo uso, totalmente nueva y sin reciclar. Reserva tu cita cómodamente online a través de Bucmi.com. ¡Te encantará!DF"
        }, 
        {
            "service_category": "Preferente", 
            "service": "Tratamiento Corporal: Ritual 7 Sentidos", 
            "duration": 3600, 
            "price": "49 € ", 
            "description": "Disfruta de este tratamiento corporal en el que comenzamos eligiendo el aroma del ritual (Chocolate, Fresa, Cereza, Melón, Lavanda, Rosa Mosqueta, etc...), realizamos un peeling corporal por todo el cuerpo, después se pasará a la ducha, luego aplicamos la hidratación y envoltura y para finalizar realizamos una hidratación corporal mediante un masaje. Se regala una bebida fría o caliente con un detalle dulce según el aroma elegido para acabar el ritual. Reserva tu cita online a través de Bucmi.comF"
        }, 
        {
            "service_category": "Estética", 
            "service": "Rimel Permanente (3 Semanas De Pestañas Perfectas)", 
            "duration": 1800, 
            "price": "60 € ", 
            "description": "Presume de pestañas con nuestro Rimel permanente, dura hasta 3 semanas perfectas. Por este precio te rizamos las pestañas con un rizador térmico, te hacemos el rimel y te lo quitamos al acabar las 3 semanas. Ahora con el buen tiempo, presume de tus pestañas, en la playa, en el gimnasio, después de una noche loca, Siempre!!! Puedes Complementarlo por 8€ con nuestro Diseño de Cejas. Luce una mirada atractiva y seductora. Dí adiós a tú máscara de pestañas. Estarás perfecta siempre. Reserva tu cita ahora. DF"
        }, 
        {
            "service_category": "Estética", 
            "service": "Demo Radiofrecuencia Facial", 
            "duration": 1800, 
            "price": "90 € ", 
            "description": "¿Quieres lucir una piel tersa y mucho más joven? Ven a tu Centro de Estética Urban Chic Estetic y ponte en manos de nuestros mejores profesionales. Gracias a nuestra Demo Facial de radiofrecuencia conseguirás una piel renovada ya que eliminarás las primeras líneas de expresión, reduce manchas, cicatrices y pequeñas imperfecciones. Muy reafirmante. Reserva esta sesión y comprueba la diferencia. ¡Ven a visitarnos! ¡No dejes que te lo cuenten! DF"
        }, 
        {
            "service_category": "Estética", 
            "service": "Hidratación Facial Express", 
            "duration": 1800, 
            "price": "36 € ", 
            "description": "El servicio incluye: Desmaquillamos la piel, peeling scrub, tonificamos la piel, Mascarilla muy hidratante, masaje facial, hidratación según tipo de piel, siempre aconsejado por nuestras profesionales. ¿Quieres lucir una piel suave, hidratada y nutrida? Ven a tu Centro de Estética Urban Chic Estetic y ponte en manos de nuestros mejores profesionales. Luce una piel suave, súper hidrata y nutrida. Devuelve a tu piel su color y aspecto natural. Disfruta de una piel con mucho brillo y vitalidad. Reserva ahoraF"
        }, 
        {
            "service_category": "Estética", 
            "service": "3 Sesiones Cavitación, Lipólisis O Radiofrecuencia", 
            "duration": 1800, 
            "price": "225 € ", 
            "description": "Di adiós a la grasa localizada en abdomen, glúteos, rodilla, brazos, flanco o la zona que elijas. Para ello, podrás elegir la técnica más eficaz para ti: cavitación, lipólisis o radiofrecuencia. Además, contamos con unas ampollas que potencian los resultados hasta en un 50%. Podrás adquirir el producto en el centro y nuestra profesionales te lo aplicará en esa misma sesión. Según la ampolla elegida el precio puede oscilar entre 12 y 20 euros. Reserva tu cita cómodamente online a través de Bucmi.com. DF"
        }, 
        {
            "service_category": "Estética", 
            "service": "Higiene Facial Y Tratamiento Labios", 
            "duration": 3600, 
            "price": "58 € ", 
            "description": "¿Quieres lucir una piel suave, hidratada y nutrida? ¿Y además cuidar tus labios? Ven a tu Centro de Estética Urban Chic Estetic y ponte en manos de nuestros mejores profesionales. Cuida tu piel y tus labios con este servicio. Sanea tus labios con este servicio, que incluye un peeling labial con el que eliminarás las pielecitas sobrantes y finaliza con una mascarilla bálsamo para hidratar tus labios, Además de una higiene facial completa. Reserva tu cita cómodamente online a través de Bucmi.com. DF"
        }, 
        {
            "service_category": "Estética", 
            "service": "Tto. Facial A Elegir Contorno Ojos O Vitamina C", 
            "duration": 3600, 
            "price": "80 € ", 
            "description": "Elige uno de nuestros tratamientos estrella para tu rostro. Tratamiento Contorno de Ojos: desmaquillado, tónico, peeling de Scrub de Vitamina C, aplicación de concentrado drenante en la zona, masaje en zona orbicular, mascarilla en zona orbicular, crema para combatir las bolsas y patas de gallo y crema oxigenante en todo el rostro. Tratamiento Facial Vitamina C: Desmaquillado, tónico, peelin scrub con Vitamina C, aplicación de concentrado de Vitamina C, masaje, mascarilla y crema final. Reserva tu cita yaF"
        }, 
        {
            "service_category": "Estética", 
            "service": "Maquillaje De Día/Noche O Fiesta", 
            "duration": 3600, 
            "price": "35 € ", 
            "description": "¿Tienes un evento importante y quieres sacar lo mejor de ti? Ven a tu Centro de Estética Urban Chic Estetic y ponte en manos de nuestros mejores profesionales. Te asesoramos acerca del look que más te favorece, para que seas la estrella de la fiesta. Luce un maquillaje natural y que realce las facciones más bonitas de tu rostro. Deslumbrarás en tu cita especial o evento. Reserva tu cita cómodamente online a través de Bucmi.com. ¡Ven a visitarnos! ¡No dejes que te lo cuenten! DF"
        }, 
        {
            "service_category": "Estética", 
            "service": "Pack *Es Tu Momento.*: Higiene Facial", 
            "duration": 3600, 
            "price": "120 € ", 
            "description": "Incluye higiene facial con mascarilla de oro, peeling químico, extracción de puntos negros sin vapor de ozono.El peeling químico apto para todo tipo de pieles y edades. Sigue el tratamiento labial con peeling y mascarilla para eliminar las pieles sobrante e hidratar tus labios. Podrás elegir entre un tratamiento de parafina en manos, así como esmaltado permanente en manos o pies a 1 color, no Francesa. Y disfruta de un masaje de 10 minutos a elegir en manos, pies, cráneo o facial. ¡Detalle de té y dulce!DF"
        }, 
        {
            "service_category": "Estética", 
            "service": "Peeling Corporal Con Hidratación", 
            "duration": 2700, 
            "price": "28 € ", 
            "description": "¿Quieres lucir un cuerpo suave, hidratado y nutrido? Ven a tu Centro de Estética Urban Chic Estetic y ponte en manos de nuestros mejores profesionales. Luce una piel suave, hidratada y nutrida. Devuelve a tu piel su color y aspecto natural. Peeling corporal con sales del mar muerto, una ducha e hidratación corporal. Toda una experiencia de belleza y relax. Reserva tu cita cómodamente online a través de Bucmi.com. ¡Ven a visitarnos! ¡No dejes que te lo cuenten! DF"
        }, 
        {
            "service_category": "Estética", 
            "service": "Peeling Facial Despigmentante", 
            "duration": 2700, 
            "price": "30 € ", 
            "description": "¿Quieres lucir una piel libre de imperfecciones? Ven a tu Centro de Estética Urban Chic Estetic y ponte en manos de nuestros mejores profesionales. El peeling despigmentante servicio no agresivo y eficaz para el tratamiento de las manchas del rostro. Luce una piel bonita, suave y sin rastro de manchitas. Devuelve a tu piel su color y aspecto natural. Disfruta de una piel mucho más hidratada y libre de imperfecciones. Reserva tu cita cómodamente online a través de Bucmi.com. ¡Te encantará! DF"
        }, 
        {
            "service_category": "Estética", 
            "service": "Tinte De Pestañas", 
            "duration": 1800, 
            "price": "17 € ", 
            "description": "¿Quieres lucir una mirada penetrante y cautivadora? Ven a tu Centro de Estética Urban Chic Estetic y ponte en manos de nuestros mejores profesionales. Luce una mirada de cine, gracias a nuestro servicio de tinte de pestañas, además olvídate de la máscara durante más tiempo. Disfruta de una mirada atractiva y seductora. Olvídate de tu máscara de pestañas. Estarás perfecta desde primera hora de la mañana. Reserva tu cita cómodamente online a través de Bucmi.com. ¡Ven a visitarnos! ¡Te encantará!DF"
        }, 
        {
            "service_category": "Estética", 
            "service": "Tinte Y Permanente De Pestañas", 
            "duration": 5400, 
            "price": "28 € ", 
            "description": "¿Quieres lucir una mirada penetrante y cautivadora? Ven a tu Centro de Estética Urban Chic Estetic y ponte en manos de nuestros mejores profesionales. Tiñe y riza tus pestañas para una mirada más intensa. Un tratamiento muy reservado por bloggers, que se olvidan de usar la máscara de pestañas. Disfruta de una mirada atractiva y seductora. Olvídate de tu máscara de pestañas. Estarás perfecta desde primera hora de la mañana. Reserva tu cita cómodamente online a través de Bucmi.com. ¡Ven a visitarnos!DF"
        }, 
        {
            "service_category": "Estética", 
            "service": "Tratamiento Corporal: Ritual 7 Sentidos", 
            "duration": 3600, 
            "price": "49 € ", 
            "description": "Disfruta de este tratamiento corporal en el que comenzamos eligiendo el aroma del ritual (Chocolate, Fresa, Cereza, Melón, Lavanda, Rosa Mosqueta, etc...), realizamos un peeling corporal por todo el cuerpo, después se pasará a la ducha, luego aplicamos la hidratación y envoltura y para finalizar realizamos una hidratación corporal mediante un masaje. Se regala una bebida fría o caliente con un detalle dulce según el aroma elegido para acabar el ritual. Reserva tu cita online a través de Bucmi.comF"
        }, 
        {
            "service_category": "Estética", 
            "service": "Tratamiento Corporal: Ritual Secretos De Egipto", 
            "duration": 3600, 
            "price": "59 € ", 
            "description": "Disfruta de este tratamiento corporal con un peeling corporal por todo el cuerpo con sales minerales del Mar Muerto, después se pasará a la ducha, luego aplicamos la hidratación y envoltura de leche de Cleopatra y para finalizar realizamos una hidratación corporal mediante un masaje con leche de Cleopatra. Todo el tratamiento va enriquecido con sales minerales del Mar Muerto. Se regala una bebida fría o caliente con un detalle dulce para acabar el ritual. Reserva tu cita online a través de Bucmi.com. DF"
        }, 
        {
            "service_category": "Manicura y Pedicura", 
            "service": "Manicura Y Pedicura", 
            "duration": 5400, 
            "price": "40 € ", 
            "description": "Manicura y pedicura completa que incluye: Desmaquillado de las uñas (de esmalte tradicional, no permanente),limado, retirada de cutículas, eliminación de durezas en los pies (es MANUAL, NO utilizamos torno), crema final y maquillado de la uña con esmalte tradicional. ¿Quieres lucir unas uñas bonitas, cuidadas y perfectas? Ven a tu Centro de Estética Urban Chic Estetic y ponte en manos de nuestros mejores profesionales. Podrás elegir el color que más te guste entre más de 150 colores, entre brillo o mate. DF"
        }, 
        {
            "service_category": "Manicura y Pedicura", 
            "service": "Manicura Completa", 
            "duration": 2700, 
            "price": "12 € ", 
            "description": "Desmaquillado de Esmalte normal (NO PERMANENTE), limado, cutículas, pulido si es necesario, esmaltado normal a 1 color, aceite de cutículas e hidratación con masaje de manos. ¿Quieres lucir unas uñas bonitas, cuidadas y perfectas? Ven a tu Centro de Estética Urban Chic Estetic y ponte en manos de nuestros mejores profesionales. Podrás elegir el color que más te guste entre más de 150 colores, entre brillo o mate. Luce unas uñas coloridas, bonitas y bien cuidadas. Reserva tu cita online en Bucmi.com. DF"
        }, 
        {
            "service_category": "Manicura y Pedicura", 
            "service": "Manicura Express", 
            "duration": 900, 
            "price": "6 € ", 
            "description": "Desmaquillado de esmalte normal (NO PERMANENTE) Limado y esmaltado a un color, aceite de cutículas, e hidratación con masaje de manos. ¿Quieres lucir unas uñas bonitas, cuidadas y perfectas? Ven a tu Centro de Estética Urban Chic Estetic y ponte en manos de nuestros mejores profesionales. Podrás elegir el color que más te guste entre más de 150 colores, entre brillo o mate. Luce unas uñas coloridas, bonitas y bien cuidadas. Reserva tu cita cómodamente online a través de Bucmi.com. ¡Te encantará!DF"
        }, 
        {
            "service_category": "Manicura y Pedicura", 
            "service": "Manicura Francesa Permanente", 
            "duration": 3600, 
            "price": "21 € ", 
            "description": "Arreglo de las uñas, desmaquillado de esmalte normal (NO PERMANENTE), limado, cutículas, pulido si es necesario y esmaltado en acabado francesa permanente. (blanco o color). Aceite de cutículas, e hidratación con masaje de manos. ¿Quieres lucir unas uñas bonitas, cuidadas y perfectas? Ven a tu Centro de Estética Urban Chic Estetic y ponte en manos de nuestros mejores profesionales. Luce unas uñas bonitas, cuidadas y elegantes. Tus manos son muy importantes y dicen mucho de ti. Reserva tu cita ahoraF"
        }, 
        {
            "service_category": "Manicura y Pedicura", 
            "service": "Manicura Y Pedicura Completa Permanente", 
            "duration": 7200, 
            "price": "42 € ", 
            "description": "Este servicio incluye: manicura y pedicura permanente con color. Limar/cortar las uñas, retirar cutículas, hidratar y esmaltado de color. Si se desea realizar esmaltado Francesa se cobra un suplemento de 3€ en el Centro. (3€ manos y 3€ pies). Podrás elegir el color que más te guste entre 100 colores, entre brillo o mate. Luce unas uñas bonitas, perfectas y bien cuidadas. Tus manos son muy importantes y dicen mucho de tiima y cuida tus manos.No utilizamos torno en la retirada de permanente. Reserva ahoraF"
        }, 
        {
            "service_category": "Manicura y Pedicura", 
            "service": "Pedicura Completa", 
            "duration": 3600, 
            "price": "22 € ", 
            "description": "Incluye: Arreglo de las uñas (desmaquillado de esmalte normal (NO PERMANENTE), limado, cutículas, pulido si es necesario, eliminación de durezas, crema hidratante y esmaltado tradicional a elegir entre más de 150 colores, brillo o mate. NO UTILIZAMOS TORNO. Todo es MANUAL. Quieres lucir unas uñas bonitas, cuidadas y perfectas? Ven a tu Centro de Estética Urban Chic Estetic y ponte en manos de nuestros mejores profesionales. Luce unas uñas bonitas, cuidadas y elegantes. Reserva tu cita online ahora. DF"
        }, 
        {
            "service_category": "Manicura y Pedicura", 
            "service": "Pedicura Super Chic", 
            "duration": 3600, 
            "price": "30 € ", 
            "description": "Arreglo de las uñas (desmaquillado de esmalte normal (NO PERMANENTE), limado, cutículas, pulido si es necesario y esmaltado normal, eliminación de durezas y callosidades, peeling con exfoliante especial, mascarilla con envoltura súper hidratante, crema hidratante y masaje de pies. Luce unas uñas bonitas, cuidadas y perfectas. Podrás elegir el color que más te guste entre más de 150 colores, entre brillo o mate. No utilizamos torno en la retirada de permanente. Reserva tu cita online a través de Bucmi.com. DF"
        }, 
        {
            "service_category": "Manicura y Pedicura", 
            "service": "Tratamiento De Parafina En Manos", 
            "duration": 900, 
            "price": "8 € ", 
            "description": "¿Quieres lucir unas manos súper hidratados? Ven a tu Centro de Estética Urban Chic Estetic y ponte en manos de nuestros mejores profesionales. Tratamiento de manos para conseguir una piel hidratada y mucho más suave. Tus manos se pueden agrietar a causa del frío o del calor y este tratamiento lo que consigue es penetrar en las capas de la piel nutriendo tus manos. Reserva tu cita cómodamente online a través de Bucmi.com. ¡Ven a visitarnos! ¡No dejes que te lo cuenten!DF"
        }, 
        {
            "service_category": "Manicura y Pedicura", 
            "service": "Esmaltado Permanente Para Manos O Pies 1 Color", 
            "duration": 1800, 
            "price": "10 € ", 
            "description": "El servicio incluye esmaltado permanente a 1 color para manos o pies, masaje de cutículas y crema de manos. Ya no hay excusas para lucir siempre unas uñas perfectas. Y si te apetece, por 3€ más pagando en efectivo en el local, hazte la Francesa (blanco o color). Podrás elegir el color que más te guste entre 100 colores, entre brillo o mate. No incluye la retirada de esmaltado permanente. NO utilizamos Torno, es todo Manual. Reserva tu cita cómodamente online a través de Bucmi.com. DF"
        }, 
        {
            "service_category": "Masaje", 
            "service": "Masaje Facial Y Craneal", 
            "duration": 1800, 
            "price": "28 € ", 
            "description": "Duración 30 minutos. ¿Necesitas olvidarte de tus preocupaciones y de la rutina diaria? Ven a tu Centro de Estética Urban Chic Estetic y ponte en manos de nuestros mejores profesionales. Consigue una relajación profunda y elimina el estrés con un masaje localizado en la zona craneal y facial. Se puede elegir el aceite con el cual se quiere realizar el masaje, entre los siguientes aromas: fresa, melón, cereza, chocolate, lavanda, rosa de mosqueta, almendras, étc. Reserva tu cita online en Bucmi.comF"
        }, 
        {
            "service_category": "Masaje", 
            "service": "Masaje Relajante, Descontracturante O Mixto", 
            "duration": 1800, 
            "price": "28 € ", 
            "description": "Elije entre masaje relajante, descontracturante, o mixto en la zona que tú elijas: pies, piernas, espalda y cuello, craneofacial o cuerpo entero. Relaja cuerpo y mente. Se puede elegir el aceite con el cual se quiere realizar el masaje, entre los siguientes aromas: fresa, melón, cereza, chocolate, lavanda, rosa de mosqueta, almendras, étc. Reserva tu cita cómodamente online a través de Bucmi.com y ven a nuestro Centro y sumérgete en un universo de relax y bienestar. DF"
        }, 
        {
            "service_category": "Masaje", 
            "service": "Otros Masajes: Masaje Embarazada Pre Y Post Natal", 
            "duration": 3600, 
            "price": "42 € ", 
            "description": "¿Estás esperando a tu pequeño o pequeña y te está dando ya guerra? Ven a tu Centro de Estética Urban Chic Estetic y ponte en manos de nuestros mejores profesionales. Alivia el dolor de todo el cuerpo con un auténtico masaje para embarazadas, también pre y post natal. Es una necesidad. Saldrás renovada de nuestro Centro y conseguirás descansar mejor. Así empezarás los días con mucha más energía y vitalidad. Reserva tu cita cómodamente online a través de Bucmi.com. ¡Ven a visitarnos! DF"
        }, 
        {
            "service_category": "Depilación", 
            "service": "Depilación Cera Axilas", 
            "duration": 900, 
            "price": "6 € ", 
            "description": "¿Quieres lucir un cuerpo libre de vello molesto? Ven a tu Centro de Estética Urban Chic Estetic y ponte en manos de nuestros mejores profesionales. Luce una piel suave, hidratada y nutrida. Olvídate de tener que depilarte al menos en 3 semanas. Eliminación del vello realizado con cera. El precio del servicio es unisex. La cera que utilizamos en Urban Chic es de un sólo uso, totalmente nueva y sin reciclar. Reserva tu cita cómodamente online a través de Bucmi.com. ¡Te encantará! DF"
        }, 
        {
            "service_category": "Depilación", 
            "service": "Depilación Cera Ingles Brasileñas", 
            "duration": 900, 
            "price": "9 € ", 
            "description": "¿Quieres lucir un cuerpo libre de vello molesto? Ven a tu Centro de Estética Urban Chic Estetic y ponte en manos de nuestros mejores profesionales. Luce una piel suave, hidratada y nutrida. Olvídate de tener que depilarte al menos en 3 semanas. Depilación con cera para ingles brasileñas. Servicio específico para mujer. La cera que utilizamos en Urban Chic es de un sólo uso, totalmente nueva y sin reciclar. Reserva tu cita cómodamente online a través de Bucmi.com. ¡Te encantará! DF"
        }, 
        {
            "service_category": "Depilación", 
            "service": "Depilación Cera Ingles Normales Unisex", 
            "duration": 900, 
            "price": "6 € ", 
            "description": "¿Quieres lucir un cuerpo libre de vello molesto? Ven a tu Centro de Estética Urban Chic Estetic y ponte en manos de nuestros mejores profesionales. Luce una piel suave, hidratada y nutrida. Olvídate de tener que depilarte al menos en 3 semanas. Servicio con depilación cera Unisex. La depilación es una ingle normal, si se desea una más completa, se aplicará un suplemento en el centro. La cera que utilizamos en Urban Chic es de un sólo uso, totalmente nueva y sin reciclar. Reserva tu cita online en Bucmi.comF"
        }, 
        {
            "service_category": "Depilación", 
            "service": "Depilación Cera Masculina Integral (Pubis)", 
            "duration": 1800, 
            "price": "20 € ", 
            "description": "¿Quieres lucir un cuerpo libre de vello molesto? Ven a tu Centro de Estética Urban Chic Estetic y ponte en manos de nuestros mejores profesionales. Luce una piel suave, hidratada y nutrida. Olvídate de tener que depilarte al menos en 3 semanas. Servicio de depilación integral con cera en la zona del pubis para hombre La cera que utilizamos en Urban Chic es de un sólo uso, totalmente nueva y sin reciclar. Reserva tu cita cómodamente online a través de Bucmi.com. ¡Te encantará!DF"
        }, 
        {
            "service_category": "Depilación", 
            "service": "Depilación Cera Masculina Piernas Enteras", 
            "duration": 2700, 
            "price": "20 € ", 
            "description": "¿Quieres lucir un cuerpo libre de vello molesto? Ven a tu Centro de Estética Urban Chic Estetic y ponte en manos de nuestros mejores profesionales. Luce una piel suave, hidratada y nutrida. Olvídate de tener que depilarte al menos en 3 semanas. Depilación con cera para hombres. El servicio incluye piernas completas. La cera que utilizamos en Urban Chic es de un sólo uso, totalmente nueva y sin reciclar. Reserva tu cita cómodamente online a través de Bucmi.com. ¡Te encantará! DF"
        }, 
        {
            "service_category": "Depilación", 
            "service": "Depilación Cera Perianal Unisex", 
            "duration": 900, 
            "price": "6 € ", 
            "description": "¿Quieres lucir un cuerpo libre de vello molesto? Ven a tu Centro de Estética Urban Chic Estetic y ponte en manos de nuestros mejores profesionales. Luce una piel suave, hidratada y nutrida. Olvídate de tener que depilarte al menos en 3 semanas. Realizamos el servicio con cera caliente para eliminar el vello de raíz, de esta forma tardará más tiempo en volver a salir. No reciclamos la cera. Es de un sólo uso. Reserva tu cita cómodamente online a través de Bucmi.com. ¡Te encantará! DF"
        }, 
        {
            "service_category": "Depilación", 
            "service": "Depilación Cera Piernas Enteras Mujer", 
            "duration": 2700, 
            "price": "18 € ", 
            "description": "¿Quieres lucir un cuerpo libre de vello molesto? Ven a tu Centro de Estética Urban Chic Estetic y ponte en manos de nuestros mejores profesionales. Luce una piel suave, hidratada y nutrida. Olvídate de tener que depilarte al menos en 3 semanas. Eliminación del vello realizado con cera. La cera que utilizamos en Urban Chic es de un sólo uso, totalmente nueva y sin reciclar. Reserva tu cita cómodamente online a través de Bucmi.com. ¡Te encantará! DF"
        }, 
        {
            "service_category": "Depilación", 
            "service": "Depilación Cera Pubis Mujer", 
            "duration": 1800, 
            "price": "13 € ", 
            "description": "¿Quieres lucir un cuerpo libre de vello molesto? Ven a tu Centro de Estética Urban Chic Estetic y ponte en manos de nuestros mejores profesionales. Luce una piel suave, hidratada y nutrida. Olvídate de tener que depilarte al menos en 3 semanas. Servicio de depilación con cera pubis. Servicio específico para mujer. La cera que utilizamos en Urban Chic es de un sólo uso, totalmente nueva y sin reciclar. Reserva tu cita cómodamente online a través de Bucmi.com. ¡Te encantará! DF"
        }, 
        {
            "service_category": "Depilación", 
            "service": "Depilación Láser P.E Hombre O Mujer Fotodepilación", 
            "duration": 3600, 
            "price": "91 € ", 
            "description": "¿Quieres lucir un cuerpo libre de vello molesto? Ven a tu Centro de Estética Urban Chic Estetic y ponte en manos de nuestros mejores profesionales. Luce una piel suave, hidratada y nutrida. Olvídate de tener que depilarte en mucho tiempo. Sesión suelta de depilación con láser 100% indolora para hombre o para mujer en piernas enteras. Realizamos siempre una prueba previa totalmente gratuita, para que se compruebe que es INDOLORO y que sea compatible. Pregunta por nuestros bonos de depilación. Reserva ahoraF"
        }, 
        {
            "service_category": "Depilación", 
            "service": "Diseño De Cejas", 
            "duration": 900, 
            "price": "8 € ", 
            "description": "¿Quieres lucir una mirada penentrante y cautivadora? Ven a tu Centro de Estética Urban Chic Estetic y ponte en manos de nuestros mejores profesionales. Puedes elegir entre una depilación sencilla (limpiar la ceja), o hacerte un diseño nuevo de ceja, el que más se ajuste a tu forma de cara. Luce una mirada atractiva y seductora gracias al diseño de tus cejas. Tendrás una mirada arrebatadora. Dí adiós al vello molesto. Reserva tu cita cómodamente online a través de Bucmi.com. DF"
        }, 
        {
            "service_category": "Depilación", 
            "service": "Retoque De Cejas", 
            "duration": 900, 
            "price": "6 € ", 
            "description": "¿Quieres lucir una mirada penentrante y cautivadora? Ven a tu Centro de Estética Urban Chic Estetic y ponte en manos de nuestros mejores profesionales. Es aconsejable retocar periódicamente tus cejas para no perder la forma adecuada. Luce una mirada atractiva y seductora gracias al diseño de tus cejas. Tendrás una mirada arrebatadora. Dí adiós al vello molesto. Reserva tu cita cómodamente online a través de Bucmi.com. ¡Ven a visitarnos! ¡Estarás perfecta! DF"
        }, 
        {
            "service_category": "Bienestar", 
            "service": "Masaje Con Aromaterapia De 30 Minutos", 
            "duration": 1800, 
            "price": "24 € ", 
            "description": "¿Necesitas olvidarte de tus preocupaciones y de la rutina diaria? Ven a tu Centro de Estética Urban Chic Estetic y ponte en manos de nuestros mejores profesionales. Sumérgete en un universo de relax y bienestar. Desconecta de tu rutina diaria y disfruta de un auténtico masaje, con aromaterapia de 30 minutos. Desconecta de las obligaciones diarias y destensiónate. Saldrás renovad@ de nuestro Centro y notarás los resultados. Descansarás mucho mejor por las noches. Reserva tu cita online en Bucmi.com. DF"
        }, 
        {
            "service_category": "Bienestar", 
            "service": "Masaje Temático: Masaje Con Reiki 1 Hora", 
            "duration": 3600, 
            "price": "48 € ", 
            "description": "¿Necesitas olvidarte de tus preocupaciones y de la rutina diaria? Ven a tu Centro de Estética Urban Chic Estetic y ponte en manos de nuestros mejores profesionales. Sumérgete en un universo de relax y bienestar. Disfruta de un auténtico masaje en todo el cuerpo mezclado con el reiki, alivia el estrés, equilibra tu energía. Recarga pilas con nuestro masaje con reiki. Dale a tu cuerpo y tu mente el impulso energético que necesita. Reserva tu cita cómodamente online a través de Bucmi.com. ¡Te encantará!DF"
        }, 
        {
            "service_category": "Bienestar", 
            "service": "Reiki", 
            "duration": 2700, 
            "price": "45 € ", 
            "description": "En el Reiki partimos de la base de que el ser humano es todo energía, y por lo tanto, la disolución de los nudos que impiden que fluya nos ayudará a encontrarnos en equilibrio y mejorar nuestro estado de salud. Sesión de 40 minutos. El Reiki es una técnica japonesa que busca el equilibrio interior de nuestro organismo para desarrollar su capacidad para autosanarse. Prueba nuestra sesión suelta y dale a tu cuerpo y tu mente el impulso energético que necesita. Reserva tu cita online a través de Bucmi.com. DF"
        }
    ]
}