{
    "adid": null, 
    "name": "IL CORPO", 
    "name_of_contact": "IL CORPO", 
    "scrape_page": "https://www.bucmi.com/il-corpo", 
    "business_website": "https://www.bucmi.com/il-corpo", 
    "areas_covered": null, 
    "description": "Multiespacio ubicado en un entorno arbolado y residencial, a un paso del centro de Madrid, en el que se respira tranquilidad. El interiorismo elegante y minimalista integra tres zonas: wellness, estética y peluquería. ¡Cuídate y relájate con nosotros!", 
    "img_link": [
        "https://d1nd15w2k87kz0.cloudfront.net/Uploads/635738551476015765.jpg", 
        "https://d1nd15w2k87kz0.cloudfront.net/Uploads/635738551597421520.jpg", 
        "https://d1nd15w2k87kz0.cloudfront.net/Uploads/635738552025544931.jpg", 
        "https://d1nd15w2k87kz0.cloudfront.net/Uploads/635738557442849253.jpg", 
        "https://d1nd15w2k87kz0.cloudfront.net/Uploads/635738557879389194.jpg", 
        "https://d1nd15w2k87kz0.cloudfront.net/Uploads/635738557986732539.jpg", 
        "https://d1nd15w2k87kz0.cloudfront.net/Uploads/635738562654698600.jpg", 
        "https://d1nd15w2k87kz0.cloudfront.net/Uploads/635738563068690746.jpg", 
        "https://d1nd15w2k87kz0.cloudfront.net/Uploads/635738563107128114.jpg"
    ], 
    "hqdb_featured_ad_type": "Featured", 
    "hqdb_nr_reviews": "81", 
    "hqdb_review_score": "9,3", 
    "accreditations": null, 
    "category": null, 
    "subcategory": null, 
    "street": "C/ Arroyofresno, 17", 
    "city": "Madrid", 
    "zipcode": "28035", 
    "formatted_address": "C/ Arroyofresno, 17, Madrid, 28035", 
    "country": "es", 
    "office_number": "913769048", 
    "office_number2": null, 
    "mobile_number": null, 
    "mobile_number2": null, 
    "unidentified_phone_numbers": null, 
    "latitude": "40.4751410999", 
    "longitude": "-3.7429932000", 
    "business_email": null, 
    "yelp_page": null, 
    "facebook": null, 
    "twitter": null, 
    "instagram": null, 
    "venue_images": "https://d1nd15w2k87kz0.cloudfront.net/Logotipos/635914710906213389.jpg", 
    "opening_hours_raw": null, 
    "pricelist_link": null, 
    "services": [
        {
            "service_category": "Preferente", 
            "service": "Circuito Termal Privado En Pareja", 
            "duration": 3600, 
            "price": "70 € ", 
            "description": "Circuito en absoluta intimidad con degustación de té y bombones/pastas, para disfrutar de una experiencia única. Esta zona dispone de bañeras jacuzzi, sauna, baño turco, y tres tipos de ducha: escocesa, de contrastes y aromática. Disfruta de un absoluto oasis de relax. Ven a IL CORPO y disfruta de nuestras mejores instalaciones. Ven a relajarte con tu pareja y olvídate de todo durante 1 hora. Reserva tu cita cómodamente online a través de Bucmi.com."
        }, 
        {
            "service_category": "Preferente", 
            "service": "Tratamiento Capilar Colágeno Y Peinado", 
            "duration": 2700, 
            "price": "38 € ", 
            "description": "Tratamiento capilar realizado con colágeno regenerándolo desde la raíz para conseguir un cabello fuerte, suave y brillante. El servicio incluye lavado y peinado. ¿Quieres lucir un pelo mucho más fuerte y sedoso? Ven a tu Salón de Belleza IL CORPO y ponte en manos de nuestros mejores profesionales. Luce una melena bonita. luminosa, sana y fuerte. Reserva tu cita cómodamente online a través de Bucmi.com. ¡Ven a visitarnos! ¡No dejes que te lo cuenten!"
        }, 
        {
            "service_category": "Preferente", 
            "service": "Color Clásico, Corte De Pelo Y Peinado", 
            "duration": 5400, 
            "price": "84,5 € ", 
            "description": "Color clásico, corte de pelo y peinado para estar perfecta en cualquier ocasión. El color con pre-tratamiento para cabello dañado o sensibilizado. Incluye Lavado essential, Corte de pelo y Peinado. ¿Quieres lucir un pelo uniforme, luminoso y cuidado? Ven a tu Salón de Belleza IL CORPO y ponte en manos de nuestros mejores profesionales. Luce una melena bonita, sana y con mucho brillo. Reserva tu cita cómodamente online a través de Bucmi.com."
        }, 
        {
            "service_category": "Preferente", 
            "service": "Corte De Pelo Mujer Y Tto Keratina Natural", 
            "duration": 3600, 
            "price": "73,6 € ", 
            "description": "El pack perfecto para disfrutar de un pelo sano, brillante, bonito y rejuvenecido. El servicio incluye corte, tratamiento reparador con keratina natural y secado natural, de la gama Davines ¿Quieres cambiar de look? ¿O dar un nuevo aire a tu imagen? Ven a tu Salón de Belleza IL CORPO y ponte en manos de nuestros mejores profesionales. Luce una melena fuerte, cuidada y luminosa. Reserva tu cita cómodamente online a través de Bucmi.com. ¡Ven a visitarnos! ¡No dejes que te lo cuenten!"
        }, 
        {
            "service_category": "Preferente", 
            "service": "Corte Para Hombre Y Tratamiento Anticaída", 
            "duration": 3600, 
            "price": "42,5 € ", 
            "description": "Tratamiento indicado para cueros cabelludos y/o cabello frágil y fino o con tendencia a la caída. El servicio incluye tratamiento, corte de pelo y peinado. ¿Quieres cambiar de look? ¿O dar un nuevo aire a tu imagen? Ven a tu Salón de Belleza IL CORPO y ponte en manos de nuestros mejores profesionales. Luce una melena fuerte, cuidada y luminosa. Reserva tu cita cómodamente online a través de Bucmi.com. ¡Ven a visitarnos! ¡No dejes que te lo cuenten!"
        }, 
        {
            "service_category": "Preferente", 
            "service": "Su Higiene Facial Básica", 
            "duration": 3600, 
            "price": "55 € ", 
            "description": "Esta higiene facial básica se realiza con vapor para abrir y limpiar los poros o con productos bio-naturales. Un tratamiento Klapp de belleza fundamental para que cualquier crema, maquillaje a o producto, funcione correctamente y luzcas una piel bonita. ¿Quieres lucir una piel suave y libre de imperfecciones? Ven a tu Salón de Estética IL CORPO y ponte en manos de nuestros mejores profesionales. Luce una piel suave, hidratada y nutrida. Devuelve a tu piel su color y aspecto natural. Reserva ahora."
        }, 
        {
            "service_category": "Preferente", 
            "service": "Manicura Clásica Essie", 
            "duration": 1800, 
            "price": "22 € ", 
            "description": "Para la realización de la manicura clásica se emplean ingredientes de calidad profesional que combaten los signos del envejecimiento. Escoge el esmalte Essie que mejor vaya contigo y disfruta de unas uñas bonitas y a todo color. ¿Quieres lucir unas uñas bonitas y cuidadas? Ven a tu Salón de Belleza IL CORPO y ponte en manos de nuestros mejores profesionales. Luce unas manos bonitas y cuidadas con tus nuevas uñas. Tus manos son muy importantes y dicen mucho de ti. Mima y cuida tus manos."
        }, 
        {
            "service_category": "Peluquería", 
            "service": "Tratamiento Capilar Colágeno Y Peinado", 
            "duration": 2700, 
            "price": "38 € ", 
            "description": "Tratamiento capilar realizado con colágeno regenerándolo desde la raíz para conseguir un cabello fuerte, suave y brillante. El servicio incluye lavado y peinado. ¿Quieres lucir un pelo mucho más fuerte y sedoso? Ven a tu Salón de Belleza IL CORPO y ponte en manos de nuestros mejores profesionales. Luce una melena bonita. luminosa, sana y fuerte. Reserva tu cita cómodamente online a través de Bucmi.com. ¡Ven a visitarnos! ¡No dejes que te lo cuenten!"
        }, 
        {
            "service_category": "Peluquería", 
            "service": "Color Clásico, Corte De Pelo Y Peinado", 
            "duration": 5400, 
            "price": "84,5 € ", 
            "description": "Color clásico, corte de pelo y peinado para estar perfecta en cualquier ocasión. El color con pre-tratamiento para cabello dañado o sensibilizado. Incluye Lavado essential, Corte de pelo y Peinado. ¿Quieres lucir un pelo uniforme, luminoso y cuidado? Ven a tu Salón de Belleza IL CORPO y ponte en manos de nuestros mejores profesionales. Luce una melena bonita, sana y con mucho brillo. Reserva tu cita cómodamente online a través de Bucmi.com."
        }, 
        {
            "service_category": "Peluquería", 
            "service": "Corte De Pelo Mujer Y Tto Keratina Natural", 
            "duration": 3600, 
            "price": "73,6 € ", 
            "description": "El pack perfecto para disfrutar de un pelo sano, brillante, bonito y rejuvenecido. El servicio incluye corte, tratamiento reparador con keratina natural y secado natural, de la gama Davines ¿Quieres cambiar de look? ¿O dar un nuevo aire a tu imagen? Ven a tu Salón de Belleza IL CORPO y ponte en manos de nuestros mejores profesionales. Luce una melena fuerte, cuidada y luminosa. Reserva tu cita cómodamente online a través de Bucmi.com. ¡Ven a visitarnos! ¡No dejes que te lo cuenten!"
        }, 
        {
            "service_category": "Peluquería", 
            "service": "Corte Para Hombre Y Tratamiento Anticaída", 
            "duration": 3600, 
            "price": "42,5 € ", 
            "description": "Tratamiento indicado para cueros cabelludos y/o cabello frágil y fino o con tendencia a la caída. El servicio incluye tratamiento, corte de pelo y peinado. ¿Quieres cambiar de look? ¿O dar un nuevo aire a tu imagen? Ven a tu Salón de Belleza IL CORPO y ponte en manos de nuestros mejores profesionales. Luce una melena fuerte, cuidada y luminosa. Reserva tu cita cómodamente online a través de Bucmi.com. ¡Ven a visitarnos! ¡No dejes que te lo cuenten!"
        }, 
        {
            "service_category": "Peluquería", 
            "service": "Plan Especial Novias", 
            "duration": 14400, 
            "price": "375 € ", 
            "description": "¿Te casas? Este pack completo para novia incluye: prueba y Peinado, prueba y Maquillaje, manicura Spa, pedicura Spa, exfoliación Corporal, masaje tonificante, diseño de cejas y retoque de belleza facial. Estarás perfecta ese día tan especial. Prepárate para uno de los días más especiales de tu vida. Sin ninguna duda serás la protagonista y estarás perfecta y guapísima. La boda de tus sueños está apunto de cumplirse y tienes que estar radiante y espectacular. Reserva tu cita cómodamente online en Bucmi.com."
        }, 
        {
            "service_category": "Estética", 
            "service": "Tratamiento Capilar Colágeno Y Peinado", 
            "duration": 2700, 
            "price": "38 € ", 
            "description": "Tratamiento capilar realizado con colágeno regenerándolo desde la raíz para conseguir un cabello fuerte, suave y brillante. El servicio incluye lavado y peinado. ¿Quieres lucir un pelo mucho más fuerte y sedoso? Ven a tu Salón de Belleza IL CORPO y ponte en manos de nuestros mejores profesionales. Luce una melena bonita. luminosa, sana y fuerte. Reserva tu cita cómodamente online a través de Bucmi.com. ¡Ven a visitarnos! ¡No dejes que te lo cuenten!"
        }, 
        {
            "service_category": "Estética", 
            "service": "Color Clásico, Corte De Pelo Y Peinado", 
            "duration": 5400, 
            "price": "84,5 € ", 
            "description": "Color clásico, corte de pelo y peinado para estar perfecta en cualquier ocasión. El color con pre-tratamiento para cabello dañado o sensibilizado. Incluye Lavado essential, Corte de pelo y Peinado. ¿Quieres lucir un pelo uniforme, luminoso y cuidado? Ven a tu Salón de Belleza IL CORPO y ponte en manos de nuestros mejores profesionales. Luce una melena bonita, sana y con mucho brillo. Reserva tu cita cómodamente online a través de Bucmi.com."
        }, 
        {
            "service_category": "Estética", 
            "service": "Corte De Pelo Mujer Y Tto Keratina Natural", 
            "duration": 3600, 
            "price": "73,6 € ", 
            "description": "El pack perfecto para disfrutar de un pelo sano, brillante, bonito y rejuvenecido. El servicio incluye corte, tratamiento reparador con keratina natural y secado natural, de la gama Davines ¿Quieres cambiar de look? ¿O dar un nuevo aire a tu imagen? Ven a tu Salón de Belleza IL CORPO y ponte en manos de nuestros mejores profesionales. Luce una melena fuerte, cuidada y luminosa. Reserva tu cita cómodamente online a través de Bucmi.com. ¡Ven a visitarnos! ¡No dejes que te lo cuenten!"
        }, 
        {
            "service_category": "Estética", 
            "service": "Corte Para Hombre Y Tratamiento Anticaída", 
            "duration": 3600, 
            "price": "42,5 € ", 
            "description": "Tratamiento indicado para cueros cabelludos y/o cabello frágil y fino o con tendencia a la caída. El servicio incluye tratamiento, corte de pelo y peinado. ¿Quieres cambiar de look? ¿O dar un nuevo aire a tu imagen? Ven a tu Salón de Belleza IL CORPO y ponte en manos de nuestros mejores profesionales. Luce una melena fuerte, cuidada y luminosa. Reserva tu cita cómodamente online a través de Bucmi.com. ¡Ven a visitarnos! ¡No dejes que te lo cuenten!"
        }, 
        {
            "service_category": "Estética", 
            "service": "Plan Especial Novias", 
            "duration": 14400, 
            "price": "375 € ", 
            "description": "¿Te casas? Este pack completo para novia incluye: prueba y Peinado, prueba y Maquillaje, manicura Spa, pedicura Spa, exfoliación Corporal, masaje tonificante, diseño de cejas y retoque de belleza facial. Estarás perfecta ese día tan especial. Prepárate para uno de los días más especiales de tu vida. Sin ninguna duda serás la protagonista y estarás perfecta y guapísima. La boda de tus sueños está apunto de cumplirse y tienes que estar radiante y espectacular. Reserva tu cita cómodamente online en Bucmi.com."
        }, 
        {
            "service_category": "Estética", 
            "service": "Sesión Rayos Uva Alta Presión", 
            "duration": 900, 
            "price": "10 € ", 
            "description": "Con los rayos uva de alta presión conseguirás un bronceado rápido, bonito y duradero, siempre cuidando tu piel. La sesión tiene una duración de 10 minutos. ¿Quieres lucir un tono bonito de piel o prepararte de cara al buen tiempo? Ven a tu Salón de Belleza IL CORPO y ponte en manos de nuestros mejores profesionales. Luce un color de piel bonito y natural. Reserva tu cita cómodamente online a través de Bucmi.com. ¡Te encantará!"
        }, 
        {
            "service_category": "Manicura y Pedicura", 
            "service": "Tratamiento Capilar Colágeno Y Peinado", 
            "duration": 2700, 
            "price": "38 € ", 
            "description": "Tratamiento capilar realizado con colágeno regenerándolo desde la raíz para conseguir un cabello fuerte, suave y brillante. El servicio incluye lavado y peinado. ¿Quieres lucir un pelo mucho más fuerte y sedoso? Ven a tu Salón de Belleza IL CORPO y ponte en manos de nuestros mejores profesionales. Luce una melena bonita. luminosa, sana y fuerte. Reserva tu cita cómodamente online a través de Bucmi.com. ¡Ven a visitarnos! ¡No dejes que te lo cuenten!"
        }, 
        {
            "service_category": "Manicura y Pedicura", 
            "service": "Color Clásico, Corte De Pelo Y Peinado", 
            "duration": 5400, 
            "price": "84,5 € ", 
            "description": "Color clásico, corte de pelo y peinado para estar perfecta en cualquier ocasión. El color con pre-tratamiento para cabello dañado o sensibilizado. Incluye Lavado essential, Corte de pelo y Peinado. ¿Quieres lucir un pelo uniforme, luminoso y cuidado? Ven a tu Salón de Belleza IL CORPO y ponte en manos de nuestros mejores profesionales. Luce una melena bonita, sana y con mucho brillo. Reserva tu cita cómodamente online a través de Bucmi.com."
        }, 
        {
            "service_category": "Masaje", 
            "service": "Tratamiento Capilar Colágeno Y Peinado", 
            "duration": 2700, 
            "price": "38 € ", 
            "description": "Tratamiento capilar realizado con colágeno regenerándolo desde la raíz para conseguir un cabello fuerte, suave y brillante. El servicio incluye lavado y peinado. ¿Quieres lucir un pelo mucho más fuerte y sedoso? Ven a tu Salón de Belleza IL CORPO y ponte en manos de nuestros mejores profesionales. Luce una melena bonita. luminosa, sana y fuerte. Reserva tu cita cómodamente online a través de Bucmi.com. ¡Ven a visitarnos! ¡No dejes que te lo cuenten!"
        }, 
        {
            "service_category": "Masaje", 
            "service": "Color Clásico, Corte De Pelo Y Peinado", 
            "duration": 5400, 
            "price": "84,5 € ", 
            "description": "Color clásico, corte de pelo y peinado para estar perfecta en cualquier ocasión. El color con pre-tratamiento para cabello dañado o sensibilizado. Incluye Lavado essential, Corte de pelo y Peinado. ¿Quieres lucir un pelo uniforme, luminoso y cuidado? Ven a tu Salón de Belleza IL CORPO y ponte en manos de nuestros mejores profesionales. Luce una melena bonita, sana y con mucho brillo. Reserva tu cita cómodamente online a través de Bucmi.com."
        }, 
        {
            "service_category": "Depilación", 
            "service": "Tratamiento Capilar Colágeno Y Peinado", 
            "duration": 2700, 
            "price": "38 € ", 
            "description": "Tratamiento capilar realizado con colágeno regenerándolo desde la raíz para conseguir un cabello fuerte, suave y brillante. El servicio incluye lavado y peinado. ¿Quieres lucir un pelo mucho más fuerte y sedoso? Ven a tu Salón de Belleza IL CORPO y ponte en manos de nuestros mejores profesionales. Luce una melena bonita. luminosa, sana y fuerte. Reserva tu cita cómodamente online a través de Bucmi.com. ¡Ven a visitarnos! ¡No dejes que te lo cuenten!"
        }, 
        {
            "service_category": "Bienestar", 
            "service": "Tratamiento Capilar Colágeno Y Peinado", 
            "duration": 2700, 
            "price": "38 € ", 
            "description": "Tratamiento capilar realizado con colágeno regenerándolo desde la raíz para conseguir un cabello fuerte, suave y brillante. El servicio incluye lavado y peinado. ¿Quieres lucir un pelo mucho más fuerte y sedoso? Ven a tu Salón de Belleza IL CORPO y ponte en manos de nuestros mejores profesionales. Luce una melena bonita. luminosa, sana y fuerte. Reserva tu cita cómodamente online a través de Bucmi.com. ¡Ven a visitarnos! ¡No dejes que te lo cuenten!"
        }
    ]
}