{
    "adid": null, 
    "name": "Erika Montoya", 
    "name_of_contact": "Erika Montoya", 
    "scrape_page": "https://www.bucmi.com/erikamontoya", 
    "business_website": "https://www.bucmi.com/erikamontoya", 
    "areas_covered": null, 
    "description": "Erika Montoya Estética es un centro de belleza ubicado en Madrid en Calle de Maudes 62, entre las paradas de Cuatro Caminos y Nuevos Ministerios. De la mano de prestigiosas casas como Biologique Recherche, Casmara, Natura Bisse y Mesoestetic se ofrecen tratamientos totalmente personalizados, por lo que los protocolos varían de una persona a otra según el tipo y estado de cada piel. En Erika Montoya Estética podrás disfrutar de tratamientos de radiofrecuencia Indiba Deep Beauty, de una sesión de bronceado homogéneo y seguro con el novedoso solarium vertical, o de un tratamiento reductor bodyshock. Si además estas planeando la despedida de soltera, un cumpleaños, un baby shower o cualquier otra celebración para compartir con alquien especial, mira los packs exclusivos de Erika Montoya.", 
    "img_link": [
        "https://d1nd15w2k87kz0.cloudfront.net/Uploads/635902781326839509.jpg", 
        "https://d1nd15w2k87kz0.cloudfront.net/Uploads/635902781353090130.jpg", 
        "https://d1nd15w2k87kz0.cloudfront.net/Uploads/635902781390902611.jpg", 
        "https://d1nd15w2k87kz0.cloudfront.net/Uploads/635902781515459874.jpg", 
        "https://d1nd15w2k87kz0.cloudfront.net/Uploads/635902781541401768.jpg", 
        "https://d1nd15w2k87kz0.cloudfront.net/Uploads/635902781585308109.jpg", 
        "https://d1nd15w2k87kz0.cloudfront.net/Uploads/635902781617182984.jpg", 
        "https://d1nd15w2k87kz0.cloudfront.net/Uploads/635902781639057722.jpg"
    ], 
    "hqdb_featured_ad_type": "Featured", 
    "hqdb_nr_reviews": "132", 
    "hqdb_review_score": "9,4", 
    "accreditations": null, 
    "category": null, 
    "subcategory": null, 
    "street": "C/ Maudes, 62", 
    "city": "Madrid", 
    "zipcode": "28003", 
    "formatted_address": "C/ Maudes, 62, Madrid, 28003", 
    "country": "es", 
    "office_number": "910709410", 
    "office_number2": null, 
    "mobile_number": null, 
    "mobile_number2": null, 
    "unidentified_phone_numbers": null, 
    "latitude": "40.4449677000", 
    "longitude": "-3.6963259000", 
    "business_email": null, 
    "yelp_page": null, 
    "facebook": null, 
    "twitter": null, 
    "instagram": null, 
    "venue_images": "https://d1nd15w2k87kz0.cloudfront.net/Logotipos/635902782550815532.jpg", 
    "opening_hours_raw": null, 
    "pricelist_link": null, 
    "services": [
        {
            "service_category": "Preferente", 
            "service": "Indiba Facial Con Tratamiento", 
            "duration": 3600, 
            "price": "62,5 € ", 
            "description": "Tratamiento facial de 60 minutos en el cual, después de una ligera limpieza de la piel, se aplicará durante 40 minutos la Radiofrecuencia INDIBA, un exclusivo método que reequilibra el intercambio celular de iones haciendo que recuperen su función natural. De esta forma el tejido recobra su elasticidad, el oxigeno fluye mejor, y se produce la neocolagénesis (producción de colágeno). Indicado para mejorar la flacidez, reducir lineas de expresión y el aspecto de ojeras y bolsas."
        }, 
        {
            "service_category": "Preferente", 
            "service": "Limpieza Facial Profunda", 
            "duration": 5400, 
            "price": "68,75 € ", 
            "description": "Limpieza facial profunda de la piel del rostro con los productos de reconocida marca francesa BIOLOGIQUE RECHERCHE. El servicio incluye: exfoliación, extracción, y oxigenación de la piel utilizando el Remodeling Face. Se finalizará la sesión con un tratamiento específico según las necesidades de cada piel."
        }, 
        {
            "service_category": "Preferente", 
            "service": "Masaje Corporal", 
            "duration": 3600, 
            "price": "50 € ", 
            "description": "Sesión de una hora de masaje corporal a elegir entre: relajante, descontracturante, anticelulítico, drenaje linfático, reductor. Masaje realizado por los expertos del centro con años de experiencia en técnicas manuales."
        }, 
        {
            "service_category": "Preferente", 
            "service": "Microdermoabrasión Con Hidratación", 
            "duration": 3600, 
            "price": "75 € ", 
            "description": "Tratamiento de microdermoabrasión con punta de diamante para estimular la regeneración natural de la piel, activando así la formación de colágeno y elastina. Se terminará con con una mascarilla de alginatos hidratante y reafirmante. Para difuminar imperfecciones y pequeñas arrugas, y mejorar el acné,"
        }, 
        {
            "service_category": "Preferente", 
            "service": "Tratamiento Facial Antiedad: Remodeling Face", 
            "duration": 5400, 
            "price": "81,25 € ", 
            "description": "Tratamiento facial completo efecto lifting que incluye la aplicación de principios activos de los serums de la prestigiosa marca francesa Biologique Recherche. Ideal para conseguir un óvalo bien definido, unos pómulos prominentes, y unas arrugas menos marcadas."
        }, 
        {
            "service_category": "Preferente", 
            "service": "Tratamiento Facial Casmara", 
            "duration": 3600, 
            "price": "62,5 € ", 
            "description": "Tratamiento facial personalizado para reafirmar, hidratar, oxigenar y tonificar la piel. Se utilizan los productos de la marca Casmara, finalizando con la aplicación de una mascarilla algae peel-off."
        }, 
        {
            "service_category": "Preferente", 
            "service": "Tto Facial Vitamina C (Natura Bisse)", 
            "duration": 3600, 
            "price": "62,5 € ", 
            "description": "Potente tratamiento anti-edad a base de Vitamina C que protege la piel de los radicales libres, culpables del envejecimiento prematuro. El el tratamiento se limpiará la piel, utilizando además el peeling ultrasónico para eliminar las células muertas, se aplicará una mascarilla, un serum y una crema o fluido a la Vitamina C. Se finalizará con pantalla solar 50 para proteger la piel del sol. El resultado: una piel más luminosa y tersa. Ideal para la primavera/verano."
        }, 
        {
            "service_category": "Preferente", 
            "service": "Manicura Permanente Shellac", 
            "duration": 3600, 
            "price": "25 € ", 
            "description": "Servicio de manicura con esmaltado permanente Shellac. El servicio incluye: limado, retirada de cutículas, hidratación, masaje suave y esmaltado a elegir entre nuestra amplia gama de colores."
        }, 
        {
            "service_category": "Preferente", 
            "service": "Pedicura Spa Essie", 
            "duration": 2700, 
            "price": "31,25 € ", 
            "description": "El servicio incluye limado, retirada de cutículas, hidratación, eliminación de durezas, exfoliación, masaje y esmaltado a elegir el color que más te guste de la marca Essie. Esmaltado normal."
        }, 
        {
            "service_category": "Preferente", 
            "service": "Pack Beauty Love!!", 
            "duration": 9000, 
            "price": "79 € ", 
            "description": "Pack completo valorado en 110€ que incluye: Tratamiento facial Natura Bisse (60min), Manicura y Pedicura Spa Essie, Depilación cejas y labio."
        }, 
        {
            "service_category": "Preferente", 
            "service": "Tto Bodyshock De Mesoestetic", 
            "duration": 3600, 
            "price": "62,5 € ", 
            "description": "Tratamiento corporal reductor de MESOESTETIC altamente efectivo para deshacer los nódulos de grasa y piel de naranja. Tratamiento manual con principios activos que penetran por medio del masaje en la piel, actuando durante y después del tratamiento."
        }, 
        {
            "service_category": "Preferente", 
            "service": "Tto Indiba Corporal", 
            "duration": 3600, 
            "price": "62,5 € ", 
            "description": "Tratamiento corporal INDIBA, ayuda a potenciar tu belleza desde el interior. La piel recobra su elasticidad, la grasa disminuye, se reestablece la correcta circulación sanguínea y en general la piel rejuvenece y regenera. Indicado para reducir, tratar la celulitis, reafirmas, tratar estrías."
        }, 
        {
            "service_category": "Estética", 
            "service": "Indiba Facial Con Tratamiento", 
            "duration": 3600, 
            "price": "62,5 € ", 
            "description": "Tratamiento facial de 60 minutos en el cual, después de una ligera limpieza de la piel, se aplicará durante 40 minutos la Radiofrecuencia INDIBA, un exclusivo método que reequilibra el intercambio celular de iones haciendo que recuperen su función natural. De esta forma el tejido recobra su elasticidad, el oxigeno fluye mejor, y se produce la neocolagénesis (producción de colágeno). Indicado para mejorar la flacidez, reducir lineas de expresión y el aspecto de ojeras y bolsas."
        }, 
        {
            "service_category": "Estética", 
            "service": "Limpieza Facial Profunda", 
            "duration": 5400, 
            "price": "68,75 € ", 
            "description": "Limpieza facial profunda de la piel del rostro con los productos de reconocida marca francesa BIOLOGIQUE RECHERCHE. El servicio incluye: exfoliación, extracción, y oxigenación de la piel utilizando el Remodeling Face. Se finalizará la sesión con un tratamiento específico según las necesidades de cada piel."
        }, 
        {
            "service_category": "Estética", 
            "service": "Masaje Corporal", 
            "duration": 3600, 
            "price": "50 € ", 
            "description": "Sesión de una hora de masaje corporal a elegir entre: relajante, descontracturante, anticelulítico, drenaje linfático, reductor. Masaje realizado por los expertos del centro con años de experiencia en técnicas manuales."
        }, 
        {
            "service_category": "Estética", 
            "service": "Microdermoabrasión Con Hidratación", 
            "duration": 3600, 
            "price": "75 € ", 
            "description": "Tratamiento de microdermoabrasión con punta de diamante para estimular la regeneración natural de la piel, activando así la formación de colágeno y elastina. Se terminará con con una mascarilla de alginatos hidratante y reafirmante. Para difuminar imperfecciones y pequeñas arrugas, y mejorar el acné,"
        }, 
        {
            "service_category": "Estética", 
            "service": "Tratamiento Facial Antiedad: Remodeling Face", 
            "duration": 5400, 
            "price": "81,25 € ", 
            "description": "Tratamiento facial completo efecto lifting que incluye la aplicación de principios activos de los serums de la prestigiosa marca francesa Biologique Recherche. Ideal para conseguir un óvalo bien definido, unos pómulos prominentes, y unas arrugas menos marcadas."
        }, 
        {
            "service_category": "Estética", 
            "service": "Tratamiento Facial Casmara", 
            "duration": 3600, 
            "price": "62,5 € ", 
            "description": "Tratamiento facial personalizado para reafirmar, hidratar, oxigenar y tonificar la piel. Se utilizan los productos de la marca Casmara, finalizando con la aplicación de una mascarilla algae peel-off."
        }, 
        {
            "service_category": "Estética", 
            "service": "Tto Facial Vitamina C (Natura Bisse)", 
            "duration": 3600, 
            "price": "62,5 € ", 
            "description": "Potente tratamiento anti-edad a base de Vitamina C que protege la piel de los radicales libres, culpables del envejecimiento prematuro. El el tratamiento se limpiará la piel, utilizando además el peeling ultrasónico para eliminar las células muertas, se aplicará una mascarilla, un serum y una crema o fluido a la Vitamina C. Se finalizará con pantalla solar 50 para proteger la piel del sol. El resultado: una piel más luminosa y tersa. Ideal para la primavera/verano."
        }, 
        {
            "service_category": "Estética", 
            "service": "Peeling Corporal Vitac E Hidrataci (Natura Bisse)", 
            "duration": 3600, 
            "price": "61,25 € ", 
            "description": "Exfoliación profunda de la piel del cuerpo con peeling de Vitamina C, de la reconocida marca Natura Bisse, acompañado de una hidratación profunda de la piel. Ideal para preparar la piel de cara al verano, para eliminar células muertas y conseguir un bronceado uniforme y bonito en los dias de sol."
        }, 
        {
            "service_category": "Estética", 
            "service": "Bono 10 Sesiones De Solarium", 
            "duration": 900, 
            "price": "70 € ", 
            "description": "Pack de 10 sesiones de bronceado en cabina vertical. Para un bronceado más homogéneo y sin marcas."
        }, 
        {
            "service_category": "Estética", 
            "service": "Bono 10 Sesiones Masaje Corporal", 
            "duration": 3600, 
            "price": "400 € ", 
            "description": "Pack de 10 sesiones de 60 minutos cada una de masaje corporal personalizado a elegir entre: anticelulítico, relajante, drenaje linfático."
        }, 
        {
            "service_category": "Estética", 
            "service": "Bono 10 Sesiones Presoterapia", 
            "duration": 2700, 
            "price": "180 € ", 
            "description": "Pack de 10 sesiones de presoterapia de 45 minutos cada una. Tratamiento continuado para personas con piernas cansadas, embarazadas, personas que padecen retención de líquidos. Indicado también para prevenir y eliminar la celulitis."
        }, 
        {
            "service_category": "Estética", 
            "service": "Cavitación Y Presoterapia", 
            "duration": 3600, 
            "price": "62,5 € ", 
            "description": "Sesión de tratamiento combinado de cavitación y presoterapia. Indicado para reducir grasa localizada sin necesidad de pasar por una cirugía, acompañado de una sesión de presoterapia para favorecer el drenaje de los cúmulos de la misma."
        }, 
        {
            "service_category": "Estética", 
            "service": "Indiba Capilar", 
            "duration": 2700, 
            "price": "48,75 € ", 
            "description": "El equipo Indiba Deep Beauty trata problemas de calvicie, caída y cabello debilitado. Por primera vez, un equipo estético no invasivo favorece el crecimiento del pelo y lo fortalece de forma óptima. Eficaz desde la primera sesión."
        }, 
        {
            "service_category": "Estética", 
            "service": "Pack Beauty Love!!", 
            "duration": 9000, 
            "price": "79 € ", 
            "description": "Pack completo valorado en 110€ que incluye: Tratamiento facial Natura Bisse (60min), Manicura y Pedicura Spa Essie, Depilación cejas y labio."
        }, 
        {
            "service_category": "Estética", 
            "service": "Pack Indiba Capilar X 5 Sesiones", 
            "duration": 2700, 
            "price": "195 € ", 
            "description": "Pack de 5 sesiones de tratamiento capilar con la tecnología Indiba Deep Beauty, que trata problemas de calvicie, caída y cabello debilitado. Por primera vez, un equipo estético no invasivo favorece el crecimiento del pelo y lo fortalece de forma óptima. Eficaz desde la primera sesión."
        }, 
        {
            "service_category": "Estética", 
            "service": "Sesión Presoterapia", 
            "duration": 2700, 
            "price": "18 € ", 
            "description": "Sesión de 45 minutos de presoterapia. Ideal para mujeres embarazadas, mala circulación, piernas candadas, celulitis. A elegir zona del cuerpo a tratar."
        }, 
        {
            "service_category": "Estética", 
            "service": "Tto Bodyshock De Mesoestetic", 
            "duration": 3600, 
            "price": "62,5 € ", 
            "description": "Tratamiento corporal reductor de MESOESTETIC altamente efectivo para deshacer los nódulos de grasa y piel de naranja. Tratamiento manual con principios activos que penetran por medio del masaje en la piel, actuando durante y después del tratamiento."
        }, 
        {
            "service_category": "Estética", 
            "service": "Tto Indiba Corporal", 
            "duration": 3600, 
            "price": "62,5 € ", 
            "description": "Tratamiento corporal INDIBA, ayuda a potenciar tu belleza desde el interior. La piel recobra su elasticidad, la grasa disminuye, se reestablece la correcta circulación sanguínea y en general la piel rejuvenece y regenera. Indicado para reducir, tratar la celulitis, reafirmas, tratar estrías."
        }, 
        {
            "service_category": "Manicura y Pedicura", 
            "service": "Manicura Y Pedicura Shellac", 
            "duration": 5400, 
            "price": "65 € ", 
            "description": "Manicura y pedicura permanentes completas. El servicio incluye: limado, retirada de cutículas, hidratación, exfoliación, masaje y esmaltado a elegir entre nuestra amplia gama de colores de la marca Shellac."
        }, 
        {
            "service_category": "Manicura y Pedicura", 
            "service": "Manicura Y Pedicura Spa Essie", 
            "duration": 5400, 
            "price": "48,75 € ", 
            "description": "Pack de manicura y pedicura Spa. El servicio incluye: limado, retirada de cutículas, hidratación, eliminación de durezas, exfoliación, masaje y esmaltado a elegir de la marca Essie. Esmaltado normal."
        }, 
        {
            "service_category": "Manicura y Pedicura", 
            "service": "Manicura Permanente Shellac", 
            "duration": 3600, 
            "price": "25 € ", 
            "description": "Servicio de manicura con esmaltado permanente Shellac. El servicio incluye: limado, retirada de cutículas, hidratación, masaje suave y esmaltado a elegir entre nuestra amplia gama de colores."
        }, 
        {
            "service_category": "Manicura y Pedicura", 
            "service": "Pedicura Permanente Shellac", 
            "duration": 3600, 
            "price": "40 € ", 
            "description": "Pedicura permanente completa. El servicio incluye: limado, retirada de cutículas, hidratación, exfoliación, masaje suave y esmaltado a elegir entre nuestra amplia gama de colores de la marca Shellac."
        }, 
        {
            "service_category": "Manicura y Pedicura", 
            "service": "Pedicura Spa Essie", 
            "duration": 2700, 
            "price": "31,25 € ", 
            "description": "El servicio incluye limado, retirada de cutículas, hidratación, eliminación de durezas, exfoliación, masaje y esmaltado a elegir el color que más te guste de la marca Essie. Esmaltado normal."
        }, 
        {
            "service_category": "Manicura y Pedicura", 
            "service": "Manicura Spa Essie", 
            "duration": 2700, 
            "price": "14 € ", 
            "description": "Manicura Spa completa. Este servicio incluye: limado, retirada de cutículas, exfoliación, hidratación con masaje y esmaltado a color o francesa a elegir de la marca Essie. Esmaltado normal."
        }, 
        {
            "service_category": "Manicura y Pedicura", 
            "service": "Pack Beauty Love!!", 
            "duration": 9000, 
            "price": "79 € ", 
            "description": "Pack completo valorado en 110€ que incluye: Tratamiento facial Natura Bisse (60min), Manicura y Pedicura Spa Essie, Depilación cejas y labio."
        }, 
        {
            "service_category": "Masaje", 
            "service": "Masaje Corporal", 
            "duration": 3600, 
            "price": "50 € ", 
            "description": "Sesión de una hora de masaje corporal a elegir entre: relajante, descontracturante, anticelulítico, drenaje linfático, reductor. Masaje realizado por los expertos del centro con años de experiencia en técnicas manuales."
        }, 
        {
            "service_category": "Masaje", 
            "service": "Bono 10 Sesiones Masaje Corporal", 
            "duration": 3600, 
            "price": "400 € ", 
            "description": "Pack de 10 sesiones de 60 minutos cada una de masaje corporal personalizado a elegir entre: anticelulítico, relajante, drenaje linfático."
        }, 
        {
            "service_category": "Depilación", 
            "service": "Depilación Con Hilo Cejas", 
            "duration": 900, 
            "price": "15 € ", 
            "description": "Diseño de cejas y eliminación del vello en exceso con la milenaria técnica del hilo. Técnica precisa, indolora y duradera, deja la piel suave y sin irritaciones. Ideal para las pieles más sensibles."
        }, 
        {
            "service_category": "Depilación", 
            "service": "Depilación Con Hilo Rostro", 
            "duration": 1800, 
            "price": "38 € ", 
            "description": "Depilación del vello en exceso en el rostro con la técnica del hilo.Técnica indolora y eficaz, deja la piel suave y sin irritaciones. Ideal para las pieles más sensibles."
        }, 
        {
            "service_category": "Depilación", 
            "service": "Pack Depilación Cera Axilas, Ingles B Y Piernas E.", 
            "duration": 5400, 
            "price": "55 € ", 
            "description": "Pack de depilación con cera caliente o tibia de: axilas, ingles brasileñas y piernas enteras. De terminará el tratamiento con un gel retardante del crecimiento del vello."
        }, 
        {
            "service_category": "Depilación", 
            "service": "Pack Depilación Cera Axilas, Ingles N Y M. Piernas", 
            "duration": 3600, 
            "price": "45 € ", 
            "description": "Pack de depilación con cera caliente o tibia de: axilas, ingles normales y medias piernas. De terminará el tratamiento con un gel retardante del crecimiento del vello."
        }
    ]
}