{
    "adid": null, 
    "name": "Bienestar Natural", 
    "name_of_contact": "Bienestar Natural", 
    "scrape_page": "https://www.bucmi.com/bienestarnatural", 
    "business_website": "https://www.bucmi.com/bienestarnatural", 
    "areas_covered": null, 
    "description": "Centro de belleza y salud en pleno Barrio de Salamanca en Madrid. Ponemos a tu disposición una amplia gama de tratamientos médicos así como la aparatología estética más avanzada para sacar el máximo partido a tu belleza natural. No dudes en visitarnos.", 
    "img_link": [
        "https://d1nd15w2k87kz0.cloudfront.net/Uploads/635484601247653081.jpg", 
        "https://d1nd15w2k87kz0.cloudfront.net/Uploads/635484601264998208.jpg", 
        "https://d1nd15w2k87kz0.cloudfront.net/Uploads/635484601325002969.jpg", 
        "https://d1nd15w2k87kz0.cloudfront.net/Uploads/635484603461807765.jpg", 
        "https://d1nd15w2k87kz0.cloudfront.net/Uploads/635484603493687215.jpg"
    ], 
    "hqdb_featured_ad_type": "Featured", 
    "hqdb_nr_reviews": "0", 
    "hqdb_review_score": "0,0", 
    "accreditations": null, 
    "category": null, 
    "subcategory": null, 
    "street": "C/ Galeote, 2", 
    "city": "Madrid", 
    "zipcode": "28001", 
    "formatted_address": "C/ Galeote, 2, Madrid, 28001", 
    "country": "es", 
    "office_number": "915757375", 
    "office_number2": null, 
    "mobile_number": null, 
    "mobile_number2": null, 
    "unidentified_phone_numbers": null, 
    "latitude": "40.4257268000", 
    "longitude": "-3.6784897000", 
    "business_email": null, 
    "yelp_page": null, 
    "facebook": null, 
    "twitter": null, 
    "instagram": null, 
    "venue_images": "https://d1nd15w2k87kz0.cloudfront.net/Logotipos/635972884520161405.jpg", 
    "opening_hours_raw": null, 
    "pricelist_link": null, 
    "services": [
        {
            "service_category": "Estética", 
            "service": "Tratamiento Reductor Corporal", 
            "duration": 3600, 
            "price": "85 € ", 
            "description": "Combinación de técnicas según el diagnóstico: criolipolisis, termolipolisis, presoterapia y masaje y radiofrecuencia. ¿Quieres lucir un cuerpo tonificado y realzar tu figura? Ven a Bienestar Natural y ponte en manos de nuestros mejores profesionales, ellos te asesorarán en todo momento acerca del tratamiento que más te conviene según tus necesidades. Disfruta de un cuerpo libre de grasa localizada y celulitis. Dí adiós a la flacidez. Reserva ahora tu cita cómodamente online a través de Bucmi.com."
        }, 
        {
            "service_category": "Estética", 
            "service": "Tratamiento Facial", 
            "duration": 3600, 
            "price": "85 € ", 
            "description": "Disfruta de una piel sin impurezas y completamente hidratada. El tratamiento incluye un diagnóstico de la piel y un tratamiento específico. Luce una piel luminosa, suave, bonita y mucho más hidratada. Dí adiós al acné y las impurezas. Notarás los resultados. Ven a Bienestar Natural y ponte en las manos de nuestros mejores profesionales, te asesorarán en todo momento según tu tipo de piel. Reserva tu cita cómodamente online a través de Bucmi.com."
        }, 
        {
            "service_category": "Estética", 
            "service": "Tto. Corporal Reafirmante Eliminación De Varices", 
            "duration": 2700, 
            "price": "95 € ", 
            "description": "Tratamiento para la eliminación de las varices. Consiste en la inflamación controlada de las paredes internas de la vena. En Bienestar Natural realizamos la eliminación de estas alteraciones que tanto te molestan y este es el momento adecuado para comenzar este tratamiento. Luce un cuerpo tonificado y dí adiós de una vez por todas a esas varices que no te gustan nada. Disfruta de un cuerpo perfecto. Reserva ahora tu cita online a través de Bucmi.com."
        }, 
        {
            "service_category": "Depilación", 
            "service": "Depilación Láser Zona Pequeña", 
            "duration": 1800, 
            "price": "40 € ", 
            "description": "Eliminación del vello con láser en las zonas pequeñas. ¿Quieres lucir una piel libre de vello? Ven a Bienestar Natural y ponte en manos de nuestros mejores esteticistas profesionales. Dí adiós al vello molesto de una vez por todas. ¡Olvídate de depilarte! Disfruta de un cuerpo suave e hidratado. Reserva tu cita cómodamente online a través de Bucmi.com."
        }
    ]
}