{
    "adid": null, 
    "name": "Tcuida", 
    "name_of_contact": "Tcuida", 
    "scrape_page": "https://www.bucmi.com/tcuidacanillas", 
    "business_website": "https://www.bucmi.com/tcuidacanillas", 
    "areas_covered": null, 
    "description": "Te cuidamos por dentro ¡y por fuera! Ven a Tcuida en Canillas, Madrid y conoce todos nuestros servicios de belleza y nutrición. Nuestros especialistas te aconsejarán de manera personalizada sobre nuestras higienes faciales, manicuras, pedicuras....", 
    "img_link": [
        "https://d1nd15w2k87kz0.cloudfront.net/Uploads/635920901333364399.jpg", 
        "https://d1nd15w2k87kz0.cloudfront.net/Uploads/635920901359457811.jpg", 
        "https://d1nd15w2k87kz0.cloudfront.net/Uploads/635920901397119546.jpg", 
        "https://d1nd15w2k87kz0.cloudfront.net/Uploads/635920901421499717.jpg", 
        "https://d1nd15w2k87kz0.cloudfront.net/Uploads/635920901449155885.jpg"
    ], 
    "hqdb_featured_ad_type": "Featured", 
    "hqdb_nr_reviews": "6", 
    "hqdb_review_score": "9,3", 
    "accreditations": null, 
    "category": null, 
    "subcategory": null, 
    "street": null, 
    "city": "Madrid", 
    "zipcode": "Madrid", 
    "formatted_address": "Madrid, 28032, Madrid, Madrid", 
    "country": "es", 
    "office_number": "913003152", 
    "office_number2": null, 
    "mobile_number": null, 
    "mobile_number2": null, 
    "unidentified_phone_numbers": null, 
    "latitude": "40.4625713000", 
    "longitude": "-3.6531019999", 
    "business_email": null, 
    "yelp_page": null, 
    "facebook": null, 
    "twitter": null, 
    "instagram": null, 
    "venue_images": "https://d1nd15w2k87kz0.cloudfront.net/Logotipos/635920955455596232.jpg", 
    "opening_hours_raw": null, 
    "pricelist_link": null, 
    "services": [
        {
            "service_category": "Preferente", 
            "service": "Fotodepilación Ingles O Axilas", 
            "duration": 900, 
            "price": "27 € ", 
            "description": "Sesión suelta de fotodepilación de ingles o axilas. Elimina el vello de forma semipermanente."
        }, 
        {
            "service_category": "Preferente", 
            "service": "Manicura Permanente", 
            "duration": 2700, 
            "price": "20,5 € ", 
            "description": "Realizamos manicura con limado, retirada de cuticulas y esmaltado permanente a elegir entre todos nuestros colores."
        }, 
        {
            "service_category": "Preferente", 
            "service": "Plataforma Vibratoria", 
            "duration": 900, 
            "price": "10 € ", 
            "description": "Sorprendentes resultados en poco tiempo. La máquina vibra con el objetivo de tonificar nuestros músculos. El número de sesiones necesaria varía según las necesidades de cada usuario."
        }, 
        {
            "service_category": "Estética", 
            "service": "Bono 10 Sesiones Plataforma Vibratoria", 
            "duration": 900, 
            "price": "100 € ", 
            "description": "Sorprendentes resultados en poco tiempo. La máquina vibra con el objetivo de tonificar nuestros músculos. El número de sesiones necesaria varía según las necesidades de cada usuario. Bono de 10 sesiones con un descuento del 30%, no dejes escapar esta oportunidad y presume de figura."
        }, 
        {
            "service_category": "Estética", 
            "service": "Bono 10 Sesiones Presoterapia", 
            "duration": 1800, 
            "price": "250 € ", 
            "description": "Bono de 10 sesiones de presoterapia. Realizamos masaje linfático para eliminar líquidos, reducir celulitis, moldear el cuerpo, etc."
        }, 
        {
            "service_category": "Estética", 
            "service": "Autobronceador", 
            "duration": 1800, 
            "price": "35 € ", 
            "description": "Consigue un moreno en el momento 100% natural gracias a la caña de azúcar. Recomendamos no llevar ropa blanca por si se te mancha y el efecto te durará una semana."
        }, 
        {
            "service_category": "Estética", 
            "service": "Higiene Facial", 
            "duration": 3600, 
            "price": "40 € ", 
            "description": "Servicio de higiene facial básica. Empezamos el tratamiento limpiando y desmaquillando la piel, exfoliamos, aplicamos vapor para que se favorezca la extracción y finalizamos con un masaje y mascarilla."
        }, 
        {
            "service_category": "Estética", 
            "service": "Peeling Facial Químico", 
            "duration": 1800, 
            "price": "45 € ", 
            "description": "Desmaquillado de la piel, tónico y peeling químico para renovar tu piel después del verano. Además de una mascarilla hidratante"
        }, 
        {
            "service_category": "Estética", 
            "service": "Plataforma Vibratoria", 
            "duration": 900, 
            "price": "10 € ", 
            "description": "Sorprendentes resultados en poco tiempo. La máquina vibra con el objetivo de tonificar nuestros músculos. El número de sesiones necesaria varía según las necesidades de cada usuario."
        }, 
        {
            "service_category": "Manicura y Pedicura", 
            "service": "Bono 10 Sesiones Plataforma Vibratoria", 
            "duration": 900, 
            "price": "100 € ", 
            "description": "Sorprendentes resultados en poco tiempo. La máquina vibra con el objetivo de tonificar nuestros músculos. El número de sesiones necesaria varía según las necesidades de cada usuario. Bono de 10 sesiones con un descuento del 30%, no dejes escapar esta oportunidad y presume de figura."
        }, 
        {
            "service_category": "Manicura y Pedicura", 
            "service": "Bono 10 Sesiones Presoterapia", 
            "duration": 1800, 
            "price": "250 € ", 
            "description": "Bono de 10 sesiones de presoterapia. Realizamos masaje linfático para eliminar líquidos, reducir celulitis, moldear el cuerpo, etc."
        }, 
        {
            "service_category": "Manicura y Pedicura", 
            "service": "Autobronceador", 
            "duration": 1800, 
            "price": "35 € ", 
            "description": "Consigue un moreno en el momento 100% natural gracias a la caña de azúcar. Recomendamos no llevar ropa blanca por si se te mancha y el efecto te durará una semana."
        }, 
        {
            "service_category": "Depilación", 
            "service": "Bono 10 Sesiones Plataforma Vibratoria", 
            "duration": 900, 
            "price": "100 € ", 
            "description": "Sorprendentes resultados en poco tiempo. La máquina vibra con el objetivo de tonificar nuestros músculos. El número de sesiones necesaria varía según las necesidades de cada usuario. Bono de 10 sesiones con un descuento del 30%, no dejes escapar esta oportunidad y presume de figura."
        }, 
        {
            "service_category": "Depilación", 
            "service": "Bono 10 Sesiones Presoterapia", 
            "duration": 1800, 
            "price": "250 € ", 
            "description": "Bono de 10 sesiones de presoterapia. Realizamos masaje linfático para eliminar líquidos, reducir celulitis, moldear el cuerpo, etc."
        }, 
        {
            "service_category": "Depilación", 
            "service": "Autobronceador", 
            "duration": 1800, 
            "price": "35 € ", 
            "description": "Consigue un moreno en el momento 100% natural gracias a la caña de azúcar. Recomendamos no llevar ropa blanca por si se te mancha y el efecto te durará una semana."
        }, 
        {
            "service_category": "Depilación", 
            "service": "Higiene Facial", 
            "duration": 3600, 
            "price": "40 € ", 
            "description": "Servicio de higiene facial básica. Empezamos el tratamiento limpiando y desmaquillando la piel, exfoliamos, aplicamos vapor para que se favorezca la extracción y finalizamos con un masaje y mascarilla."
        }, 
        {
            "service_category": "Depilación", 
            "service": "Peeling Facial Químico", 
            "duration": 1800, 
            "price": "45 € ", 
            "description": "Desmaquillado de la piel, tónico y peeling químico para renovar tu piel después del verano. Además de una mascarilla hidratante"
        }
    ]
}