{
    "adid": null, 
    "name": "Karlos Costa Estilistas", 
    "name_of_contact": "Karlos Costa Estilistas", 
    "scrape_page": "https://www.bucmi.com/karloscosta", 
    "business_website": "https://www.bucmi.com/karloscosta", 
    "areas_covered": null, 
    "description": "Karlos Costa Estilistas es un centro especializado en peluquería, estética y tratamientos capilares ubicado en la latina, en Madrid. Contamos con más de 30 años de experiencia y te asesoraremos en todo lo que necesites saber para mejorar tu imagen.", 
    "img_link": [
        "https://d1nd15w2k87kz0.cloudfront.net/Uploads/636302178314867489.jpg", 
        "https://d1nd15w2k87kz0.cloudfront.net/Uploads/636302178381742177.jpg", 
        "https://d1nd15w2k87kz0.cloudfront.net/Uploads/636302178405648324.jpg", 
        "https://d1nd15w2k87kz0.cloudfront.net/Uploads/636302179794387529.jpg", 
        "https://d1nd15w2k87kz0.cloudfront.net/Uploads/636302179920011469.jpg", 
        "https://d1nd15w2k87kz0.cloudfront.net/Uploads/636302179959698671.jpg", 
        "https://d1nd15w2k87kz0.cloudfront.net/Uploads/636302180045166827.jpg", 
        "https://d1nd15w2k87kz0.cloudfront.net/Uploads/636302181326875446.jpg", 
        "https://d1nd15w2k87kz0.cloudfront.net/Uploads/636302181430311961.jpg"
    ], 
    "hqdb_featured_ad_type": "Featured", 
    "hqdb_nr_reviews": "0", 
    "hqdb_review_score": "0,0", 
    "accreditations": null, 
    "category": null, 
    "subcategory": null, 
    "street": null, 
    "city": "Madrid", 
    "zipcode": "28005", 
    "formatted_address": "Madrid, 28005", 
    "country": "es", 
    "office_number": "918330887", 
    "office_number2": null, 
    "mobile_number": null, 
    "mobile_number2": null, 
    "unidentified_phone_numbers": null, 
    "latitude": "40.4114012000", 
    "longitude": "-3.7178820000", 
    "business_email": null, 
    "yelp_page": null, 
    "facebook": null, 
    "twitter": null, 
    "instagram": null, 
    "venue_images": "https://d1nd15w2k87kz0.cloudfront.net/Logotipos/635908681293686679.jpg", 
    "opening_hours_raw": null, 
    "pricelist_link": null, 
    "services": [
        {
            "service_category": "Preferente", 
            "service": "Alisado Brasileño", 
            "duration": 7200, 
            "price": "180 € ", 
            "description": "¡Prueba nuestro alisado brasileño! En nuestro centro, Karlos Costa Estilistas, te ofrecemos un tratamiento pensado para cuidar tu cabello. Está compuesto por keratina 100% hidrolizada, dejando una melena lisa, brillante y las puntas totalmente sanas. ¡Reserva ahora!"
        }, 
        {
            "service_category": "Preferente", 
            "service": "Corte De Pelo Mujer", 
            "duration": 1800, 
            "price": "53 € ", 
            "description": "¡Sanea tu cabello reservando nuestro servicio de corte para mujer! Incluye el lavado con champú específico y el corte que más te guste. No incluye el peinado. Confía en nuestro experto estilista Karlos Costa y consigue un corte de tendencia gracias a los años de experiencia que le avalan. ¿A qué estás esperando para hacer tu reserva online en nuestro centro? Te encantará el resultado. Solo tienes que hacer clic con Bucmi.com."
        }, 
        {
            "service_category": "Preferente", 
            "service": "Tratamiento Capilar Hidratación Natural", 
            "duration": 5400, 
            "price": "95 € ", 
            "description": "¡Reserva nuestro tratamiento capilar a base de chocolate para hidratar tu cabello! Notarás tu cabello totalmente hidratado y con más brillo. No tiene efecto alisador. Aporta vitaminas y magnesio - Trata la deshidratación y desnutrición de la fibra capilar - Evita la formación de radicales libres - Otorga brillo y volumen. Ahorra tiempo y reserva ya tu cita online rápida y cómodamente. Para todos los largos."
        }, 
        {
            "service_category": "Preferente", 
            "service": "Corte De Pelo Hombre", 
            "duration": 1800, 
            "price": "30 € ", 
            "description": "El servicio de corte de pelo para caballero que incluye el lavado con champú del cabello y acabado final del corte. ¡Ven a conocernos a nuestra peluquería! No te arrepentirás. Reserva ya tu cita online. Porque en Karlos Costa también nos preocupamos de la imagen de nuestros clientes masculinos. No lo dudes más y haz tu reserva online ydisfruta de unos resultados únicos."
        }, 
        {
            "service_category": "Peluquería", 
            "service": "Alisado Brasileño", 
            "duration": 7200, 
            "price": "180 € ", 
            "description": "¡Prueba nuestro alisado brasileño! En nuestro centro, Karlos Costa Estilistas, te ofrecemos un tratamiento pensado para cuidar tu cabello. Está compuesto por keratina 100% hidrolizada, dejando una melena lisa, brillante y las puntas totalmente sanas. ¡Reserva ahora!"
        }, 
        {
            "service_category": "Peluquería", 
            "service": "Corte De Pelo Mujer", 
            "duration": 1800, 
            "price": "53 € ", 
            "description": "¡Sanea tu cabello reservando nuestro servicio de corte para mujer! Incluye el lavado con champú específico y el corte que más te guste. No incluye el peinado. Confía en nuestro experto estilista Karlos Costa y consigue un corte de tendencia gracias a los años de experiencia que le avalan. ¿A qué estás esperando para hacer tu reserva online en nuestro centro? Te encantará el resultado. Solo tienes que hacer clic con Bucmi.com."
        }, 
        {
            "service_category": "Peluquería", 
            "service": "Corte De Pelo Mujer Y Peinado", 
            "duration": 2700, 
            "price": "77 € ", 
            "description": "¡Sanea tu cabello reservando nuestro servicio de corte para mujer! Incluye el lavado con champú específico y el corte que más te guste. Incluye el peinado. Confía en nuestro experto estilista Karlos Costa y consigue un corte de tendencia gracias a los años de experiencia que le avalan. ¿A qué estás esperando para hacer tu reserva online en nuestro centro? Te encantará el resultado. Solo tienes que hacer clic con Bucmi.com."
        }, 
        {
            "service_category": "Peluquería", 
            "service": "Tratamiento Capilar Hidratación Natural", 
            "duration": 5400, 
            "price": "95 € ", 
            "description": "¡Reserva nuestro tratamiento capilar a base de chocolate para hidratar tu cabello! Notarás tu cabello totalmente hidratado y con más brillo. No tiene efecto alisador. Aporta vitaminas y magnesio - Trata la deshidratación y desnutrición de la fibra capilar - Evita la formación de radicales libres - Otorga brillo y volumen. Ahorra tiempo y reserva ya tu cita online rápida y cómodamente. Para todos los largos."
        }, 
        {
            "service_category": "Peluquería", 
            "service": "Alisado Definitivo Chocoliss Brasileño", 
            "duration": 14400, 
            "price": "450 € ", 
            "description": "¿Todavía no has probado los resultados del alisado brasileño? ¡Reserva ahora! Este tratamiento está compuesto a base de keratina y cacao (Chocoliss) 100% hidrolizada, dejando una melena lisa, brillante y las puntas mucho más sanas. En caso de que tu melena sea extralarga o cuente con mucho volumen consulte posible suplemento con el profesional."
        }, 
        {
            "service_category": "Peluquería", 
            "service": "Corte De Pelo Hombre", 
            "duration": 1800, 
            "price": "30 € ", 
            "description": "El servicio de corte de pelo para caballero que incluye el lavado con champú del cabello y acabado final del corte. ¡Ven a conocernos a nuestra peluquería! No te arrepentirás. Reserva ya tu cita online. Porque en Karlos Costa también nos preocupamos de la imagen de nuestros clientes masculinos. No lo dudes más y haz tu reserva online ydisfruta de unos resultados únicos."
        }
    ]
}