{
    "adid": null, 
    "name": "A Tu Estilo Peluqueros", 
    "name_of_contact": "A Tu Estilo Peluqueros", 
    "scrape_page": "https://www.bucmi.com/atuestilopeluqueros", 
    "business_website": "https://www.bucmi.com/atuestilopeluqueros", 
    "areas_covered": null, 
    "description": "Somos justo lo que necesitabas, somos tu Salón de Belleza en el Barrio del Pilar. Tenemos gran variedad de servicios de la mano de los mejores y más atentos profesionales. Reserva ya alguno de nuestros tratamientos, depilaciones... Te encantarán.", 
    "img_link": [
        "https://d1nd15w2k87kz0.cloudfront.net/Uploads/635925392676098706.jpg", 
        "https://d1nd15w2k87kz0.cloudfront.net/Uploads/635925392710942357.jpg", 
        "https://d1nd15w2k87kz0.cloudfront.net/Uploads/635925392773598419.jpg"
    ], 
    "hqdb_featured_ad_type": "Featured", 
    "hqdb_nr_reviews": "10", 
    "hqdb_review_score": "7,6", 
    "accreditations": null, 
    "category": null, 
    "subcategory": null, 
    "street": "C/ Arroyofresno, 17", 
    "city": "Madrid", 
    "zipcode": "28029", 
    "formatted_address": "C/ Arroyofresno, 17, Madrid, 28029", 
    "country": "es", 
    "office_number": "910342341", 
    "office_number2": null, 
    "mobile_number": null, 
    "mobile_number2": null, 
    "unidentified_phone_numbers": null, 
    "latitude": "40.4749948000", 
    "longitude": "-3.7133114000", 
    "business_email": null, 
    "yelp_page": null, 
    "facebook": null, 
    "twitter": null, 
    "instagram": null, 
    "venue_images": "https://d1nd15w2k87kz0.cloudfront.net/Logotipos/635969314049367686.jpg", 
    "opening_hours_raw": null, 
    "pricelist_link": null, 
    "services": [
        {
            "service_category": "Preferente", 
            "service": "Tto Bótox Capilar Pelo Corto Y Medio", 
            "duration": 1800, 
            "price": "18,75 € ", 
            "description": "Si sientes que tu cabello necesita renovarse,el bótox capilar es el tratamiento 100% ecológico ideal para la restauración de cabellos dañados.Este servicio puede recuperar la estructura del cabello sin perder volumen. Tu pelo se verá más brillante y sedoso y facilitando el cepillado.Te encantará."
        }, 
        {
            "service_category": "Preferente", 
            "service": "Color Y Peinado Media Melena", 
            "duration": 5400, 
            "price": "23,8 € ", 
            "description": "Prepárate para lucir un look perfecto con el color más favorecedor y el peinado que más te guste. Nuestro equipo de coloristas te asesorarán y guiarán para que elijas el color que más favorezcaedor de nuestra amplia gama, que unido al peinado que más te guste te dejará lista para cualquier plan."
        }, 
        {
            "service_category": "Preferente", 
            "service": "Mechas Y Peinado Pelo Largo", 
            "duration": 7200, 
            "price": "38,8 € ", 
            "description": "Dale luz a tu pelo y rompe la uniformidad de su color de tu con nuestro servicio de mechas. Nuestros profesionales te guiarán para lograr un look de moda,renovado y completamente personalizado. El servicio incluye lavado con champú especifico e hidratación. Pruébalo ya."
        }, 
        {
            "service_category": "Peluquería", 
            "service": "Tratamiento Capilar De Hidratación", 
            "duration": 1800, 
            "price": "18 € ", 
            "description": "Disfruta de este tratamiento capilar de hidratación y consigue una melena luminosa y profundamente hidratada gracias a nuestros expertos profesionales. El servicio se realiza con productos y champú de Keratina y tiene una duración de 20 minutos. Reserva tu cita cómodamente online a través de Bucmi.com. ¡No te arrepentirás!"
        }, 
        {
            "service_category": "Peluquería", 
            "service": "Tto Bótox Capilar Pelo Corto Y Medio", 
            "duration": 1800, 
            "price": "18,75 € ", 
            "description": "Si sientes que tu cabello necesita renovarse,el bótox capilar es el tratamiento 100% ecológico ideal para la restauración de cabellos dañados.Este servicio puede recuperar la estructura del cabello sin perder volumen. Tu pelo se verá más brillante y sedoso y facilitando el cepillado.Te encantará."
        }, 
        {
            "service_category": "Peluquería", 
            "service": "Tto Bótox Capilar Pelo Largo", 
            "duration": 1800, 
            "price": "25 € ", 
            "description": "Si sientes que tu cabello necesita renovarse,el bótox capilar es el tratamiento 100% ecológico ideal para la restauración de cabellos dañados.Este servicio puede recuperar la estructura del cabello sin perder volumen. Tu pelo se verá más brillante y sedoso y facilitando el cepillado.Te encantará."
        }, 
        {
            "service_category": "Peluquería", 
            "service": "Arreglo De Barba", 
            "duration": 1800, 
            "price": "5,9 € ", 
            "description": "Es cierto que la barba está de moda, pero siempre arreglada y cuidada. No te arriesgues con un afeitado mal hecho y reserva este servicio de arreglo de barba, saldrás encantado de nuestro centro y con un look de lo más actual."
        }, 
        {
            "service_category": "Peluquería", 
            "service": "Color Y Peinado Media Melena", 
            "duration": 5400, 
            "price": "23,8 € ", 
            "description": "Prepárate para lucir un look perfecto con el color más favorecedor y el peinado que más te guste. Nuestro equipo de coloristas te asesorarán y guiarán para que elijas el color que más favorezcaedor de nuestra amplia gama, que unido al peinado que más te guste te dejará lista para cualquier plan."
        }, 
        {
            "service_category": "Peluquería", 
            "service": "Cortar, Color Y Peinar Cabello Largo", 
            "duration": 7200, 
            "price": "35,7 € ", 
            "description": "Luce perfecta con este pack que incluye corte, color, y peinado con los mejores productos."
        }, 
        {
            "service_category": "Peluquería", 
            "service": "Corte Hombre", 
            "duration": 1800, 
            "price": "6,9 € ", 
            "description": "¿Quieres lucir un corte de pelo de manos de esta temporada? Reserva ahora y podrás disfrutar de un corte de pelo de manos de los mejores profesionales. El servicio consiste en un lavado, corte a gusto del cliente y secado."
        }, 
        {
            "service_category": "Peluquería", 
            "service": "Corte Niños", 
            "duration": 900, 
            "price": "5,9 € ", 
            "description": "Tus pequeños perfectos gracias a este servicio. Sanearemos su melena y les dejaremos guapísimos para que sean la envidia del cole. Les encantará incluso más que a ti."
        }, 
        {
            "service_category": "Peluquería", 
            "service": "Lavar Y Peinar Media Melena", 
            "duration": 2700, 
            "price": "8,9 € ", 
            "description": "Tanto si tienes un evento como si quieres lucir un cabello bonito en tu día a día, con este servicio no tendrás que preocuparte por nada. Lavamos y peinamos tu melena dejándola lista para impresionar. Ponte en nuestras manos y relájate. Te encantará."
        }, 
        {
            "service_category": "Peluquería", 
            "service": "Lavar Y Peinar Pelo Corto", 
            "duration": 1800, 
            "price": "6,9 € ", 
            "description": "Tanto si tienes un evento como si quieres lucir un cabello bonito en tu día a día, con este servicio no tendrás que preocuparte por nada. Lavamos y peinamos tu melena dejándola lista para impresionar. Ponte en nuestras manos y relájate. Te encantará."
        }, 
        {
            "service_category": "Peluquería", 
            "service": "Lavar Y Peinar Pelo Largo", 
            "duration": 2700, 
            "price": "10,9 € ", 
            "description": "Tanto si tienes un evento como si quieres lucir un cabello bonito en tu día a día, con este servicio no tendrás que preocuparte por nada. Lavamos y peinamos tu melena dejándola lista para impresionar. Ponte en nuestras manos y relájate. Te encantará."
        }, 
        {
            "service_category": "Peluquería", 
            "service": "Lavar, Cortar Y Peinar Pelo Corto", 
            "duration": 3600, 
            "price": "13,9 € ", 
            "description": "Tanto si tienes un evento como si quieres lucir un cabello bonito en tu día a día, con este servicio no tendrás que preocuparte por nada. Lavamos, peinamos y cortamos tu melena dejándola lista para impresionar. Ponte en nuestras manos y relájate. Te encantará."
        }, 
        {
            "service_category": "Peluquería", 
            "service": "Mechas Balayages Con Peinado", 
            "duration": 3600, 
            "price": "43,8 € ", 
            "description": "¡Las nuevas mechas de moda! Si las californianas ya triunfaron, estas nuevas mechas vuelven con más fuerza que nunca. Al contrario que las californianas, las balayage se aplican de raíz a puntas, para un efecto muy natural y suave. Se juega con los toques de luz creando efectos dimensionales y muy naturales. Te van a fascinar. Para cabellos extralargos o con extra de volumen consultar suplemento en el salón."
        }, 
        {
            "service_category": "Peluquería", 
            "service": "Mechas Y Peinado Media Melena", 
            "duration": 5400, 
            "price": "31,8 € ", 
            "description": "Dale luz a tu pelo y rompe la uniformidad de su color de tu con nuestro servicio de mechas. Nuestros profesionales te guiarán para lograr un look de moda,renovado y completamente personalizado. El servicio incluye lavado con champú especifico e hidratación. Pruébalo ya."
        }, 
        {
            "service_category": "Peluquería", 
            "service": "Mechas Y Peinado Pelo Corto", 
            "duration": 3600, 
            "price": "24,8 € ", 
            "description": "Dale luz a tu pelo y rompe la uniformidad de su color de tu con nuestro servicio de mechas. Nuestros profesionales te guiarán para lograr un look de moda,renovado y completamente personalizado. El servicio incluye lavado con champú especifico e hidratación. Pruébalo ya."
        }, 
        {
            "service_category": "Peluquería", 
            "service": "Mechas Y Peinado Pelo Largo", 
            "duration": 7200, 
            "price": "38,8 € ", 
            "description": "Dale luz a tu pelo y rompe la uniformidad de su color de tu con nuestro servicio de mechas. Nuestros profesionales te guiarán para lograr un look de moda,renovado y completamente personalizado. El servicio incluye lavado con champú especifico e hidratación. Pruébalo ya."
        }, 
        {
            "service_category": "Peluquería", 
            "service": "Moldeado, Cortar Y Peinar", 
            "duration": 3600, 
            "price": "40 € ", 
            "description": "El moldeado consiste en una permanente suave. En este caso, el rizo es más grueso y queda más natural ya que se utilizan unos moldes más gruesos y se ponen más repartidos por el cabello. Se suele utilizar en cabellos cortos y medios, el resultado es un cabello rde revista."
        }, 
        {
            "service_category": "Peluquería", 
            "service": "Recogidos Con Peinado", 
            "duration": 3600, 
            "price": "30 € ", 
            "description": "¿ Se acerca una ocasión especial ? No dudes más, deja a un lado los nervios, los tutoriales mirando que poder hacerte, el secador y las planchas y pasa por nuestro centro. Nuestros especialistas te asesorarán para hacerte ese recogido de ensueño que tanto deseas, acorde con tu look y estilo.Te encantará."
        }, 
        {
            "service_category": "Estética", 
            "service": "Tratamiento Capilar De Hidratación", 
            "duration": 1800, 
            "price": "18 € ", 
            "description": "Disfruta de este tratamiento capilar de hidratación y consigue una melena luminosa y profundamente hidratada gracias a nuestros expertos profesionales. El servicio se realiza con productos y champú de Keratina y tiene una duración de 20 minutos. Reserva tu cita cómodamente online a través de Bucmi.com. ¡No te arrepentirás!"
        }, 
        {
            "service_category": "Estética", 
            "service": "Tto Bótox Capilar Pelo Corto Y Medio", 
            "duration": 1800, 
            "price": "18,75 € ", 
            "description": "Si sientes que tu cabello necesita renovarse,el bótox capilar es el tratamiento 100% ecológico ideal para la restauración de cabellos dañados.Este servicio puede recuperar la estructura del cabello sin perder volumen. Tu pelo se verá más brillante y sedoso y facilitando el cepillado.Te encantará."
        }, 
        {
            "service_category": "Estética", 
            "service": "Tto Bótox Capilar Pelo Largo", 
            "duration": 1800, 
            "price": "25 € ", 
            "description": "Si sientes que tu cabello necesita renovarse,el bótox capilar es el tratamiento 100% ecológico ideal para la restauración de cabellos dañados.Este servicio puede recuperar la estructura del cabello sin perder volumen. Tu pelo se verá más brillante y sedoso y facilitando el cepillado.Te encantará."
        }, 
        {
            "service_category": "Estética", 
            "service": "Arreglo De Barba", 
            "duration": 1800, 
            "price": "5,9 € ", 
            "description": "Es cierto que la barba está de moda, pero siempre arreglada y cuidada. No te arriesgues con un afeitado mal hecho y reserva este servicio de arreglo de barba, saldrás encantado de nuestro centro y con un look de lo más actual."
        }, 
        {
            "service_category": "Estética", 
            "service": "Color Y Peinado Media Melena", 
            "duration": 5400, 
            "price": "23,8 € ", 
            "description": "Prepárate para lucir un look perfecto con el color más favorecedor y el peinado que más te guste. Nuestro equipo de coloristas te asesorarán y guiarán para que elijas el color que más favorezcaedor de nuestra amplia gama, que unido al peinado que más te guste te dejará lista para cualquier plan."
        }, 
        {
            "service_category": "Estética", 
            "service": "Cortar, Color Y Peinar Cabello Largo", 
            "duration": 7200, 
            "price": "35,7 € ", 
            "description": "Luce perfecta con este pack que incluye corte, color, y peinado con los mejores productos."
        }, 
        {
            "service_category": "Manicura y Pedicura", 
            "service": "Tratamiento Capilar De Hidratación", 
            "duration": 1800, 
            "price": "18 € ", 
            "description": "Disfruta de este tratamiento capilar de hidratación y consigue una melena luminosa y profundamente hidratada gracias a nuestros expertos profesionales. El servicio se realiza con productos y champú de Keratina y tiene una duración de 20 minutos. Reserva tu cita cómodamente online a través de Bucmi.com. ¡No te arrepentirás!"
        }, 
        {
            "service_category": "Manicura y Pedicura", 
            "service": "Tto Bótox Capilar Pelo Corto Y Medio", 
            "duration": 1800, 
            "price": "18,75 € ", 
            "description": "Si sientes que tu cabello necesita renovarse,el bótox capilar es el tratamiento 100% ecológico ideal para la restauración de cabellos dañados.Este servicio puede recuperar la estructura del cabello sin perder volumen. Tu pelo se verá más brillante y sedoso y facilitando el cepillado.Te encantará."
        }, 
        {
            "service_category": "Manicura y Pedicura", 
            "service": "Tto Bótox Capilar Pelo Largo", 
            "duration": 1800, 
            "price": "25 € ", 
            "description": "Si sientes que tu cabello necesita renovarse,el bótox capilar es el tratamiento 100% ecológico ideal para la restauración de cabellos dañados.Este servicio puede recuperar la estructura del cabello sin perder volumen. Tu pelo se verá más brillante y sedoso y facilitando el cepillado.Te encantará."
        }, 
        {
            "service_category": "Manicura y Pedicura", 
            "service": "Arreglo De Barba", 
            "duration": 1800, 
            "price": "5,9 € ", 
            "description": "Es cierto que la barba está de moda, pero siempre arreglada y cuidada. No te arriesgues con un afeitado mal hecho y reserva este servicio de arreglo de barba, saldrás encantado de nuestro centro y con un look de lo más actual."
        }, 
        {
            "service_category": "Masaje", 
            "service": "Tratamiento Capilar De Hidratación", 
            "duration": 1800, 
            "price": "18 € ", 
            "description": "Disfruta de este tratamiento capilar de hidratación y consigue una melena luminosa y profundamente hidratada gracias a nuestros expertos profesionales. El servicio se realiza con productos y champú de Keratina y tiene una duración de 20 minutos. Reserva tu cita cómodamente online a través de Bucmi.com. ¡No te arrepentirás!"
        }, 
        {
            "service_category": "Depilación", 
            "service": "Tratamiento Capilar De Hidratación", 
            "duration": 1800, 
            "price": "18 € ", 
            "description": "Disfruta de este tratamiento capilar de hidratación y consigue una melena luminosa y profundamente hidratada gracias a nuestros expertos profesionales. El servicio se realiza con productos y champú de Keratina y tiene una duración de 20 minutos. Reserva tu cita cómodamente online a través de Bucmi.com. ¡No te arrepentirás!"
        }, 
        {
            "service_category": "Depilación", 
            "service": "Tto Bótox Capilar Pelo Corto Y Medio", 
            "duration": 1800, 
            "price": "18,75 € ", 
            "description": "Si sientes que tu cabello necesita renovarse,el bótox capilar es el tratamiento 100% ecológico ideal para la restauración de cabellos dañados.Este servicio puede recuperar la estructura del cabello sin perder volumen. Tu pelo se verá más brillante y sedoso y facilitando el cepillado.Te encantará."
        }
    ]
}