{
    "adid": null, 
    "name": "Kinze de Cuchilleros", 
    "name_of_contact": "Kinze de Cuchilleros", 
    "scrape_page": "https://www.bucmi.com/Kinzedecuchilleros", 
    "business_website": "https://www.bucmi.com/Kinzedecuchilleros", 
    "areas_covered": null, 
    "description": "Fundada en el año 1900, Kinze Cuchilleros cuenta con los mejores profesionales del sector y ofrece un rincón con mucho encanto para él. Barbería mítica, de las de toda la vida, para quienes buscan un buen corte de pelo además de un afeitado con navaja.", 
    "img_link": [
        "https://d1nd15w2k87kz0.cloudfront.net/Uploads/635857959355903246.jpg", 
        "https://d1nd15w2k87kz0.cloudfront.net/Uploads/635857959398461943.jpg", 
        "https://d1nd15w2k87kz0.cloudfront.net/Uploads/635857959413618088.jpg", 
        "https://d1nd15w2k87kz0.cloudfront.net/Uploads/635857959493144911.jpg"
    ], 
    "hqdb_featured_ad_type": "Featured", 
    "hqdb_nr_reviews": "150", 
    "hqdb_review_score": "9,1", 
    "accreditations": null, 
    "category": null, 
    "subcategory": null, 
    "street": "C/ Cuchilleros, 15", 
    "city": "Madrid", 
    "zipcode": "28005", 
    "formatted_address": "C/ Cuchilleros, 15, Madrid, 28005", 
    "country": "es", 
    "office_number": "913665887", 
    "office_number2": null, 
    "mobile_number": "628922649", 
    "mobile_number2": null, 
    "unidentified_phone_numbers": null, 
    "latitude": "40.4141252999", 
    "longitude": "-3.7079564000", 
    "business_email": null, 
    "yelp_page": null, 
    "facebook": null, 
    "twitter": null, 
    "instagram": null, 
    "venue_images": "https://d1nd15w2k87kz0.cloudfront.net/Logotipos/635914855070710569.jpg", 
    "opening_hours_raw": null, 
    "pricelist_link": null, 
    "services": [
        {
            "service_category": "Preferente", 
            "service": "Corte Hombre", 
            "duration": 1800, 
            "price": "13 € ", 
            "description": "Corte tradicional o de actualidad, a maquina, tijera, navaja y desfilados con tijera de esculpir. Todo según el estilo que desees conseguir. En Kinze de Cuchilleros te sacamos el máximo partido. No incluye lavado. Asesoramiento personalizado con productos de acabo de American Crew."
        }, 
        {
            "service_category": "Preferente", 
            "service": "Corte Y Lavado Hombre", 
            "duration": 1800, 
            "price": "15 € ", 
            "description": "El servicio Incluye lavado de la mano de Montibello y corte con productos de acabado de American Crew. Corte tradicional o de actualidad, a maquina, tijera, navaja y desfilados con tijera de esculpir. Descubre las nuevas tendencias y luce un look con estilo y actual."
        }, 
        {
            "service_category": "Preferente", 
            "service": "Afeitado Con Navaja", 
            "duration": 900, 
            "price": "11 € ", 
            "description": "Afeitado tradicional con brocha y navaja. Un placer para todos nostálgicos y esnobistas (La navaja es de cuchilla desechable para garantizar una perfecta higiene). El servicio consiste en eliminar el vello facial para lucir un acabado perfecto en tu piel. Vive una experiencia única en una de las mejores barberías de Madrid con los mejores productos de acabado de American Crew y Heyjoe."
        }, 
        {
            "service_category": "Peluquería", 
            "service": "Arreglo Bigote Y Barba", 
            "duration": 1800, 
            "price": "12 € ", 
            "description": "Servicio exclusivo para el hombre de la mano de American Crew y Heyjoe, porque a ellos también les gusta cuidar su imagen y lucir un look con estilo gracias a este completo pack de belleza que incluye arreglo de bigote y retoque y arreglo de barba. Y consigue tu estilo hipster tan deseado."
        }, 
        {
            "service_category": "Peluquería", 
            "service": "Arreglo Y Perfilado De Barba", 
            "duration": 1800, 
            "price": "12 € ", 
            "description": "Barba descargada con máquina y/o tijera y perfilada en mejillas y/o cuello a navaja. Una barba perfectamente arreglada al estilo de cada cliente. Además del arreglo, realizamos un ligero perfilado para darle la forma más adecuada según las facciones de tu cara y tu estilo con productos de acabado de Heyjoe y American Crew. Te encantará."
        }, 
        {
            "service_category": "Peluquería", 
            "service": "Color Y Corte Hombre", 
            "duration": 3600, 
            "price": "25 € ", 
            "description": "Corte tradicional o de actualidad, a maquina, tijera, navaja y desfilados con tijera de esculpir. Todo según el estilo que desees conseguir. En Kinze de Cuchilleros te sacamos el máximo partido. Incluye lavado con champús específicos de Montibello, después de la coloración, y acabado con American Crew."
        }, 
        {
            "service_category": "Peluquería", 
            "service": "Corte En Seco Hombre Y Afeitado Barba", 
            "duration": 2700, 
            "price": "24 € ", 
            "description": "Corte tradicional o de actualidad, a maquina, tijera, navaja y desfilados con tijera de esculpir. Todo según el estilo que desees conseguir. En Kinze de Cuchilleros te sacamos el máximo partido con los mejores productos como American Crew y Heyjoe. No incluye lavado. Asesoramiento personalizado. Además, incluye el afeitado de la barba."
        }, 
        {
            "service_category": "Peluquería", 
            "service": "Corte Hombre", 
            "duration": 1800, 
            "price": "13 € ", 
            "description": "Corte tradicional o de actualidad, a maquina, tijera, navaja y desfilados con tijera de esculpir. Todo según el estilo que desees conseguir. En Kinze de Cuchilleros te sacamos el máximo partido. No incluye lavado. Asesoramiento personalizado con productos de acabo de American Crew."
        }, 
        {
            "service_category": "Peluquería", 
            "service": "Corte Hombre Y Afeitado Barba", 
            "duration": 3600, 
            "price": "24 € ", 
            "description": "Corte tradicional o de actualidad, a maquina, tijera, navaja y desfilados con tijera de esculpir. Todo según el estilo que desees conseguir y con los mejores productos de acabado de American Crew. En Kinze de Cuchilleros te sacamos el máximo partido. No incluye lavado. Asesoramiento personalizado. Además, incluye el afeitado de la barba."
        }, 
        {
            "service_category": "Peluquería", 
            "service": "Corte Hombre Y Arreglo Barba", 
            "duration": 3600, 
            "price": "25 € ", 
            "description": "Corte tradicional o de actualidad, a maquina, tijera, navaja y desfilados con tijera de esculpir. Todo según el estilo que desees conseguir. En Kinze de Cuchilleros te sacamos el máximo partido. Incluye lavado. Asesoramiento personalizado con productos de American Crew. Además, incluye el arreglo de la barba."
        }, 
        {
            "service_category": "Peluquería", 
            "service": "Corte Hombre Y Arreglo Barba Con Perfilado", 
            "duration": 3600, 
            "price": "25 € ", 
            "description": "Al más estilo Old School Británico o bien con tu corte clásico, desde Kinze cuchilleros adaptamos el corte de tendencia que mejor se adapte a tu gusto y personalidad. Además, el servicio incluye arreglo de barba para quitar ese aspecto desaliñado. Te dejarán perfecto de la mano de American Crew."
        }, 
        {
            "service_category": "Peluquería", 
            "service": "Corte Y Lavado Hombre", 
            "duration": 1800, 
            "price": "15 € ", 
            "description": "El servicio Incluye lavado de la mano de Montibello y corte con productos de acabado de American Crew. Corte tradicional o de actualidad, a maquina, tijera, navaja y desfilados con tijera de esculpir. Descubre las nuevas tendencias y luce un look con estilo y actual."
        }, 
        {
            "service_category": "Peluquería", 
            "service": "Tinte Hombre", 
            "duration": 1800, 
            "price": "12 € ", 
            "description": "Tinte para hombre, en tonos naturales con cobertura total o parcial de canas para dar una mayor naturalidad. Aporta un toque de color y anímate para dar algo diferente a tu look. Estás en manos de los mejores estilistas que te asesorarán en todo lo que necesites."
        }, 
        {
            "service_category": "Peluquería", 
            "service": "Afeitado Con Navaja", 
            "duration": 900, 
            "price": "11 € ", 
            "description": "Afeitado tradicional con brocha y navaja. Un placer para todos nostálgicos y esnobistas (La navaja es de cuchilla desechable para garantizar una perfecta higiene). El servicio consiste en eliminar el vello facial para lucir un acabado perfecto en tu piel. Vive una experiencia única en una de las mejores barberías de Madrid con los mejores productos de acabado de American Crew y Heyjoe."
        }
    ]
}