{
    "adid": null, 
    "name": "Alda", 
    "name_of_contact": "Alda", 
    "scrape_page": "https://www.bucmi.com/alda", 
    "business_website": "https://www.bucmi.com/alda", 
    "areas_covered": null, 
    "description": "Peluquería y estética en la zona de Vista Alegre en Madrid, con buena relación calidad precio y con unos profesionales que quieren transmitir a sus clientes lo mejor de ellos mismos. Realizamos todo tipo de servicios para la estética personal.¡Visítanos!", 
    "img_link": [
        "https://d1nd15w2k87kz0.cloudfront.net/Uploads/635597705096476763.jpg", 
        "https://d1nd15w2k87kz0.cloudfront.net/Uploads/635597705173826880.jpg", 
        "https://d1nd15w2k87kz0.cloudfront.net/Uploads/635597705214610909.jpg", 
        "https://d1nd15w2k87kz0.cloudfront.net/Uploads/635600233042890920.jpg", 
        "https://d1nd15w2k87kz0.cloudfront.net/Uploads/635600351078385432.jpg", 
        "https://d1nd15w2k87kz0.cloudfront.net/Uploads/635600351147000623.jpg", 
        "https://d1nd15w2k87kz0.cloudfront.net/Uploads/635600351200910826.jpg", 
        "https://d1nd15w2k87kz0.cloudfront.net/Uploads/635600351215940785.jpg", 
        "https://d1nd15w2k87kz0.cloudfront.net/Uploads/635600351236411253.jpg", 
        "https://d1nd15w2k87kz0.cloudfront.net/Uploads/635600351237192500.jpg"
    ], 
    "hqdb_featured_ad_type": "Featured", 
    "hqdb_nr_reviews": "0", 
    "hqdb_review_score": "0,0", 
    "accreditations": null, 
    "category": null, 
    "subcategory": null, 
    "street": "C/ Vallehermoso, 34", 
    "city": "Madrid", 
    "zipcode": "28025", 
    "formatted_address": "C/ Vallehermoso, 34, Madrid, 28025", 
    "country": "es", 
    "office_number": "915250113", 
    "office_number2": null, 
    "mobile_number": "622217737", 
    "mobile_number2": null, 
    "unidentified_phone_numbers": null, 
    "latitude": "40.3859800000", 
    "longitude": "-3.7441139999", 
    "business_email": null, 
    "yelp_page": null, 
    "facebook": null, 
    "twitter": null, 
    "instagram": null, 
    "venue_images": "https://d1nd15w2k87kz0.cloudfront.net/Logotipos/636119687488391794.jpg", 
    "opening_hours_raw": null, 
    "pricelist_link": null, 
    "services": [
        {
            "service_category": "Preferente", 
            "service": "Corte De Pelo Hombre", 
            "duration": 1800, 
            "price": "12,5 € ", 
            "description": "El servicio incluye el lavado del pelo con champú específico y por último el corte que más te gusta y más vaya contigo. ¡Presume de un look renovado! Pide opinión a nuestros profesionales, estarán encantados de ayudarte. ¡Porque los hombres también se preocupan por su aspecto y en nuestro centro lo sabemos! No lo pienses más y reserva ya tu cita cómodamente online a través de Bucmi.com. ¿A qué estás esperando para visitarnos? ¡No dejes que te lo cuenten!"
        }, 
        {
            "service_category": "Preferente", 
            "service": "Corte De Pelo Mujer", 
            "duration": 1800, 
            "price": "12,5 € ", 
            "description": "El servicio incluye el lavado del pelo con champú específico y por último el corte que más te guste. Podrás escoger entre un simple corte de puntas o atreverte con las últimas tendencias. No incluye peinado. Ponte en las mejores manos, con un equipo de profesionales que trabajarán para conseguir el mejor resultado. ¡No lo pienses más y reserva ya tu cita cómodamente online a través de Bucmi.com! ¿A qué estás esperando para visitarnos? ¡No dejes que te lo cuenten!"
        }, 
        {
            "service_category": "Preferente", 
            "service": "Diseño Y Depilación Cejas", 
            "duration": 900, 
            "price": "7,9 € ", 
            "description": "El servicio incluye el diseño de cejas, de acuerdo a la arqueada natural de tu ceja y tus facciones y, por último, la depilación con cera y si es necesario pinzas. Las cejas son un punto clave para la expresión y personalidad de cualquier rostro. Por ello, un buen cuidado es esencial. Todo ello en manos de nuestro equipo de profesionales. ¡No lo pienses más y reserva ya tu cita cómodamente online a través de Bucmi.com! ¿A qué estás esperando? ¡No dejes que te lo cuenten!"
        }, 
        {
            "service_category": "Peluquería", 
            "service": "Color Media Melena", 
            "duration": 3600, 
            "price": "16,3 € ", 
            "description": "¡Presume de un look fresco y renovable! Disfruta ya de este servicio de color con el que conseguirás el toque de luminosidad y de vida que estás buscando para tu melena. Además utilizamos productos de primeras marcas para resultados increíbles. El servicio incluye un agradable lavado y la aplicación del tinte. No incluye peinado. ¡No lo dudes y reserva ya tu cita cómodamente online a través de Bucmi.com! Precio para media melena. Definición de Media Melena: Tapa el cuello y roza los hombros."
        }, 
        {
            "service_category": "Peluquería", 
            "service": "Color Pelo Corto", 
            "duration": 3600, 
            "price": "14,2 € ", 
            "description": "¡Presume de un look fresco y renovable! Disfruta ya de este servicio de color con el que conseguirás el toque de luminosidad y de vida que estás buscando para tu melena. Además utilizamos productos de primeras marcas para resultados increíbles. El servicio incluye un agradable lavado y la aplicación del tinte. No incluye peinado. ¡No lo dudes y reserva ya tu cita online a través de Bucmi.com! Precio para pelo corto. Definición: Deja el cuello al descubierto en todo su perímetro y no toca los hombros."
        }, 
        {
            "service_category": "Peluquería", 
            "service": "Color Pelo Largo", 
            "duration": 3600, 
            "price": "19,1 € ", 
            "description": "¡Presume de un look fresco y renovable! Disfruta ya de este servicio de color con el que conseguirás el toque de luminosidad y de vida que estás buscando para tu melena. Además utilizamos productos de primeras marcas para resultados increíbles. El servicio incluye un agradable lavado y la aplicación del tinte. No incluye peinado. ¿A qué esperas para reservar? Definición de Pelo largo: Sobrepasa el hombro hasta la altura de media espalda. Para Extra largo consulte con su profesional posibles suplementos."
        }, 
        {
            "service_category": "Peluquería", 
            "service": "Corte De Pelo Hombre", 
            "duration": 1800, 
            "price": "12,5 € ", 
            "description": "El servicio incluye el lavado del pelo con champú específico y por último el corte que más te gusta y más vaya contigo. ¡Presume de un look renovado! Pide opinión a nuestros profesionales, estarán encantados de ayudarte. ¡Porque los hombres también se preocupan por su aspecto y en nuestro centro lo sabemos! No lo pienses más y reserva ya tu cita cómodamente online a través de Bucmi.com. ¿A qué estás esperando para visitarnos? ¡No dejes que te lo cuenten!"
        }, 
        {
            "service_category": "Peluquería", 
            "service": "Corte De Pelo Mujer", 
            "duration": 1800, 
            "price": "12,5 € ", 
            "description": "El servicio incluye el lavado del pelo con champú específico y por último el corte que más te guste. Podrás escoger entre un simple corte de puntas o atreverte con las últimas tendencias. No incluye peinado. Ponte en las mejores manos, con un equipo de profesionales que trabajarán para conseguir el mejor resultado. ¡No lo pienses más y reserva ya tu cita cómodamente online a través de Bucmi.com! ¿A qué estás esperando para visitarnos? ¡No dejes que te lo cuenten!"
        }, 
        {
            "service_category": "Peluquería", 
            "service": "Mechas Y Peinar Media Melena", 
            "duration": 3600, 
            "price": "41 € ", 
            "description": "Con las mechas conseguirás la luminosidad y el toque de color que estás buscando para tu melena. Ponte en las mejores manos ¡presume de un look fresco y renovado! El servicio incluye el lavado Con Champú Color, Mechas tradicionales y Peinado con definición. ¡No lo pienses más y reserva ya tu cita cómodamente online a través de Bucmi.com! Precio indicado para media melena. El tipo de melena debe ser: tapa el cuello y roza los hombros. ¿A qué estás esperando para venir a visitarnos?"
        }, 
        {
            "service_category": "Peluquería", 
            "service": "Mechas Y Peinar Pelo Corto", 
            "duration": 3600, 
            "price": "35,8 € ", 
            "description": "Con las mechas conseguirás la luminosidad y el toque de color que estás buscando para tu melena. Ponte en las mejores manos ¡presume de un look fresco y renovado! El servicio incluye el lavado Con Champú Color, Mechas tradicionales y Peinado con definición. ¡No lo pienses más y reserva ya tu cita cómodamente online a través de Bucmi.com! Precio indicado para pelo corto. Definición de pelo corto: Deja el cuello al descubierto en todo su perímetro y no toca los hombros."
        }, 
        {
            "service_category": "Peluquería", 
            "service": "Mechas Y Peinar Pelo Largo", 
            "duration": 3600, 
            "price": "53 € ", 
            "description": "Con las mechas conseguirás la luminosidad y el toque de color que estás buscando para tu melena. Ponte en las mejores manos ¡presume de un look fresco y renovado! El servicio incluye el lavado Con Champú Color, Mechas tradicionales y Peinado con definición. ¡No lo pienses más y reserva ya tu cita cómodamente online a través de Bucmi.com! Precio indicado para pelo largo: sobrepasa el hombro pero no la línea entre axilas, a la altura de la media espalda. Para Extralargo Posibles suplementos."
        }, 
        {
            "service_category": "Estética", 
            "service": "Color Media Melena", 
            "duration": 3600, 
            "price": "16,3 € ", 
            "description": "¡Presume de un look fresco y renovable! Disfruta ya de este servicio de color con el que conseguirás el toque de luminosidad y de vida que estás buscando para tu melena. Además utilizamos productos de primeras marcas para resultados increíbles. El servicio incluye un agradable lavado y la aplicación del tinte. No incluye peinado. ¡No lo dudes y reserva ya tu cita cómodamente online a través de Bucmi.com! Precio para media melena. Definición de Media Melena: Tapa el cuello y roza los hombros."
        }, 
        {
            "service_category": "Estética", 
            "service": "Color Pelo Corto", 
            "duration": 3600, 
            "price": "14,2 € ", 
            "description": "¡Presume de un look fresco y renovable! Disfruta ya de este servicio de color con el que conseguirás el toque de luminosidad y de vida que estás buscando para tu melena. Además utilizamos productos de primeras marcas para resultados increíbles. El servicio incluye un agradable lavado y la aplicación del tinte. No incluye peinado. ¡No lo dudes y reserva ya tu cita online a través de Bucmi.com! Precio para pelo corto. Definición: Deja el cuello al descubierto en todo su perímetro y no toca los hombros."
        }, 
        {
            "service_category": "Estética", 
            "service": "Color Pelo Largo", 
            "duration": 3600, 
            "price": "19,1 € ", 
            "description": "¡Presume de un look fresco y renovable! Disfruta ya de este servicio de color con el que conseguirás el toque de luminosidad y de vida que estás buscando para tu melena. Además utilizamos productos de primeras marcas para resultados increíbles. El servicio incluye un agradable lavado y la aplicación del tinte. No incluye peinado. ¿A qué esperas para reservar? Definición de Pelo largo: Sobrepasa el hombro hasta la altura de media espalda. Para Extra largo consulte con su profesional posibles suplementos."
        }, 
        {
            "service_category": "Estética", 
            "service": "Corte De Pelo Hombre", 
            "duration": 1800, 
            "price": "12,5 € ", 
            "description": "El servicio incluye el lavado del pelo con champú específico y por último el corte que más te gusta y más vaya contigo. ¡Presume de un look renovado! Pide opinión a nuestros profesionales, estarán encantados de ayudarte. ¡Porque los hombres también se preocupan por su aspecto y en nuestro centro lo sabemos! No lo pienses más y reserva ya tu cita cómodamente online a través de Bucmi.com. ¿A qué estás esperando para visitarnos? ¡No dejes que te lo cuenten!"
        }, 
        {
            "service_category": "Estética", 
            "service": "Corte De Pelo Mujer", 
            "duration": 1800, 
            "price": "12,5 € ", 
            "description": "El servicio incluye el lavado del pelo con champú específico y por último el corte que más te guste. Podrás escoger entre un simple corte de puntas o atreverte con las últimas tendencias. No incluye peinado. Ponte en las mejores manos, con un equipo de profesionales que trabajarán para conseguir el mejor resultado. ¡No lo pienses más y reserva ya tu cita cómodamente online a través de Bucmi.com! ¿A qué estás esperando para visitarnos? ¡No dejes que te lo cuenten!"
        }, 
        {
            "service_category": "Estética", 
            "service": "Mechas Y Peinar Media Melena", 
            "duration": 3600, 
            "price": "41 € ", 
            "description": "Con las mechas conseguirás la luminosidad y el toque de color que estás buscando para tu melena. Ponte en las mejores manos ¡presume de un look fresco y renovado! El servicio incluye el lavado Con Champú Color, Mechas tradicionales y Peinado con definición. ¡No lo pienses más y reserva ya tu cita cómodamente online a través de Bucmi.com! Precio indicado para media melena. El tipo de melena debe ser: tapa el cuello y roza los hombros. ¿A qué estás esperando para venir a visitarnos?"
        }, 
        {
            "service_category": "Manicura y Pedicura", 
            "service": "Color Media Melena", 
            "duration": 3600, 
            "price": "16,3 € ", 
            "description": "¡Presume de un look fresco y renovable! Disfruta ya de este servicio de color con el que conseguirás el toque de luminosidad y de vida que estás buscando para tu melena. Además utilizamos productos de primeras marcas para resultados increíbles. El servicio incluye un agradable lavado y la aplicación del tinte. No incluye peinado. ¡No lo dudes y reserva ya tu cita cómodamente online a través de Bucmi.com! Precio para media melena. Definición de Media Melena: Tapa el cuello y roza los hombros."
        }, 
        {
            "service_category": "Manicura y Pedicura", 
            "service": "Color Pelo Corto", 
            "duration": 3600, 
            "price": "14,2 € ", 
            "description": "¡Presume de un look fresco y renovable! Disfruta ya de este servicio de color con el que conseguirás el toque de luminosidad y de vida que estás buscando para tu melena. Además utilizamos productos de primeras marcas para resultados increíbles. El servicio incluye un agradable lavado y la aplicación del tinte. No incluye peinado. ¡No lo dudes y reserva ya tu cita online a través de Bucmi.com! Precio para pelo corto. Definición: Deja el cuello al descubierto en todo su perímetro y no toca los hombros."
        }, 
        {
            "service_category": "Manicura y Pedicura", 
            "service": "Color Pelo Largo", 
            "duration": 3600, 
            "price": "19,1 € ", 
            "description": "¡Presume de un look fresco y renovable! Disfruta ya de este servicio de color con el que conseguirás el toque de luminosidad y de vida que estás buscando para tu melena. Además utilizamos productos de primeras marcas para resultados increíbles. El servicio incluye un agradable lavado y la aplicación del tinte. No incluye peinado. ¿A qué esperas para reservar? Definición de Pelo largo: Sobrepasa el hombro hasta la altura de media espalda. Para Extra largo consulte con su profesional posibles suplementos."
        }, 
        {
            "service_category": "Manicura y Pedicura", 
            "service": "Corte De Pelo Hombre", 
            "duration": 1800, 
            "price": "12,5 € ", 
            "description": "El servicio incluye el lavado del pelo con champú específico y por último el corte que más te gusta y más vaya contigo. ¡Presume de un look renovado! Pide opinión a nuestros profesionales, estarán encantados de ayudarte. ¡Porque los hombres también se preocupan por su aspecto y en nuestro centro lo sabemos! No lo pienses más y reserva ya tu cita cómodamente online a través de Bucmi.com. ¿A qué estás esperando para visitarnos? ¡No dejes que te lo cuenten!"
        }, 
        {
            "service_category": "Manicura y Pedicura", 
            "service": "Corte De Pelo Mujer", 
            "duration": 1800, 
            "price": "12,5 € ", 
            "description": "El servicio incluye el lavado del pelo con champú específico y por último el corte que más te guste. Podrás escoger entre un simple corte de puntas o atreverte con las últimas tendencias. No incluye peinado. Ponte en las mejores manos, con un equipo de profesionales que trabajarán para conseguir el mejor resultado. ¡No lo pienses más y reserva ya tu cita cómodamente online a través de Bucmi.com! ¿A qué estás esperando para visitarnos? ¡No dejes que te lo cuenten!"
        }, 
        {
            "service_category": "Manicura y Pedicura", 
            "service": "Mechas Y Peinar Media Melena", 
            "duration": 3600, 
            "price": "41 € ", 
            "description": "Con las mechas conseguirás la luminosidad y el toque de color que estás buscando para tu melena. Ponte en las mejores manos ¡presume de un look fresco y renovado! El servicio incluye el lavado Con Champú Color, Mechas tradicionales y Peinado con definición. ¡No lo pienses más y reserva ya tu cita cómodamente online a través de Bucmi.com! Precio indicado para media melena. El tipo de melena debe ser: tapa el cuello y roza los hombros. ¿A qué estás esperando para venir a visitarnos?"
        }, 
        {
            "service_category": "Manicura y Pedicura", 
            "service": "Mechas Y Peinar Pelo Corto", 
            "duration": 3600, 
            "price": "35,8 € ", 
            "description": "Con las mechas conseguirás la luminosidad y el toque de color que estás buscando para tu melena. Ponte en las mejores manos ¡presume de un look fresco y renovado! El servicio incluye el lavado Con Champú Color, Mechas tradicionales y Peinado con definición. ¡No lo pienses más y reserva ya tu cita cómodamente online a través de Bucmi.com! Precio indicado para pelo corto. Definición de pelo corto: Deja el cuello al descubierto en todo su perímetro y no toca los hombros."
        }, 
        {
            "service_category": "Manicura y Pedicura", 
            "service": "Mechas Y Peinar Pelo Largo", 
            "duration": 3600, 
            "price": "53 € ", 
            "description": "Con las mechas conseguirás la luminosidad y el toque de color que estás buscando para tu melena. Ponte en las mejores manos ¡presume de un look fresco y renovado! El servicio incluye el lavado Con Champú Color, Mechas tradicionales y Peinado con definición. ¡No lo pienses más y reserva ya tu cita cómodamente online a través de Bucmi.com! Precio indicado para pelo largo: sobrepasa el hombro pero no la línea entre axilas, a la altura de la media espalda. Para Extralargo Posibles suplementos."
        }, 
        {
            "service_category": "Masaje", 
            "service": "Color Media Melena", 
            "duration": 3600, 
            "price": "16,3 € ", 
            "description": "¡Presume de un look fresco y renovable! Disfruta ya de este servicio de color con el que conseguirás el toque de luminosidad y de vida que estás buscando para tu melena. Además utilizamos productos de primeras marcas para resultados increíbles. El servicio incluye un agradable lavado y la aplicación del tinte. No incluye peinado. ¡No lo dudes y reserva ya tu cita cómodamente online a través de Bucmi.com! Precio para media melena. Definición de Media Melena: Tapa el cuello y roza los hombros."
        }, 
        {
            "service_category": "Masaje", 
            "service": "Color Pelo Corto", 
            "duration": 3600, 
            "price": "14,2 € ", 
            "description": "¡Presume de un look fresco y renovable! Disfruta ya de este servicio de color con el que conseguirás el toque de luminosidad y de vida que estás buscando para tu melena. Además utilizamos productos de primeras marcas para resultados increíbles. El servicio incluye un agradable lavado y la aplicación del tinte. No incluye peinado. ¡No lo dudes y reserva ya tu cita online a través de Bucmi.com! Precio para pelo corto. Definición: Deja el cuello al descubierto en todo su perímetro y no toca los hombros."
        }, 
        {
            "service_category": "Depilación", 
            "service": "Color Media Melena", 
            "duration": 3600, 
            "price": "16,3 € ", 
            "description": "¡Presume de un look fresco y renovable! Disfruta ya de este servicio de color con el que conseguirás el toque de luminosidad y de vida que estás buscando para tu melena. Además utilizamos productos de primeras marcas para resultados increíbles. El servicio incluye un agradable lavado y la aplicación del tinte. No incluye peinado. ¡No lo dudes y reserva ya tu cita cómodamente online a través de Bucmi.com! Precio para media melena. Definición de Media Melena: Tapa el cuello y roza los hombros."
        }, 
        {
            "service_category": "Depilación", 
            "service": "Color Pelo Corto", 
            "duration": 3600, 
            "price": "14,2 € ", 
            "description": "¡Presume de un look fresco y renovable! Disfruta ya de este servicio de color con el que conseguirás el toque de luminosidad y de vida que estás buscando para tu melena. Además utilizamos productos de primeras marcas para resultados increíbles. El servicio incluye un agradable lavado y la aplicación del tinte. No incluye peinado. ¡No lo dudes y reserva ya tu cita online a través de Bucmi.com! Precio para pelo corto. Definición: Deja el cuello al descubierto en todo su perímetro y no toca los hombros."
        }, 
        {
            "service_category": "Depilación", 
            "service": "Color Pelo Largo", 
            "duration": 3600, 
            "price": "19,1 € ", 
            "description": "¡Presume de un look fresco y renovable! Disfruta ya de este servicio de color con el que conseguirás el toque de luminosidad y de vida que estás buscando para tu melena. Además utilizamos productos de primeras marcas para resultados increíbles. El servicio incluye un agradable lavado y la aplicación del tinte. No incluye peinado. ¿A qué esperas para reservar? Definición de Pelo largo: Sobrepasa el hombro hasta la altura de media espalda. Para Extra largo consulte con su profesional posibles suplementos."
        }, 
        {
            "service_category": "Depilación", 
            "service": "Corte De Pelo Hombre", 
            "duration": 1800, 
            "price": "12,5 € ", 
            "description": "El servicio incluye el lavado del pelo con champú específico y por último el corte que más te gusta y más vaya contigo. ¡Presume de un look renovado! Pide opinión a nuestros profesionales, estarán encantados de ayudarte. ¡Porque los hombres también se preocupan por su aspecto y en nuestro centro lo sabemos! No lo pienses más y reserva ya tu cita cómodamente online a través de Bucmi.com. ¿A qué estás esperando para visitarnos? ¡No dejes que te lo cuenten!"
        }, 
        {
            "service_category": "Depilación", 
            "service": "Corte De Pelo Mujer", 
            "duration": 1800, 
            "price": "12,5 € ", 
            "description": "El servicio incluye el lavado del pelo con champú específico y por último el corte que más te guste. Podrás escoger entre un simple corte de puntas o atreverte con las últimas tendencias. No incluye peinado. Ponte en las mejores manos, con un equipo de profesionales que trabajarán para conseguir el mejor resultado. ¡No lo pienses más y reserva ya tu cita cómodamente online a través de Bucmi.com! ¿A qué estás esperando para visitarnos? ¡No dejes que te lo cuenten!"
        }
    ]
}