{
    "adid": null, 
    "name": "Good Quality", 
    "name_of_contact": "Good Quality", 
    "scrape_page": "https://www.bucmi.com/goodqualitymadrid", 
    "business_website": "https://www.bucmi.com/goodqualitymadrid", 
    "areas_covered": null, 
    "description": "Situado en el barrio de Quintana, Good Quality es un centro de estética especializado en manicuras y pedicuras y en tratamientos de estética tanto corporales como faciales. Nuestros expertos profesionales te darán el trato que mereces. ¡Ven a conocernos!", 
    "img_link": [
        "https://d1nd15w2k87kz0.cloudfront.net/Uploads/636047773204170317.jpg", 
        "https://d1nd15w2k87kz0.cloudfront.net/Uploads/636047773325494422.jpg", 
        "https://d1nd15w2k87kz0.cloudfront.net/Uploads/636047773371748483.jpg", 
        "https://d1nd15w2k87kz0.cloudfront.net/Uploads/636047773428527020.jpg"
    ], 
    "hqdb_featured_ad_type": "Featured", 
    "hqdb_nr_reviews": "13", 
    "hqdb_review_score": "7,5", 
    "accreditations": null, 
    "category": null, 
    "subcategory": null, 
    "street": null, 
    "city": "Madrid", 
    "zipcode": "28017", 
    "formatted_address": "Madrid, 28017", 
    "country": "es", 
    "office_number": null, 
    "office_number2": null, 
    "mobile_number": "635236600", 
    "mobile_number2": null, 
    "unidentified_phone_numbers": null, 
    "latitude": "40.4362378999", 
    "longitude": "-3.6434274000", 
    "business_email": null, 
    "yelp_page": null, 
    "facebook": null, 
    "twitter": null, 
    "instagram": null, 
    "venue_images": "https://d1nd15w2k87kz0.cloudfront.net/Logotipos/636047775132624673.jpg", 
    "opening_hours_raw": null, 
    "pricelist_link": null, 
    "services": [
        {
            "service_category": "Preferente", 
            "service": "Bono 3 Ss Tratamiento Reductor", 
            "duration": 3600, 
            "price": "120 € ", 
            "description": "Moldea tu figura con este magnífico bono de 3 sesiones de cavitación y presoterpia de la mano de nuestros expertos profesionales. El tratamiento es Ideal para las zonas de grasa más rebelde, que reactiva el sistema linfático y favorece la circulación sanguinea. Ayuda a tu cuerpo a eliminar lo que no necesita de una manera natural. ¡Te encantará el resultado!"
        }, 
        {
            "service_category": "Preferente", 
            "service": "Higiene Facial Profunda", 
            "duration": 3600, 
            "price": "25 € ", 
            "description": "Si sientes tu piel apagada y sin vida reserva ya tu cita en Good Quality para disfrutar de un ritual completo de higiene facial con productos de primera calidad y adaptados a cada tipo de piel de la mano de nuestros mejores profesionales. Recobrarás la luz y brillo natural de tu rostro. Reserva ya tu cita en nuestro centro. ¡No te arrepentirás!"
        }, 
        {
            "service_category": "Preferente", 
            "service": "Masaje Chocolaterapia", 
            "duration": 2700, 
            "price": "28 € ", 
            "description": "En Good Quality ponemos a tu disposición este servicio para que te regales unos minutos de relax absoluto mientras disfrutas de un agradable masaje con el que no sólo podrás dejarte llevar por su delicioso aroma, si no que además renovarás e hidratarás tu piel. No lo dudes y reserva ya tu cita a través de Bucmi.com. ¡Saldrás como nuevo!"
        }, 
        {
            "service_category": "Estética", 
            "service": "Bono 10 Sesiones Presoterapia", 
            "duration": 1800, 
            "price": "100 € ", 
            "description": "Disfruta de este increíble bono de 10 sesiones de presoterapia al mejor precio. La presoterapia se trata de un sistema estético que utiliza la presión para realizar un drenaje linfático. Elimina y previene la celulitis, las grasas localizadas y las toxinas. Además ayuda a prevenir las varices. Reserva ya tu cita cómodamente online a través de Bucmi.com."
        }, 
        {
            "service_category": "Estética", 
            "service": "Bono 2 Ss Radiofrecuencia", 
            "duration": 2700, 
            "price": "70 € ", 
            "description": "Conoce los beneficios de la radiofrecuencia y luce una piel tersa y rejuvencida reservando ya tu cita en Good Quality.Podrás programar tus sesiones como tu quieras, siguiendo siempre el consejo de nuestros profesionales."
        }, 
        {
            "service_category": "Estética", 
            "service": "Bono 3 Ss Tratamiento Reductor", 
            "duration": 3600, 
            "price": "120 € ", 
            "description": "Moldea tu figura con este magnífico bono de 3 sesiones de cavitación y presoterpia de la mano de nuestros expertos profesionales. El tratamiento es Ideal para las zonas de grasa más rebelde, que reactiva el sistema linfático y favorece la circulación sanguinea. Ayuda a tu cuerpo a eliminar lo que no necesita de una manera natural. ¡Te encantará el resultado!"
        }, 
        {
            "service_category": "Estética", 
            "service": "Extensión De Pestañas", 
            "duration": 5400, 
            "price": "25 € ", 
            "description": "Luce una mirada penetrante y embaucadora gracias a este servicio de extensión de pestañas pelo a pelo. ¡Podrás olvidarte de la máscara de pestañas! Ponte en manos de nuestros expertos estilistas y presume de una mirada de cine desde que te levantes hasta que te acuestes. Reserva ya tu cita cómodamente online a través de Bucmi.com. ¡Te encantará el resultado!"
        }, 
        {
            "service_category": "Estética", 
            "service": "Higiene Facial Básica", 
            "duration": 1800, 
            "price": "15 € ", 
            "description": "Presume de una piel suave y libre de imperfecciones gracias a este servicio de higiene facial básico. El tratamiento incluye el desmaquillado, exfoliación y limpieza, pero no incluye la extracción. Ponte en manos de nuestros expertos especialistas y luce un rostro limpio y luminoso. Reserva ya tu cita en Good Quality. ¡Ahora con la facilidad de la reserva online!"
        }, 
        {
            "service_category": "Estética", 
            "service": "Higiene Facial Profunda", 
            "duration": 3600, 
            "price": "25 € ", 
            "description": "Si sientes tu piel apagada y sin vida reserva ya tu cita en Good Quality para disfrutar de un ritual completo de higiene facial con productos de primera calidad y adaptados a cada tipo de piel de la mano de nuestros mejores profesionales. Recobrarás la luz y brillo natural de tu rostro. Reserva ya tu cita en nuestro centro. ¡No te arrepentirás!"
        }, 
        {
            "service_category": "Estética", 
            "service": "Peeling Corporal Y Masaje", 
            "duration": 2700, 
            "price": "20 € ", 
            "description": "¿Quieres lucir un cuerpo suave y libre de imperfecciones? Relajate y disfruta de este fantástico servicio de peeling corporal y masaje de la mano de nuestros mejores especialistas. ¿A qué estás esperando? ¡Saldrás como nuevo del tratamiento! Reserva ya tu cita cómodamente online a través de Bucmi.com. ¡Repetirás seguro!"
        }, 
        {
            "service_category": "Estética", 
            "service": "Permanente Y Tinte De Pestañas", 
            "duration": 3600, 
            "price": "19 € ", 
            "description": "Disfruta de este fantástico servicio de tinte y permanente de pestañas de la mano de nuestros expertos profesionales. Realza tu mirada para que resulte más cautivadora sin necesidad de usar máscara de pestañas. El tinte da profundidad a tus ojos mientras que la permanente riza las pestañas y alza la mirada. Reserva ya tu cita con la facilidad de la reserva online. ¡Ven a probarlo!"
        }, 
        {
            "service_category": "Estética", 
            "service": "Tto Corporal Cocoterapia", 
            "duration": 3600, 
            "price": "35 € ", 
            "description": "la cocoterapia es un tipo de esfoliante para la limpieza de la piel, nos viene bien para después de haber estado en la playa limpia toda impureza con el frescor del coco natural."
        }, 
        {
            "service_category": "Manicura y Pedicura", 
            "service": "Bono 10 Sesiones Presoterapia", 
            "duration": 1800, 
            "price": "100 € ", 
            "description": "Disfruta de este increíble bono de 10 sesiones de presoterapia al mejor precio. La presoterapia se trata de un sistema estético que utiliza la presión para realizar un drenaje linfático. Elimina y previene la celulitis, las grasas localizadas y las toxinas. Además ayuda a prevenir las varices. Reserva ya tu cita cómodamente online a través de Bucmi.com."
        }, 
        {
            "service_category": "Manicura y Pedicura", 
            "service": "Bono 2 Ss Radiofrecuencia", 
            "duration": 2700, 
            "price": "70 € ", 
            "description": "Conoce los beneficios de la radiofrecuencia y luce una piel tersa y rejuvencida reservando ya tu cita en Good Quality.Podrás programar tus sesiones como tu quieras, siguiendo siempre el consejo de nuestros profesionales."
        }, 
        {
            "service_category": "Manicura y Pedicura", 
            "service": "Bono 3 Ss Tratamiento Reductor", 
            "duration": 3600, 
            "price": "120 € ", 
            "description": "Moldea tu figura con este magnífico bono de 3 sesiones de cavitación y presoterpia de la mano de nuestros expertos profesionales. El tratamiento es Ideal para las zonas de grasa más rebelde, que reactiva el sistema linfático y favorece la circulación sanguinea. Ayuda a tu cuerpo a eliminar lo que no necesita de una manera natural. ¡Te encantará el resultado!"
        }, 
        {
            "service_category": "Manicura y Pedicura", 
            "service": "Extensión De Pestañas", 
            "duration": 5400, 
            "price": "25 € ", 
            "description": "Luce una mirada penetrante y embaucadora gracias a este servicio de extensión de pestañas pelo a pelo. ¡Podrás olvidarte de la máscara de pestañas! Ponte en manos de nuestros expertos estilistas y presume de una mirada de cine desde que te levantes hasta que te acuestes. Reserva ya tu cita cómodamente online a través de Bucmi.com. ¡Te encantará el resultado!"
        }, 
        {
            "service_category": "Manicura y Pedicura", 
            "service": "Higiene Facial Básica", 
            "duration": 1800, 
            "price": "15 € ", 
            "description": "Presume de una piel suave y libre de imperfecciones gracias a este servicio de higiene facial básico. El tratamiento incluye el desmaquillado, exfoliación y limpieza, pero no incluye la extracción. Ponte en manos de nuestros expertos especialistas y luce un rostro limpio y luminoso. Reserva ya tu cita en Good Quality. ¡Ahora con la facilidad de la reserva online!"
        }, 
        {
            "service_category": "Manicura y Pedicura", 
            "service": "Higiene Facial Profunda", 
            "duration": 3600, 
            "price": "25 € ", 
            "description": "Si sientes tu piel apagada y sin vida reserva ya tu cita en Good Quality para disfrutar de un ritual completo de higiene facial con productos de primera calidad y adaptados a cada tipo de piel de la mano de nuestros mejores profesionales. Recobrarás la luz y brillo natural de tu rostro. Reserva ya tu cita en nuestro centro. ¡No te arrepentirás!"
        }, 
        {
            "service_category": "Manicura y Pedicura", 
            "service": "Peeling Corporal Y Masaje", 
            "duration": 2700, 
            "price": "20 € ", 
            "description": "¿Quieres lucir un cuerpo suave y libre de imperfecciones? Relajate y disfruta de este fantástico servicio de peeling corporal y masaje de la mano de nuestros mejores especialistas. ¿A qué estás esperando? ¡Saldrás como nuevo del tratamiento! Reserva ya tu cita cómodamente online a través de Bucmi.com. ¡Repetirás seguro!"
        }, 
        {
            "service_category": "Manicura y Pedicura", 
            "service": "Permanente Y Tinte De Pestañas", 
            "duration": 3600, 
            "price": "19 € ", 
            "description": "Disfruta de este fantástico servicio de tinte y permanente de pestañas de la mano de nuestros expertos profesionales. Realza tu mirada para que resulte más cautivadora sin necesidad de usar máscara de pestañas. El tinte da profundidad a tus ojos mientras que la permanente riza las pestañas y alza la mirada. Reserva ya tu cita con la facilidad de la reserva online. ¡Ven a probarlo!"
        }, 
        {
            "service_category": "Manicura y Pedicura", 
            "service": "Tto Corporal Cocoterapia", 
            "duration": 3600, 
            "price": "35 € ", 
            "description": "la cocoterapia es un tipo de esfoliante para la limpieza de la piel, nos viene bien para después de haber estado en la playa limpia toda impureza con el frescor del coco natural."
        }, 
        {
            "service_category": "Manicura y Pedicura", 
            "service": "Manicura Completa", 
            "duration": 1800, 
            "price": "9 € ", 
            "description": "Presume de unas manos cuidadas y bonitas con el servicio de manicura completa que consiste en limado de la uña natural de la forma deseada, retirada de cutículas, hidratación y esmaltado tradicional. Elige de nuestra amplia gama de colores el que más te guste y presume de unas manos preciosas. ¡Ahora con la facilidad de la reserva online!"
        }, 
        {
            "service_category": "Masaje", 
            "service": "Bono 10 Sesiones Presoterapia", 
            "duration": 1800, 
            "price": "100 € ", 
            "description": "Disfruta de este increíble bono de 10 sesiones de presoterapia al mejor precio. La presoterapia se trata de un sistema estético que utiliza la presión para realizar un drenaje linfático. Elimina y previene la celulitis, las grasas localizadas y las toxinas. Además ayuda a prevenir las varices. Reserva ya tu cita cómodamente online a través de Bucmi.com."
        }, 
        {
            "service_category": "Masaje", 
            "service": "Bono 2 Ss Radiofrecuencia", 
            "duration": 2700, 
            "price": "70 € ", 
            "description": "Conoce los beneficios de la radiofrecuencia y luce una piel tersa y rejuvencida reservando ya tu cita en Good Quality.Podrás programar tus sesiones como tu quieras, siguiendo siempre el consejo de nuestros profesionales."
        }, 
        {
            "service_category": "Masaje", 
            "service": "Bono 3 Ss Tratamiento Reductor", 
            "duration": 3600, 
            "price": "120 € ", 
            "description": "Moldea tu figura con este magnífico bono de 3 sesiones de cavitación y presoterpia de la mano de nuestros expertos profesionales. El tratamiento es Ideal para las zonas de grasa más rebelde, que reactiva el sistema linfático y favorece la circulación sanguinea. Ayuda a tu cuerpo a eliminar lo que no necesita de una manera natural. ¡Te encantará el resultado!"
        }
    ]
}