{
    "adid": null, 
    "name": "Ana de Pedro", 
    "name_of_contact": "Ana de Pedro", 
    "scrape_page": "https://www.bucmi.com/anadepedro", 
    "business_website": "https://www.bucmi.com/anadepedro", 
    "areas_covered": null, 
    "description": "Centro de estética en Vallecas especializado en tratamientos con radiofrecuencia ya sean faciales o corporales. Tratamientos personalizados según las necesidades de cada cliente. Trabajamos con los productos exclusivos de María Galland.", 
    "img_link": [
        "https://d1nd15w2k87kz0.cloudfront.net/Uploads/636210434443421248.jpg", 
        "https://d1nd15w2k87kz0.cloudfront.net/Uploads/636210434503791900.jpg", 
        "https://d1nd15w2k87kz0.cloudfront.net/Uploads/636210434568152483.jpg", 
        "https://d1nd15w2k87kz0.cloudfront.net/Uploads/636210435072974531.jpg", 
        "https://d1nd15w2k87kz0.cloudfront.net/Uploads/636210435145003183.jpg"
    ], 
    "hqdb_featured_ad_type": "Featured", 
    "hqdb_nr_reviews": "3", 
    "hqdb_review_score": "9,3", 
    "accreditations": null, 
    "category": null, 
    "subcategory": null, 
    "street": "C/ Candilejas, 34", 
    "city": "Madrid", 
    "zipcode": "28018", 
    "formatted_address": "C/ Candilejas, 34, Madrid, 28018", 
    "country": "es", 
    "office_number": "916216476", 
    "office_number2": null, 
    "mobile_number": null, 
    "mobile_number2": null, 
    "unidentified_phone_numbers": null, 
    "latitude": "40.3845226000", 
    "longitude": "-3.6621193999", 
    "business_email": null, 
    "yelp_page": null, 
    "facebook": null, 
    "twitter": null, 
    "instagram": null, 
    "venue_images": "https://d1nd15w2k87kz0.cloudfront.net/Logotipos/636210437728965470.jpg", 
    "opening_hours_raw": null, 
    "pricelist_link": null, 
    "services": [
        {
            "service_category": "Preferente", 
            "service": "Lipoláser Con Presoterapia Avanzada", 
            "duration": 3600, 
            "price": "40 € ", 
            "description": "El lipoláser es un nuevo método para luchar contra la grasa rompiendo las estructuras de los depósitos grasos localizados. La presoterapia mejora el drenaje venoso y linfático, mejora el funcionamiento digestivo, la celulitis y la piel de naranja y el sistema circulatorio aumentado el oxigeno en el cuerpo y disminuyendo la tensión sanguinia. No esperes más y ponte en manos de nuestros profesiones. ¡No te arrepentirás!"
        }, 
        {
            "service_category": "Preferente", 
            "service": "Presoterapia Avanzada", 
            "duration": 2700, 
            "price": "20 € ", 
            "description": "Mejora el drenaje venoso y linfático, el funcionamiento digestivo, la celulitis y la piel de naranja, mejora el sistema circulatorio aumentado el oxigeno y disminuyendo la tensión sanguinia, nutre las células y elimina toxinas, estimula y tonifica los músculos y articulaciones y ayuda a relajarlos."
        }, 
        {
            "service_category": "Preferente", 
            "service": "Bono 5 Sesiones Radiofrecuencia Facial", 
            "duration": 3600, 
            "price": "200 € ", 
            "description": "En el servicio están incluidos 5 sesión de radiofrecuencia en nuestro centro de estética Ana de Pedro. La Radiofrecuencia es uno de los procesos de rejuvenecimiento facial más avanzado que a través de la transferencia de energía en forma de calor a los estratos más profundos de la dermis, logra la estimulación de la producción de colágeno, eliminando los signos del envejecimiento de la piel y devolviéndole una apariencia juvenil y lozana."
        }, 
        {
            "service_category": "Preferente", 
            "service": "Higiene Facial Básica", 
            "duration": 1800, 
            "price": "30 € ", 
            "description": "El servicio incluye el desmaquillado de la piel, limpieza con extracción, mascarilla y masaje. En Ana de Pedro, realizamos un previo estudio de la piel para saber qué tipo de tratamiento necesitas ya que no todas son iguales. Deja que te asesoremos y cuida de tu piel, te lo agradecerá."
        }, 
        {
            "service_category": "Preferente", 
            "service": "Masaje De Drenaje Linfático", 
            "duration": 2700, 
            "price": "45 € ", 
            "description": "El masaje linfático es una técnica de masoterapia orientada a la activación de la linfa para que ésta no se obstruya con sustancias nocivas. Además éste masaje ayuda a producir gran cantidad de células y anticuerpos para la defensa del organismo. No esperes más y reserva online con nuestros expertos especialistas. ¡No te arrepentirás!"
        }, 
        {
            "service_category": "Preferente", 
            "service": "Masaje Descontracturante", 
            "duration": 2700, 
            "price": "45 € ", 
            "description": "Disfruta de una sesión de masaje en nuestro salón y dile adiós a esas contracturas tan molestas. ¡No esperes a que te lo cuenten ponte en manos de nuestros expertos especialistas! Reserva cómodamente online a través de Bucmi.com y no te arrepentirás."
        }, 
        {
            "service_category": "Preferente", 
            "service": "Masaje Relajante", 
            "duration": 1800, 
            "price": "35 € ", 
            "description": "En el servicio está incluido una sesión de masaje relajante. El masaje es sinónimo de relajación, es el momento que el cuerpo aprovecha para reconstituirse, para aliviar el dolor y sobre todo la sobrecarga. Reserva ya en nuestro centro de estética Ana de Pedro. ¡Saldrás como nuevo!"
        }, 
        {
            "service_category": "Preferente", 
            "service": "Nutricionista Dieta Personalizadas", 
            "duration": 1800, 
            "price": "45 € ", 
            "description": "Aprende a comer con dietas personalizadas,nuestro nutricionista elaborara un plan de adelgazamiento personalizado , Flexible y abierto, que se acapte en todo momento al estilo de tu vida , no esperes mas te esperamos con cita previa"
        }, 
        {
            "service_category": "Preferente", 
            "service": "Peeling Facial Químico", 
            "duration": 1800, 
            "price": "50 € ", 
            "description": "El servicio incluye una sesión de peeling facial de media hora en nuestro centro de estética Ana de Pedro. Con el peeling facial conseguirás el afinamiento de la piel para corregir las imperfecciones de cicatrices, marcas y manchas."
        }, 
        {
            "service_category": "Preferente", 
            "service": "Radiofrecuencia", 
            "duration": 2700, 
            "price": "50 € ", 
            "description": "En el servicio está incluido una sesión de radiofrecuencia en nuestro centro de estética Ana de Pedro. Consiste en el estiramiento del colágeno existente a corto plazo y formación de nuevo colágeno a largo plazo. Rejuvenecimiento de la zona tratada."
        }, 
        {
            "service_category": "Estética", 
            "service": "Higiene Facial Completa", 
            "duration": 5400, 
            "price": "50 € ", 
            "description": "El servicio incluye el desmaquillado de la piel, limpieza con extracción si fuese necesario y punta de diamante, tratamiento específico según la piel. En Ana de Pedro, realizamos un previo estudio de la piel para saber qué tipo de tratamiento necesitas ya que no todas son iguales. Deja que te asesoremos y cuida de tu piel, te lo agradecerá."
        }, 
        {
            "service_category": "Estética", 
            "service": "Lipoláser Con Presoterapia Avanzada", 
            "duration": 3600, 
            "price": "40 € ", 
            "description": "El lipoláser es un nuevo método para luchar contra la grasa rompiendo las estructuras de los depósitos grasos localizados. La presoterapia mejora el drenaje venoso y linfático, mejora el funcionamiento digestivo, la celulitis y la piel de naranja y el sistema circulatorio aumentado el oxigeno en el cuerpo y disminuyendo la tensión sanguinia. No esperes más y ponte en manos de nuestros profesiones. ¡No te arrepentirás!"
        }, 
        {
            "service_category": "Estética", 
            "service": "Presoterapia Avanzada", 
            "duration": 2700, 
            "price": "20 € ", 
            "description": "Mejora el drenaje venoso y linfático, el funcionamiento digestivo, la celulitis y la piel de naranja, mejora el sistema circulatorio aumentado el oxigeno y disminuyendo la tensión sanguinia, nutre las células y elimina toxinas, estimula y tonifica los músculos y articulaciones y ayuda a relajarlos."
        }, 
        {
            "service_category": "Estética", 
            "service": "Bono 5 Sesiones Radiofrecuencia Facial", 
            "duration": 3600, 
            "price": "200 € ", 
            "description": "En el servicio están incluidos 5 sesión de radiofrecuencia en nuestro centro de estética Ana de Pedro. La Radiofrecuencia es uno de los procesos de rejuvenecimiento facial más avanzado que a través de la transferencia de energía en forma de calor a los estratos más profundos de la dermis, logra la estimulación de la producción de colágeno, eliminando los signos del envejecimiento de la piel y devolviéndole una apariencia juvenil y lozana."
        }, 
        {
            "service_category": "Estética", 
            "service": "Bono 5 Sesiones Drenaje Linfatico", 
            "duration": 2700, 
            "price": "150 € ", 
            "description": "Este bono incluye 5 sesiones de drenaje linfático. Este tipo de masaje ligero y suave facilita la eliminación de las sustancias de desecho que se acumulan en el líquido que ocupa el espacio entre las células."
        }, 
        {
            "service_category": "Estética", 
            "service": "Bono 5 Sesiones Presoterapia", 
            "duration": 2700, 
            "price": "100 € ", 
            "description": "Este bono incluye 5 sesiones de presoterapia que aumenta la circulación sanguínea y el flujo linfático. Esta técnica promueve, además, la recuperación de la elasticidad cutánea y aumenta el aporte de oxígeno a los tejidos."
        }, 
        {
            "service_category": "Estética", 
            "service": "Drenaje Linfático", 
            "duration": 2700, 
            "price": "45 € ", 
            "description": "Drenaje linfático o masaje anticelulítico o reductor. Prepara tu cuerpo para la llegada de esta nueva temporada y ayuda a eliminar toxinas así como eliminar la piel de naranja. Reserva ya online con nosotros en nuestro centro de estética Ana de Pedro."
        }, 
        {
            "service_category": "Estética", 
            "service": "Higiene Facial Básica", 
            "duration": 1800, 
            "price": "30 € ", 
            "description": "El servicio incluye el desmaquillado de la piel, limpieza con extracción, mascarilla y masaje. En Ana de Pedro, realizamos un previo estudio de la piel para saber qué tipo de tratamiento necesitas ya que no todas son iguales. Deja que te asesoremos y cuida de tu piel, te lo agradecerá."
        }, 
        {
            "service_category": "Estética", 
            "service": "Masaje De Drenaje Linfático", 
            "duration": 2700, 
            "price": "45 € ", 
            "description": "El masaje linfático es una técnica de masoterapia orientada a la activación de la linfa para que ésta no se obstruya con sustancias nocivas. Además éste masaje ayuda a producir gran cantidad de células y anticuerpos para la defensa del organismo. No esperes más y reserva online con nuestros expertos especialistas. ¡No te arrepentirás!"
        }, 
        {
            "service_category": "Estética", 
            "service": "Peeling Facial Químico", 
            "duration": 1800, 
            "price": "50 € ", 
            "description": "El servicio incluye una sesión de peeling facial de media hora en nuestro centro de estética Ana de Pedro. Con el peeling facial conseguirás el afinamiento de la piel para corregir las imperfecciones de cicatrices, marcas y manchas."
        }, 
        {
            "service_category": "Estética", 
            "service": "Radiofrecuencia", 
            "duration": 2700, 
            "price": "50 € ", 
            "description": "En el servicio está incluido una sesión de radiofrecuencia en nuestro centro de estética Ana de Pedro. Consiste en el estiramiento del colágeno existente a corto plazo y formación de nuevo colágeno a largo plazo. Rejuvenecimiento de la zona tratada."
        }, 
        {
            "service_category": "Manicura y Pedicura", 
            "service": "Manicura Y Pedicura", 
            "duration": 3600, 
            "price": "65 € ", 
            "description": "Este servicio incluye manicura y pedicura de 25 y 40 minutos aproximadamente. Incluye esmaltado normal y se puede elegir entre una amplia gama de colores."
        }, 
        {
            "service_category": "Masaje", 
            "service": "Masaje Descontracturante", 
            "duration": 2700, 
            "price": "45 € ", 
            "description": "Disfruta de una sesión de masaje en nuestro salón y dile adiós a esas contracturas tan molestas. ¡No esperes a que te lo cuenten ponte en manos de nuestros expertos especialistas! Reserva cómodamente online a través de Bucmi.com y no te arrepentirás."
        }, 
        {
            "service_category": "Masaje", 
            "service": "Masaje Relajante", 
            "duration": 1800, 
            "price": "35 € ", 
            "description": "En el servicio está incluido una sesión de masaje relajante. El masaje es sinónimo de relajación, es el momento que el cuerpo aprovecha para reconstituirse, para aliviar el dolor y sobre todo la sobrecarga. Reserva ya en nuestro centro de estética Ana de Pedro. ¡Saldrás como nuevo!"
        }, 
        {
            "service_category": "Depilación", 
            "service": "Bono 5 Sesiones Fotodepilación Ingles Y Axilas", 
            "duration": 1800, 
            "price": "300 € ", 
            "description": "5 sesiones de fotodepilación que incluyen la zona de ingles y axilas. Una de las ventajas más destacadas de este tipo de depilación es que se adapta a todo tipo de piel además de ser menos doloroso que la depilación láser."
        }, 
        {
            "service_category": "Depilación", 
            "service": "Fotodepilación Axilas", 
            "duration": 900, 
            "price": "25 € ", 
            "description": "Servicio de fotodepilación en axilas. Una de las ventajas más destacadas de este tipo de depilación es que se adapta a todo tipo de piel además de ser menos doloroso que la depilación láser. Ven a nuestro centro de estética, no te arrepentirás."
        }, 
        {
            "service_category": "Depilación", 
            "service": "Fotodepilación Espalda", 
            "duration": 1800, 
            "price": "50 € ", 
            "description": "Una de las ventajas más destacadas de este tipo de depilación es que se adapta a todo tipo de piel además de ser menos doloroso que la depilación láser. Servicio de sesión suelta para fotodepilación en espalda tanto en hombre como en mujer."
        }, 
        {
            "service_category": "Depilación", 
            "service": "Fotodepilación Ingles", 
            "duration": 900, 
            "price": "25 € ", 
            "description": "Sesión suelta de fotodepilación en ingles. Una de las ventajas más destacadas de este tipo de depilación es que se adapta a todo tipo de piel además de ser menos doloroso que la depilación láser. Eliminación del vello facial con laserluz IPL intensive. ¡Ven a nuestro centro de estética!"
        }, 
        {
            "service_category": "Depilación", 
            "service": "Fotodepilación Labio", 
            "duration": 900, 
            "price": "25 € ", 
            "description": "Una sesión. Eliminación del vello facial del labio con laserluz IPL intensive. Servicio de fotodepilación facial. Una de las ventajas más destacadas es que se adapta a todo tipo de piel además de ser menos doloroso que la depilación láser. Ven a nuestro centro de estética, no te arrepentirás."
        }, 
        {
            "service_category": "Depilación", 
            "service": "Fotodepilación Medias Piernas", 
            "duration": 1800, 
            "price": "50 € ", 
            "description": "Eliminación del vello en medias piernas con laserluz IPL intensive. Una de las ventajas más destacadas es que se adapta a todo tipo de piel además de ser menos doloroso que la depilación láser. Ven a nuestro centro de estética, no te arrepentirás."
        }, 
        {
            "service_category": "Depilación", 
            "service": "Fotodepilación Piernas Enteras", 
            "duration": 1800, 
            "price": "100 € ", 
            "description": "Eliminación del vello de tus piernas con laserluz IPL intensive. Una de las ventajas más destacadas es que se adapta a todo tipo de piel además de ser menos doloroso que la depilación láser. Ven a nuestro centro de estética, no te arrepentirás."
        }, 
        {
            "service_category": "Depilación", 
            "service": "Diseños De Cejas", 
            "duration": 1800, 
            "price": "15 € ", 
            "description": "Las cejas las gran olvidadas de nuestro rostro.y que afectan a la personalidad de nuestro rostro, ahora la belleza impone natutalidad pero sin dejar atras la sensualidad y aqui las cejas juegan un gran papel no las olvides y pide tu cita ya."
        }, 
        {
            "service_category": "Bienestar", 
            "service": "Nutricionista Dieta Personalizadas", 
            "duration": 1800, 
            "price": "45 € ", 
            "description": "Aprende a comer con dietas personalizadas,nuestro nutricionista elaborara un plan de adelgazamiento personalizado , Flexible y abierto, que se acapte en todo momento al estilo de tu vida , no esperes mas te esperamos con cita previa"
        }, 
        {
            "service_category": "Varios", 
            "service": "Masaje Relajante Corporal Y Craniofacial", 
            "duration": 3600, 
            "price": "80 € ", 
            "description": "Este servicio incluye un masaje corporal relajante de 45 minutos y un masaje craniofacial de 25 minutos con aceites esenciales."
        }
    ]
}