{
    "adid": null, 
    "name": "Sensoria", 
    "name_of_contact": "Sensoria", 
    "scrape_page": "https://www.bucmi.com/sensoria", 
    "business_website": "https://www.bucmi.com/sensoria", 
    "areas_covered": null, 
    "description": "Sensoria es un centro de estética, salud y bienestar ubicado en calle Brescia número 6 de Madrid. Este centro ubicado en el barrio de Salamanca es un templo de la salud y la belleza, ya que en sus instalaciones se realizan servicios de estética, de fisioterapia y clases de pilates. Entre sus profesionales destaca la labor de su equipo estético, que se mantiene a la vanguardia de las últimas técnicas, y la eficacia de sus especialistas fisioterapéutas. Todo ello convierte a Sensoria en un espacio de culto al cuerpo, la belleza y la salud.", 
    "img_link": [
        "https://d1nd15w2k87kz0.cloudfront.net/Uploads/635858718024707759.jpg", 
        "https://d1nd15w2k87kz0.cloudfront.net/Uploads/635858718100176519.jpg", 
        "https://d1nd15w2k87kz0.cloudfront.net/Uploads/635858718134707431.jpg", 
        "https://d1nd15w2k87kz0.cloudfront.net/Uploads/635858718158621537.jpg", 
        "https://d1nd15w2k87kz0.cloudfront.net/Uploads/635858718175824593.jpg", 
        "https://d1nd15w2k87kz0.cloudfront.net/Uploads/635858718237362909.jpg"
    ], 
    "hqdb_featured_ad_type": "Featured", 
    "hqdb_nr_reviews": "3", 
    "hqdb_review_score": "7,3", 
    "accreditations": null, 
    "category": null, 
    "subcategory": null, 
    "street": "C/ Ayala, 84", 
    "city": "Madrid", 
    "zipcode": "Madrid", 
    "formatted_address": "C/ Ayala, 84, Madrid, Madrid", 
    "country": "es", 
    "office_number": "917255198", 
    "office_number2": null, 
    "mobile_number": null, 
    "mobile_number2": null, 
    "unidentified_phone_numbers": null, 
    "latitude": "40.4363065000", 
    "longitude": "-3.6634446000", 
    "business_email": null, 
    "yelp_page": null, 
    "facebook": null, 
    "twitter": null, 
    "instagram": null, 
    "venue_images": "https://d1nd15w2k87kz0.cloudfront.net/Logotipos/636295825190866141.jpg", 
    "opening_hours_raw": null, 
    "pricelist_link": null, 
    "services": [
        {
            "service_category": "Preferente", 
            "service": "Fisioterapia", 
            "duration": 3600, 
            "price": "50 € ", 
            "description": "Técnica manual especialmente diseñada para el tratamiento de lesiones, esguinces, contracturas y dolencias. Este servicio cuenta con una metodología de tratamiento específica y personalizada. Ven a Sensoria y disfruta de nuestros tratamientos y de todas las ventajas que conllevan. Di adiós a las molestias y dolores musculares. Reserva tu cita online a través de Bucmi.com."
        }, 
        {
            "service_category": "Preferente", 
            "service": "Higiene Facial Completa", 
            "duration": 3600, 
            "price": "45 € ", 
            "description": "El tratamiento incluye, desmaquillado, limpieza, extracción, mascarilla hidratante con masaje facial relajante. Disfruta de una tez mucho más luminosa e hidratada gracias a nuestros productos profesionales. Luce una piel mucho más bonita, suave y cuidada. Di adiós a las impurezas. Reserva ya tu cita online a través de Bucmi.com."
        }, 
        {
            "service_category": "Estética", 
            "service": "Tto. Corporal Reductor D´Lux. Bono 10 Sesiones", 
            "duration": 2700, 
            "price": "690 € ", 
            "description": "Reduce centímetros. Tratamiento válido para mujeres y hombres. Tiene efecto reductor, drenante, reafirmante y anticelulítico. La sensación es agradable e indolora. Bono de 10 sesiones. Luce un cuerpo tonificado y terso gracias a este tratamiento. Di adiós a la celulitis y la flacidez. ¡Ven a conocernos a Sensoria! Reserva tu cita cómodamente online a través de Bucmi.com."
        }, 
        {
            "service_category": "Estética", 
            "service": "Tratamiento Corporal Reductor D´Lux. 1 Sesión", 
            "duration": 2700, 
            "price": "69 € ", 
            "description": "Reduce centímetros. Tratamiento válido para mujeres y hombres. Tiene efecto reductor, drenante, reafirmante y anticelulítico. La sensación es agradable e indolora. Luce un cuerpo tonificado y terso gracias a este tratamiento. Di adiós a la celulitis y la flacidez. ¡Ven a conocernos a Sensoria! Reserva tu cita online a través de Bucmi.com."
        }, 
        {
            "service_category": "Estética", 
            "service": "Tto. Facial Antiedad D´Lux. Bono 5 Sesiones", 
            "duration": 1800, 
            "price": "245 € ", 
            "description": "Efecto antiedad con resultados visibles desde la primera sesión. Aporta luminosidad, drena, reafirma, regenera. Tratamiento para las bolsas de los ojos, doble mentón, acné, cicatrices... Bono de 5 sesiones. Ven a Sensoria y disfruta de una tez mucho más luminosa, suave e hidratada. Di adiós a las impurezas y el acné de una manera fácil. Reserva tu cita online a través de Bucmi.com."
        }, 
        {
            "service_category": "Estética", 
            "service": "Tratamiento Facial D´Lux", 
            "duration": 1800, 
            "price": "49 € ", 
            "description": "Efecto lifting y antiedad con resultados visibles desde la primera sesión. Aporta luminosidad, drena, reafirma, regenera. Tratamiento para las bolsas de los ojos, doble mentón, acné, cicatrices. Disfruta de una tez mucho más luminosa, hidratada y suave. Disfruta de todas sus ventajas gracias a este tratamiento. Reserva ahora tu cita online a través de Bucmi.com."
        }, 
        {
            "service_category": "Estética", 
            "service": "Higiene Facial Completa", 
            "duration": 3600, 
            "price": "45 € ", 
            "description": "El tratamiento incluye, desmaquillado, limpieza, extracción, mascarilla hidratante con masaje facial relajante. Disfruta de una tez mucho más luminosa e hidratada gracias a nuestros productos profesionales. Luce una piel mucho más bonita, suave y cuidada. Di adiós a las impurezas. Reserva ya tu cita online a través de Bucmi.com."
        }, 
        {
            "service_category": "Masaje", 
            "service": "Tto. Corporal Reductor D´Lux. Bono 10 Sesiones", 
            "duration": 2700, 
            "price": "690 € ", 
            "description": "Reduce centímetros. Tratamiento válido para mujeres y hombres. Tiene efecto reductor, drenante, reafirmante y anticelulítico. La sensación es agradable e indolora. Bono de 10 sesiones. Luce un cuerpo tonificado y terso gracias a este tratamiento. Di adiós a la celulitis y la flacidez. ¡Ven a conocernos a Sensoria! Reserva tu cita cómodamente online a través de Bucmi.com."
        }, 
        {
            "service_category": "Depilación", 
            "service": "Tto. Corporal Reductor D´Lux. Bono 10 Sesiones", 
            "duration": 2700, 
            "price": "690 € ", 
            "description": "Reduce centímetros. Tratamiento válido para mujeres y hombres. Tiene efecto reductor, drenante, reafirmante y anticelulítico. La sensación es agradable e indolora. Bono de 10 sesiones. Luce un cuerpo tonificado y terso gracias a este tratamiento. Di adiós a la celulitis y la flacidez. ¡Ven a conocernos a Sensoria! Reserva tu cita cómodamente online a través de Bucmi.com."
        }, 
        {
            "service_category": "Depilación", 
            "service": "Tratamiento Corporal Reductor D´Lux. 1 Sesión", 
            "duration": 2700, 
            "price": "69 € ", 
            "description": "Reduce centímetros. Tratamiento válido para mujeres y hombres. Tiene efecto reductor, drenante, reafirmante y anticelulítico. La sensación es agradable e indolora. Luce un cuerpo tonificado y terso gracias a este tratamiento. Di adiós a la celulitis y la flacidez. ¡Ven a conocernos a Sensoria! Reserva tu cita online a través de Bucmi.com."
        }, 
        {
            "service_category": "Depilación", 
            "service": "Tto. Facial Antiedad D´Lux. Bono 5 Sesiones", 
            "duration": 1800, 
            "price": "245 € ", 
            "description": "Efecto antiedad con resultados visibles desde la primera sesión. Aporta luminosidad, drena, reafirma, regenera. Tratamiento para las bolsas de los ojos, doble mentón, acné, cicatrices... Bono de 5 sesiones. Ven a Sensoria y disfruta de una tez mucho más luminosa, suave e hidratada. Di adiós a las impurezas y el acné de una manera fácil. Reserva tu cita online a través de Bucmi.com."
        }, 
        {
            "service_category": "Depilación", 
            "service": "Tratamiento Facial D´Lux", 
            "duration": 1800, 
            "price": "49 € ", 
            "description": "Efecto lifting y antiedad con resultados visibles desde la primera sesión. Aporta luminosidad, drena, reafirma, regenera. Tratamiento para las bolsas de los ojos, doble mentón, acné, cicatrices. Disfruta de una tez mucho más luminosa, hidratada y suave. Disfruta de todas sus ventajas gracias a este tratamiento. Reserva ahora tu cita online a través de Bucmi.com."
        }
    ]
}