{
    "adid": null, 
    "name": "Sinalgia", 
    "name_of_contact": "Sinalgia", 
    "scrape_page": "https://www.bucmi.com/sinalgia", 
    "business_website": "https://www.bucmi.com/sinalgia", 
    "areas_covered": null, 
    "description": "Sinalgia es un centro de fisioterapia ubicado en el barrio de Odonnell, en Madrid. El tratamiento del dolor muscular es nuestra prioridad. Disponemos de los equipos más modernos que avalan nuestro trabajo. Nos preocupamos ante todo por nuestros clientes.", 
    "img_link": [
        "https://d1nd15w2k87kz0.cloudfront.net/Uploads/635913321801505626.jpg", 
        "https://d1nd15w2k87kz0.cloudfront.net/Uploads/635913321819786527.jpg", 
        "https://d1nd15w2k87kz0.cloudfront.net/Uploads/635913321842442688.jpg", 
        "https://d1nd15w2k87kz0.cloudfront.net/Uploads/635913321869942623.jpg", 
        "https://d1nd15w2k87kz0.cloudfront.net/Uploads/635913321896974799.jpg", 
        "https://d1nd15w2k87kz0.cloudfront.net/Uploads/635913321917912484.jpg"
    ], 
    "hqdb_featured_ad_type": "Featured", 
    "hqdb_nr_reviews": "16", 
    "hqdb_review_score": "9,1", 
    "accreditations": null, 
    "category": null, 
    "subcategory": null, 
    "street": null, 
    "city": "Madrid", 
    "zipcode": "28006", 
    "formatted_address": "Madrid, 28006", 
    "country": "es", 
    "office_number": null, 
    "office_number2": null, 
    "mobile_number": null, 
    "mobile_number2": null, 
    "unidentified_phone_numbers": null, 
    "latitude": "40.4267726000", 
    "longitude": "-3.6740707999", 
    "business_email": null, 
    "yelp_page": null, 
    "facebook": null, 
    "twitter": null, 
    "instagram": null, 
    "venue_images": "https://d1nd15w2k87kz0.cloudfront.net/Logotipos/635913323118700818.jpg", 
    "opening_hours_raw": null, 
    "pricelist_link": null, 
    "services": [
        {
            "service_category": "Preferente", 
            "service": "Masaje Deportivo", 
            "duration": 2700, 
            "price": "35 € ", 
            "description": "Elimina las sobrecargas y prepara tu cuerpo para prevenir lesiones. Este tipo de masaje no solo está indicado para profesionales del deporte sino también para personas que suelen practicar ejercicio aunque no sea a nivel profesional. Ven a tu Centro de Fisioterapia Sinalgia y ponte en manos de nuestros mejores profesionales titulados. Te ayudarán a cuidar de tus lesiones y a prevenir nuevas. Reserva tu cita cómodamente online a través de Bucmi.com.F"
        }, 
        {
            "service_category": "Preferente", 
            "service": "Fisioterapia Cervicolumbar", 
            "duration": 3600, 
            "price": "35 € ", 
            "description": "Tratamiento de dolor de cabeza de origen cervical, cuello y hombros con terapia manual e instrumental. Incluyendo estiramiento manual de los grupos musculares implicados. Ven a tu Centro de Fisioterapia Sinalgia y ponte en manos de nuestros mejores profesionales titulados. Notarás los resultados desde la primera sesión. Te sentirás mucho mejor y más descansado. Reserva tu cita cómodamente online a través de Bucmi.com.F"
        }, 
        {
            "service_category": "Preferente", 
            "service": "Bono 6 Sesiones Fisioterapia", 
            "duration": 3600, 
            "price": "175 € ", 
            "description": "En el servicio está incluido un bono de 6 sesiones de fisioterapia de 1 hora de duración cada sesión. Es una terapia que ayuda a eliminar la dolencia en la zona localizada. Ven a tu Centro de Fisioterapia Sinalgia y ponte en manos de nuestros mejores profesionales. Notarás los resultados desde la primera sesión. Te sentirás mucho mejor y más descansado. Reserva tu cita cómodamente online a través de Bucmi.com.F"
        }, 
        {
            "service_category": "Estética", 
            "service": "Drenaje Linfático Funcional", 
            "duration": 2700, 
            "price": "35 € ", 
            "description": "Técnica manual que incluye masaje de retorno venoso. Estiramiento manual de los grupos musculares de ambos miembros inferiores. Indicado para la retención de líquidos, elefantiosis, síndrome de piernas cansadas y mala circulación linfovenosa. Ven a tu Centro de Fisioterapia Sinalgia y ponte en manos de nuestros mejores profesionales. Favorece la circulación del sistema linfático. Reserva tu cita online en Bucmi.com."
        }, 
        {
            "service_category": "Estética", 
            "service": "Bono 6 Sesiones Drenaje Linfático Funcional", 
            "duration": 3600, 
            "price": "175 € ", 
            "description": "Técnica manual que incluye masaje de retorno venoso. Estiramiento manual de los grupos musculares de ambos miembros inferiores. Indicado para la retención de líquidos, elefantiosis, síndrome de piernas cansadas y mala circulación linfovenosa. Ven a tu Centro de Fisioterapia Sinalgia y ponte en manos de nuestros mejores profesionales. Favorece la circulación del sistema linfático. Reserva tu cita online en Bucmi.com."
        }, 
        {
            "service_category": "Masaje", 
            "service": "3 Ss Fisioterapia Antidolorosa", 
            "duration": 2700, 
            "price": "120 € ", 
            "description": "Con este bono ayudamos a eliminar la dolencia de la zona localizada mediante masaje manual con estiramiento de grupos en cabeza, cuello y hombros. Olvídate del dolor de cabeza en apena 45 minutos. No esperes más y reserva ahora tu cita online a través de Bucmi.com."
        }, 
        {
            "service_category": "Masaje", 
            "service": "2 Ss Fisioterapia Antidolorosa", 
            "duration": 2700, 
            "price": "80 € ", 
            "description": "Se trata de dos sesiones de masaje manual realizando estiramientos de grupos en cabeza cuello y hombros. Eliminamos la dolencia de la zona localizada como dolor de cabeza. No esperes más y reserva ahora tu cita online de la forma más fácil a través de Bucmi.com."
        }, 
        {
            "service_category": "Masaje", 
            "service": "Bono 6 Sesiones De Masaje Descontracturante", 
            "duration": 3600, 
            "price": "175 € ", 
            "description": "Bono de seis sesiones de masaje descontracturante indicado para eliminar las tensiones generadas por el ritmo de trabajo y del día a día o las malas posiciones posturales, que generan dolor de cabeza, cuello y espalda. Se trata de un masaje que ayuda a dar mayor rendimiento al músculo así como mejorar la resistencia al trabajo. Ven a tu Centro de Fisioterapia Sinalgia y ponte en manos de nuestros mejores profesionales titulados. Notarás los resultados y conseguirás descansar mucho mejor por las noches."
        }, 
        {
            "service_category": "Masaje", 
            "service": "Fisioterapia", 
            "duration": 3600, 
            "price": "35 € ", 
            "description": "Es una terapia que ayuda a eliminar la dolencia en la zona localizada. Ven a tu Centro de Fisioterapia Sinalgia y ponte en manos de nuestros mejores profesionales. Notarás los resultados desde la primera sesión. Te sentirás mucho mejor y más descansado. Reserva tu cita cómodamente online a través de Bucmi.com.F"
        }, 
        {
            "service_category": "Masaje", 
            "service": "Masaje Deportivo", 
            "duration": 2700, 
            "price": "35 € ", 
            "description": "Elimina las sobrecargas y prepara tu cuerpo para prevenir lesiones. Este tipo de masaje no solo está indicado para profesionales del deporte sino también para personas que suelen practicar ejercicio aunque no sea a nivel profesional. Ven a tu Centro de Fisioterapia Sinalgia y ponte en manos de nuestros mejores profesionales titulados. Te ayudarán a cuidar de tus lesiones y a prevenir nuevas. Reserva tu cita cómodamente online a través de Bucmi.com.F"
        }, 
        {
            "service_category": "Masaje", 
            "service": "Masaje Descontracturante", 
            "duration": 2700, 
            "price": "35 € ", 
            "description": "Sesión suelta de masaje descontracturante indicado para eliminar las tensiones generadas por el ritmo de trabajo y las malas posiciones posturales, que generan dolores de cabeza cuello y espalda. Este masaje manual ayuda a dar mayor rendimiento al músculo así como mejorar la resistencia al trabajo. Ven a tu Centro de Fisioterapia Sinalgia y ponte en manos de nuestros mejores profesionales titulados. Notarás los resultados y conseguirás descansar mucho mejor por las noches."
        }, 
        {
            "service_category": "Masaje", 
            "service": "Fisioterapia Cervicolumbar", 
            "duration": 3600, 
            "price": "35 € ", 
            "description": "Tratamiento de dolor de cabeza de origen cervical, cuello y hombros con terapia manual e instrumental. Incluyendo estiramiento manual de los grupos musculares implicados. Ven a tu Centro de Fisioterapia Sinalgia y ponte en manos de nuestros mejores profesionales titulados. Notarás los resultados desde la primera sesión. Te sentirás mucho mejor y más descansado. Reserva tu cita cómodamente online a través de Bucmi.com.F"
        }, 
        {
            "service_category": "Masaje", 
            "service": "Bono 6 Sesiones Fisioterapia Cervicolumbar", 
            "duration": 3600, 
            "price": "175 € ", 
            "description": "Tratamiento de dolor de cabeza de origen cervical, cuello y hombros con terapia manual e instrumental. Incluyendo estiramiento manual de los grupos musculares implicados. Ven a tu Centro de Fisioterapia Sinalgia y ponte en manos de nuestros mejores profesionales titulados. Notarás los resultados desde la primera sesión. Te sentirás mucho mejor y más descansado. Reserva tu cita cómodamente online a través de Bucmi.comF"
        }, 
        {
            "service_category": "Masaje", 
            "service": "Bono 6 Sesiones Masaje Deportivo", 
            "duration": 3600, 
            "price": "175 € ", 
            "description": "Elimina las sobrecargas y prepara tu cuerpo para prevenir lesiones. Este tipo de masaje no solo está indicado para profesionales del deporte sino también para personas que suelen practicar ejercicio aunque no sea a nivel profesional. Ven a tu Centro de Fisioterapia Sinalgia y ponte en manos de nuestros mejores profesionales titulados. Te ayudarán a cuidar de tus lesiones y a prevenir nuevas. Reserva tu cita cómodamente online a través de Bucmi.com.F"
        }, 
        {
            "service_category": "Masaje", 
            "service": "Bono 6 Sesiones Fisioterapia", 
            "duration": 3600, 
            "price": "175 € ", 
            "description": "En el servicio está incluido un bono de 6 sesiones de fisioterapia de 1 hora de duración cada sesión. Es una terapia que ayuda a eliminar la dolencia en la zona localizada. Ven a tu Centro de Fisioterapia Sinalgia y ponte en manos de nuestros mejores profesionales. Notarás los resultados desde la primera sesión. Te sentirás mucho mejor y más descansado. Reserva tu cita cómodamente online a través de Bucmi.com.F"
        }
    ]
}