{
    "adid": null, 
    "name": "Natura Style Aravaca", 
    "name_of_contact": "Natura Style Aravaca", 
    "scrape_page": "https://www.bucmi.com/naturastylearavaca", 
    "business_website": "https://www.bucmi.com/naturastylearavaca", 
    "areas_covered": null, 
    "description": "En Natura Center nuestro principal objetivo es satisfacer las necesidades a nuestro clientes. Tenemos una amplia experiencia en el sector y ponemos mucho empeño en el concepto de atención al cliente. Contamos con servicios de Peluquería y Estética.", 
    "img_link": [
        "https://d1nd15w2k87kz0.cloudfront.net/Uploads/635629733444806346.jpg", 
        "https://d1nd15w2k87kz0.cloudfront.net/Uploads/635629733481527941.jpg", 
        "https://d1nd15w2k87kz0.cloudfront.net/Uploads/635629733625132933.jpg", 
        "https://d1nd15w2k87kz0.cloudfront.net/Uploads/635629733671074003.jpg", 
        "https://d1nd15w2k87kz0.cloudfront.net/Uploads/635629733698263493.jpg", 
        "https://d1nd15w2k87kz0.cloudfront.net/Uploads/635629733735922850.jpg", 
        "https://d1nd15w2k87kz0.cloudfront.net/Uploads/635629733762643618.jpg", 
        "https://d1nd15w2k87kz0.cloudfront.net/Uploads/635629733781707636.jpg", 
        "https://d1nd15w2k87kz0.cloudfront.net/Uploads/635629733800146563.jpg", 
        "https://d1nd15w2k87kz0.cloudfront.net/Uploads/635629733821710644.jpg", 
        "https://d1nd15w2k87kz0.cloudfront.net/Uploads/635629733847962779.jpg"
    ], 
    "hqdb_featured_ad_type": "Featured", 
    "hqdb_nr_reviews": "15", 
    "hqdb_review_score": "8,1", 
    "accreditations": null, 
    "category": null, 
    "subcategory": null, 
    "street": null, 
    "city": "Madrid", 
    "zipcode": "28023", 
    "formatted_address": "Madrid, 28035, Madrid, 28014, Madrid, 28033, Madrid, 28023", 
    "country": "es", 
    "office_number": "913078083", 
    "office_number2": null, 
    "mobile_number": null, 
    "mobile_number2": null, 
    "unidentified_phone_numbers": null, 
    "latitude": "40.4577020000", 
    "longitude": "-3.7827541999", 
    "business_email": null, 
    "yelp_page": null, 
    "facebook": null, 
    "twitter": null, 
    "instagram": null, 
    "venue_images": "https://d1nd15w2k87kz0.cloudfront.net/Logotipos/635971813155025074.jpg", 
    "opening_hours_raw": null, 
    "pricelist_link": null, 
    "services": [
        {
            "service_category": "Preferente", 
            "service": "Higiene Facial (Punta De Diamante)", 
            "duration": 5400, 
            "price": "35 € ", 
            "description": "La duración aproximada de este tratamiento es de 60 minutos. La higiene facial profesional tiene como objetivo limpiar en profundidad células muertas,espinillas,eliminar toxinas,reduce el acné,relajar y mejorar la circulación de la cara, dermoabrasión (técnica para regenerar las capas mas externas de la piel mediante su exfoliación mecánica (lijado) dejando la piel suave e hidratada."
        }, 
        {
            "service_category": "Preferente", 
            "service": "Color Y Peinado Cualquier Largo", 
            "duration": 5400, 
            "price": "41 € ", 
            "description": "La duración del servicio dura aproximadamente una hora. Completo servicio al mejor precio. ¿Dónde? En nuestro centro, podrás disfrutar de color de pelo, lavado y peinado en cualquier largo. Te verás genial."
        }, 
        {
            "service_category": "Preferente", 
            "service": "Tratamiento Corporal Reductor Y Reafirmante", 
            "duration": 5400, 
            "price": "35 € ", 
            "description": "Este servicio tiene una duración de una hora aproximadamente. Consigue reafirmar esas partes que se te resisten. El tratamiento combina maderoterapia y aceites. Se consiguen resultados tras estas sesiones."
        }, 
        {
            "service_category": "Peluquería", 
            "service": "Peinar Tercera Edad", 
            "duration": 1800, 
            "price": "15 € ", 
            "description": "Si eres una persona de la tercera edad, ven a nuestra peluquería y benefíciate de nuestras promociones. Incluye lavado de pelo."
        }, 
        {
            "service_category": "Peluquería", 
            "service": "Color Y Peinado Cualquier Largo", 
            "duration": 5400, 
            "price": "41 € ", 
            "description": "La duración del servicio dura aproximadamente una hora. Completo servicio al mejor precio. ¿Dónde? En nuestro centro, podrás disfrutar de color de pelo, lavado y peinado en cualquier largo. Te verás genial."
        }, 
        {
            "service_category": "Peluquería", 
            "service": "Alisado De Keratina", 
            "duration": 12600, 
            "price": "110 € ", 
            "description": "Si no consigues dominar tu melena, realiza este tratamiento de alisado de Keratina con nosotros. Este servicio es para cualquier largo. Olvídate de la plancha."
        }, 
        {
            "service_category": "Peluquería", 
            "service": "Corte De Pelo Niños", 
            "duration": 1800, 
            "price": "11 € ", 
            "description": "Corta el pelo a tu niño con nosotros... Le dejaremos muy muy guapo. Corte de niño hasta 13 años, si necesita asesoramiento, nosotros se lo daremos."
        }, 
        {
            "service_category": "Peluquería", 
            "service": "Extensiones Pelo Grapas", 
            "duration": 2700, 
            "price": "15 € ", 
            "description": "Este servicio tiene una duración aproximada de 30 minutos. Si quieres dar volumen a tu cabello, o alargarlo simplemente. Te ponemos extensiones de grapa con pelo (semi-natural). Disfruta de este fantástico descuento. Sirve para cualquier largo. Sólo incluye poner las extensiones y pelo."
        }, 
        {
            "service_category": "Estética", 
            "service": "Higiene Facial (Punta De Diamante)", 
            "duration": 5400, 
            "price": "35 € ", 
            "description": "La duración aproximada de este tratamiento es de 60 minutos. La higiene facial profesional tiene como objetivo limpiar en profundidad células muertas,espinillas,eliminar toxinas,reduce el acné,relajar y mejorar la circulación de la cara, dermoabrasión (técnica para regenerar las capas mas externas de la piel mediante su exfoliación mecánica (lijado) dejando la piel suave e hidratada."
        }, 
        {
            "service_category": "Estética", 
            "service": "Maquillaje ( Microblading)", 
            "duration": 5400, 
            "price": "100 € ", 
            "description": "Este tratamiento tiene una duración aproximada de 60 minutos. Como dicen que las cejas son el marco del rostro,tienen que lucir impecables y muy importante,con la forma adecuada a cada rostro. Se trata de una tecnica llamanda microblading, que consiste en dibujar la ceja con una especie de plumillas (bisturí) vello por vello acentuando la mirada."
        }, 
        {
            "service_category": "Estética", 
            "service": "Extensiones De Pestañas", 
            "duration": 5400, 
            "price": "60 € ", 
            "description": "Este servicio tiene una duración aproximada de 60 minutos. Luce unas pestañas absolutamente perfectas, largas, definidas y muy naturales. Usamos la técnica pelo a pelo para realizar este servicio."
        }, 
        {
            "service_category": "Estética", 
            "service": "Antiedad Facial", 
            "duration": 5400, 
            "price": "40 € ", 
            "description": "El tratamiento tiene una duración de 60 minutos. Porque no se puede luchar en contra del tiempo, pero si de las arrugas... Este completo tratamiento Antiedad incluye, crema antioxidante y reafirmante, mascarilla, pulpa de uva, radiofrecuencia virtual y Mesoterapia virtual. Si rostro notará la diferencia."
        }, 
        {
            "service_category": "Estética", 
            "service": "Tratamiento Corporal Reductor Y Reafirmante", 
            "duration": 5400, 
            "price": "35 € ", 
            "description": "Este servicio tiene una duración de una hora aproximadamente. Consigue reafirmar esas partes que se te resisten. El tratamiento combina maderoterapia y aceites. Se consiguen resultados tras estas sesiones."
        }, 
        {
            "service_category": "Estética", 
            "service": "Máscara Permanente De Pestañas", 
            "duration": 3600, 
            "price": "35 € ", 
            "description": "Este servicio tiene una duración aproximada de 45 minutos. Disfruta de nuestro completo servicio de máscara permanente de pestañas para que luzcan más espesas durante tres semanas y olvidate del rimel. ¿A qué estás esperando para hacer tu reserva online? No te arrepentirás del resultado."
        }, 
        {
            "service_category": "Estética", 
            "service": "Micropigmentación Labio Con Relleno", 
            "duration": 3600, 
            "price": "300 € ", 
            "description": "Si quieres marcar tu boca, hacerla más sensual, ven a nuestro centro. Te practicamos esta micropigmentación que no sólo incluye perfilado, además te hacemos el relleno. Queda muy natural."
        }, 
        {
            "service_category": "Estética", 
            "service": "Tinte Y Permanente De Pestañas", 
            "duration": 5400, 
            "price": "35 € ", 
            "description": "Este servicio tiene una duración aproximada de una hora. Consigue unas pestañas con volumen extremo, una mirada atractiva y seductora a cualquier hora y en cualquiera momento. La permanente acentúa la curvatura natural de las pestañas y hacen lucir la mirada mucho más femenina y expresiva."
        }, 
        {
            "service_category": "Estética", 
            "service": "Tratamiento Adelgazante Bono 10 Sesiones", 
            "duration": 5400, 
            "price": "195 € ", 
            "description": "Este servicio tiene una duración aproximada de 60 minutos cada sesión. Tratamiento adelgazante completo. Incluye dieta diseñada por un nutricionista y seguimiento de la misma, tratamiento con máquinas según las necesidades de cada cliente, gimnasia pasiva, cavitación, presoterapia, radiofrecuencia, mesoterapia virtual y plataforma vibratoria. Se pueden combinar varias sesiones en un mismo día y luce un cuerpo 10 para este verano.."
        }, 
        {
            "service_category": "Manicura y Pedicura", 
            "service": "Manicura Y Pedicura", 
            "duration": 7200, 
            "price": "40 € ", 
            "description": "La duración aproximada de este tratamiento es de una hora y media. Con este Pack de manicura y pedicura, tendrás manos y pies perfectos. Incluye: limado de uñas, quitar cutículas, eliminación de durezas, hidratación y esmalte a elegir,hidromasaje etc."
        }, 
        {
            "service_category": "Manicura y Pedicura", 
            "service": "Manicura Permanente", 
            "duration": 1800, 
            "price": "20 € ", 
            "description": "La manicura permanente es una técnica fabulosa la cual consiste en utilizar un producto el cual permite que las mujeres se realicen la manicura una vez cada cierto tiempo y que mantenga intacta con muy pocos cuidados."
        }, 
        {
            "service_category": "Manicura y Pedicura", 
            "service": "Pedicura Permanente", 
            "duration": 5400, 
            "price": "30 € ", 
            "description": "Este servicio tiene una duración exacta de 60 minutos. La pedicura permanente es una técnica fabulosa la cual consiste en utilizar un producto el cual permite que las mujeres se realicen la pedicura una vez cada cierto tiempo y que mantenga intacta con muy pocos cuidados. LUCIR UÑAS PERFECTAS POR MAS TIEMPO YA NO ES IMPOSIBLE PRUEBALO..."
        }, 
        {
            "service_category": "Masaje", 
            "service": "Fisioterapia", 
            "duration": 5400, 
            "price": "40 € ", 
            "description": "Este servicio tiene una duración aproximada de 60 minutos. Tratamiento personalizado de diferentes patologías tales como: Cervicalgias, Lumbalgias, Ciáticas, Problemas discales, Tendinitis, Contracturas… Elimina tus molestias con este tratamiento."
        }, 
        {
            "service_category": "Masaje", 
            "service": "Masaje Relajante", 
            "duration": 5400, 
            "price": "40 € ", 
            "description": "Este servicio tiene una duración aproximada de 60 minutos. Un masaje relajante total es un tipo de masaje que fija su atencion en descargar la tension acumulada,se aplica de forma lenta y con una presion firme y `rogresiva que actua sobre los puntos de tension del receptor,realizando las maniobras en las areas de tension .PRUEBALO"
        }, 
        {
            "service_category": "Depilación", 
            "service": "Fotodepilación Cualquier Zona", 
            "duration": 2700, 
            "price": "25 € ", 
            "description": "Elimina el vello de tu cuerpo con esta tarifa plana de fotodepilacion. Válido para cualquier parte del cuerpo: piernas, brazos, ingles, axilas, pecho, espalda....."
        }, 
        {
            "service_category": null, 
            "service": "Alisado De Keratina", 
            "duration": 12600, 
            "price": "110 € ", 
            "description": "Si no consigues dominar tu melena, realiza este tratamiento de alisado de Keratina con nosotros. Este servicio es para cualquier largo. Olvídate de la plancha."
        }
    ]
}