{
    "adid": null, 
    "name": "DeaDia", 
    "name_of_contact": "DeaDia", 
    "scrape_page": "https://www.bucmi.com/deadia", 
    "business_website": "https://www.bucmi.com/deadia", 
    "areas_covered": null, 
    "description": "DeaDía es un centro de estética y belleza creado por Marísa Duro hace varios años, pero se trasladó en 2017 a su actual dirección en calle Baños de Montemayor 1, cerca de la estación e Delicias en la zona centro de Madrid. Sus nuevas y modernas instalaciones vienen preparadas con la aparatología y las técnicas más novedosas del sector. Su filosofía de trabajo fusiona la amplia experiencia de sus profesionales, su sabiduría alquímica, la energía natural rejuvencedora, la más avanzada tecnología y los productos de mejor calidad. Esta combinación les permite conseguir los mejores resultados en sus tratamientos faciales, corporales, manicuras, pedicuras, depilaciones y masajes. Están especializados en tratamientos antiedad de máxima regeneración Face, Body & Mind.", 
    "img_link": [
        "https://d1nd15w2k87kz0.cloudfront.net/Uploads/635924348992112636.jpg", 
        "https://d1nd15w2k87kz0.cloudfront.net/Uploads/635924349010706002.jpg", 
        "https://d1nd15w2k87kz0.cloudfront.net/Uploads/635924349032272184.jpg", 
        "https://d1nd15w2k87kz0.cloudfront.net/Uploads/635924349051032739.jpg", 
        "https://d1nd15w2k87kz0.cloudfront.net/Uploads/635924349072282761.jpg", 
        "https://d1nd15w2k87kz0.cloudfront.net/Uploads/635924349093692322.jpg"
    ], 
    "hqdb_featured_ad_type": "Featured", 
    "hqdb_nr_reviews": "15", 
    "hqdb_review_score": "8,7", 
    "accreditations": null, 
    "category": null, 
    "subcategory": null, 
    "street": null, 
    "city": "Madrid", 
    "zipcode": "28005", 
    "formatted_address": "Madrid, 28005", 
    "country": "es", 
    "office_number": "910075871", 
    "office_number2": null, 
    "mobile_number": null, 
    "mobile_number2": null, 
    "unidentified_phone_numbers": null, 
    "latitude": "40.3982689000", 
    "longitude": "-3.7030029000", 
    "business_email": null, 
    "yelp_page": null, 
    "facebook": null, 
    "twitter": null, 
    "instagram": null, 
    "venue_images": "https://d1nd15w2k87kz0.cloudfront.net/Logotipos/635924387164390980.jpg", 
    "opening_hours_raw": null, 
    "pricelist_link": null, 
    "services": [
        {
            "service_category": "Preferente", 
            "service": "Masaje Con Cañas Bambú", 
            "duration": 3600, 
            "price": "40 € ", 
            "description": "Los masajistas profesionales de DeaDia realizan esta terapia manual para mejorar el estado de bienestar físico y mental del cliente. Se tarta de un masaje oriental realizado con cañas de bambú. Tiene numerosos beneficios ya sea combatir el cansancio, la celulitis así como combatir las grasas. El masaje se realiza con más o menos intensidad, según las necesidades del paciente."
        }, 
        {
            "service_category": "Preferente", 
            "service": "Bronceado Facial Y Corporal Con Caña De Azúcar", 
            "duration": 900, 
            "price": "29 € ", 
            "description": "Servicio específico de aplicación de autobronceador facial y corporal de caña de azúcar. Con él se consigue un moreno muy natural en sólo 15 minutos. Los expertos en estética de DeaDia realizan la aplicación de este bronceado de forma minuciosa para lograr un resultado uniforme y atractivo. Servicio ideal para realizarse en cualquier temporada del año y muy recomendado para destacar el tono de piel en cualquier evento. Reserva tu cita cómodamente online."
        }, 
        {
            "service_category": "Preferente", 
            "service": "Manicura Semipermanente Spa", 
            "duration": 3600, 
            "price": "40 € ", 
            "description": "La manicura spa con esmaltado permanente, ofrece un cuidado y acabado perfecto que dura semanas. Los expertos en manos y uñas de DeaDia realizan este ritual minuciosamente, limando las uñas para conseguir la forma deseada, retirando la cutícula e hidratando las manos para que ofrezcan una imagen cuidada. Además, maquillan las uñas con esmaltado semipermanente en un color a elegir de su gama disponible."
        }, 
        {
            "service_category": "Preferente", 
            "service": "Bronceado Caña De Azúcar Y Peeling", 
            "duration": 2700, 
            "price": "39 € ", 
            "description": "Este pack de tratamientos corporales está pensado para renovar la piel, hidratarla y dale un tono bronceado bonito. Incluye exfoliante facial y corporal con posterior aplicación de autobronceador de caña de azúcar, de la mano de los expertos en estética de DeaDia. Servicio ideal para cualquier temporada del año y para mejorar el aspecto de la piel de cara a cualquier acontecimiento importante."
        }, 
        {
            "service_category": "Estética", 
            "service": "Bronceado Facial Y Corporal Con Caña De Azúcar", 
            "duration": 900, 
            "price": "29 € ", 
            "description": "Servicio específico de aplicación de autobronceador facial y corporal de caña de azúcar. Con él se consigue un moreno muy natural en sólo 15 minutos. Los expertos en estética de DeaDia realizan la aplicación de este bronceado de forma minuciosa para lograr un resultado uniforme y atractivo. Servicio ideal para realizarse en cualquier temporada del año y muy recomendado para destacar el tono de piel en cualquier evento. Reserva tu cita cómodamente online."
        }, 
        {
            "service_category": "Estética", 
            "service": "Bronceado Caña De Azúcar Y Peeling", 
            "duration": 2700, 
            "price": "39 € ", 
            "description": "Este pack de tratamientos corporales está pensado para renovar la piel, hidratarla y dale un tono bronceado bonito. Incluye exfoliante facial y corporal con posterior aplicación de autobronceador de caña de azúcar, de la mano de los expertos en estética de DeaDia. Servicio ideal para cualquier temporada del año y para mejorar el aspecto de la piel de cara a cualquier acontecimiento importante."
        }, 
        {
            "service_category": "Estética", 
            "service": "Drenaje Linfático Manual", 
            "duration": 5400, 
            "price": "55 € ", 
            "description": "El tratamiento de drenaje linfático manual supone una activación del funcionamiento del sistema linfático superficial, para mejorar así la eliminación del liquido intersticial y de las moléculas de gran tamaño y optimizar su evacuación. Con él mejorar la circulación del cuerpo y se elimina reduce la presencia de celulitis. Este servicio tiene una duración de 75 minutos."
        }, 
        {
            "service_category": "Estética", 
            "service": "Tratamiento Facial Anti-Age Con Vitaminas", 
            "duration": 5400, 
            "price": "55 € ", 
            "description": "El tratamiento El Facial Skinpen consigue que la piel del rostro se vea mucho más joven, luminosa y con un tono completamente unificado. Es un completo ritual que une la efectividad de la mesoterapia facial con un cóctel específico de vitaminas, que nutre y revitaliza la piel. Además, los profesionales estéticos de DeaDia realizar el servicio con la mayor dedicación y utilizan productos de primera calidad para lograr el mejor resultado."
        }, 
        {
            "service_category": "Manicura y Pedicura", 
            "service": "Bronceado Facial Y Corporal Con Caña De Azúcar", 
            "duration": 900, 
            "price": "29 € ", 
            "description": "Servicio específico de aplicación de autobronceador facial y corporal de caña de azúcar. Con él se consigue un moreno muy natural en sólo 15 minutos. Los expertos en estética de DeaDia realizan la aplicación de este bronceado de forma minuciosa para lograr un resultado uniforme y atractivo. Servicio ideal para realizarse en cualquier temporada del año y muy recomendado para destacar el tono de piel en cualquier evento. Reserva tu cita cómodamente online."
        }, 
        {
            "service_category": "Manicura y Pedicura", 
            "service": "Bronceado Caña De Azúcar Y Peeling", 
            "duration": 2700, 
            "price": "39 € ", 
            "description": "Este pack de tratamientos corporales está pensado para renovar la piel, hidratarla y dale un tono bronceado bonito. Incluye exfoliante facial y corporal con posterior aplicación de autobronceador de caña de azúcar, de la mano de los expertos en estética de DeaDia. Servicio ideal para cualquier temporada del año y para mejorar el aspecto de la piel de cara a cualquier acontecimiento importante."
        }, 
        {
            "service_category": "Manicura y Pedicura", 
            "service": "Drenaje Linfático Manual", 
            "duration": 5400, 
            "price": "55 € ", 
            "description": "El tratamiento de drenaje linfático manual supone una activación del funcionamiento del sistema linfático superficial, para mejorar así la eliminación del liquido intersticial y de las moléculas de gran tamaño y optimizar su evacuación. Con él mejorar la circulación del cuerpo y se elimina reduce la presencia de celulitis. Este servicio tiene una duración de 75 minutos."
        }, 
        {
            "service_category": "Masaje", 
            "service": "Bronceado Facial Y Corporal Con Caña De Azúcar", 
            "duration": 900, 
            "price": "29 € ", 
            "description": "Servicio específico de aplicación de autobronceador facial y corporal de caña de azúcar. Con él se consigue un moreno muy natural en sólo 15 minutos. Los expertos en estética de DeaDia realizan la aplicación de este bronceado de forma minuciosa para lograr un resultado uniforme y atractivo. Servicio ideal para realizarse en cualquier temporada del año y muy recomendado para destacar el tono de piel en cualquier evento. Reserva tu cita cómodamente online."
        }, 
        {
            "service_category": "Masaje", 
            "service": "Bronceado Caña De Azúcar Y Peeling", 
            "duration": 2700, 
            "price": "39 € ", 
            "description": "Este pack de tratamientos corporales está pensado para renovar la piel, hidratarla y dale un tono bronceado bonito. Incluye exfoliante facial y corporal con posterior aplicación de autobronceador de caña de azúcar, de la mano de los expertos en estética de DeaDia. Servicio ideal para cualquier temporada del año y para mejorar el aspecto de la piel de cara a cualquier acontecimiento importante."
        }, 
        {
            "service_category": "Depilación", 
            "service": "Bronceado Facial Y Corporal Con Caña De Azúcar", 
            "duration": 900, 
            "price": "29 € ", 
            "description": "Servicio específico de aplicación de autobronceador facial y corporal de caña de azúcar. Con él se consigue un moreno muy natural en sólo 15 minutos. Los expertos en estética de DeaDia realizan la aplicación de este bronceado de forma minuciosa para lograr un resultado uniforme y atractivo. Servicio ideal para realizarse en cualquier temporada del año y muy recomendado para destacar el tono de piel en cualquier evento. Reserva tu cita cómodamente online."
        }, 
        {
            "service_category": "Depilación", 
            "service": "Bronceado Caña De Azúcar Y Peeling", 
            "duration": 2700, 
            "price": "39 € ", 
            "description": "Este pack de tratamientos corporales está pensado para renovar la piel, hidratarla y dale un tono bronceado bonito. Incluye exfoliante facial y corporal con posterior aplicación de autobronceador de caña de azúcar, de la mano de los expertos en estética de DeaDia. Servicio ideal para cualquier temporada del año y para mejorar el aspecto de la piel de cara a cualquier acontecimiento importante."
        }, 
        {
            "service_category": "Depilación", 
            "service": "Drenaje Linfático Manual", 
            "duration": 5400, 
            "price": "55 € ", 
            "description": "El tratamiento de drenaje linfático manual supone una activación del funcionamiento del sistema linfático superficial, para mejorar así la eliminación del liquido intersticial y de las moléculas de gran tamaño y optimizar su evacuación. Con él mejorar la circulación del cuerpo y se elimina reduce la presencia de celulitis. Este servicio tiene una duración de 75 minutos."
        }, 
        {
            "service_category": "Depilación", 
            "service": "Tratamiento Facial Anti-Age Con Vitaminas", 
            "duration": 5400, 
            "price": "55 € ", 
            "description": "El tratamiento El Facial Skinpen consigue que la piel del rostro se vea mucho más joven, luminosa y con un tono completamente unificado. Es un completo ritual que une la efectividad de la mesoterapia facial con un cóctel específico de vitaminas, que nutre y revitaliza la piel. Además, los profesionales estéticos de DeaDia realizar el servicio con la mayor dedicación y utilizan productos de primera calidad para lograr el mejor resultado."
        }
    ]
}