{
    "adid": null, 
    "name": "A Punto", 
    "name_of_contact": "A Punto", 
    "scrape_page": "https://www.bucmi.com/apunto", 
    "business_website": "https://www.bucmi.com/apunto", 
    "areas_covered": null, 
    "description": "El centro de estética A Punto situado en pleno barrio de Chamberí, Madrid, ofrece todo tipo de tratamientos faciales para recuperar la vitalidad de tu cutis, servicios de uñas tales como manicuras y pedicuras entre otros. No esperes más y reserva online.", 
    "img_link": [
        "https://d1nd15w2k87kz0.cloudfront.net/Uploads/635921734438809689.jpg", 
        "https://d1nd15w2k87kz0.cloudfront.net/Uploads/635925286563641201.jpg", 
        "https://d1nd15w2k87kz0.cloudfront.net/Uploads/635927103097836295.jpg", 
        "https://d1nd15w2k87kz0.cloudfront.net/Uploads/635927103213460578.jpg", 
        "https://d1nd15w2k87kz0.cloudfront.net/Uploads/635927103283639398.jpg", 
        "https://d1nd15w2k87kz0.cloudfront.net/Uploads/635927103433641625.jpg", 
        "https://d1nd15w2k87kz0.cloudfront.net/Uploads/635927103608176506.jpg"
    ], 
    "hqdb_featured_ad_type": "Featured", 
    "hqdb_nr_reviews": "107", 
    "hqdb_review_score": "9,5", 
    "accreditations": null, 
    "category": null, 
    "subcategory": null, 
    "street": "C/ Zurbano, 22", 
    "city": "Madrid", 
    "zipcode": "28010", 
    "formatted_address": "C/ Zurbano, 22, Madrid, 28010", 
    "country": "es", 
    "office_number": "910701105", 
    "office_number2": null, 
    "mobile_number": null, 
    "mobile_number2": null, 
    "unidentified_phone_numbers": null, 
    "latitude": "40.4287401000", 
    "longitude": "-3.6935703999", 
    "business_email": null, 
    "yelp_page": null, 
    "facebook": null, 
    "twitter": null, 
    "instagram": null, 
    "venue_images": "https://d1nd15w2k87kz0.cloudfront.net/Logotipos/635938361954064098.jpg", 
    "opening_hours_raw": null, 
    "pricelist_link": null, 
    "services": [
        {
            "service_category": "Preferente", 
            "service": "Extensión De Pestañas", 
            "duration": 3600, 
            "price": "123 € ", 
            "description": "Tu mirada no dejará indiferente a nadie gracias a nuestra extensión de pestañas. Nuestras expertas en extensión de pestañas te asesorarán para conseguir una mirada más atractiva pero natural. Durante el proceso te ponemos entre 80 y 100 pestañas de seda (según la cantidad que tu tengas), una a una, con pinzas y un adhesivo médico de larga duración. Tus pestañas estarán perfectas hasta 3 semanas."
        }, 
        {
            "service_category": "Preferente", 
            "service": "Manicura Básica Essie O Mia Laurens", 
            "duration": 2700, 
            "price": "30 € ", 
            "description": "Si buscas un cuidado para tus uñas más completo, elige nuestra manicura normal. Te cortamos y limamos las uñas, cuidamos tus cutículas y maquillamos las uñas con esmalte MIA-Laurens en el color que prefieras. No incluye la manicura francesa. Puedes elegirla bajo suplemento a pagar en el centro. Luce unas manos bonitas y cuidadas. Además podrás esmaltar tus uñas del color que más te guste gracias a nuestra gran variedad de colores que tenemos para ti."
        }, 
        {
            "service_category": "Preferente", 
            "service": "Pedicura Básica Essie O Mia Laurens", 
            "duration": 3600, 
            "price": "40 € ", 
            "description": "Tus pies estarán perfectos después de pasar por las manos de nuestros expertos y disfrutar del servicio de pedicura completa. Incluye dar forma a las uñas (cortar y limar), retirada de cutículas y durezas, hidratación y esmaltado MIA-Laurens en color. Si se desea esmaltado en francesa se cobrará un suplemento a parte. Luce unos pies bonitos y cuidados. Además podrás elegir el color que más te guste para esmaltar tus uñas."
        }, 
        {
            "service_category": "Preferente", 
            "service": "Acupuntura Estética Facial", 
            "duration": 3600, 
            "price": "68,75 € ", 
            "description": "Terapia alternativa de efecto lifting. Mediante la aplicación de agujas de acupuntura en determinadas zonas conseguimos la estimulación de puntos específicos que ayudan en la activación del colágeno y elastina de la piel. Lograremos atenuar arrugas profundas, reducir líneas de expresión, mejorar el tono muscular y la circulación sanguínea. Reduce bolsas, disminuye la flacidez facial y los signos de envejecimiento a la vez que proporciona luminosidad a nuestra piel."
        }, 
        {
            "service_category": "Preferente", 
            "service": "Bronceado Con Caña De Azúcar: Cuerpo + Rostro", 
            "duration": 1800, 
            "price": "28 € ", 
            "description": "¿Te gustaría tener una piel dorada como si acabaras de llegar de unas vacaciones en la playa? Nuestro tratamiento con caña de azúcar conseguirá que luzcas un bronceado uniforme, natural e instantáneo (se potencia a las 24horas y se mantiene durante una semana). No deja manchas ni tono anaranjado como otras lociones bronceadoras o las cabinas de rayos UVA.¡Sin riesgos para la piel, en tan solo cinco minutos de sesión podrás lucir un bonito look con un perfecto moreno mediterráneo!"
        }, 
        {
            "service_category": "Estética", 
            "service": "Extensión De Pestañas Y Diseño De Cejas", 
            "duration": 5400, 
            "price": "128 € ", 
            "description": "Deja atrás esa mirada triste y anímate a probar nuestras extensiones de pestañas de seda con la técnica pelo a pelo, las cuales abrirán y realzarán mucho tu mirada, con diseños específicos para cada ojo, variando la curvatura y el grosor de nuestras extensiones, y si aún te parece poco te realizamos un diseño exhaustivo de tus cejas para completar y favorecer tu rostro."
        }, 
        {
            "service_category": "Estética", 
            "service": "Extensiones De Pestañas 3D", 
            "duration": 5400, 
            "price": "153,4 € ", 
            "description": "¡Por fin llegaron las extensiones de pestañas 3D! Esta técnica consiste en aplicar tres extensiones ultraligeras en cada pestaña natural para conseguir volumen.Tiene un efecto de cientos de pestañas naturales en comparación con las extensiones de pestañas normales y se asemejan más a las pestañas naturales."
        }, 
        {
            "service_category": "Estética", 
            "service": "Extensión De Pestañas", 
            "duration": 3600, 
            "price": "123 € ", 
            "description": "Tu mirada no dejará indiferente a nadie gracias a nuestra extensión de pestañas. Nuestras expertas en extensión de pestañas te asesorarán para conseguir una mirada más atractiva pero natural. Durante el proceso te ponemos entre 80 y 100 pestañas de seda (según la cantidad que tu tengas), una a una, con pinzas y un adhesivo médico de larga duración. Tus pestañas estarán perfectas hasta 3 semanas."
        }, 
        {
            "service_category": "Estética", 
            "service": "Bono 5 Sesiones Acupuntura Estética Facial", 
            "duration": 3600, 
            "price": "281,25 € ", 
            "description": "Terapia alternativa de efecto lifting. Mediante la aplicación de agujas de acupuntura en determinadas zonas conseguimos la estimulación de puntos específicos que ayudan en la activación del colágeno y elastina de la piel. Lograremos atenuar arrugas profundas, reducir líneas de expresión, mejorar el tono muscular y la circulación sanguínea. Reduce bolsas, disminuye la flacidez facial y los signos de envejecimiento a la vez que proporciona luminosidad a nuestra piel."
        }, 
        {
            "service_category": "Estética", 
            "service": "Bono 8 Sesiones Acupuntura Estética Facial", 
            "duration": 3600, 
            "price": "400 € ", 
            "description": "Terapia alternativa de efecto lifting. Mediante la aplicación de agujas de acupuntura en determinadas zonas conseguimos la estimulación de puntos específicos que ayudan en la activación del colágeno y elastina de la piel. Lograremos atenuar arrugas profundas, reducir líneas de expresión, mejorar el tono muscular y la circulación sanguínea. Reduce bolsas, disminuye la flacidez facial y los signos de envejecimiento a la vez que proporciona luminosidad a nuestra piel."
        }, 
        {
            "service_category": "Estética", 
            "service": "Acupuntura Estética Facial", 
            "duration": 3600, 
            "price": "68,75 € ", 
            "description": "Terapia alternativa de efecto lifting. Mediante la aplicación de agujas de acupuntura en determinadas zonas conseguimos la estimulación de puntos específicos que ayudan en la activación del colágeno y elastina de la piel. Lograremos atenuar arrugas profundas, reducir líneas de expresión, mejorar el tono muscular y la circulación sanguínea. Reduce bolsas, disminuye la flacidez facial y los signos de envejecimiento a la vez que proporciona luminosidad a nuestra piel."
        }, 
        {
            "service_category": "Estética", 
            "service": "Bono 10 Sesiones Tto Corporal Change Begins Today", 
            "duration": 3600, 
            "price": "380 € ", 
            "description": "La pieza medular del reto, con más de veinte principios activos y un sistema de masaje que remodela milímetro a milímetro sobre vientre, cintura, caderas, muslos y rodillas. Un aliado indispensable de un programa adelgazante global, ya que en tan sólo 10 sesiones (2 por semana), ayuda a drenar, reducir y reafirmar los contornos a la vez que mejora la textura de la piel.Ni el más sofisticado de los aparatos puede trabajar tan a medida como las manos de una esteticista experimentada."
        }, 
        {
            "service_category": "Estética", 
            "service": "Limpieza Facial Con Masaje Germaine Capuccini", 
            "duration": 3600, 
            "price": "60 € ", 
            "description": "A parte de salir con un cutis perfecto, gracias a la limpieza facial de la mano de Germaine Capuccini, acompáñalo con un fabuloso masaje relajante y descontracturante de manos y brazos, los cuales tanto se nos cargan a lo largo del día."
        }, 
        {
            "service_category": "Estética", 
            "service": "Maquillaje Basico", 
            "duration": 1800, 
            "price": "20 € ", 
            "description": "Unifica el tono de piel, resalta tus ojos y presume de labios carnosos... ¡En 30 min lista para cualquier ocasión!"
        }, 
        {
            "service_category": "Estética", 
            "service": "Maquillaje Especial", 
            "duration": 1800, 
            "price": "35 € ", 
            "description": "¿Tienes un evento especial? Conseguirás un look glamuroso digno de una estrella de cine, marcando tu cita en A punto."
        }, 
        {
            "service_category": "Estética", 
            "service": "Maquillaje Rápido", 
            "duration": 900, 
            "price": "12 € ", 
            "description": "Unifica el tono de la piel, resalta tus ojos y da volumen a tus labios."
        }, 
        {
            "service_category": "Estética", 
            "service": "Masaje Facial Japones Y Digitopuntura", 
            "duration": 5400, 
            "price": "70 € ", 
            "description": "Prueba el mas innovador masaje de moda entre las famosas, a base de movimientos reafirmantes que marcan de forma natural tu óvalo facial, a parte de limpiarlo de toxinas a través de un previo drenaje. Complementándolo con presiones en los puntos mas importantes de acupuntura así regulando tus chakras."
        }, 
        {
            "service_category": "Estética", 
            "service": "Tratamiento Facial Iluminador Antimanchas", 
            "duration": 3600, 
            "price": "65 € ", 
            "description": "Tratamiento que tiene como objetivo renovar la piel, unificar el tono, hidratar y estimular la síntesis de colágeno y elastina para frenar el envejecimiento cutáneo.Indicado para todas las manifestaciones de fotoenvejecimiento, piel opaca, tono irregular y otras imperfecciones visibles de la piel. Luce una piel bonita, suave y luminosa. Disfruta de nuevo del color de tu piel. D"
        }, 
        {
            "service_category": "Estética", 
            "service": "Tratamiento Facial Vitamina C+", 
            "duration": 3600, 
            "price": "65 € ", 
            "description": "Tratamiento multi-corrección intensiva: firmeza, luminosidad y juventud.Recomendado para pieles cetrinas, apagadas, mates y deshidratadas.Primer tratamiento profesional que contrarresta los efectos negativos que desencadenan el envejecimiento prematuro de la piel. Luce una piel mucho más tonificada y joven gracias a este tratamiento. Devuelve a tu rostro su color natural. D"
        }, 
        {
            "service_category": "Estética", 
            "service": "Bronceado Con Caña De Azúcar: Cuerpo + Rostro", 
            "duration": 1800, 
            "price": "28 € ", 
            "description": "¿Te gustaría tener una piel dorada como si acabaras de llegar de unas vacaciones en la playa? Nuestro tratamiento con caña de azúcar conseguirá que luzcas un bronceado uniforme, natural e instantáneo (se potencia a las 24horas y se mantiene durante una semana). No deja manchas ni tono anaranjado como otras lociones bronceadoras o las cabinas de rayos UVA.¡Sin riesgos para la piel, en tan solo cinco minutos de sesión podrás lucir un bonito look con un perfecto moreno mediterráneo!"
        }, 
        {
            "service_category": "Estética", 
            "service": "Bronceado Con Caña De Azúcar: Rostro + Escote", 
            "duration": 900, 
            "price": "19 € ", 
            "description": "¿Te gustaría tener una piel dorada como si acabaras de llegar de unas vacaciones en la playa? Nuestro tratamiento con caña de azúcar conseguirá que luzcas un bronceado uniforme, natural e instantáneo (se potencia a las 24horas y se mantiene durante una semana). No deja manchas ni tono anaranjado como otras lociones bronceadoras o las cabinas de rayos UVA.¡Sin riesgos para la piel, en tan solo cinco minutos de sesión podrás lucir un bonito look con un perfecto moreno mediterráneo!"
        }, 
        {
            "service_category": "Estética", 
            "service": "Peeling De Azúcar, Coconut Hydration", 
            "duration": 3600, 
            "price": "65 € ", 
            "description": "Hazte nuestro fabuloso exfoliante corporal con hidratación a base de aceite de coco, el cual es un maravilloso hidratante que ayuda a reducir y moldear nuestra silueta."
        }, 
        {
            "service_category": "Estética", 
            "service": "Bronceado Con Caña De Azúcar: Piernas", 
            "duration": 900, 
            "price": "19 € ", 
            "description": "¿Te gustaría tener una piel dorada como si acabaras de llegar de unas vacaciones en la playa? Nuestro tratamiento con caña de azúcar conseguirá que luzcas un bronceado uniforme, natural e instantáneo (se potencia a las 24horas y se mantiene durante una semana). No deja manchas ni tono anaranjado como otras lociones bronceadoras o las cabinas de rayos UVA.¡Sin riesgos para la piel, en tan solo cinco minutos de sesión podrás lucir un bonito look con un perfecto moreno mediterráneo!"
        }, 
        {
            "service_category": "Estética", 
            "service": "Bronceado Con Caña De Azúcar: Rostro", 
            "duration": 900, 
            "price": "17 € ", 
            "description": "¿Te gustaría tener una piel dorada como si acabaras de llegar de unas vacaciones en la playa? Nuestro tratamiento con caña de azúcar conseguirá que luzcas un bronceado uniforme, natural e instantáneo (se potencia a las 24 horas y se mantiene durante una semana). No deja manchas ni tono anaranjado como otras lociones bronceadoras o las cabinas de rayos UVA.¡Sin riesgos para la piel, en tan solo cinco minutos de sesión podrás lucir un bonito look con un perfecto moreno mediterráneo!"
        }, 
        {
            "service_category": "Estética", 
            "service": "Limpieza De Cutis Germaine Capuccini", 
            "duration": 3600, 
            "price": "55 € ", 
            "description": "Muchas veces pensamos que con lavarnos la cara a diario es suficiente para mantener nuestro cutis limpio, pero para conseguir que esté saludable es aconsejable realizar una limpieza profunda de vez en cuando. Ponte en las mejores manos y ven a disfrutar de nuestra limpieza de cutis profunda, que incluye exfoliación, extracción, masaje y mascarilla. Luce una piel suave, hidratada y libre de imperfecciones. De la mano de Germaine Capuccini."
        }, 
        {
            "service_category": "Estética", 
            "service": "Bono 5 Sesiones De Tto. Facial Lifting", 
            "duration": 3600, 
            "price": "300 € ", 
            "description": "Tratamiento que reinventa el lifting cosmético.Consigue que los rasgos se eleven, las arrugas se hagan menos visibles, que los volúmenes del rostro se rellenen y reposicionen a la vez que redefinimos los contornos del óvalo facial. Luce una piel mucho más joven, luminosa y suave gracias a este tratamiento. Ven a A Punto y ponte en manos de nuestros mejores profesionales. Te asesorarán en todo momento. D"
        }, 
        {
            "service_category": "Estética", 
            "service": "Bono De 5 Sesiones Tto Facial Prevención Arrugas", 
            "duration": 3600, 
            "price": "280 € ", 
            "description": "Innovadora línea facial anti-arrugas.Tiene dos importantes funciones:- Regenera ( combate las arrugas desde el interior).- Rellena e Inhibe ( actúa contra las líneas de expresión faciales). Ven a A Punto y ponte en manos de nuestros mejores profesionales. Lucirás una piel mucho más joven, luminosa y reafirmada. Dí adiós a las arrugas y la flacidez. D"
        }, 
        {
            "service_category": "Manicura y Pedicura", 
            "service": "Manicura Express Essieo Mia Laurens", 
            "duration": 1800, 
            "price": "23 € ", 
            "description": "La falta de tiempo no es una excusa para llevar tus uñas sin arreglar. Te dejaremos las manos perfectas en tan sólo 20 minutos. Te cortamos y limamos las uñas, y las maquillamos con esmaltado Essie o MIA-Laurens en el color que quieras. No incluye la manicura francesa (se cobrará un suplemento de 5€ en el centro). Luce unas manos bonitas y cuidadas. Además podrás esmaltar tus uñas del color que más te guste gracias a nuestra gran variedad de colores que tenemos para ti."
        }, 
        {
            "service_category": "Manicura y Pedicura", 
            "service": "Manicura Express Permanente Essie", 
            "duration": 1800, 
            "price": "25 € ", 
            "description": "En muy poco tiempo puedes conseguir unas uñas bonitas que estarán perfectas durante semanas. Con nuestra manicura express con esmaltado permanente de Essie damos forma a tus uñas (limar y cortar) y las esmaltamos con laca de uñas de larga duración en color. No incluye la manicura francesa (se cobraría un suplemento en el centro). Luce unas manos bonitas y cuidadas. Además podrás esmaltar tus uñas del color que más te guste gracias a nuestra gran variedad de colores que tenemos para ti."
        }, 
        {
            "service_category": "Manicura y Pedicura", 
            "service": "Manicura Permanente Essie", 
            "duration": 3600, 
            "price": "40 € ", 
            "description": "Disfruta de un cuidado más completo para tus uñas y presume de ellas durante más tiempo con nuestra manicura normal con esmaltado permanente Essie. Primero damos forma cortando y limando, después tratamos las cutículas y terminamos con el esmaltado permanente en el color que más te guste. No incluye la manicura francesa (conlleva suplemento). Luce unas manos bonitas y cuidadas. Además podrás esmaltar tus uñas del color que más te guste gracias a nuestra gran variedad de colores que tenemos para ti."
        }, 
        {
            "service_category": "Manicura y Pedicura", 
            "service": "Pedicura Express Permanente Essie", 
            "duration": 2700, 
            "price": "35 € ", 
            "description": "Una pedicura express consiste en proporcionar en el menor tiempo posible un cambio de imagen a los pies. Por eso nos centraremos en los cuidados básicos paso a paso:Dar forma y esmaltar con nuestra amplia gama de colores Essie. Suplemento pedicura francesa."
        }, 
        {
            "service_category": "Manicura y Pedicura", 
            "service": "Uñas De Gel Primera Puesta", 
            "duration": 5400, 
            "price": "65 € ", 
            "description": "Consigue que tus uñas tengan la forma, brillo y cuerpo que siempre has querido con nuestro servicio de uñas de gel. Nuestros expertos te esculpirán las uñas para darle la forma perfecta y después las maquillarán con esmaltado de Gel en el color que quieras. No incluye esmaltado en francesa. Podrás elegir el color que más te guste entre una gran variedad de ellos. Te durarán perfectas durante mucho más tiempo. D"
        }, 
        {
            "service_category": "Manicura y Pedicura", 
            "service": "Pedicura Expres Essie O Mia Laurens", 
            "duration": 1800, 
            "price": "30 € ", 
            "description": "Una pedicura express consiste en proporcionar en el menor tiempo posible un cambio de imagen a los pies. Por eso nos centraremos en los cuidados básicos paso a paso:Dar forma y esmaltar con nuestra amplia gama de colores MIA-Laurens. Suplemento pedicura francesa. Luce unos pies bonitos y cuidados. Tus uñas estarán perfectas. Y podrás elegir el color que más te guste entre la gran variedad de tonalidades que tenemos."
        }, 
        {
            "service_category": "Manicura y Pedicura", 
            "service": "Pedicura Permanente Essie", 
            "duration": 3600, 
            "price": "60 € ", 
            "description": "Tus pies estarán perfectos después de pasar por las manos de nuestros expertos y disfrutar del servicio de pedicura completa. Incluye dar forma a las uñas (cortar y limar), retirada de cutículas y durezas, hidratación y esmaltado permanente Essie en color. Si se desea esmaltado en francesa se cobrará un suplemento a parte. Luce unos pies bonitos y cuidados. Además podrás elegir el color que más te guste para esmaltar tus uñas."
        }, 
        {
            "service_category": "Manicura y Pedicura", 
            "service": "Manicura Básica Essie O Mia Laurens", 
            "duration": 2700, 
            "price": "30 € ", 
            "description": "Si buscas un cuidado para tus uñas más completo, elige nuestra manicura normal. Te cortamos y limamos las uñas, cuidamos tus cutículas y maquillamos las uñas con esmalte MIA-Laurens en el color que prefieras. No incluye la manicura francesa. Puedes elegirla bajo suplemento a pagar en el centro. Luce unas manos bonitas y cuidadas. Además podrás esmaltar tus uñas del color que más te guste gracias a nuestra gran variedad de colores que tenemos para ti."
        }, 
        {
            "service_category": "Manicura y Pedicura", 
            "service": "Pedicura Básica Essie O Mia Laurens", 
            "duration": 3600, 
            "price": "40 € ", 
            "description": "Tus pies estarán perfectos después de pasar por las manos de nuestros expertos y disfrutar del servicio de pedicura completa. Incluye dar forma a las uñas (cortar y limar), retirada de cutículas y durezas, hidratación y esmaltado MIA-Laurens en color. Si se desea esmaltado en francesa se cobrará un suplemento a parte. Luce unos pies bonitos y cuidados. Además podrás elegir el color que más te guste para esmaltar tus uñas."
        }, 
        {
            "service_category": "Masaje", 
            "service": "Masaje Facial Japones Y Digitopuntura", 
            "duration": 5400, 
            "price": "70 € ", 
            "description": "Prueba el mas innovador masaje de moda entre las famosas, a base de movimientos reafirmantes que marcan de forma natural tu óvalo facial, a parte de limpiarlo de toxinas a través de un previo drenaje. Complementándolo con presiones en los puntos mas importantes de acupuntura así regulando tus chakras."
        }, 
        {
            "service_category": "Masaje", 
            "service": "Nutrición Y Masaje Craneofacial", 
            "duration": 3600, 
            "price": "60 € ", 
            "description": "Harta de que tu piel sufra las consecuencias de la contaminación y el estrés, te aconsejamos lo que mas se adecue a tu tipo de piel, aparte de relajarte y liberar tensiones con un fantástico masaje en rostro y cráneo que tanto se nos contractura por las actividades diarias. ¡Date un capricho!"
        }, 
        {
            "service_category": "Depilación", 
            "service": "Depilación Cera Dedos De Los Pies", 
            "duration": 900, 
            "price": "5 € ", 
            "description": "Luce unos pies libres de vello gracias a la depilación con cera de un solo uso de A punto. Nuestros expertos esteticistas te dejarán unos pies bonitos, suaves y listos para cualquier ocasión. Dí adiós a ese vello tan molesto de tus pies."
        }, 
        {
            "service_category": "Depilación", 
            "service": "Depilación Cera Espalda", 
            "duration": 1800, 
            "price": "35 € ", 
            "description": "Ponte en manos de nuestros expertos de A punto, con la depilación de cera de un solo uso, lucirás una espalda libre de vello. Di adiós a ese vello tan molesto y tan difícil de eliminar tu mismo. Tendrás un piel suave y bonita en solo 30min. Haz tu reserva lo antes posible en Bucmi."
        }, 
        {
            "service_category": "Depilación", 
            "service": "Depilación Cera Hombros", 
            "duration": 900, 
            "price": "10 € ", 
            "description": "Gracias a la cera de un solo uso de A Punto, y a sus expertos y delicados esteticistas, podrás olvidarte de las cuchillas por un par de semanas, y disfrutar de un piel suave y sedosa. Disfruta de una piel libre de vello durante mucho más tiempo. Luce un cuerpo mucho más suave, sedoso y bonito. Dí adiós a ese vello tan molesto de una vez por todas."
        }, 
        {
            "service_category": "Depilación", 
            "service": "Depilación Cera Ingles", 
            "duration": 900, 
            "price": "15 € ", 
            "description": "Disfruta de una piel libre de vello durante mucho más tiempo, y de forma delicada. Luce un cuerpo mucho más suave, sedoso y bonito. Dí adiós a ese vello de la zona que prefieras."
        }, 
        {
            "service_category": "Depilación", 
            "service": "Depilación Cera Ingles Brasileñas", 
            "duration": 1800, 
            "price": "25 € ", 
            "description": "Ponte en las manos de nuestros experto esteticistas de A punto para conseguir una piel suave y libre de bello en todas las épocas de año. Despreocúpate del vello de las zonas que tu prefieras. Reserva cuanto antes en Bucmi."
        }, 
        {
            "service_category": "Depilación", 
            "service": "Depilación Cera Ingles Integrales", 
            "duration": 1800, 
            "price": "35 € ", 
            "description": "Disfruta de una piel libre de vello al 100%, gracias a la cera de un solo uso de A Punto, y a sus expertos y delicados esteticistas, podrás olvidarte de las cuchillas, y disfrutar de un piel suave y sedosa en la zona que tu prefieras."
        }, 
        {
            "service_category": "Depilación", 
            "service": "Depilación Cera Labio Superior", 
            "duration": 900, 
            "price": "5 € ", 
            "description": "Depilación con cera de la zona superior del labio. Gracias a nuestra eficaz cera de un solo uso, tendrás una piel suave por un par de semanas, libre de vello. Disfruta de una piel libre de vello durante mucho más tiempo. Luce un cuerpo mucho más suave, sedoso y bonito. Dí adiós a ese vello tan molesto de una vez por todas."
        }, 
        {
            "service_category": "Depilación", 
            "service": "Depilación Cera Medias Piernas", 
            "duration": 1800, 
            "price": "15 € ", 
            "description": "Gracias a nuestra eficaz cera de un solo uso, tendrás una piel suave por un par de semanas, libre de vello. ¿A qué estás esperando para lucir tus piernas sin necesidad de pasarte la cuchilla a diario? Disfruta de una piel libre de vello durante mucho más tiempo. Luce un cuerpo mucho más suave, sedoso y bonito. Dí adiós a ese vello tan molesto de una vez por todas. D"
        }, 
        {
            "service_category": "Depilación", 
            "service": "Depilación Cera Pecho", 
            "duration": 1800, 
            "price": "25 € ", 
            "description": "Gracias a la cera de un solo uso de A Punto, y a sus expertos y delicados esteticistas, podrás olvidarte de las cuchillas por un par de semanas, y disfrutar de un piel suave y sedosa. Disfruta de una piel libre de vello durante mucho más tiempo. Luce un cuerpo mucho más suave, sedoso y bonito. Dí adiós a ese vello tan molesto de una vez por todas. D"
        }, 
        {
            "service_category": "Depilación", 
            "service": "Depilación Cera Piernas Completas", 
            "duration": 2700, 
            "price": "25 € ", 
            "description": "Luce unas piernas siempre perfectas gracias a la cera de un solo uso de A punto. ¿A qué estás esperando para mostrar tus piernas sin necesidad de pasarte la cuchilla a diario? Disfruta de una piel libre de vello durante mucho más tiempo. Luce un cuerpo mucho más suave, sedoso y bonito. Di adiós a estar pendiente de la depilación día tras día."
        }, 
        {
            "service_category": "Depilación", 
            "service": "Depilación De Cejas", 
            "duration": 900, 
            "price": "10 € ", 
            "description": "Diseñamos tus cejas según el visagismo más adecuado a tu facciones para potenciar tu belleza natural y salgas perfecta de nuestro centro de belleza. ¿Quieres lucir una mirada de cine? Ven a A Punto y ponte en manos de nuestros mejores profesionales. Lucirás unas cejas bonitas y bien diseñadas. Disfruta de una mirada de película. D"
        }, 
        {
            "service_category": "Depilación", 
            "service": "Depilación Hilo Barbilla", 
            "duration": 900, 
            "price": "6 € ", 
            "description": "Vive una experiencia única en A Punto y descubre una nueva forma de depilación, basada en las técnicas ascentrales de La India, con nuestro completo servicio de depilación con hilo. Este tratamiento tiene numerosas ventajas: no irrita la piel, es un sistema de depilación rápido, poco doloroso, mucho más preciso, es más duradero, la aparición del vello tarda mucho más en salir, previene la aparición de arrugas y suaviza las ya existentes."
        }, 
        {
            "service_category": "Depilación", 
            "service": "Depilación Hilo Barbilla, Labio Superior O Mejilla", 
            "duration": 900, 
            "price": "6 € ", 
            "description": "Elige entre barbilla, labio superior o mejillas con una de las mejores técnicas: no irrita la piel, es rápida, delicada, mucho más preciso, es más duradero, la aparición del vello tarda mucho más en salir, previene la aparición de arrugas y suaviza las ya existentes. ¡Qué mejor opción que depilación con hilo!"
        }, 
        {
            "service_category": "Depilación", 
            "service": "Depilación Hilo Cejas", 
            "duration": 900, 
            "price": "12 € ", 
            "description": "¿Quién no ha oído hablar de una de las técnicas más conocidas procedentes de La India? La depilación con hilo y las manos expertas de A punto, te dejarán unas cejas definidas y espectaculares. Mediante esta técnica conseguirás una mayor duración, no es dolorosa y no irrita la piel. No lo pienses más y reserva a través de Bucmi tu cita."
        }, 
        {
            "service_category": "Depilación", 
            "service": "Depilación Hilo Cuello", 
            "duration": 900, 
            "price": "12 € ", 
            "description": "Vive una experiencia única en A Punto y descubre una nueva forma de depilación, basada en las técnicas ancestrales de La India, con nuestro completo servicio de depilación con hilo. Este tratamiento tiene numerosas ventajas: no irrita la piel, es un sistema de depilación rápido, poco doloroso, mucho más preciso, es más duradero, la aparición del vello tarda mucho más en salir, previene la aparición de arrugas y suaviza las ya existentes. D"
        }, 
        {
            "service_category": "Depilación", 
            "service": "Depilación Hilo Frente", 
            "duration": 900, 
            "price": "8 € ", 
            "description": "La depilación con hilo no solo es de las más eficaces, duraderas y que mejor trata nuestra piel, sino que además previene la aparición de arrugar y suaviza las ya existentes. Por lo tanto no lo pienses más y déjate aconsejar por las manos expertas de A punto y una de las técnicas ancestrales más reclamadas. Haz tu reserva a través de Bucmi de la formas más rápida y sencilla."
        }, 
        {
            "service_category": "Depilación", 
            "service": "Depilación Hilo Labio Superior", 
            "duration": 900, 
            "price": "6 € ", 
            "description": "Vive una experiencia única en A Punto y descubre una nueva forma de depilación, basada en las técnicas ascentrales de La India, con nuestro completo servicio de depilación con hilo. Este tratamiento tiene numerosas ventajas: no irrita la piel, es un sistema de depilación rápido, poco doloroso, mucho más preciso, es más duradero, la aparición del vello tarda mucho más en salir, previene la aparición de arrugas y suaviza las ya existentes."
        }, 
        {
            "service_category": "Depilación", 
            "service": "Depilación Hilo Patillas", 
            "duration": 900, 
            "price": "9 € ", 
            "description": "Basada en las técnicas ancestrales de La India, con nuestro completo servicio de depilación con hilo y las manos de nuestros experto en A punto, conseguirás los mejores resultados. Este tratamiento tiene numerosas ventajas: no irrita la piel, es un sistema de depilación rápido, poco doloroso, mucho más preciso, es más duradero. No lo dudes más y reserva a través de Bucmi."
        }, 
        {
            "service_category": "Depilación", 
            "service": "Depilación Hilo Rostro Completo", 
            "duration": 2700, 
            "price": "32 € ", 
            "description": "Consigue una depilación completa del Rostro gracias a las manos de A punto y una de las técnicas más conocidas. Al tratarse de una de las zonas más irritables y sensibles de nuestro cuerpo, no hay mejor opción que depilación al hilo, tienen una mayor duración, es más precisa e indolora . Por lo tanto déjate aconsejar por los expertos y reserva a través de Bucmi tu cita cuanto antes."
        }, 
        {
            "service_category": "Depilación", 
            "service": "Depilación Hilo Rostro Sin Cejas", 
            "duration": 1800, 
            "price": "20 € ", 
            "description": "Consigue un rostro suave y libre de vello, mediante una de las técnicas más demandadas hoy en día, la depilación con hilo es suave, delicada más duradera y más cómoda que ninguna otra. En este servicio incluimos todo el rostro a excepción de las cejas. ¡Reserva de la forma más rápida y sencilla en Bucmi!"
        }, 
        {
            "service_category": "Bienestar", 
            "service": "Bono 5 Sesiones Acupuntura Estética Facial", 
            "duration": 3600, 
            "price": "281,25 € ", 
            "description": "Terapia alternativa de efecto lifting. Mediante la aplicación de agujas de acupuntura en determinadas zonas conseguimos la estimulación de puntos específicos que ayudan en la activación del colágeno y elastina de la piel. Lograremos atenuar arrugas profundas, reducir líneas de expresión, mejorar el tono muscular y la circulación sanguínea. Reduce bolsas, disminuye la flacidez facial y los signos de envejecimiento a la vez que proporciona luminosidad a nuestra piel."
        }, 
        {
            "service_category": "Bienestar", 
            "service": "Bono 8 Sesiones Acupuntura Estética Facial", 
            "duration": 3600, 
            "price": "400 € ", 
            "description": "Terapia alternativa de efecto lifting. Mediante la aplicación de agujas de acupuntura en determinadas zonas conseguimos la estimulación de puntos específicos que ayudan en la activación del colágeno y elastina de la piel. Lograremos atenuar arrugas profundas, reducir líneas de expresión, mejorar el tono muscular y la circulación sanguínea. Reduce bolsas, disminuye la flacidez facial y los signos de envejecimiento a la vez que proporciona luminosidad a nuestra piel."
        }, 
        {
            "service_category": "Bienestar", 
            "service": "Acupuntura Estética Facial", 
            "duration": 3600, 
            "price": "68,75 € ", 
            "description": "Terapia alternativa de efecto lifting. Mediante la aplicación de agujas de acupuntura en determinadas zonas conseguimos la estimulación de puntos específicos que ayudan en la activación del colágeno y elastina de la piel. Lograremos atenuar arrugas profundas, reducir líneas de expresión, mejorar el tono muscular y la circulación sanguínea. Reduce bolsas, disminuye la flacidez facial y los signos de envejecimiento a la vez que proporciona luminosidad a nuestra piel."
        }
    ]
}