{
    "adid": null, 
    "name": "Giovanny Alfonso XII", 
    "name_of_contact": "Giovanny Alfonso XII", 
    "scrape_page": "https://www.bucmi.com/giovannyalfonso", 
    "business_website": "https://www.bucmi.com/giovannyalfonso", 
    "areas_covered": null, 
    "description": "En Giovanny Peluqueros también contamos con un centro de peluquería en la zona del Retiro, donde, en un ambiente cómodo y familiar, encontrarás todo lo que tu pelo necesita: cortes a la moda y asesorados, mechas perfectas y coloraciones brillantes.", 
    "img_link": [
        "https://d1nd15w2k87kz0.cloudfront.net/Uploads/635941797950459419.jpg", 
        "https://d1nd15w2k87kz0.cloudfront.net/Uploads/635941797973271518.jpg", 
        "https://d1nd15w2k87kz0.cloudfront.net/Uploads/635941797993427704.jpg", 
        "https://d1nd15w2k87kz0.cloudfront.net/Uploads/635941798012646717.jpg", 
        "https://d1nd15w2k87kz0.cloudfront.net/Uploads/635941798030302594.jpg", 
        "https://d1nd15w2k87kz0.cloudfront.net/Uploads/635941798046708799.jpg", 
        "https://d1nd15w2k87kz0.cloudfront.net/Uploads/635941798066552473.jpg", 
        "https://d1nd15w2k87kz0.cloudfront.net/Uploads/635941798084218671.jpg"
    ], 
    "hqdb_featured_ad_type": "Featured", 
    "hqdb_nr_reviews": "11", 
    "hqdb_review_score": "9,8", 
    "accreditations": null, 
    "category": null, 
    "subcategory": null, 
    "street": null, 
    "city": "Madrid", 
    "zipcode": "28014", 
    "formatted_address": "Madrid, 28006, Madrid, 28014", 
    "country": "es", 
    "office_number": "915323726", 
    "office_number2": null, 
    "mobile_number": null, 
    "mobile_number2": null, 
    "unidentified_phone_numbers": null, 
    "latitude": "40.4189317000", 
    "longitude": "-3.6891465999", 
    "business_email": null, 
    "yelp_page": null, 
    "facebook": null, 
    "twitter": null, 
    "instagram": null, 
    "venue_images": "https://d1nd15w2k87kz0.cloudfront.net/Logotipos/635971955434400733.jpg", 
    "opening_hours_raw": null, 
    "pricelist_link": null, 
    "services": [
        {
            "service_category": "Preferente", 
            "service": "Corte Pelo Mujer", 
            "duration": 1800, 
            "price": "18 € ", 
            "description": "¡Atrévete a dar un cambio radical a tu pelo con un corte de infarto! Los profesionales de Giovanny Peluqueros de Alfonso XII te ayudarán a encontrar tu estilo. Este servicio incluye lavado con champú y corte de moda. El peinado no está incluido en este precioF"
        }, 
        {
            "service_category": "Preferente", 
            "service": "Corte Pelo Hombre", 
            "duration": 1800, 
            "price": "15 € ", 
            "description": "¿Por qué no ser un verdadero gentleman y conseguir un corte de pelo en tendencia? En Giovanny Peluqueros de Alfonso XII es posible. Este servicio incluye el lavado y el corte. En caso que se requiera producto de acabado consulte con el profesional por posible suplemento. DF"
        }, 
        {
            "service_category": "Preferente", 
            "service": "Manicura Básica", 
            "duration": 1800, 
            "price": "15 € ", 
            "description": "Ten unas manos suaves y cuidadas gracias a este servicio de manicura básica que incluye limado, cortado, retirada de cutículas, masaje hidratante ligero y esmaltado a elegir dentro de nuestra amplia gama de colores. No esperes más y reserva ahora tu cita online con Bucmi.comF"
        }, 
        {
            "service_category": "Peluquería", 
            "service": "Color Y Peinado Media Melena", 
            "duration": 5400, 
            "price": "50 € ", 
            "description": "¡Reserva ya este pack de servicios que incluye lavado, color y peinado, siempre con los mejores profesionales de Giovanny! El centro utiliza productos de calidad para que el resultado sea inmejorable. ¡Déjate mimar de vez en cuando y acude a un centro de confianza! Precio para pelo media melena. El mismo importe en el servicio de baño de color en vez de tinteF"
        }, 
        {
            "service_category": "Peluquería", 
            "service": "Color Y Peinado Pelo Corto", 
            "duration": 5400, 
            "price": "45 € ", 
            "description": "¡Reserva ya este pack de servicios que incluye lavado, color y peinado, siempre con los mejores profesionales de Giovanny! El centro utiliza productos de calidad para que el resultado sea inmejorable. ¡Déjate mimar de vez en cuando y acude a un centro de confianza! Precio para pelo corto. El mismo importe en el servicio de baño de color en vez de tinteF"
        }, 
        {
            "service_category": "Peluquería", 
            "service": "Color Y Peinado Pelo Largo", 
            "duration": 5400, 
            "price": "55 € ", 
            "description": "¡Reserva ya este pack de servicios que incluye lavado, color y peinado, siempre con los mejores profesionales de Giovanny! El centro utiliza productos de calidad para que el resultado sea inmejorable. ¡Déjate mimar de vez en cuando y acude a un centro de confianza! Precio para pelo largo. El mismo importe en el servicio de baño de color en vez de tinteF"
        }, 
        {
            "service_category": "Peluquería", 
            "service": "Corte Pelo Mujer", 
            "duration": 1800, 
            "price": "18 € ", 
            "description": "¡Atrévete a dar un cambio radical a tu pelo con un corte de infarto! Los profesionales de Giovanny Peluqueros de Alfonso XII te ayudarán a encontrar tu estilo. Este servicio incluye lavado con champú y corte de moda. El peinado no está incluido en este precioF"
        }, 
        {
            "service_category": "Peluquería", 
            "service": "Corte Y Peinado Media Melena", 
            "duration": 2700, 
            "price": "40 € ", 
            "description": "Siéntete guap@ en tu día a día con este servicio que consta de un lavado con champú, un corte de moda asesorado por nuestros profesionales y peinado con productos de acabado si se requiere. Precio para media melena. No esperes más y reserva ahora tu cita online con Bucmi.comF"
        }, 
        {
            "service_category": "Peluquería", 
            "service": "Corte Y Peinado Pelo Corto", 
            "duration": 2700, 
            "price": "38 € ", 
            "description": "Siéntete guap@ en tu día a día con este servicio que consta de un lavado con champú, un corte de moda asesorado por nuestros profesionales y peinado con productos de acabado si se requiere. Precio para pelo corto. No esperes más y reserva ahora tu cita online con Bucmi.comF"
        }, 
        {
            "service_category": "Peluquería", 
            "service": "Corte Y Peinado Pelo Largo", 
            "duration": 2700, 
            "price": "42 € ", 
            "description": "Siéntete guap@ en tu día a día con este servicio que consta de un lavado con champú, un corte de moda asesorado por nuestros profesionales y peinado con productos de acabado si se requiere. Precio para pelo largo. No esperes más y reserva ahora tu cita online con Bucmi.comF"
        }, 
        {
            "service_category": "Peluquería", 
            "service": "Mechas Y Peinado Media Melena", 
            "duration": 5400, 
            "price": "67 € ", 
            "description": "¡Estar a la moda no es complicado gracias a los centros Giovanny! ¿Quieres dar un toque de color a tu cabello? Reserva ya este servicio que incluye el lavado, las mechas y el peinado con la mejor calidad. Precio para media melena. No esperes más y reserva ahora tu cita onlineF"
        }, 
        {
            "service_category": "Peluquería", 
            "service": "Mechas Y Peinado Pelo Corto", 
            "duration": 5400, 
            "price": "60 € ", 
            "description": "¡Estar a la moda no es complicado gracias a los centros Giovanny! ¿Quieres dar un toque de color a tu cabello? Reserva ya este servicio que incluye el lavado, las mechas y el peinado con la mejor calidad. Precio para pelo corto. No esperes más y reserva ahora tu cita online con Bucmi.comDF"
        }, 
        {
            "service_category": "Peluquería", 
            "service": "Mechas Y Peinado Pelo Largo", 
            "duration": 5400, 
            "price": "70 € ", 
            "description": "¡Estar a la moda no es complicado gracias a los centros Giovanny! ¿Quieres dar un toque de color a tu cabello? Reserva ya este servicio que incluye el lavado, las mechas y el peinado con la mejor calidad. Precio para pelo largo. No esperes más y reserva ahora tu cita online con Bucmi.comF"
        }, 
        {
            "service_category": "Peluquería", 
            "service": "Peinado Pelo Corto", 
            "duration": 1800, 
            "price": "20 € ", 
            "description": "Siéntete guap@ en tu día a día con este servicio que consta de un lavado con champú, mascarilla o espuma y peinado con productos de acabado si se requiere. ¡Dale forma y volumen a tu cabello tanto en el día a día como en un evento especial! Precio para pelo cortoF"
        }, 
        {
            "service_category": "Peluquería", 
            "service": "Peinado Pelo Largo", 
            "duration": 1800, 
            "price": "28 € ", 
            "description": "Siéntete guap@ en tu día a día con este servicio que consta de un lavado con champú, mascarilla o espuma y peinado con productos de acabado si se requiere. ¡Dale forma y volumen a tu cabello tanto en el día a día como en un evento especial! Precio para pelo largoF"
        }, 
        {
            "service_category": "Peluquería", 
            "service": "Peinado Pelo Medio", 
            "duration": 1800, 
            "price": "24 € ", 
            "description": "Siéntete guap@ en tu día a día con este servicio que consta de un lavado con champú, mascarilla o espuma y peinado con productos de acabado si se requiere. ¡Dale forma y volumen a tu cabello tanto en el día a día como en un evento especial! Precio para media melenaF"
        }, 
        {
            "service_category": "Peluquería", 
            "service": "Tratamiento Capilar Especial Células Madres", 
            "duration": 1800, 
            "price": "10 € ", 
            "description": "¿Quieres lucir un pelo hidratado y bonito? Ven a tu Peluquería Giovanny Alfonso XII y ponte en manos de nuestros mejores profesionales. Luce un pelo mucho más nutrido y engrosado. Devuelve a tu melena su luminosidad y voluminosidad natural. Disfruta de un cabello sedoso, fuerte y sano. Reserva tu cita cómodamente online a través de Bucmi.com. ¡Ven a visitarnos! ¡Te encantará! DF"
        }, 
        {
            "service_category": "Peluquería", 
            "service": "Corte Pelo Hombre", 
            "duration": 1800, 
            "price": "15 € ", 
            "description": "¿Por qué no ser un verdadero gentleman y conseguir un corte de pelo en tendencia? En Giovanny Peluqueros de Alfonso XII es posible. Este servicio incluye el lavado y el corte. En caso que se requiera producto de acabado consulte con el profesional por posible suplemento. DF"
        }, 
        {
            "service_category": "Manicura y Pedicura", 
            "service": "Manicura Básica", 
            "duration": 1800, 
            "price": "15 € ", 
            "description": "Ten unas manos suaves y cuidadas gracias a este servicio de manicura básica que incluye limado, cortado, retirada de cutículas, masaje hidratante ligero y esmaltado a elegir dentro de nuestra amplia gama de colores. No esperes más y reserva ahora tu cita online con Bucmi.comF"
        }
    ]
}