{
    "adid": null, 
    "name": "Bienestar Natural", 
    "name_of_contact": "Bienestar Natural", 
    "scrape_page": "https://www.bucmi.com/bienestarnatural", 
    "business_website": "https://www.bucmi.com/bienestarnatural", 
    "areas_covered": null, 
    "description": "Centro de belleza y salud en pleno Barrio de Salamanca en Madrid. Ponemos a tu disposición una amplia gama de tratamientos médicos así como la aparatología estética más avanzada para sacar el máximo partido a tu belleza natural. No dudes en visitarnos.", 
    "img_link": [
        "https://d1nd15w2k87kz0.cloudfront.net/Uploads/635484601247653081.jpg", 
        "https://d1nd15w2k87kz0.cloudfront.net/Uploads/635484601264998208.jpg", 
        "https://d1nd15w2k87kz0.cloudfront.net/Uploads/635484601325002969.jpg", 
        "https://d1nd15w2k87kz0.cloudfront.net/Uploads/635484603461807765.jpg", 
        "https://d1nd15w2k87kz0.cloudfront.net/Uploads/635484603493687215.jpg"
    ], 
    "hqdb_featured_ad_type": "Featured", 
    "hqdb_nr_reviews": "0", 
    "hqdb_review_score": "0,0", 
    "accreditations": null, 
    "category": null, 
    "subcategory": null, 
    "street": "C/ Galeote, 2", 
    "city": "Madrid", 
    "zipcode": "28001", 
    "formatted_address": "C/ Galeote, 2, Madrid, 28001", 
    "country": "es", 
    "office_number": "915757375", 
    "office_number2": null, 
    "mobile_number": null, 
    "mobile_number2": null, 
    "unidentified_phone_numbers": null, 
    "latitude": "40.4257268000", 
    "longitude": "-3.6784897000", 
    "business_email": null, 
    "yelp_page": null, 
    "facebook": null, 
    "twitter": null, 
    "instagram": null, 
    "venue_images": "https://d1nd15w2k87kz0.cloudfront.net/Logotipos/635972884520161405.jpg", 
    "opening_hours_raw": null, 
    "pricelist_link": null, 
    "services": [
        {}
    ]
}