{
    "adid": null, 
    "name": "Lilabay Estética", 
    "name_of_contact": "Lilabay Estética", 
    "scrape_page": "https://www.bucmi.com/lilabay", 
    "business_website": "https://www.bucmi.com/lilabay", 
    "areas_covered": null, 
    "description": "El Centro de Estética Lilabay, situado a pocos metros del metro Alvarado, Madrid, ofrece tratamientos como radiofrecuencia facial, servicios de uñas tales como, manicura y pedicura. Reserva ya tu tratamiento online a través de Bucmi. ¡Te encantará!", 
    "img_link": [
        "https://d1nd15w2k87kz0.cloudfront.net/Uploads/635948554862707994.jpg", 
        "https://d1nd15w2k87kz0.cloudfront.net/Uploads/635948554888645310.jpg", 
        "https://d1nd15w2k87kz0.cloudfront.net/Uploads/635948554912244741.jpg", 
        "https://d1nd15w2k87kz0.cloudfront.net/Uploads/635948554938182163.jpg", 
        "https://d1nd15w2k87kz0.cloudfront.net/Uploads/635948554965525832.jpg"
    ], 
    "hqdb_featured_ad_type": "Featured", 
    "hqdb_nr_reviews": "22", 
    "hqdb_review_score": "9,8", 
    "accreditations": null, 
    "category": null, 
    "subcategory": null, 
    "street": null, 
    "city": "Madrid", 
    "zipcode": "28020", 
    "formatted_address": "Madrid, 28006, Madrid, 28014, Madrid, 28008, Madrid, 28002, Madrid, 28030, Madrid, 28020", 
    "country": "es", 
    "office_number": "914309738", 
    "office_number2": null, 
    "mobile_number": "693594072", 
    "mobile_number2": null, 
    "unidentified_phone_numbers": null, 
    "latitude": "40.4503622999", 
    "longitude": "-3.7020827999", 
    "business_email": null, 
    "yelp_page": null, 
    "facebook": null, 
    "twitter": null, 
    "instagram": null, 
    "venue_images": "https://d1nd15w2k87kz0.cloudfront.net/Logotipos/635959953954464817.jpg", 
    "opening_hours_raw": null, 
    "pricelist_link": null, 
    "services": [
        {
            "service_category": "Preferente", 
            "service": "Higiene Facial", 
            "duration": 3600, 
            "price": "30 € ", 
            "description": "El servicio incluye el desmaquillado de la piel, limpieza con extracción, mascarilla y masaje. Disfrutarás de una piel cuidada, hidratada y bonita. Luce un cutis perfecto gracias a los productos que usan nuestros profesionales. Di adiós de una vez por todas a las imperfecciones. Reserva tu cita cómodamente online a través de Bucmi.com."
        }, 
        {
            "service_category": "Preferente", 
            "service": "Radiofrecuencia Facial", 
            "duration": 3600, 
            "price": "38 € ", 
            "description": "Rejuvenece la piel de tu rostro, cuello y escote con esta sesión de radiofrecuencia y recupera la elasticidad de la piel. Es un tratamiento de rejuvenecimiento de la piel sin cirugía. Luce una piel cuidada, luminosa y mucho más juvenil. ¡Dí adiós a las arrugas y la líneas de expresión muy marcadas! Reserva ya tu cita a través de Bucmi.com."
        }, 
        {
            "service_category": "Estética", 
            "service": "Radiofrecuencia Corporal Más Presoterapia", 
            "duration": 3600, 
            "price": "40 € ", 
            "description": "Servicio combinado de Radiofrecuencia y Presoterapia la mejor opción para devolver a tu piel una textura sin celulitis y una mejora en la circulación. Este tratamiento puede ayudarte con determinadas afecciones. Mejora la circulación del sistema linfático y tonifica tu figura. Reserva ya tu cita en Bucmi.com."
        }, 
        {
            "service_category": "Estética", 
            "service": "Cavitación Y Presoterapia", 
            "duration": 3600, 
            "price": "40 € ", 
            "description": "Reducirás la adipocidad localizada ideal en las zonas para cartucheras, glúteas, cinturas y rodillas. La presoterapia drenará y eliminará líquidos, activa la circulación de retorno ideal para piernas cansadas. 40 minutos de cavitación y 20 min de presoterapia . Reserva tu servicio online a través de Bucmi.com"
        }, 
        {
            "service_category": "Estética", 
            "service": "Exfoliante Corporal Y Masaje (Sólo Mujeres)", 
            "duration": 2700, 
            "price": "28 € ", 
            "description": "Con el exfoliante corporal + masaje(50 min.) liberas tu cuerpo de piel muerta ,prolongando así el bronceado de tu piel y manteniéndola suave y sedosa...algo que siempre viene bién pero sobre todo al final del verano que es cuando más se reseca la piel y más células muertas acumula, resérvalo ya y presume de tu piel!!"
        }, 
        {
            "service_category": "Estética", 
            "service": "Higiene De Espalda", 
            "duration": 3600, 
            "price": "30 € ", 
            "description": "¿Quieres lucir una espalda libre de imperfecciones? Ven a tu Centro de Estética Lilabay y ponte en manos de nuestros mejores profesionales. Luce una espalda bonita, suave e hidratada. Tu piel recuperará su color natural y su brillo. Reserva tu cita cómodamente online a través de Bucmi.com."
        }, 
        {
            "service_category": "Estética", 
            "service": "Higiene Facial", 
            "duration": 3600, 
            "price": "30 € ", 
            "description": "El servicio incluye el desmaquillado de la piel, limpieza con extracción, mascarilla y masaje. Disfrutarás de una piel cuidada, hidratada y bonita. Luce un cutis perfecto gracias a los productos que usan nuestros profesionales. Di adiós de una vez por todas a las imperfecciones. Reserva tu cita cómodamente online a través de Bucmi.com."
        }, 
        {
            "service_category": "Estética", 
            "service": "Peeling Corporal Más Masaje", 
            "duration": 3600, 
            "price": "35 € ", 
            "description": "¿Quieres lucir un cuerpo libre de imperfecciones y mucho más sedoso? Ven a tu Centro de Estética Lilabay y ponte en manos de nuestros mejores profesionales. Es una experiencia para los sentidos este tratamiento. Consiste en un peeling corporal de sorbete de mandarina más un masaje. Disfruta de este manjar de una manera diferente y exótica. Reserva tu cita cómodamente online a través de Bucmi.com.Sólo para mujeres."
        }, 
        {
            "service_category": "Estética", 
            "service": "Presoterapia", 
            "duration": 1800, 
            "price": "13 € ", 
            "description": "Este es el precio por sesión. Es un tratamiento para piernas cansadas, retención de líquidos, mala circulación, étc. La Presoterapia es un tratamiento que te ayudará a eliminar la celulitis y a la vez puede ayudarte con determinadas afecciones. Además mejora la circulación y el sistema linfático. Luce una figura tonificada. Reserva ya tu cita online en Bucmi.com."
        }, 
        {
            "service_category": "Estética", 
            "service": "Radiofrecuencia Facial", 
            "duration": 3600, 
            "price": "38 € ", 
            "description": "Rejuvenece la piel de tu rostro, cuello y escote con esta sesión de radiofrecuencia y recupera la elasticidad de la piel. Es un tratamiento de rejuvenecimiento de la piel sin cirugía. Luce una piel cuidada, luminosa y mucho más juvenil. ¡Dí adiós a las arrugas y la líneas de expresión muy marcadas! Reserva ya tu cita a través de Bucmi.com."
        }, 
        {
            "service_category": "Estética", 
            "service": "Tratamiento Corporal Body Sistem", 
            "duration": 2700, 
            "price": "16 € ", 
            "description": "¿Quieres lucir un cuerpo perfecto y libre de imperfecciones? Ven a tu Centro de Estética Lilabay y ponte en manos de nuestros mejores profesionales. Es un tratamiento que consiste en la electroestimulación con infrarrojos,reduce,reafirma,drena,etc. El número mínimo de sesiones son 10. Notarás los resultados. Dí adiós a la celulitis y la grasa localizada. Tonifica y realza tu figura gracias a este tratamiento. Reserva tu cita cómodamente online a través de Bucmi.com."
        }, 
        {
            "service_category": "Estética", 
            "service": "Tratamiento Corporal Dermosucción", 
            "duration": 1800, 
            "price": "16 € ", 
            "description": "¿Quieres lucir un cuerpo perfecto y libre de imperfecciones? Ven a tu Centro de Estética Lilabay y ponte en manos de nuestros mejores profesionales. Es un tratamiento anticelulítico y reductor con vacunterapia, el número mínimo de sesiones recomendadas son 10. Notarás los resultados. Dí adiós a la celulitis y la grasa localizada. Reserva tu cita cómodamente online a través de Bucmi.com."
        }, 
        {
            "service_category": "Estética", 
            "service": "Tratamiento Facial De Ácido Hialurónico", 
            "duration": 3600, 
            "price": "33 € ", 
            "description": "¿Quieres lucir una piel mucho más joven? Ven a tu Centro de Estética Lilabay y ponte en manos de nuestros mejores profesionales. Con el paso del tiempo tu piel pierde la tersura y aparecen las arrugas, gracias a este tratamiento tu piel recuperará la tersura, suavidad y juventud. Es un tratamiento anti arrugas y el número de sesiones recomendadas son 6. Reserva cómodamente tu cita online a través de Bucmi.com."
        }, 
        {
            "service_category": "Estética", 
            "service": "Tratamiento Facial De Colágeno", 
            "duration": 3600, 
            "price": "33 € ", 
            "description": "¿Quieres lucir una piel mucho más joven? Ven a tu Centro de Estética Lilabay y ponte en manos de nuestros mejores profesionales. Con el paso del tiempo tu piel pierde la tersura y aparecen las arrugas, gracias a este tratamiento tu piel recuperará la tersura, suavidad y juventud. Es un tratamiento reafirmante no invasivo y el número de sesiones recomendadas son 6. Reserva cómodamente tu cita online a través de Bucmi.com."
        }, 
        {
            "service_category": "Estética", 
            "service": "Tratamiento Reductor Express 1 Sesion", 
            "duration": 1800, 
            "price": "20 € ", 
            "description": "El tratamiento reductor express de 30 min consiste en un tratamiento corporal manual con productos de María D'uol,los cuales tienen alta concentración de principios activos,para reducir adiposidad, celulitis ,tonificar y reafirmar . Durante dos semanas es aconsejable darse la sesión por día para reducir hasta una talla durante el tratamiento. Empieza a moldear y tonificar tu figura para tener un cuerpo de escándalo. Reserva ahora tu cita online a través de Bucmi.com."
        }, 
        {
            "service_category": "Masaje", 
            "service": "Radiofrecuencia Corporal Más Presoterapia", 
            "duration": 3600, 
            "price": "40 € ", 
            "description": "Servicio combinado de Radiofrecuencia y Presoterapia la mejor opción para devolver a tu piel una textura sin celulitis y una mejora en la circulación. Este tratamiento puede ayudarte con determinadas afecciones. Mejora la circulación del sistema linfático y tonifica tu figura. Reserva ya tu cita en Bucmi.com."
        }, 
        {
            "service_category": "Masaje", 
            "service": "Cavitación Y Presoterapia", 
            "duration": 3600, 
            "price": "40 € ", 
            "description": "Reducirás la adipocidad localizada ideal en las zonas para cartucheras, glúteas, cinturas y rodillas. La presoterapia drenará y eliminará líquidos, activa la circulación de retorno ideal para piernas cansadas. 40 minutos de cavitación y 20 min de presoterapia . Reserva tu servicio online a través de Bucmi.com"
        }, 
        {
            "service_category": "Masaje", 
            "service": "Exfoliante Corporal Y Masaje (Sólo Mujeres)", 
            "duration": 2700, 
            "price": "28 € ", 
            "description": "Con el exfoliante corporal + masaje(50 min.) liberas tu cuerpo de piel muerta ,prolongando así el bronceado de tu piel y manteniéndola suave y sedosa...algo que siempre viene bién pero sobre todo al final del verano que es cuando más se reseca la piel y más células muertas acumula, resérvalo ya y presume de tu piel!!"
        }, 
        {
            "service_category": "Masaje", 
            "service": "Higiene De Espalda", 
            "duration": 3600, 
            "price": "30 € ", 
            "description": "¿Quieres lucir una espalda libre de imperfecciones? Ven a tu Centro de Estética Lilabay y ponte en manos de nuestros mejores profesionales. Luce una espalda bonita, suave e hidratada. Tu piel recuperará su color natural y su brillo. Reserva tu cita cómodamente online a través de Bucmi.com."
        }, 
        {
            "service_category": "Depilación", 
            "service": "Radiofrecuencia Corporal Más Presoterapia", 
            "duration": 3600, 
            "price": "40 € ", 
            "description": "Servicio combinado de Radiofrecuencia y Presoterapia la mejor opción para devolver a tu piel una textura sin celulitis y una mejora en la circulación. Este tratamiento puede ayudarte con determinadas afecciones. Mejora la circulación del sistema linfático y tonifica tu figura. Reserva ya tu cita en Bucmi.com."
        }, 
        {
            "service_category": "Depilación", 
            "service": "Cavitación Y Presoterapia", 
            "duration": 3600, 
            "price": "40 € ", 
            "description": "Reducirás la adipocidad localizada ideal en las zonas para cartucheras, glúteas, cinturas y rodillas. La presoterapia drenará y eliminará líquidos, activa la circulación de retorno ideal para piernas cansadas. 40 minutos de cavitación y 20 min de presoterapia . Reserva tu servicio online a través de Bucmi.com"
        }, 
        {
            "service_category": "Depilación", 
            "service": "Exfoliante Corporal Y Masaje (Sólo Mujeres)", 
            "duration": 2700, 
            "price": "28 € ", 
            "description": "Con el exfoliante corporal + masaje(50 min.) liberas tu cuerpo de piel muerta ,prolongando así el bronceado de tu piel y manteniéndola suave y sedosa...algo que siempre viene bién pero sobre todo al final del verano que es cuando más se reseca la piel y más células muertas acumula, resérvalo ya y presume de tu piel!!"
        }
    ]
}