{
    "adid": null, 
    "name": "Sedatio", 
    "name_of_contact": "Sedatio", 
    "scrape_page": "https://www.bucmi.com/sedatio", 
    "business_website": "https://www.bucmi.com/sedatio", 
    "areas_covered": null, 
    "description": "El centro de estética Sedatio, situado en Chamberí, ofrece tratamientos faciales y corporales. Tenemos una misión bien definida: queremos ayudar a nuestros clientes a mantener una piel sana y natural aportando bienestar y revitalización al cuerpo.", 
    "img_link": [
        "https://d1nd15w2k87kz0.cloudfront.net/Uploads/635774006908223229.jpg", 
        "https://d1nd15w2k87kz0.cloudfront.net/Uploads/635774006926712532.jpg", 
        "https://d1nd15w2k87kz0.cloudfront.net/Uploads/635774881819512639.jpg", 
        "https://d1nd15w2k87kz0.cloudfront.net/Uploads/635780187852590123.jpg"
    ], 
    "hqdb_featured_ad_type": "Featured", 
    "hqdb_nr_reviews": "7", 
    "hqdb_review_score": "9,7", 
    "accreditations": null, 
    "category": null, 
    "subcategory": null, 
    "street": "C/ Zipaquira, 79", 
    "city": "Madrid", 
    "zipcode": "28003", 
    "formatted_address": "C/ Zipaquira, 79, Madrid, 28003", 
    "country": "es", 
    "office_number": "910093101", 
    "office_number2": null, 
    "mobile_number": null, 
    "mobile_number2": null, 
    "unidentified_phone_numbers": null, 
    "latitude": "40.4442083000", 
    "longitude": "-3.6993056000", 
    "business_email": null, 
    "yelp_page": null, 
    "facebook": null, 
    "twitter": null, 
    "instagram": null, 
    "venue_images": "https://d1nd15w2k87kz0.cloudfront.net/Logotipos/635983891555102264.jpg", 
    "opening_hours_raw": null, 
    "pricelist_link": null, 
    "services": [
        {
            "service_category": "Preferente", 
            "service": "Pack 3X2 Tto. Facial Personalizado", 
            "duration": 5400, 
            "price": "150 € ", 
            "description": "Consiste en un tratamiento facial personalizado para lucir una piel perfecta. Existen 3 tipos: antiedad, pieles acnéicas y pieles sensibles. ¡Atrévete a cuidarte! ¿Quieres lucir una piel libre de imperfecciones? Ven a tu Centro de Estética Sedatio y ponte en manos de nuestros mejores profesionales. Luce una piel suave, hidratada y nutrida. Devuelve a tu piel su color y aspecto natural. Reserva tu cita cómodamente online a través de Bucmi.com. ¡Te encantará! ¡Y te asesoraremos en todo momento!"
        }, 
        {
            "service_category": "Preferente", 
            "service": "Bono 10 Tto. Corporal Reductor Personalizado", 
            "duration": 3600, 
            "price": "450 € ", 
            "description": "Tratamiento personalizado, puede ser de cuatro tipos: reductor, anticelulítico, reafirmante o circulatorio. ¡Elige ya el tuyo! ¿Quieres lucir un cuerpo tonificado y libre de grasa localizada o celulitis? Ven a tu Centro de Estética Sedatio y ponte en manos de nuestros mejores profesionales. Luce un cuerpo libre de celulitis y realza tu figura gracias a este tratamiento. Reserva tu cita cómodamente online a través de Bucmi.com. ¡Ven a visitarnos! ¡No dejes que te lo cuenten!"
        }, 
        {
            "service_category": "Preferente", 
            "service": "Bono Facial 3X2", 
            "duration": 3600, 
            "price": "120 € ", 
            "description": "Consiste en un tratamiento facial personalizado para lucir una piel perfecta. Existen 3 tipos: antiedad, pieles acnéicas y pieles sensibles. ¡Atrévete a cuidarte! ¿Quieres lucir una piel libre de imperfecciones? Ven a tu Centro de Estética Sedatio y ponte en manos de nuestros mejores profesionales. Luce una piel suave, hidratada y nutrida. Devuelve a tu piel su color y aspecto natural. Reserva tu cita cómodamente online a través de Bucmi.com. ¡Te encantará! ¡Y te asesoraremos en todo momento!"
        }, 
        {
            "service_category": "Preferente", 
            "service": "Peeling Corporal E Hidratación", 
            "duration": 2700, 
            "price": "35 € ", 
            "description": "Exfoliación profunda sobre la piel para renovar sus capas y con ello eliminar las imperfecciones para un color de piel uniforme. Además incluye hidratación para sentirte completamente bien. ¿Quieres lucir una piel libre de imperfecciones? Ven a tu Centro de Estética Sedatio y ponte en manos de nuestros mejores profesionales. Luce una piel suave, hidratada y nutrida. Devuelve a tu piel su color y aspecto natural. Reserva tu cita cómodamente online a través de Bucmi.com. ¡Te encantará!"
        }, 
        {
            "service_category": "Preferente", 
            "service": "Peeling Corporal Rituales Sublimes Y Aromaterapia", 
            "duration": 7200, 
            "price": "100 € ", 
            "description": "Tres rituales: YAN (peeling corporal, envoltura de barro del mar muerto, facial, gemoterapia y masaje y moxa), YIN (peeling corporal, envoltura de algas, facial, gemoterapia masaje y moxa) o DESCANSO Y ALEGRÍA (peeling corporal, envoltura de algas o barro mar muerto, facial y gemoterapia masaje y moxa). ¿Quieres lucir una piel libre de imperfecciones? Ven a tu Centro de Estética Sedatio y ponte en manos de nuestros mejores profesionales. Luce una piel suave, hidratada y nutrida. Reserva ahora."
        }, 
        {
            "service_category": "Estética", 
            "service": "Pack 3X2 Tto. Facial Personalizado", 
            "duration": 5400, 
            "price": "150 € ", 
            "description": "Consiste en un tratamiento facial personalizado para lucir una piel perfecta. Existen 3 tipos: antiedad, pieles acnéicas y pieles sensibles. ¡Atrévete a cuidarte! ¿Quieres lucir una piel libre de imperfecciones? Ven a tu Centro de Estética Sedatio y ponte en manos de nuestros mejores profesionales. Luce una piel suave, hidratada y nutrida. Devuelve a tu piel su color y aspecto natural. Reserva tu cita cómodamente online a través de Bucmi.com. ¡Te encantará! ¡Y te asesoraremos en todo momento!"
        }, 
        {
            "service_category": "Estética", 
            "service": "Bono 10 Tto. Corporal Reductor Personalizado", 
            "duration": 3600, 
            "price": "450 € ", 
            "description": "Tratamiento personalizado, puede ser de cuatro tipos: reductor, anticelulítico, reafirmante o circulatorio. ¡Elige ya el tuyo! ¿Quieres lucir un cuerpo tonificado y libre de grasa localizada o celulitis? Ven a tu Centro de Estética Sedatio y ponte en manos de nuestros mejores profesionales. Luce un cuerpo libre de celulitis y realza tu figura gracias a este tratamiento. Reserva tu cita cómodamente online a través de Bucmi.com. ¡Ven a visitarnos! ¡No dejes que te lo cuenten!"
        }, 
        {
            "service_category": "Estética", 
            "service": "Bono Facial 3X2", 
            "duration": 3600, 
            "price": "120 € ", 
            "description": "Consiste en un tratamiento facial personalizado para lucir una piel perfecta. Existen 3 tipos: antiedad, pieles acnéicas y pieles sensibles. ¡Atrévete a cuidarte! ¿Quieres lucir una piel libre de imperfecciones? Ven a tu Centro de Estética Sedatio y ponte en manos de nuestros mejores profesionales. Luce una piel suave, hidratada y nutrida. Devuelve a tu piel su color y aspecto natural. Reserva tu cita cómodamente online a través de Bucmi.com. ¡Te encantará! ¡Y te asesoraremos en todo momento!"
        }, 
        {
            "service_category": "Estética", 
            "service": "Higiene Facial", 
            "duration": 3600, 
            "price": "35 € ", 
            "description": "Limpieza de cutis completa con renovación celular con ácido, cóctel de vitamina, masaje y mascarilla bioplactum. Deja tu rostro libre de impurezas. ¿Quieres lucir una piel libre de imperfecciones? Ven a tu Centro de Estética Sedatio y ponte en manos de nuestros mejores profesionales. Luce una piel suave, hidratada y nutrida. Devuelve a tu piel su color y aspecto natural. Reserva tu cita cómodamente online a través de Bucmi.com."
        }, 
        {
            "service_category": "Estética", 
            "service": "Peeling Corporal E Hidratación", 
            "duration": 2700, 
            "price": "35 € ", 
            "description": "Exfoliación profunda sobre la piel para renovar sus capas y con ello eliminar las imperfecciones para un color de piel uniforme. Además incluye hidratación para sentirte completamente bien. ¿Quieres lucir una piel libre de imperfecciones? Ven a tu Centro de Estética Sedatio y ponte en manos de nuestros mejores profesionales. Luce una piel suave, hidratada y nutrida. Devuelve a tu piel su color y aspecto natural. Reserva tu cita cómodamente online a través de Bucmi.com. ¡Te encantará!"
        }, 
        {
            "service_category": "Estética", 
            "service": "Peeling Corporal Rituales Sublimes Y Aromaterapia", 
            "duration": 7200, 
            "price": "100 € ", 
            "description": "Tres rituales: YAN (peeling corporal, envoltura de barro del mar muerto, facial, gemoterapia y masaje y moxa), YIN (peeling corporal, envoltura de algas, facial, gemoterapia masaje y moxa) o DESCANSO Y ALEGRÍA (peeling corporal, envoltura de algas o barro mar muerto, facial y gemoterapia masaje y moxa). ¿Quieres lucir una piel libre de imperfecciones? Ven a tu Centro de Estética Sedatio y ponte en manos de nuestros mejores profesionales. Luce una piel suave, hidratada y nutrida. Reserva ahora."
        }, 
        {
            "service_category": "Estética", 
            "service": "Tratamiento Corporal De Piernas Cansadas", 
            "duration": 3600, 
            "price": "40 € ", 
            "description": "¿Necesitas aliviar los dolores o molestias en tus piernas? Ven a tu Centro de Estética Sedatio y ponte en manos de nuestros mejores profesionales. Es necesario que nuestra sangre circule de manera eficiente por todo el cuerpo. Nuestros masajes te ayudarán mucho, pues poseen efectos relajantes, analgésicos y mejoran la circulación. Reserva tu cita cómodamente online a través de Bucmi.com. ¡Ven a visitarnos! ¡No dejes que te lo cuenten!"
        }, 
        {
            "service_category": "Masaje", 
            "service": "Masaje Corporal Completo De 1 Hora", 
            "duration": 3600, 
            "price": "50 € ", 
            "description": "Relájate con un masaje integral, de pies a cabeza, con aceites esenciales para salir como nuevo del centro. ¿Necesitas relajarte y desconectar de tu rutina? Ven a tu Centro de Estética Sedatio y ponte en manos de nuestros mejores profesionales. Olvídate de todo por un momento y disfruta de la variedad de masajes que tenemos para ti y tus necesidades. Reserva tu cita cómodamente online a través de Bucmi.com. ¡Te encantará!"
        }, 
        {
            "service_category": "Masaje", 
            "service": "Masaje Corporal De 30 Minutos", 
            "duration": 1800, 
            "price": "30 € ", 
            "description": "Masaje a elegir (deportivo, relajante, descontracturante, etc) con aceites esenciales. Consigue eliminar la dolencia de la zona localizada con este masaje. ¿Necesitas relajarte y desconectar de tu rutina? Ven a tu Centro de Estética Sedatio y ponte en manos de nuestros mejores profesionales. Olvídate de todo por un momento y disfruta de la variedad de masajes que tenemos para ti y tus necesidades. Reserva tu cita cómodamente online a través de Bucmi.com. ¡Te encantará!"
        }, 
        {
            "service_category": "Depilación", 
            "service": "Depilación Cera Axilas", 
            "duration": 900, 
            "price": "8 € ", 
            "description": "Olvídate del molesto vello de las axilas por unas semanas. Incluye una sesión de cera caliente en nuestro centro. ¿Quieres lucir un cuerpo libre de vello? Ven a tu Centro de Estética Sedatio y ponte en manos de nuestros mejores profesionales. Luce una piel suave, hidratada y luminosa. Dí adiós a tener que depilarte al menos en un par de semanas. Reserva tu cita cómodamente online a través de Bucmi.com. ¡Te encantará!"
        }, 
        {
            "service_category": "Depilación", 
            "service": "Depilación Cera Ingles Brasileñas", 
            "duration": 1800, 
            "price": "15 € ", 
            "description": "Depilación estilo ingles brasileñas con cera caliente para eliminar el vello de raíz y con menos dolor. ¿Quieres lucir un cuerpo libre de vello? Ven a tu Centro de Estética Sedatio y ponte en manos de nuestros mejores profesionales. Luce una piel suave, hidratada y luminosa. Dí adiós a tener que depilarte al menos en un par de semanas. Reserva tu cita cómodamente online a través de Bucmi.com. ¡Te encantará!"
        }, 
        {
            "service_category": "Depilación", 
            "service": "Depilación Con Cera Ingles (Línea Del Bikini)", 
            "duration": 900, 
            "price": "10 € ", 
            "description": "Depilación con cera caliente para eliminar el vello de raíz y sin dolor. No incluye depilación de ingles brasileñas solo línea de bikini. ¿Quieres lucir un cuerpo libre de vello? Ven a tu Centro de Estética Sedatio y ponte en manos de nuestros mejores profesionales. Luce una piel suave, hidratada y luminosa. Dí adiós a tener que depilarte al menos en un par de semanas. Reserva tu cita cómodamente online a través de Bucmi.com. ¡Te encantará!"
        }, 
        {
            "service_category": "Depilación", 
            "service": "Depilación Con Cera Piernas Completas", 
            "duration": 1800, 
            "price": "24 € ", 
            "description": "Elimina el vello de tus piernas dejando una piel suave y sedosa. Disponible con cera caliente o tibia dependiendo de las necesidades de cada persona. ¿Quieres lucir un cuerpo libre de vello? Ven a tu Centro de Estética Sedatio y ponte en manos de nuestros mejores profesionales. Luce una piel suave, hidratada y luminosa. Dí adiós a tener que depilarte al menos en un par de semanas. Reserva tu cita cómodamente online a través de Bucmi.com. ¡Te encantará!"
        }, 
        {
            "service_category": "Bienestar", 
            "service": "Peeling Corporal Rituales Sublimes Y Aromaterapia", 
            "duration": 7200, 
            "price": "100 € ", 
            "description": "Tres rituales: YAN (peeling corporal, envoltura de barro del mar muerto, facial, gemoterapia y masaje y moxa), YIN (peeling corporal, envoltura de algas, facial, gemoterapia masaje y moxa) o DESCANSO Y ALEGRÍA (peeling corporal, envoltura de algas o barro mar muerto, facial y gemoterapia masaje y moxa). ¿Quieres lucir una piel libre de imperfecciones? Ven a tu Centro de Estética Sedatio y ponte en manos de nuestros mejores profesionales. Luce una piel suave, hidratada y nutrida. Reserva ahora."
        }
    ]
}