{
    "adid": null, 
    "name": "Jim", 
    "name_of_contact": "Jim", 
    "scrape_page": "https://www.bucmi.com/jimfisioterapia", 
    "business_website": "https://www.bucmi.com/jimfisioterapia", 
    "areas_covered": null, 
    "description": "Centro especializado en EPI® Ecoguiada (Electrolisis percutánea intratisular). Especialistas en tratamiento de patologías de la columna, Descompresión vertebral axial, Láser de alta potencia, radiofrecuencia y UHF, osteopatía, acupuntura y RPG.", 
    "img_link": [
        "https://d1nd15w2k87kz0.cloudfront.net/Uploads/636040004323443683.jpg", 
        "https://d1nd15w2k87kz0.cloudfront.net/Uploads/636040004322037325.jpg", 
        "https://d1nd15w2k87kz0.cloudfront.net/Uploads/636040004325475100.jpg", 
        "https://d1nd15w2k87kz0.cloudfront.net/Uploads/636040004328600387.jpg", 
        "https://d1nd15w2k87kz0.cloudfront.net/Uploads/636040004327819037.jpg", 
        "https://d1nd15w2k87kz0.cloudfront.net/Uploads/636040004329079261.jpg", 
        "https://d1nd15w2k87kz0.cloudfront.net/Uploads/636040004329391803.jpg", 
        "https://d1nd15w2k87kz0.cloudfront.net/Uploads/636040004329391803.jpg"
    ], 
    "hqdb_featured_ad_type": "Featured", 
    "hqdb_nr_reviews": "1", 
    "hqdb_review_score": "6,0", 
    "accreditations": null, 
    "category": null, 
    "subcategory": null, 
    "street": "C/ Galileo, 93", 
    "city": "Madrid", 
    "zipcode": "28016", 
    "formatted_address": "C/ Galileo, 93, Madrid, 28016", 
    "country": "es", 
    "office_number": "913502578", 
    "office_number2": null, 
    "mobile_number": null, 
    "mobile_number2": null, 
    "unidentified_phone_numbers": null, 
    "latitude": "40.4589187000", 
    "longitude": "-3.6762151000", 
    "business_email": null, 
    "yelp_page": null, 
    "facebook": null, 
    "twitter": null, 
    "instagram": null, 
    "venue_images": "https://d1nd15w2k87kz0.cloudfront.net/Logotipos/636040004905144642.jpg", 
    "opening_hours_raw": null, 
    "pricelist_link": null, 
    "services": [
        {
            "service_category": "Preferente", 
            "service": "Fisioterapia: Reducción Postural Global", 
            "duration": 2700, 
            "price": "40 € ", 
            "description": "RPG (Reducción Postural Global). Es una técnica encaminada a corregir los malos hábitos posturales, para lograr una mejora alineación de la espalda y conseguir un alivio duradero de los dolores más frecuentes. Ven a tu Centro de Fisioterapia Jim y ponte en manos de nuestros mejores profesionales titulados. Notarás los resultados desde la primera sesión y te sentirás mucho más relajado y descansado. Reserva tu cita cómodamente online a través de Bucmi.com."
        }, 
        {
            "service_category": "Preferente", 
            "service": "Osteopatía", 
            "duration": 2700, 
            "price": "50 € ", 
            "description": "Terapia manual que ayuda a aliviar, corregir y recuperar lesiones musculo-esqueléticas, con la que se obtienen reacciones fisiológicas que equilibran y normalizan las diferentes alteraciones musculares. Te sentirás mucho mejor gracias a este tratamiento. Reserva ahora tu cita en Bucmi.com."
        }, 
        {
            "service_category": "Preferente", 
            "service": "Acupuntura", 
            "duration": 1800, 
            "price": "30 € ", 
            "description": "Es una técnica de gran ayuda en multitud de patologías del sistema musculoesquelético y en la resolución del dolor. Alivia distintas afecciones y mejora la calidad de vida. Ven a visitarnos y te sentirás mucho mejor. Reserva ya tu cita online a través de Bucmi.com."
        }, 
        {
            "service_category": "Preferente", 
            "service": "Rehabilitación: Epi® Ecoguiada", 
            "duration": 3600, 
            "price": "80 € ", 
            "description": "Tratamiento revolucionario que mejores resultados da en patología tendinosa y roturas musculares a través de mecanismos que remodelan y regeneran el tejido patológico. El tiempo de recuperación es más corto y las recaídas infinitamente menores. Aprovecha esta ocasión para venir a visitarnos y reserva tu cita online a través de Bucmi.com."
        }, 
        {
            "service_category": "Masaje", 
            "service": "Fisioterapia: Reducción Postural Global", 
            "duration": 2700, 
            "price": "40 € ", 
            "description": "RPG (Reducción Postural Global). Es una técnica encaminada a corregir los malos hábitos posturales, para lograr una mejora alineación de la espalda y conseguir un alivio duradero de los dolores más frecuentes. Ven a tu Centro de Fisioterapia Jim y ponte en manos de nuestros mejores profesionales titulados. Notarás los resultados desde la primera sesión y te sentirás mucho más relajado y descansado. Reserva tu cita cómodamente online a través de Bucmi.com."
        }, 
        {
            "service_category": "Masaje", 
            "service": "Osteopatía", 
            "duration": 2700, 
            "price": "50 € ", 
            "description": "Terapia manual que ayuda a aliviar, corregir y recuperar lesiones musculo-esqueléticas, con la que se obtienen reacciones fisiológicas que equilibran y normalizan las diferentes alteraciones musculares. Te sentirás mucho mejor gracias a este tratamiento. Reserva ahora tu cita en Bucmi.com."
        }, 
        {
            "service_category": "Masaje", 
            "service": "Rehabilitación Uhf Microonda De Alta Potencia 15M", 
            "duration": 900, 
            "price": "15 € ", 
            "description": "Eficaz antiinflamatorio en las zonas más profundas e internas del tejido muscular. Mejora el trofismo Muscular. Te sentirás mucho más relajado y mejor, lo único que necesitas es ponerte en las mejores manos y para eso nosotros contamos con grandes profesionales. Reserva ya tu cita online en Bucmi.com y ven a visitarnos."
        }, 
        {
            "service_category": "Masaje", 
            "service": "Rehabilitación: Descompresión Vertebral", 
            "duration": 3600, 
            "price": "70 € ", 
            "description": "Tratamiento que logra espectaculares resultados en el tratamiento del dolor lumbar y cervical. Especialmente indicado para hernias discales, lumbalgia y otros problemas de la columna. El precio puede aumentar dependiendo del tipo de patología. Reserva cómodamente tu cita online en Bucmi.com."
        }, 
        {
            "service_category": "Masaje", 
            "service": "Rehabilitación: Epi® Ecoguiada", 
            "duration": 3600, 
            "price": "80 € ", 
            "description": "Tratamiento revolucionario que mejores resultados da en patología tendinosa y roturas musculares a través de mecanismos que remodelan y regeneran el tejido patológico. El tiempo de recuperación es más corto y las recaídas infinitamente menores. Aprovecha esta ocasión para venir a visitarnos y reserva tu cita online a través de Bucmi.com."
        }, 
        {
            "service_category": "Depilación", 
            "service": "Laser K De Alta Potencia", 
            "duration": 900, 
            "price": "15 € ", 
            "description": "Eficacia en tratamiento de múltiples afecciones como: Dolor Crónico, Epicondilitis, Fascitis Plantar, Tendinitis y tendinosis, Atrosis y Artritis, Fibromialgias.Ventajas:-Mejora la respuesta celular mediante regeneración celular y tisular.-Antiinflamatorio.-Mejora la función metabólica.-Efecto analgésico. Aprovecha ahora y reserva cómodamente tu cita online a través de Bucmi.com."
        }, 
        {
            "service_category": "Bienestar", 
            "service": "Acupuntura", 
            "duration": 1800, 
            "price": "30 € ", 
            "description": "Es una técnica de gran ayuda en multitud de patologías del sistema musculoesquelético y en la resolución del dolor. Alivia distintas afecciones y mejora la calidad de vida. Ven a visitarnos y te sentirás mucho mejor. Reserva ya tu cita online a través de Bucmi.com."
        }
    ]
}