{
    "adid": null, 
    "name": "Rogelaine Imagen", 
    "name_of_contact": "Rogelaine Imagen", 
    "scrape_page": "https://www.bucmi.com/rogelaineimagen", 
    "business_website": "https://www.bucmi.com/rogelaineimagen", 
    "areas_covered": null, 
    "description": "Rogelaine Imagen, equipo de asesores de imagen. Personal formado por estilistas, peluqueros, maquilladores y asesores, especializados en moda, publicidad, televisión y cine. Profesionales con alto conocimientos y experiencia. Parking y cafetería gratuito", 
    "img_link": [
        "https://d1nd15w2k87kz0.cloudfront.net/Uploads/635675504835834105.jpg", 
        "https://d1nd15w2k87kz0.cloudfront.net/Uploads/635675504872868575.jpg", 
        "https://d1nd15w2k87kz0.cloudfront.net/Uploads/635675504947874346.jpg", 
        "https://d1nd15w2k87kz0.cloudfront.net/Uploads/636156759919698803.jpg", 
        "https://d1nd15w2k87kz0.cloudfront.net/Uploads/636156759935323577.jpg", 
        "https://d1nd15w2k87kz0.cloudfront.net/Uploads/636156759954698175.jpg"
    ], 
    "hqdb_featured_ad_type": "Featured", 
    "hqdb_nr_reviews": "10", 
    "hqdb_review_score": "9,0", 
    "accreditations": null, 
    "category": null, 
    "subcategory": null, 
    "street": "C/ Embajadores, 274", 
    "city": "Madrid", 
    "zipcode": "28045", 
    "formatted_address": "C/ Embajadores, 274, Madrid, 28045", 
    "country": "es", 
    "office_number": "915273724", 
    "office_number2": null, 
    "mobile_number": "645394437", 
    "mobile_number2": null, 
    "unidentified_phone_numbers": null, 
    "latitude": "40.3854926000", 
    "longitude": "-3.6892198000", 
    "business_email": null, 
    "yelp_page": null, 
    "facebook": null, 
    "twitter": null, 
    "instagram": null, 
    "venue_images": "https://d1nd15w2k87kz0.cloudfront.net/Logotipos/636156761298732914.jpg", 
    "opening_hours_raw": null, 
    "pricelist_link": null, 
    "services": [
        {
            "service_category": "Preferente", 
            "service": "Color Con Barros", 
            "duration": 7200, 
            "price": "79 € ", 
            "description": "El servicio de color con barros incluye el lavado del pelo con champú específico, coloración de barro natural y por último el peinado que más te guste y que más vaya contigo. Sacamos el mejor partido de tu melena. No esperes más y reserva ahora tu cita online a través de Bucmi.com."
        }, 
        {
            "service_category": "Preferente", 
            "service": "Mechas Blonde Y Peinado", 
            "duration": 10800, 
            "price": "94 € ", 
            "description": "Mechas basadas en las californianas con una técnica diferente. Consiste en ciertos puntos de luz que te darán una perfecta combinación de armonía y naturalidad. Incluye lavado, mechas tarifeñas y peinado. No esperes más y reserva ahora tu cita online a través de Bucmi.com."
        }, 
        {
            "service_category": "Preferente", 
            "service": "Tto Lifting Capilar Corte Terapéutico En Caliente", 
            "duration": 7200, 
            "price": "149 € ", 
            "description": "Lo último entre las celebrities. Sanea todo el pelo, elimina el encrespado sin reducir el largo. Incluye lavado, peinado, bioterapia capilar y corte terapéutico en caliente. Suplementos por largo y/o cantidad a partir de 15€. No esperes más y reserva ahora tu cita online a través de Bucmi.com."
        }, 
        {
            "service_category": "Peluquería", 
            "service": "Balayage Media Melena Y Peinado", 
            "duration": 9000, 
            "price": "59 € ", 
            "description": "El color de moda en las últimas tendencias. Consiste en un degradado de las puntas largas de la melena para darle un toque de luz a tu melena pero informal. El servicio también incluye lavado de la melena y peinado con definición. Te encantará. Reserva ahora tu cita online con Bucmi.com."
        }, 
        {
            "service_category": "Peluquería", 
            "service": "Bioterapia Capilar", 
            "duration": 7200, 
            "price": "65 € ", 
            "description": "Tratamiento detoxicante con agua de lluvia y puificante natural que aporta volumen y limpieza inmediata. Consigue recuperar la luminosidad y vida en tu melena de la mano de los mejores profesionales. No esperes más y reserva ahora tu cita online a través de Bucmi.com."
        }, 
        {
            "service_category": "Peluquería", 
            "service": "Color Con Barros", 
            "duration": 7200, 
            "price": "79 € ", 
            "description": "El servicio de color con barros incluye el lavado del pelo con champú específico, coloración de barro natural y por último el peinado que más te guste y que más vaya contigo. Sacamos el mejor partido de tu melena. No esperes más y reserva ahora tu cita online a través de Bucmi.com."
        }, 
        {
            "service_category": "Peluquería", 
            "service": "Mechas Babylights Y Peinado", 
            "duration": 10800, 
            "price": "89 € ", 
            "description": "Las mechas Baby son unas mechas muy finas, tipo reflejos, que imita las vetas que tienen los niños pequeños en el pelo. El servicio incluye lavado con champú y acondicionador y peinado de la melena para que salgas perfecta. No esperes más y reserva ahora tu cita online a través de Bucmi.com."
        }, 
        {
            "service_category": "Peluquería", 
            "service": "Mechas Californianas Y Peinado", 
            "duration": 7200, 
            "price": "49 € ", 
            "description": "Si lo que necesitas es un degradado en tu cabello para mejorar tu look... ¡Anímate con un estilo surfero californiano! Incluye lavado del pelo, mechas californianas y por último peinar. No esperes másny reserva ahora tu cita online de la forma más fácil a través de Bucmi.com."
        }, 
        {
            "service_category": "Peluquería", 
            "service": "Tratamiento De Keratina Pelo Corto", 
            "duration": 5400, 
            "price": "39 € ", 
            "description": "Proporciona a tu cabello un extra de nutrición e hidratación gracias al poder de la keratina en este tratamiento para cabello corto. Además, ¡ahora puedes ahorrar tiempo y dinero con este servicio!. No esperes más y reserva ahora tu cita online a través de Bucmi.com."
        }, 
        {
            "service_category": "Peluquería", 
            "service": "Tto De Keratina Media Melena / Alisado De Argán", 
            "duration": 5400, 
            "price": "59 € ", 
            "description": "El servicio incluye un tratamiento de keratina realizado en nuestro centro de belleza Rogelaine. El servicio podrá estar sujeto a complemento según la longitud del pelo. No esperes más y reserva ahora tu cita online de la formamás fácil a través de Bucmi.com."
        }, 
        {
            "service_category": "Peluquería", 
            "service": "Mechas Blonde Y Peinado", 
            "duration": 10800, 
            "price": "94 € ", 
            "description": "Mechas basadas en las californianas con una técnica diferente. Consiste en ciertos puntos de luz que te darán una perfecta combinación de armonía y naturalidad. Incluye lavado, mechas tarifeñas y peinado. No esperes más y reserva ahora tu cita online a través de Bucmi.com."
        }, 
        {
            "service_category": "Peluquería", 
            "service": "Taninoplastia Media Melena", 
            "duration": 9000, 
            "price": "199 € ", 
            "description": "Este servicio consiste en un perfecto alisado 100% natural realizado con taninoplastia. Obtendrás finalmente un resultado perfecto al salir de nuestra peluquería Rogelaine Imagen. No esperes más y reserva ahora tu cita online de la forma más fácil a través de Bucmi.com."
        }, 
        {
            "service_category": "Peluquería", 
            "service": "Tto Lifting Capilar Corte Terapéutico En Caliente", 
            "duration": 7200, 
            "price": "149 € ", 
            "description": "Lo último entre las celebrities. Sanea todo el pelo, elimina el encrespado sin reducir el largo. Incluye lavado, peinado, bioterapia capilar y corte terapéutico en caliente. Suplementos por largo y/o cantidad a partir de 15€. No esperes más y reserva ahora tu cita online a través de Bucmi.com."
        }
    ]
}