{
    "adid": null, 
    "name": "Eva Viñas", 
    "name_of_contact": "Eva Viñas", 
    "scrape_page": "https://www.bucmi.com/evaviñas", 
    "business_website": null, 
    "areas_covered": null, 
    "description": "Nuestra filosofía se basa en la creatividad personalizada. Nuestro equipo creará para usted un look adaptado a su personalidad y estilo de vida. La naturalidad de los estilos actuales y la necesidad de que sean verdaderamente prácticos.", 
    "img_link": [
        "https://d1nd15w2k87kz0.cloudfront.net/Uploads/635864703691319755.jpg", 
        "https://d1nd15w2k87kz0.cloudfront.net/Uploads/635864703712738276.jpg", 
        "https://d1nd15w2k87kz0.cloudfront.net/Uploads/635864703733519370.jpg", 
        "https://d1nd15w2k87kz0.cloudfront.net/Uploads/635864703751644316.jpg", 
        "https://d1nd15w2k87kz0.cloudfront.net/Uploads/635864703800957165.jpg", 
        "https://d1nd15w2k87kz0.cloudfront.net/Uploads/635864703817207471.jpg", 
        "https://d1nd15w2k87kz0.cloudfront.net/Uploads/635864703828769868.jpg", 
        "https://d1nd15w2k87kz0.cloudfront.net/Uploads/635919136012903862.jpg", 
        "https://d1nd15w2k87kz0.cloudfront.net/Uploads/635919136105203842.jpg", 
        "https://d1nd15w2k87kz0.cloudfront.net/Uploads/635919136169109897.jpg", 
        "https://d1nd15w2k87kz0.cloudfront.net/Uploads/635919136249749474.jpg", 
        "https://d1nd15w2k87kz0.cloudfront.net/Uploads/635919136310380224.jpg", 
        "https://d1nd15w2k87kz0.cloudfront.net/Uploads/635919136377736244.jpg", 
        "https://d1nd15w2k87kz0.cloudfront.net/Uploads/635919136468206486.jpg", 
        "https://d1nd15w2k87kz0.cloudfront.net/Uploads/635919139825077826.jpg", 
        "https://d1nd15w2k87kz0.cloudfront.net/Uploads/635919146076108469.jpg"
    ], 
    "hqdb_featured_ad_type": "Featured", 
    "hqdb_nr_reviews": "75", 
    "hqdb_review_score": "9,3", 
    "accreditations": null, 
    "category": null, 
    "subcategory": null, 
    "street": null, 
    "city": "Madrid", 
    "zipcode": "28027", 
    "formatted_address": "Madrid, 28007, Madrid, 28027", 
    "country": "es", 
    "office_number": "914078435", 
    "office_number2": null, 
    "mobile_number": null, 
    "mobile_number2": null, 
    "unidentified_phone_numbers": null, 
    "latitude": "40.4377430000", 
    "longitude": "-3.6384097999", 
    "business_email": null, 
    "yelp_page": null, 
    "facebook": null, 
    "twitter": null, 
    "instagram": null, 
    "venue_images": "https://d1nd15w2k87kz0.cloudfront.net/Logotipos/635908669005180728.jpg", 
    "opening_hours_raw": null, 
    "pricelist_link": null, 
    "services": [
        {
            "service_category": "Preferente", 
            "service": "Corte Y Color", 
            "duration": 5400, 
            "price": "45 € ", 
            "description": "¿Te apetece mejorar el aspecto de tu cabello? ¡Reserva nuestro pack en peluquería! Este servicio no incluye el peinado, solo el corte y el color de mantenimiento, no incluye cambio de color. Consulta a nuestros estilistas por posible suplemento."
        }, 
        {
            "service_category": "Preferente", 
            "service": "Manicura Permanente Shellac", 
            "duration": 3600, 
            "price": "29 € ", 
            "description": "Disfruta de unas manos perfectas durante mucho más tiempo reservando nuestra manicura permanente de la marca Shellac. Saldrás de nuestro centro con unas uñas envidiables. ¡No lo dudes más y reserva ahora!"
        }, 
        {
            "service_category": "Preferente", 
            "service": "Pedicura Básica", 
            "duration": 3600, 
            "price": "27 € ", 
            "description": "Durante la pedicura te ofrecemos un baño relajante en los pies, se repasan imperfecciones y durezas, se trabajan y se esmaltan las uñas con un esmalte normal, en el tono que más te guste. Pies bonitos en tan sólo 30 minutos."
        }, 
        {
            "service_category": "Preferente", 
            "service": "Pedicura Permanente Shellac", 
            "duration": 5400, 
            "price": "42,5 € ", 
            "description": "Nuestra pedicura permanente Shellac incluye: un baño relajante para los pies del cliente, se repasan imperfecciones y durezas, se trabajan y se esmaltan las uñas. Terminamos aplicando nuestro esmalte permanente Shellac."
        }, 
        {
            "service_category": "Preferente", 
            "service": "Corte, Hidratación Y Peinado Pelo Corto Medio", 
            "duration": 5400, 
            "price": "30 € ", 
            "description": "¿A qué esperas para reservar nuestro pack más completo para tu cabello? Incluye el lavado con champú, el corte de pelo, un tratamiento de hidratación capilar y el peinado que más te apetezca lucir. Disfruta de un pelo hidratado, rejuvenecido y lleno de vida. Este servicio es solo para pelo corto o medio."
        }, 
        {
            "service_category": "Preferente", 
            "service": "Corte Hombre", 
            "duration": 1800, 
            "price": "14 € ", 
            "description": "Atrévete con un cambio de look o sigue fiel a tu estilo con Eva Viñas. El servicio Incluye el lavado previo al corte con productos Landoll, aclarado final y productos de acabados para que salgas guapísimo de nuestro centro."
        }, 
        {
            "service_category": "Preferente", 
            "service": "Manicura Y Pedicura Permanente Shellac", 
            "duration": 9000, 
            "price": "71,5 € ", 
            "description": "La manicura consta de un peeling, crema hidratante, esmalte permanente Shellac. En la pedicura damos un baño relajante a los pies del cliente, se repasan imperfecciones y durezas, se trabajan y se esmaltan las uñas con Shellac. ¿A qué esperas para reservar?"
        }, 
        {
            "service_category": "Peluquería", 
            "service": "Baño De Color", 
            "duration": 3600, 
            "price": "30 € ", 
            "description": "¡Mejora el aspecto del tono de tu cabello reservando nuestro servicio de baño de color! Conseguirás cambiar la tonalidad de tu cabello sin dañarlo ni perjudicarlo. El servicio incluye el lavado y color. En caso de tener mucha cantidad de cabello, consultar posible suplemento."
        }, 
        {
            "service_category": "Peluquería", 
            "service": "Color", 
            "duration": 5400, 
            "price": "30 € ", 
            "description": "¿Te gustaría cambiar el color de tu cabello? ¡Reserva este servicio! Te ofrecemos una amplia gama de tonos para que puedas elegir. Escoge el que más se ajuste a tu estilo y déjate asesorar por los profesionales de Eva Viñas. El servicio incluye el lavado y la coloración. Dependiendo de la cantidad y el largo del cabello, puede conllevar un suplemento a pagar en el centro."
        }, 
        {
            "service_category": "Peluquería", 
            "service": "Corte Mujer", 
            "duration": 2700, 
            "price": "22 € ", 
            "description": "¿Necesitas un corte de pelo? En nuestro centro te ofrecemos un servicio profesional y asesorado. Incluye el lavado y el secado. Cambia de look y ponte a la moda. El pelo es parte de tu identidad haz que te represente como te mereces y reserva ahora."
        }, 
        {
            "service_category": "Peluquería", 
            "service": "Corte Y Color", 
            "duration": 5400, 
            "price": "45 € ", 
            "description": "¿Te apetece mejorar el aspecto de tu cabello? ¡Reserva nuestro pack en peluquería! Este servicio no incluye el peinado, solo el corte y el color de mantenimiento, no incluye cambio de color. Consulta a nuestros estilistas por posible suplemento."
        }, 
        {
            "service_category": "Peluquería", 
            "service": "Corte, Tto Capilar Hidratación Y Peinado Largo", 
            "duration": 7200, 
            "price": "30 € ", 
            "description": "¡Prepara tu cabello para esta temporada! Este servicio incluye el lavado con champú, corte en tendencia, tratamiento de hidratación capilar y peinado para pelo largo. Notarás tu pelo mucho más sedoso e hidratado. ¿A qué esperas para reservar? En caso de tener el pelo extralargo, puedes implicar un suplemento."
        }, 
        {
            "service_category": "Peluquería", 
            "service": "Mechas", 
            "duration": 5400, 
            "price": "40 € ", 
            "description": "¡Dale luz y color a tu cabello con unas mechas! En este servicio no se incluye el tinte que en ocasiones es necesario para igualar el color del cabello. Utilizamos la técnica en mechas de papel de plata. Consultar con el salón por posible suplemento."
        }, 
        {
            "service_category": "Peluquería", 
            "service": "Mechas Californianas", 
            "duration": 3600, 
            "price": "40 € ", 
            "description": "Las mechas californianas bien trabajadas, te aportan un look fresco, natural y casual que ayudan a iluminar tu rostro. En mechas no se incluye el tinte que en ocasiones es necesario para igualar el color del cabello. Consultar con el centro por posible suplemento."
        }, 
        {
            "service_category": "Peluquería", 
            "service": "Peinado Corto", 
            "duration": 1800, 
            "price": "10 € ", 
            "description": "¿Tienes una ocasión especial y no quieres jugártela con tu peinado? ¡No te preocupes! Reserva este servicio y olvídate de todo, nuestros profesionales se encargarán de realizar el peinado que desees. Incluye el lavado y el peinado, con secador o plancha. Servicio para cabello corto."
        }, 
        {
            "service_category": "Peluquería", 
            "service": "Peinado Largo", 
            "duration": 2700, 
            "price": "16 € ", 
            "description": "Si tienes un evento especial, no te preocupes, ahora puedes lucir el peinado perfecto solo reserva este servicio. Nuestros profesionales se encargarán de todo. Incluye el lavado y el peinado, con secador o plancha. Servicio para pelo largo."
        }, 
        {
            "service_category": "Peluquería", 
            "service": "Corte, Hidratación Y Peinado Pelo Corto Medio", 
            "duration": 5400, 
            "price": "30 € ", 
            "description": "¿A qué esperas para reservar nuestro pack más completo para tu cabello? Incluye el lavado con champú, el corte de pelo, un tratamiento de hidratación capilar y el peinado que más te apetezca lucir. Disfruta de un pelo hidratado, rejuvenecido y lleno de vida. Este servicio es solo para pelo corto o medio."
        }, 
        {
            "service_category": "Peluquería", 
            "service": "Corte Hombre", 
            "duration": 1800, 
            "price": "14 € ", 
            "description": "Atrévete con un cambio de look o sigue fiel a tu estilo con Eva Viñas. El servicio Incluye el lavado previo al corte con productos Landoll, aclarado final y productos de acabados para que salgas guapísimo de nuestro centro."
        }, 
        {
            "service_category": "Estética", 
            "service": "Higiene Facial Con Ultrasonido - Hombre", 
            "duration": 5400, 
            "price": "40,5 € ", 
            "description": "¡Gracias a este servicio ahora los hombres también podrán lucir un rostro limpio y sin impurezas! El tratamiento incluye: leche limpiadora, tónico, peeling, crema, desincrustante, extracción de comedones, mascarilla, masaje con ultrasonidos y crema hidratante."
        }, 
        {
            "service_category": "Estética", 
            "service": "Tratamiento Facial Hidratante Natural", 
            "duration": 3600, 
            "price": "36,1 € ", 
            "description": "Este tratamiento facial consiste en hidratar la piel de tu rostro con nuestros productos naturales y bio para ofrecerte un resultado perfecto. Disfrutarás de una piel hidratada y suave. ¡No lo dudes más y reserva ahora!"
        }, 
        {
            "service_category": "Estética", 
            "service": "Higiene Facial Con Ultrasonidos", 
            "duration": 5400, 
            "price": "40,5 € ", 
            "description": "Elimina tu rostro de impurezas reservando nuestra Higiene Facial. Incluye la aplicación de leche limpiadora, tónico, peeling, crema, desincrustante, extracción de comedones, mascarilla, masaje con ultrasonidos y crema hidratante."
        }, 
        {
            "service_category": "Manicura y Pedicura", 
            "service": "Manicura Francesa", 
            "duration": 2700, 
            "price": "12,5 € ", 
            "description": "Originaria de París, la manicura francesa confiere un estilo que destaca por su simplicidad y elegancia que transmite un aspecto elegante y pulcro. Luce manos y uñas con un acabado al más puro estilo Francés y da glamour a tus manos y uñas. Esmaltado normal."
        }, 
        {
            "service_category": "Manicura y Pedicura", 
            "service": "Manicura Manos Felices", 
            "duration": 1800, 
            "price": "10,5 € ", 
            "description": "Luce unas manos cuidadas y bonitas reservando este servicio. Durante la manicura nos encargamos de dejarte unas uñas perfectas. También incluye peeling y una crema hidratante, además de la aplicación de esmalte normal en el color que más te guste."
        }, 
        {
            "service_category": "Manicura y Pedicura", 
            "service": "Manicura Permanente Shellac", 
            "duration": 3600, 
            "price": "29 € ", 
            "description": "Disfruta de unas manos perfectas durante mucho más tiempo reservando nuestra manicura permanente de la marca Shellac. Saldrás de nuestro centro con unas uñas envidiables. ¡No lo dudes más y reserva ahora!"
        }, 
        {
            "service_category": "Manicura y Pedicura", 
            "service": "Pedicura Básica", 
            "duration": 3600, 
            "price": "27 € ", 
            "description": "Durante la pedicura te ofrecemos un baño relajante en los pies, se repasan imperfecciones y durezas, se trabajan y se esmaltan las uñas con un esmalte normal, en el tono que más te guste. Pies bonitos en tan sólo 30 minutos."
        }, 
        {
            "service_category": "Manicura y Pedicura", 
            "service": "Pedicura Permanente Shellac", 
            "duration": 5400, 
            "price": "42,5 € ", 
            "description": "Nuestra pedicura permanente Shellac incluye: un baño relajante para los pies del cliente, se repasan imperfecciones y durezas, se trabajan y se esmaltan las uñas. Terminamos aplicando nuestro esmalte permanente Shellac."
        }, 
        {
            "service_category": "Manicura y Pedicura", 
            "service": "Manicura Y Pedicura Permanente Shellac", 
            "duration": 9000, 
            "price": "71,5 € ", 
            "description": "La manicura consta de un peeling, crema hidratante, esmalte permanente Shellac. En la pedicura damos un baño relajante a los pies del cliente, se repasan imperfecciones y durezas, se trabajan y se esmaltan las uñas con Shellac. ¿A qué esperas para reservar?"
        }, 
        {
            "service_category": "Depilación", 
            "service": "Depilación Cejas - Visagismo", 
            "duration": 900, 
            "price": "6,5 € ", 
            "description": "¡Ahora puedes conseguir las cejas que siempre has querido! Solo tienes que reservar este servicio en nuestro centro. No descuides tus cejas, ellas se encargan de enmarcar tu mirada, tu rostro y de realzar tus rasgos."
        }, 
        {
            "service_category": "Depilación", 
            "service": "Depilación Cera Ingles Brasileñas", 
            "duration": 1800, 
            "price": "13 € ", 
            "description": "Elimina el vello de las ingles, gracias a nuestra depilación con cera. Nuestros profesionales te atenderán con el cariño y el cuidado que te mereces. Incluye la depilación de las ingles brasileñas."
        }
    ]
}