{
    "adid": null, 
    "name": "Mia", 
    "name_of_contact": "Mia", 
    "scrape_page": "https://www.bucmi.com/miasalon", 
    "business_website": "https://www.bucmi.com/miasalon", 
    "areas_covered": null, 
    "description": "En MIA contamos con el apoyo de un cirujano plástico y una doctora especialista en medicina estética. En este salón de Belleza y Cuidado Personal tendrás toda la atención que necesitas con la mejor calidad y atención personalizada.", 
    "img_link": [
        "https://d1nd15w2k87kz0.cloudfront.net/Uploads/635963159586498458.jpg", 
        "https://d1nd15w2k87kz0.cloudfront.net/Uploads/635963159583217222.jpg", 
        "https://d1nd15w2k87kz0.cloudfront.net/Uploads/635963159586498458.jpg", 
        "https://d1nd15w2k87kz0.cloudfront.net/Uploads/635963159587748463.jpg", 
        "https://d1nd15w2k87kz0.cloudfront.net/Uploads/635963159589154704.jpg", 
        "https://d1nd15w2k87kz0.cloudfront.net/Uploads/635963159588060941.jpg", 
        "https://d1nd15w2k87kz0.cloudfront.net/Uploads/635963159586654695.jpg", 
        "https://d1nd15w2k87kz0.cloudfront.net/Uploads/635963159587279693.jpg"
    ], 
    "hqdb_featured_ad_type": "Featured", 
    "hqdb_nr_reviews": "0", 
    "hqdb_review_score": "0,0", 
    "accreditations": null, 
    "category": null, 
    "subcategory": null, 
    "street": "C/ Lagasca, 72", 
    "city": "Madrid", 
    "zipcode": "28017", 
    "formatted_address": "C/ Lagasca, 72, Madrid, 28017", 
    "country": "es", 
    "office_number": "913759831", 
    "office_number2": null, 
    "mobile_number": null, 
    "mobile_number2": null, 
    "unidentified_phone_numbers": null, 
    "latitude": "40.4185944000", 
    "longitude": "-3.6253775999", 
    "business_email": null, 
    "yelp_page": null, 
    "facebook": null, 
    "twitter": null, 
    "instagram": null, 
    "venue_images": "https://d1nd15w2k87kz0.cloudfront.net/Logotipos/635963251883284930.jpg", 
    "opening_hours_raw": null, 
    "pricelist_link": null, 
    "services": [
        {
            "service_category": "Preferente", 
            "service": "Bono 10 Sesiones Gimnasia Pasiva Facial", 
            "duration": 3600, 
            "price": "280 € ", 
            "description": "Debemos proteger nuestra piel con productos de calidad. El paso de los años lleva consigo el envejecimiento de la piel y disponemos la solución idónea: gimnasia pasiva facial. Conseguirás una piel nutrida y oxigenada. Los Bonos no tienen fecha de caducidad, adquiérelos durante el período de la oferta y canjéalos cuando decidas. Reserva tu cita online a través de Bucmi.com. Oferta válida del 15 de Marzo al 15 de Abril."
        }, 
        {
            "service_category": "Preferente", 
            "service": "Bono 10 Sesiones Masaje Completo", 
            "duration": 1800, 
            "price": "534 € ", 
            "description": "¿Necesitas liberarte del estrés, del cansancio y de las preocupaciones? Ven a Mia Salón y saldrás totalmente renovado de cada sesión. Empezarás los días con mucha más energía y vitalidad. Notarás los resultados. Además lograrás descansar mucho mejor. Reserva tu cita online cómodamente a través de Bucmi.com."
        }, 
        {
            "service_category": "Preferente", 
            "service": "Bono 10 Sesiones Masaje De Espalda", 
            "duration": 1800, 
            "price": "252 € ", 
            "description": "¿Necesitas liberarte del estrés, del cansancio y de las preocupaciones? Ven a Mia Salón y saldrás totalmente renovado de cada sesión. Empezarás los días con mucha más energía y vitalidad. Notarás los resultados. Además lograrás descansar mucho mejor. Reserva tu cita online cómodamente a través de Bucmi.com."
        }, 
        {
            "service_category": "Preferente", 
            "service": "Bono 10 Sesiones Masaje Relajante Facial", 
            "duration": 12600, 
            "price": "210 € ", 
            "description": "Relaja tu rostro y consigue una piel cuidada e hidratada. ¿Necesitas olvidarte del estrés y las preocupaciones? Ven a Mia Salón de Belleza y ponte en manos de nuestros profesionales. Notarás los resultados. Luce una piel suave, bonita y mucho más hidratada gracias a este tratamiento. Reserva tu cita online a través de Bucmi.com."
        }, 
        {
            "service_category": "Preferente", 
            "service": "Bono 10 Sesiones Masajes/Drenaje De Piernas", 
            "duration": 1800, 
            "price": "322 € ", 
            "description": "¿Necesitas liberarte del estrés, del cansancio y de las preocupaciones? Ven a Mia Salón y saldrás totalmente renovado de cada sesión. Empezarás los días con mucha más energía y vitalidad. Notarás los resultados. Además lograrás descansar mucho mejor. Reserva tu cita online cómodamente a través de Bucmi.com."
        }, 
        {
            "service_category": "Preferente", 
            "service": "Bono 10 Sesiones Tto. Facial De Ácido Glicólico", 
            "duration": 1800, 
            "price": "350 € ", 
            "description": "El ácido glicólico es un producto derivado de la caña de azúcar y es considerado un producto natural. Sirve para tratar el acné y borrar las marcas de la edad. Es un excelente exfoliante para la piel gracias a sus propiedades y elimina las capas de células muertas. Te ayudará a tener un cutis joven y lozano. Reserva ahora a través de Bucmi.com. Los Bonos no tienen fecha de caducidad, adquiérelos durante el período de la oferta y canjéalos cuando decidas. Oferta válida del 15 de Marzo al 15 de Abril."
        }, 
        {
            "service_category": "Preferente", 
            "service": "Bono 4 Sesiones Tto. Facial De Sueros Biológicos", 
            "duration": 1800, 
            "price": "150 € ", 
            "description": "Este tratamiento consiste en la administración de sueros específicos que favorecen la autocuración de nuestro organismo a partir de una selección de vitaminas, oligoelementos y fármacos biológicos naturales según nuestras necesidades concretas: adelgazar, embellecer nuestra piel, mejorar la salud de nuestro cabello, etc. Los Bonos no tienen fecha de caducidad, adquiérelos durante el período de la oferta y canjéalos cuando decidas. Oferta válida del 15 de Marzo al 15 de Abril."
        }, 
        {
            "service_category": "Preferente", 
            "service": "Bono 6 Sesiones De Radiofrecuencia Facial", 
            "duration": 2700, 
            "price": "330 € ", 
            "description": "Aprovecha ahora este Bono de 6 Sesiones de Radiofrecuencia Facial y di adiós a las arrugas. Este tratamiento combate de manera segura la flacidez de la piel. Consigue una piel luminosa, cuidada y mucho más joven. Reserva tu cita cómodamente online a través de Bucmi.com. Los Bonos no tienen fecha de caducidad, adquiérelos durante el período de la oferta y canjéalos cuando decidas. Oferta válida del 15 de Marzo al 15 de Abril."
        }, 
        {
            "service_category": "Preferente", 
            "service": "Bono 6 Sesiones Tratamiento Facial Dermolifting", 
            "duration": 2700, 
            "price": "400 € ", 
            "description": "Dermolifting es una nueva técnica que mejorará el aspecto de tu rostro sin necesidad de utilizar la cirujía. Los beneficios de este tratamiento son numerosos: revitalece la piel, rejuvenece, elimina las arrugas y marcas de la edad, elimina el acné. Lucirás un rostro bonito, suave y luminoso. Reserva tu cita cómodamente online a través Bucmi.com. Los Bonos no tienen fecha de caducidad, adquiérelos durante el período de la oferta y canjéalos cuando decidas. Oferta válida del 15 de Marzo al 15 de Abril."
        }, 
        {
            "service_category": "Preferente", 
            "service": "Presoterapia", 
            "duration": 1800, 
            "price": "30 € ", 
            "description": "Precio por sesión. La Presoterapia es ideal para piernas cansadas, retención de líquidos, mala circulación. Gracias a este tratamiento conseguirás mejorar la circulación y el sistema linfático. Reserva tu cita online a través de Bucmi.com. ¡Con un magnífico precio todo el año!"
        }, 
        {
            "service_category": "Peluquería", 
            "service": "Maquillaje De Boda", 
            "duration": 2700, 
            "price": "41 € ", 
            "description": "¿Tienes una boda y no sabes que hacer con el maquillaje? Ven a Mia Salón de Belleza y ponte en las manos de nuestros profesionales para lucir un maquillaje bonito, natural y que realce tus facciones. Estarás espectacular el día de la boda. Reserva cómodamente tu cita online a través de Bucmi.com."
        }, 
        {
            "service_category": "Peluquería", 
            "service": "Pack De Novia", 
            "duration": 5400, 
            "price": "120 € ", 
            "description": "¿Quieres ser la única protagonista de tu día? Reserva este pack en Mia Salón de Belleza y ponte en las manos de nuestros profesionales. Este pack incluye el maquillaje, la prueba de maquillaje y si quieres que nuestra profesional se acerque a tu domicilio tiene un suplemento que ascendería a 150€. Luce un maquillane natural y deslumbrante para ser tú la única protagonista de tu gran día. ¡Estarás espectacular! Reserva ahora tu cita online a través de Bucmi.com."
        }, 
        {
            "service_category": "Estética", 
            "service": "Bono 10 Sesiones Gimnasia Pasiva Facial", 
            "duration": 3600, 
            "price": "280 € ", 
            "description": "Debemos proteger nuestra piel con productos de calidad. El paso de los años lleva consigo el envejecimiento de la piel y disponemos la solución idónea: gimnasia pasiva facial. Conseguirás una piel nutrida y oxigenada. Los Bonos no tienen fecha de caducidad, adquiérelos durante el período de la oferta y canjéalos cuando decidas. Reserva tu cita online a través de Bucmi.com. Oferta válida del 15 de Marzo al 15 de Abril."
        }, 
        {
            "service_category": "Estética", 
            "service": "Bono 10 Sesiones Tto. Facial De Ácido Glicólico", 
            "duration": 1800, 
            "price": "350 € ", 
            "description": "El ácido glicólico es un producto derivado de la caña de azúcar y es considerado un producto natural. Sirve para tratar el acné y borrar las marcas de la edad. Es un excelente exfoliante para la piel gracias a sus propiedades y elimina las capas de células muertas. Te ayudará a tener un cutis joven y lozano. Reserva ahora a través de Bucmi.com. Los Bonos no tienen fecha de caducidad, adquiérelos durante el período de la oferta y canjéalos cuando decidas. Oferta válida del 15 de Marzo al 15 de Abril."
        }, 
        {
            "service_category": "Estética", 
            "service": "Bono 4 Sesiones Tto. Facial De Sueros Biológicos", 
            "duration": 1800, 
            "price": "150 € ", 
            "description": "Este tratamiento consiste en la administración de sueros específicos que favorecen la autocuración de nuestro organismo a partir de una selección de vitaminas, oligoelementos y fármacos biológicos naturales según nuestras necesidades concretas: adelgazar, embellecer nuestra piel, mejorar la salud de nuestro cabello, etc. Los Bonos no tienen fecha de caducidad, adquiérelos durante el período de la oferta y canjéalos cuando decidas. Oferta válida del 15 de Marzo al 15 de Abril."
        }, 
        {
            "service_category": "Estética", 
            "service": "Bono 6 Sesiones De Radiofrecuencia Facial", 
            "duration": 2700, 
            "price": "330 € ", 
            "description": "Aprovecha ahora este Bono de 6 Sesiones de Radiofrecuencia Facial y di adiós a las arrugas. Este tratamiento combate de manera segura la flacidez de la piel. Consigue una piel luminosa, cuidada y mucho más joven. Reserva tu cita cómodamente online a través de Bucmi.com. Los Bonos no tienen fecha de caducidad, adquiérelos durante el período de la oferta y canjéalos cuando decidas. Oferta válida del 15 de Marzo al 15 de Abril."
        }, 
        {
            "service_category": "Estética", 
            "service": "Bono 6 Sesiones Tratamiento Facial Dermolifting", 
            "duration": 2700, 
            "price": "400 € ", 
            "description": "Dermolifting es una nueva técnica que mejorará el aspecto de tu rostro sin necesidad de utilizar la cirujía. Los beneficios de este tratamiento son numerosos: revitalece la piel, rejuvenece, elimina las arrugas y marcas de la edad, elimina el acné. Lucirás un rostro bonito, suave y luminoso. Reserva tu cita cómodamente online a través Bucmi.com. Los Bonos no tienen fecha de caducidad, adquiérelos durante el período de la oferta y canjéalos cuando decidas. Oferta válida del 15 de Marzo al 15 de Abril."
        }, 
        {
            "service_category": "Estética", 
            "service": "Presoterapia", 
            "duration": 1800, 
            "price": "30 € ", 
            "description": "Precio por sesión. La Presoterapia es ideal para piernas cansadas, retención de líquidos, mala circulación. Gracias a este tratamiento conseguirás mejorar la circulación y el sistema linfático. Reserva tu cita online a través de Bucmi.com. ¡Con un magnífico precio todo el año!"
        }, 
        {
            "service_category": "Estética", 
            "service": "Bono 10 Sesiones De Tto. Corporal Anticelulítico", 
            "duration": 3600, 
            "price": "400 € ", 
            "description": "Aprovecha ahora este Bono de 10 Sesiones de Exadutivo-Anticelulítico y di adiós a la celulitis. Este tratamiento combate de manera segura la grasa localizada. Consigue una piel luminosa, cuidada y mucho más joven. Los Bonos no tienen fecha de caducidad, adquiérelos durante el período de la oferta y canjéalos cuando decidas. Reserva tu cita online a través de Bucmi.com."
        }, 
        {
            "service_category": "Estética", 
            "service": "Bono 10 Sesiones Presoterapia Corporal", 
            "duration": 14400, 
            "price": "300 € ", 
            "description": "Sesiones para combatir con los problemas de la circulación y la celulitis. La Presoterapia es ideal para piernas cansadas, retención de líquidos, mala circulación. Gracias a este tratamiento conseguirás mejorar la circulación y el sistema linfático. Luce un cuerpo tonificado y sin celulitis. Los bonos no tiene fecha de caducidad, adquiérelos en el período de la oferta y utilízalos cuando desees. Reserva tu cita online a través de Bucmi.com."
        }, 
        {
            "service_category": "Estética", 
            "service": "Bono 10 Sesiones Tto. Corporal De Vinoterapia", 
            "duration": 3600, 
            "price": "400 € ", 
            "description": "La Vinoterapia es una técnica totalmente natural y saludable a partir del cual se utilizan uvas.La vinoterapia se utiliza habitualmente a la hora de limpiar y purificar la piel, gracias a que, externamente, el vino ayuda a estimular la circulación, reducir el abdomen y reafirmar los glúteos y combate el envejecimiento. Los Bonos no tienen fecha de caducidad, adquiérelos durante el período de la oferta y utilízalos cuando desees. Reserva tu cita en Bucmi.com."
        }, 
        {
            "service_category": "Estética", 
            "service": "Bono 10 Sesiones Tto. Corporal Remodelling", 
            "duration": 3600, 
            "price": "500 € ", 
            "description": "Sesiones para combatir con los problemas de la circulación y la celulitis. Es un tratamiento eficaz a la hora de eliminar la grasa localizada y la celulitis. Remodela tu cuerpo y realza tu figura. Tonifica tu silueta gracias a este tratamiento. Los bonos no tiene fecha de caducidad, adquiérelos en el período de la oferta y utilízalos cuando desees. Reserva tu cita cómodamente online a través de Bucmi.com."
        }, 
        {
            "service_category": "Estética", 
            "service": "Bono 10 Sesiones Vendas Frias", 
            "duration": 14400, 
            "price": "170 € ", 
            "description": "Tratamiento anticelulítico de vendas frías eficaz para reducir y perder masa corporal. Disfruta de este tratamiento y de todas sus ventajas. Lucirás un cuerpo mucho más tonificado y sin celulitis. realza tu figura con este tratamiento. Los bonos no tiene fecha de caducidad, adquiérelos en el período de la oferta y utilízalos cuando desees.Reserva tu cita online a través de Bucmi.com."
        }, 
        {
            "service_category": "Estética", 
            "service": "Bono 6 Sesiones De Radiofrecuencia Corporal", 
            "duration": 2700, 
            "price": "330 € ", 
            "description": "Aprovecha ahora este Bono de 6 Sesiones de Radiofrecuencia Corporal y di adiós a la celulitis. Este tratamiento combate de manera segura la flacidez de la piel. Luce una piel tersa y un cuerpo tonificado. Consigue una piel luminosa, cuidada y mucho más joven. Los Bonos no tienen fecha de caducidad, adquiérelos durante el período de la oferta y canjéalos cuando decidas. Reserva tu cita online a través de Bucmi.com."
        }, 
        {
            "service_category": "Estética", 
            "service": "Extensiones De Pestañas En Grupitos", 
            "duration": 1800, 
            "price": "30 € ", 
            "description": "¿Quieres tener una mirada deslumbrante? Ven a Mia Salón de Belleza y ponte en manos de nuestros profesionales para lucir una mirada de película con pestañas largas y abundantes. Realza tu mirada. La aplicación es en grupitos de pestañas. Aprovecha ahora y reserva tu cita online a través de Bucmi.com."
        }, 
        {
            "service_category": "Estética", 
            "service": "Extensiones De Pestañas Pelo A Pelo", 
            "duration": 5400, 
            "price": "70 € ", 
            "description": "Consigue mayor volumen con las extensiones de pestañas. La aplicación es pelo a pelo. ¿Quieres tener una mirada de cine? Ven a Mia Salón de Belleza y disfruta de una mirada radiante y unas pestañas largas y abundantes. Realza tu mirada con nuestro tratamiento. Reserva tu cita online a través de Bucmi.com."
        }, 
        {
            "service_category": "Estética", 
            "service": "Higiene Facial", 
            "duration": 3600, 
            "price": "30 € ", 
            "description": "Utilizamos productos de cosmética biológica natural. Ven a Mia Salón de Belleza y ponte en manos de nuestros profesionales. Lucirás una piel hidratada, bonita y mucho más cuidada. Di adiós al acné y las imperfecciones. Disfruta de una piel mucho más luminosa. Reserva tu cita online cómodamente a través de Bucmi.com."
        }, 
        {
            "service_category": "Estética", 
            "service": "Maquillaje De Boda", 
            "duration": 2700, 
            "price": "41 € ", 
            "description": "¿Tienes una boda y no sabes que hacer con el maquillaje? Ven a Mia Salón de Belleza y ponte en las manos de nuestros profesionales para lucir un maquillaje bonito, natural y que realce tus facciones. Estarás espectacular el día de la boda. Reserva cómodamente tu cita online a través de Bucmi.com."
        }, 
        {
            "service_category": "Estética", 
            "service": "Maquillaje De Día", 
            "duration": 1800, 
            "price": "25 € ", 
            "description": "¿Tienes una cita, una reunión de trabajo o simplemente has quedado con tus amigas para tomar un café y no sabes que maquillaje lucir? Ven a Mia Salón de Belleza y ponte en manos de nuestros profesionales que cuentan con una gran experiencia. Ellos te asesorarán sobre el maquillaje que más se adapte a tu ocasión. Aprovecha ahora y reserva tu cita online a través de Bucmi.com."
        }, 
        {
            "service_category": "Estética", 
            "service": "Maquillaje De Fiesta", 
            "duration": 2700, 
            "price": "50 € ", 
            "description": "¿Tienes una fiesta y no sabes que maquillaje utilizar? Ven a Mia Salón de Belleza y ponte en manos de nuestros profesionales que cuentan con años de experiencia y ellos te asesorarán acerca del maquillaje que más se adapte a tu fiesta. Reserva tu cita online a través de Bucmi.com."
        }, 
        {
            "service_category": "Estética", 
            "service": "Myscara (Rimel Permanente)", 
            "duration": 1800, 
            "price": "30 € ", 
            "description": "Nuevo y revolucionario tratamiento para aplicar una máscara de pestañas permanente 21 días incluso en piscinas,gimnasios,etc... ¿Estás cansada de maquillarte todos los días para lucir una mirada de cine? Aprovecha ahora y disfruta de una mirada de película desde que te despiertas. Estarás perfecta y no tendrás que retocarte siempre. Reserva ahora tu cita onine en Bucmi.com."
        }, 
        {
            "service_category": "Estética", 
            "service": "Peeling Corporal", 
            "duration": 1800, 
            "price": "22 € ", 
            "description": "Elimina las células muertas de tu cuerpo con una exfoliación corporal completa. Luce una piel bonita, cuidada y mucho más hidratada. Realza tu figura gracias a este tratamiento. Disfruta de una piel mucho más luminosa y di adiós a las imperfecciones. Reserva tu cita online cómodamente a través de Bucmi.com."
        }, 
        {
            "service_category": "Estética", 
            "service": "Permanente De Pestañas", 
            "duration": 2700, 
            "price": "23 € ", 
            "description": "¿Quieres lucir una mirada de película? Ven a Mia Salón de Belleza y ponte en manos de nuestros profesionales. Realzarán tu mirada y no tendrás que preocuparte por maquillarte todos los días. Estarás perfecta siempre. Tus pestañas estarán mucho más onduladas y con volumen. Reserva tu cita online a través de Bucmi.com."
        }, 
        {
            "service_category": "Estética", 
            "service": "Radiofrecuencia Facial (Thermafine)", 
            "duration": 2700, 
            "price": "60 € ", 
            "description": "Precio por sesión. La Radiofrecuencia es el sistema más efectivo de rejuvenecimiento facial si queremos evitar quirófano y productos inyectables. Thermafine es un equipo de última generación con espectaculares resultados desde la primera sesión. Reserva tu cita online cómodamente a través de Bucmi.com."
        }, 
        {
            "service_category": "Estética", 
            "service": "Tinte De Pestañas", 
            "duration": 900, 
            "price": "17 € ", 
            "description": "Tiñe tus pestañas para conseguir una mirada más intensa. Luce una mirada de cine gracias al tinte de pestañas. No tendrás que preocuparte por maquillarte todos los días. Estarás perfecta y tus pestañas tendrán mucho más volumen realzando tu mirada. Reserva tu cita online a través de Bucmi.com."
        }, 
        {
            "service_category": "Manicura y Pedicura", 
            "service": "Esmaltado Permanente En Color", 
            "duration": 2700, 
            "price": "20,5 € ", 
            "description": "El servicio incluye retirada de cutículas, limado de la uña, hidratación y esmaltado de color. Luce unas manos bonitas, cuidadas e hidratadas. Además podrás elegir entre una gran variedad de colores para dar luminosidad a tus uñas. Te durarán perfectas mucho más tiempo, mínimo 3 semanas. No se agrietan ni se levantan. Reserva ahora tu cita online en Bucmi.com."
        }, 
        {
            "service_category": "Manicura y Pedicura", 
            "service": "Esmaltado Permanente Francesa", 
            "duration": 2700, 
            "price": "22,55 € ", 
            "description": "El servicio incluye retirada de cutículas, limado de la uña, hidratación y esmaltado francesa. Luce unas manos bonitas, cuidadas e hidratadas. Te durarán perfectas mucho más tiempo, mínimo 3 semanas. No se agrietan ni se levantan. Reserva ahora tu cita online en Bucmi.com"
        }, 
        {
            "service_category": "Manicura y Pedicura", 
            "service": "Manicura", 
            "duration": 1800, 
            "price": "15,6 € ", 
            "description": "La manicura incluye: Limado y tratamiento de uñas, loción hidratante, masaje, esmaltado de uñas. Luce unas uñas bonitas y cuidadas. Realza tus manos dándoles un toque de color eligiendo entre una gran variedad de tonalidades la que más te guste. Reserva tu cita online a través de Bucmi.com."
        }, 
        {
            "service_category": "Manicura y Pedicura", 
            "service": "Pack Manicura Y Pedicura", 
            "duration": 5400, 
            "price": "35,6 € ", 
            "description": "Manicura y pedicura completa, incluye corte, limado, cutículas, pulido de la uña, durezas, masaje y esmaltado. Realza tus uñas con este pack. Lucirás unas uñas bonitas, cuidadas y luminosas. Además podrás elegir entre una gran variedad de colores. Reserva tu cita online a través de Bucmi.com."
        }, 
        {
            "service_category": "Manicura y Pedicura", 
            "service": "Pedicura", 
            "duration": 2700, 
            "price": "20 € ", 
            "description": "La pedicura incluye: Limado y tratamiento de uñas, loción hidratante, masaje, esmaltado de uñas. Luce unas uñas bonitas y cuidadas. Además podrás elegir entre una gran variedad de colores para dar luminosidad a tus pies. Reserva tu cita online a través de Bucmi.com."
        }, 
        {
            "service_category": "Manicura y Pedicura", 
            "service": "Uñas Esculpidas", 
            "duration": 5400, 
            "price": "71,8 € ", 
            "description": "Uñas esculpidas de última generación llegadas directamente de EE.UU. Duran bonitas hasta 2 meses. Disfruta de unas uñas bonitas y cuidadas. Realza tus uñas luciendo el color que más te guste. Reserva ahora tu cita online a través de Bucmi.com."
        }, 
        {
            "service_category": "Masaje", 
            "service": "Bono 10 Sesiones Masaje Completo", 
            "duration": 1800, 
            "price": "534 € ", 
            "description": "¿Necesitas liberarte del estrés, del cansancio y de las preocupaciones? Ven a Mia Salón y saldrás totalmente renovado de cada sesión. Empezarás los días con mucha más energía y vitalidad. Notarás los resultados. Además lograrás descansar mucho mejor. Reserva tu cita online cómodamente a través de Bucmi.com."
        }, 
        {
            "service_category": "Masaje", 
            "service": "Bono 10 Sesiones Masaje De Espalda", 
            "duration": 1800, 
            "price": "252 € ", 
            "description": "¿Necesitas liberarte del estrés, del cansancio y de las preocupaciones? Ven a Mia Salón y saldrás totalmente renovado de cada sesión. Empezarás los días con mucha más energía y vitalidad. Notarás los resultados. Además lograrás descansar mucho mejor. Reserva tu cita online cómodamente a través de Bucmi.com."
        }, 
        {
            "service_category": "Masaje", 
            "service": "Bono 10 Sesiones Masaje Relajante Facial", 
            "duration": 12600, 
            "price": "210 € ", 
            "description": "Relaja tu rostro y consigue una piel cuidada e hidratada. ¿Necesitas olvidarte del estrés y las preocupaciones? Ven a Mia Salón de Belleza y ponte en manos de nuestros profesionales. Notarás los resultados. Luce una piel suave, bonita y mucho más hidratada gracias a este tratamiento. Reserva tu cita online a través de Bucmi.com."
        }, 
        {
            "service_category": "Masaje", 
            "service": "Bono 10 Sesiones Masajes/Drenaje De Piernas", 
            "duration": 1800, 
            "price": "322 € ", 
            "description": "¿Necesitas liberarte del estrés, del cansancio y de las preocupaciones? Ven a Mia Salón y saldrás totalmente renovado de cada sesión. Empezarás los días con mucha más energía y vitalidad. Notarás los resultados. Además lograrás descansar mucho mejor. Reserva tu cita online cómodamente a través de Bucmi.com."
        }, 
        {
            "service_category": "Bienestar", 
            "service": "Bono 10 Sesiones Gimnasia Pasiva Facial", 
            "duration": 3600, 
            "price": "280 € ", 
            "description": "Debemos proteger nuestra piel con productos de calidad. El paso de los años lleva consigo el envejecimiento de la piel y disponemos la solución idónea: gimnasia pasiva facial. Conseguirás una piel nutrida y oxigenada. Los Bonos no tienen fecha de caducidad, adquiérelos durante el período de la oferta y canjéalos cuando decidas. Reserva tu cita online a través de Bucmi.com. Oferta válida del 15 de Marzo al 15 de Abril."
        }, 
        {
            "service_category": "Bienestar", 
            "service": "Bono 10 Sesiones Gimnasia Pasiva Corporal", 
            "duration": 14400, 
            "price": "308 € ", 
            "description": "debemos proteger nuestra piel con productos de calidad. El paso de los años lleva consigo el envejecimiento de la piel y disponemos la solución idónea: gimnasia pasiva corporal. Conseguirás una piel nutrida y oxigenada. Los Bonos no tienen fecha de caducidad, adquiérelos durante el período de la oferta y canjéalos cuando decidas. Reserva tu cita online a través de Bucmi.com."
        }
    ]
}