{
    "adid": null, 
    "name": "Sundara La Vaguada", 
    "name_of_contact": "Sundara La Vaguada", 
    "scrape_page": "https://www.bucmi.com/sundaravaguada", 
    "business_website": "https://www.bucmi.com/sundaravaguada", 
    "areas_covered": null, 
    "description": "El centro de estética y depilación con hilo Sundara La Vaguada situado en el Barrio del Pilar, Madrid ofrece todo tipo de depilaciones para eliminar el vello de tu cuerpo con las últimas técnicas. Además de servicios de uñas tales como manicuras.", 
    "img_link": [
        "https://d1nd15w2k87kz0.cloudfront.net/Uploads/635957151474430832.jpg", 
        "https://d1nd15w2k87kz0.cloudfront.net/Uploads/635957151498805815.jpg"
    ], 
    "hqdb_featured_ad_type": "Featured", 
    "hqdb_nr_reviews": "11", 
    "hqdb_review_score": "8,2", 
    "accreditations": null, 
    "category": null, 
    "subcategory": null, 
    "street": "C/ Toledo, 102", 
    "city": "Madrid", 
    "zipcode": "28029", 
    "formatted_address": "C/ Toledo, 102, Madrid, 28029", 
    "country": "es", 
    "office_number": "917314079", 
    "office_number2": null, 
    "mobile_number": "685677169", 
    "mobile_number2": null, 
    "unidentified_phone_numbers": null, 
    "latitude": "40.4800049000", 
    "longitude": "-3.7068246999", 
    "business_email": null, 
    "yelp_page": null, 
    "facebook": null, 
    "twitter": null, 
    "instagram": null, 
    "venue_images": "https://d1nd15w2k87kz0.cloudfront.net/Logotipos/635957215421044329.jpg", 
    "opening_hours_raw": null, 
    "pricelist_link": null, 
    "services": [
        {
            "service_category": "Preferente", 
            "service": "Depilacion Con Hilo Labio Superior", 
            "duration": 900, 
            "price": "6 € ", 
            "description": "Ven a Sundara y prueba la depilación con hilo y olvídate de los métodos agresivos. Con esta técnica, se elimina el vello del labio superior de la manera mas natural y menos agresiva, evitando con esto las apariciones de manchas y de las arrugas provocadas por los tirones. ¿A qué estás esperado? Visita nuestros centro y quedarás encantada. ¡Calidad al mejor precio!"
        }, 
        {
            "service_category": "Preferente", 
            "service": "Diseño Y Depilación De Cejas Con Hilo", 
            "duration": 900, 
            "price": "12 € ", 
            "description": "Ven a Sundara y conoce la novedosa técnica de depilación con hilo. Diseñamos y depilamos tus cejas de forma menos dolorosa y perjudicando menos los músculos faciales. La duración de este servicio es de 10 minutos aproximadamente. Prueba esta novedosa técnica venida desde la mismísima India y a parte de disfrutar de una piel libre de vello por más tiempo, estará más suave ya que ayuda a exfoliar la zona. Haz ya tu reserva online y no te arrepentirás del resultado."
        }, 
        {
            "service_category": "Preferente", 
            "service": "Manicura Express Five Free", 
            "duration": 900, 
            "price": "10 € ", 
            "description": "Luce unas manos perfectas de la mano de los mejores profesionales. Con nuestra Manicura Express Five Free puedes conseguir una forma bonita para tus uñas y un color que respeta tus uñas, gracias a nuestros esmaltes Five Free, libres de componentes químicos. Escoge tu color favorito y nosotros nos encargamos de lo demás. ¿A qué estás esperando para hacer tu reserva online? Solo con Bucmi.com."
        }, 
        {
            "service_category": "Manicura y Pedicura", 
            "service": "Manicura Express Five Free", 
            "duration": 900, 
            "price": "10 € ", 
            "description": "Luce unas manos perfectas de la mano de los mejores profesionales. Con nuestra Manicura Express Five Free puedes conseguir una forma bonita para tus uñas y un color que respeta tus uñas, gracias a nuestros esmaltes Five Free, libres de componentes químicos. Escoge tu color favorito y nosotros nos encargamos de lo demás. ¿A qué estás esperando para hacer tu reserva online? Solo con Bucmi.com."
        }, 
        {
            "service_category": "Manicura y Pedicura", 
            "service": "Manicura Express Five Free Semipermanente", 
            "duration": 1800, 
            "price": "20 € ", 
            "description": "Nuestros especialistas en uñas dejarán tus manos bonitas en tan sólo 15 minutos con nuestra Manicura Express Five Free Semipermanente. Reserva este servicio y le daremos forma a tus uñas, además de maquillarlas con esmaltado Semipermanente Five Free, libre de componentes químicos perjudiciales. Confía en nuestros expertos esteticistas y luce unas uñas perfectas. Escoge tu color favorito y nosotros nos encargamos de lo demás. ¿A qué estás esperando para hacer tu reserva?"
        }, 
        {
            "service_category": "Manicura y Pedicura", 
            "service": "Manicura Y Pedicura Express 5 Free Semipermanente", 
            "duration": 2700, 
            "price": "45 € ", 
            "description": "Prepara tus pies y manos para el buen tiempo o para lucirlos en cualquier parte en nuestro stand de Sundara. Este servicio incluye dar forma a las uñas y maquillarlas con esmaltado semipermanente Five Free, el más natural y menos agresivo para tus uñas. Confía en nuestros expertos esteticistas y luce unas uñas perfectas por más tiempo. Escoge tu color favorito y nosotros nos encargamos de lo demás. ¿A qué estás esperando para hacer tu reserva online?"
        }, 
        {
            "service_category": "Manicura y Pedicura", 
            "service": "Manicura Y Pedicura Express Five Free", 
            "duration": 2700, 
            "price": "25 € ", 
            "description": "Prepara tus pies y manos para el buen tiempo o para lucirlos en cualquier parte en nuestro stand de Sundara. Este servicio incluye dar forma a las uñas y maquillarlas con esmaltado Five Free, el más natural y menos agresivo para tus uñas. Confía en nuestros expertos esteticistas y luce unas uñas perfectas. Escoge tu color favorito y nosotros nos encargamos de lo demás. ¿A qué estás esperando para hacer tu reserva online? Solo con Bucmi.com."
        }, 
        {
            "service_category": "Manicura y Pedicura", 
            "service": "Pedicura Express Five Free Semipermanente", 
            "duration": 1800, 
            "price": "25 € ", 
            "description": "Prepara tus pies para el buen tiempo o para lucirlos en cualquier parte en nuestro stand de Sundara. Este servicio incluye dar forma a las uñas y maquillarlas con esmaltado semipermanente Five Free, el más natural y menos agresivo para tus uñas. Confía en nuestros expertos esteticistas y luce unas uñas perfectas por más tiempo. Escoge tu color favorito y nosotros nos encargamos de lo demás. ¿A qué estás esperando para hacer tu reserva online? Solo con Bucmi.com."
        }, 
        {
            "service_category": "Manicura y Pedicura", 
            "service": "Pedicura Express Five Free", 
            "duration": 1800, 
            "price": "15 € ", 
            "description": "Luce unos pies perfectos de la mano de los mejores profesionales. Durante la Pedicura Express le damos forma a tus uñas y las maquillamos con un esmalte Five Free libre de componentes químicos dañinos. No esperes más y reserva online. Escoge tu color favorito y nosotros nos encargamos de lo demás. ¿A qué estás esperando para hacer tu reserva online? Solo con Bucmi.com."
        }, 
        {
            "service_category": "Depilación", 
            "service": "Manicura Express Five Free", 
            "duration": 900, 
            "price": "10 € ", 
            "description": "Luce unas manos perfectas de la mano de los mejores profesionales. Con nuestra Manicura Express Five Free puedes conseguir una forma bonita para tus uñas y un color que respeta tus uñas, gracias a nuestros esmaltes Five Free, libres de componentes químicos. Escoge tu color favorito y nosotros nos encargamos de lo demás. ¿A qué estás esperando para hacer tu reserva online? Solo con Bucmi.com."
        }, 
        {
            "service_category": "Depilación", 
            "service": "Manicura Express Five Free Semipermanente", 
            "duration": 1800, 
            "price": "20 € ", 
            "description": "Nuestros especialistas en uñas dejarán tus manos bonitas en tan sólo 15 minutos con nuestra Manicura Express Five Free Semipermanente. Reserva este servicio y le daremos forma a tus uñas, además de maquillarlas con esmaltado Semipermanente Five Free, libre de componentes químicos perjudiciales. Confía en nuestros expertos esteticistas y luce unas uñas perfectas. Escoge tu color favorito y nosotros nos encargamos de lo demás. ¿A qué estás esperando para hacer tu reserva?"
        }, 
        {
            "service_category": "Depilación", 
            "service": "Manicura Y Pedicura Express 5 Free Semipermanente", 
            "duration": 2700, 
            "price": "45 € ", 
            "description": "Prepara tus pies y manos para el buen tiempo o para lucirlos en cualquier parte en nuestro stand de Sundara. Este servicio incluye dar forma a las uñas y maquillarlas con esmaltado semipermanente Five Free, el más natural y menos agresivo para tus uñas. Confía en nuestros expertos esteticistas y luce unas uñas perfectas por más tiempo. Escoge tu color favorito y nosotros nos encargamos de lo demás. ¿A qué estás esperando para hacer tu reserva online?"
        }, 
        {
            "service_category": "Depilación", 
            "service": "Manicura Y Pedicura Express Five Free", 
            "duration": 2700, 
            "price": "25 € ", 
            "description": "Prepara tus pies y manos para el buen tiempo o para lucirlos en cualquier parte en nuestro stand de Sundara. Este servicio incluye dar forma a las uñas y maquillarlas con esmaltado Five Free, el más natural y menos agresivo para tus uñas. Confía en nuestros expertos esteticistas y luce unas uñas perfectas. Escoge tu color favorito y nosotros nos encargamos de lo demás. ¿A qué estás esperando para hacer tu reserva online? Solo con Bucmi.com."
        }, 
        {
            "service_category": "Depilación", 
            "service": "Pedicura Express Five Free Semipermanente", 
            "duration": 1800, 
            "price": "25 € ", 
            "description": "Prepara tus pies para el buen tiempo o para lucirlos en cualquier parte en nuestro stand de Sundara. Este servicio incluye dar forma a las uñas y maquillarlas con esmaltado semipermanente Five Free, el más natural y menos agresivo para tus uñas. Confía en nuestros expertos esteticistas y luce unas uñas perfectas por más tiempo. Escoge tu color favorito y nosotros nos encargamos de lo demás. ¿A qué estás esperando para hacer tu reserva online? Solo con Bucmi.com."
        }, 
        {
            "service_category": "Depilación", 
            "service": "Pedicura Express Five Free", 
            "duration": 1800, 
            "price": "15 € ", 
            "description": "Luce unos pies perfectos de la mano de los mejores profesionales. Durante la Pedicura Express le damos forma a tus uñas y las maquillamos con un esmalte Five Free libre de componentes químicos dañinos. No esperes más y reserva online. Escoge tu color favorito y nosotros nos encargamos de lo demás. ¿A qué estás esperando para hacer tu reserva online? Solo con Bucmi.com."
        }, 
        {
            "service_category": "Depilación", 
            "service": "Depilación Hilo Cara, Cejas Y Frente", 
            "duration": 1800, 
            "price": "40 € ", 
            "description": "Realízate esta depilación en tu rostro gracias a la técnica de depilación con hilo con la que dañamos lo menos posible tu piel. Prueba y líbrate del vello facial con este método. Este servicio incluye la depilación con hilo en cejas, patillas, mejillas, labio, frente y barbilla. Prueba esta novedosa técnica venida desde la mismísima India y a parte de disfrutar de una piel libre de vello por más tiempo, estará más suave ya que ayuda a exfoliar la zona."
        }, 
        {
            "service_category": "Depilación", 
            "service": "Depilación Con Hilo Cara Y Cejas", 
            "duration": 1800, 
            "price": "35 € ", 
            "description": "Realízate esta depilación en tu rostro gracias a la técnica de depilación con hilo con la que dañamos lo menos posible tu piel. Prueba y líbrate del vello facial con este método. Este servicio incluye la depilación con hilo en cejas, patillas, mejillas, labio y barbilla. Prueba esta novedosa técnica venida desde la mismísima India y a parte de disfrutar de una piel libre de vello por más tiempo, estará más suave ya que ayuda a exfoliar la zona. Haz ya tu reserva online y no te arrepentirás del resultado."
        }, 
        {
            "service_category": "Depilación", 
            "service": "Depilación Caramelo Axilas O Ingles", 
            "duration": 900, 
            "price": "10 € ", 
            "description": "Luce unas axilas libres de vello de la mano de los mejores profesionales gracias a esta depilación que realizamos con pasta de caramelo de miel, azúcar y limón. Reserva ahora online, te sorprenderá la diferencia. En apenas 10 minutos eliminamos el vello. Confía en nuestros expertos esteticistas de Sundara de La vaguada y disfruta de unos resultados únicos gracias a nuestros profesionales de amplia experiencia. No te arrepentirás de los resultados."
        }
    ]
}