{
    "adid": null, 
    "name": "David & Juanjo Peluqueros", 
    "name_of_contact": "David & Juanjo Peluqueros", 
    "scrape_page": "https://www.bucmi.com/davidyjuanjo", 
    "business_website": "https://www.bucmi.com/davidyjuanjo", 
    "areas_covered": null, 
    "description": "David & Juanjo Peluqueros en un salón de 5 estrellas en Ayala 112, en pleno barrio de Salamanca de Madrid, entre las paradas Lista, Goya y Manuel Becerra. Los fundadores son los simpáticos argentinos David y Juanjo, que con más de 15 años en España y siempre al servicio del estilo y de la profesiondalidad, han ganado fama y confianza entre tus clientas. Para la coloración utilizan los productos orgánicos libre de amoniacos de la marca HairConcept, para cuidad el cabello sin dañarlo, champús de LivingProof y para el caballero, AmericanCrew. Especializados en mechas, balayage, babylight, alisado orgánico de Taninos y peinados de novia.", 
    "img_link": [
        "https://d1nd15w2k87kz0.cloudfront.net/Uploads/636295867857316724.jpg", 
        "https://d1nd15w2k87kz0.cloudfront.net/Uploads/636295867887160277.jpg", 
        "https://d1nd15w2k87kz0.cloudfront.net/Uploads/636295867918097570.jpg", 
        "https://d1nd15w2k87kz0.cloudfront.net/Uploads/636295867943097410.jpg", 
        "https://d1nd15w2k87kz0.cloudfront.net/Uploads/636295869389492378.jpg"
    ], 
    "hqdb_featured_ad_type": "Featured", 
    "hqdb_nr_reviews": "46", 
    "hqdb_review_score": "9,5", 
    "accreditations": null, 
    "category": null, 
    "subcategory": null, 
    "street": "C/ Ayala, 112", 
    "city": "Madrid", 
    "zipcode": "28006", 
    "formatted_address": "C/ Ayala, 112, Madrid, 28006", 
    "country": "es", 
    "office_number": "911933305", 
    "office_number2": null, 
    "mobile_number": "673875440", 
    "mobile_number2": null, 
    "unidentified_phone_numbers": null, 
    "latitude": "40.4270697000", 
    "longitude": "-3.6741558999", 
    "business_email": null, 
    "yelp_page": null, 
    "facebook": null, 
    "twitter": null, 
    "instagram": null, 
    "venue_images": "https://d1nd15w2k87kz0.cloudfront.net/Logotipos/636295871109947755.jpg", 
    "opening_hours_raw": null, 
    "pricelist_link": null, 
    "services": [
        {
            "service_category": "Preferente", 
            "service": "Mechas Balayage O Babylight / Lavado Living Proof", 
            "duration": 7200, 
            "price": "75 € ", 
            "description": "Mechas balayage o las babylight para crear nuevos matices y luces en el pelo. El servicio incluye la aplicación de mechas, lavado con champú, hidratación Living Proof y secado exprés para quitar humedad. No incluye peinado: si se desea se tendrá que pagar un suplemento en el centro."
        }, 
        {
            "service_category": "Preferente", 
            "service": "Corte De Pelo Para Hombre", 
            "duration": 2700, 
            "price": "17 € ", 
            "description": "Corte de pelo a tijera o maquina según las preferencias. El servicio incluye un lavado con champú y para terminar un producto de acabado. Se utilizan los exclusivos productos de la marca American Crew."
        }, 
        {
            "service_category": "Preferente", 
            "service": "Corte De Pelo Para Mujer", 
            "duration": 2700, 
            "price": "20 € ", 
            "description": "Corte asesorado por los expertos estilistas David y Juanjo, según las preferencias de cada clienta. El servicio incluye lavado con champú, corte y secado al aire para quitar humedad. No incluye peinado completo."
        }, 
        {
            "service_category": "Preferente", 
            "service": "Mechas Balayage, Matiz Y Peinado Media Melena", 
            "duration": 9000, 
            "price": "90,9 € ", 
            "description": "Mechas balayage y matizado asesorado por los experto estilistas del centros. El servicio incluye la aplicación de mechas, lavado con champú e hidratación de la marca Living Proof. Peinado con tu estilo deseado Para media melena"
        }, 
        {
            "service_category": "Preferente", 
            "service": "Mechas Balayage; Matiz Y Peinado Pelo Corto", 
            "duration": 9000, 
            "price": "87,9 € ", 
            "description": "Mechas balayage, babylight o californianas y matizado asesorado por los experto estilistas del centros. El servicio incluye la aplicación de mechas, lavado con champú e hidratación de la marca Living Proof, y peinado con tu estilo"
        }, 
        {
            "service_category": "Preferente", 
            "service": "Mechas Balayage; Matiz Y Peinado Pelo Largo", 
            "duration": 9000, 
            "price": "93,9 € ", 
            "description": "Mechas especiales (bi-color, platino o de color artificial) asesoradas por lo especialistas del centro, y peinado de la melena con planchas GHD. El servicio incluye champú con productos de la marca Living Proof. Para media melena."
        }, 
        {
            "service_category": "Preferente", 
            "service": "Tratamiento Capilar Keratina De Chocolate", 
            "duration": 7200, 
            "price": "150 € ", 
            "description": "Tratamiento restaurador de la fibra capilar Anti - Frizz, para recuperar la queratina natural del pelo perdida por el paso del tiempo o por factores químicos. Para lucir una melena suave y sedosa."
        }, 
        {
            "service_category": "Peluquería", 
            "service": "Corte Y Peinado Media Melena", 
            "duration": 3600, 
            "price": "44,4 € ", 
            "description": "Este servicio incluye un corte asesorado por nuestros expertos estilistas de David & Juanjo, lavado con champú de la marca Living Proof, y el peinado de la media melena con GHD."
        }, 
        {
            "service_category": "Peluquería", 
            "service": "Corte Y Peinado Pelo Corto", 
            "duration": 3600, 
            "price": "41,4 € ", 
            "description": "Este servicio incluye corte asesorado por los expertos estilistas de la peluquería, lavado con champú de la marca Living Proof, y el peinado de la melena con planchas GHD. Para pelo corto."
        }, 
        {
            "service_category": "Peluquería", 
            "service": "Corte Y Peinado Pelo Largo", 
            "duration": 3600, 
            "price": "47,4 € ", 
            "description": "Este servicio incluye un corte asesorado por nuestros expertos estilistas de David & Juanjo, lavado con champú de la marca Lving Proof, y el peinado de la melena con planchas GHD. Para melenas largas."
        }, 
        {
            "service_category": "Peluquería", 
            "service": "Mechas Balayage O Babylight / Lavado Living Proof", 
            "duration": 7200, 
            "price": "75 € ", 
            "description": "Mechas balayage o las babylight para crear nuevos matices y luces en el pelo. El servicio incluye la aplicación de mechas, lavado con champú, hidratación Living Proof y secado exprés para quitar humedad. No incluye peinado: si se desea se tendrá que pagar un suplemento en el centro."
        }, 
        {
            "service_category": "Peluquería", 
            "service": "Color Organico", 
            "duration": 3600, 
            "price": "38,5 € ", 
            "description": "Coloración orgánica Elite Evolution de HairConcept sin amoniacos que no daña el pelo. El servicio incluye: aplicación de color tanto de raíz como desde la raíz a las puntas, lavado con champú, hidratación y secado al aire para quitar humedad. No incluye peinado: si se desea, se pagará un suplemento en el centro."
        }, 
        {
            "service_category": "Peluquería", 
            "service": "Color Organico Y Peinado Media Melena", 
            "duration": 5400, 
            "price": "58,4 € ", 
            "description": "Este servicio incluye la aplicación de color orgánico de la marca HairConcept, que con su composición libre de amoniacos no daña el cabello, lavado con champú e hidratación, y peinado definido de la melena con los productos de acabado con mejor calidad de la mano de Living Proof."
        }, 
        {
            "service_category": "Peluquería", 
            "service": "Color Organico Y Peinado Pelo Corto", 
            "duration": 5400, 
            "price": "55,4 € ", 
            "description": "Coloración ecológica de la mano de HairConcept, tinte libre de amoniacos que no daña el pelo. Este servicio incluye la aplicación de color tanto de raíz como desde la raíz a las puntas, el lavado con champú e hidratación, peinado con planchas GHD y acabado con productos de la marca Living Proof."
        }, 
        {
            "service_category": "Peluquería", 
            "service": "Color Organico Y Peinado Pelo Largo", 
            "duration": 5400, 
            "price": "61,4 € ", 
            "description": "Color orgánico y libre de amoniacos de la marca HariConcept, que reestructura el cabello sin dañarlo. Este servicio incluye la aplicación de color tanto de raíz como desde la raíz a las puntas, el lavado con champú e hidratación y peinado definido de la melena con Living Proof. El peinado se realiza con planchas GHD en cabellos largos."
        }, 
        {
            "service_category": "Peluquería", 
            "service": "Corte De Pelo Para Hombre", 
            "duration": 2700, 
            "price": "17 € ", 
            "description": "Corte de pelo a tijera o maquina según las preferencias. El servicio incluye un lavado con champú y para terminar un producto de acabado. Se utilizan los exclusivos productos de la marca American Crew."
        }, 
        {
            "service_category": "Peluquería", 
            "service": "Corte De Pelo Para Mujer", 
            "duration": 2700, 
            "price": "20 € ", 
            "description": "Corte asesorado por los expertos estilistas David y Juanjo, según las preferencias de cada clienta. El servicio incluye lavado con champú, corte y secado al aire para quitar humedad. No incluye peinado completo."
        }, 
        {
            "service_category": "Peluquería", 
            "service": "Mechas Balayage, Matiz Y Peinado Media Melena", 
            "duration": 9000, 
            "price": "90,9 € ", 
            "description": "Mechas balayage y matizado asesorado por los experto estilistas del centros. El servicio incluye la aplicación de mechas, lavado con champú e hidratación de la marca Living Proof. Peinado con tu estilo deseado Para media melena"
        }, 
        {
            "service_category": "Peluquería", 
            "service": "Mechas Balayage; Matiz Y Peinado Pelo Corto", 
            "duration": 9000, 
            "price": "87,9 € ", 
            "description": "Mechas balayage, babylight o californianas y matizado asesorado por los experto estilistas del centros. El servicio incluye la aplicación de mechas, lavado con champú e hidratación de la marca Living Proof, y peinado con tu estilo"
        }, 
        {
            "service_category": "Peluquería", 
            "service": "Mechas Balayage; Matiz Y Peinado Pelo Largo", 
            "duration": 9000, 
            "price": "93,9 € ", 
            "description": "Mechas especiales (bi-color, platino o de color artificial) asesoradas por lo especialistas del centro, y peinado de la melena con planchas GHD. El servicio incluye champú con productos de la marca Living Proof. Para media melena."
        }, 
        {
            "service_category": "Peluquería", 
            "service": "Mechas Especiales Y Matiz", 
            "duration": 7200, 
            "price": "66 € ", 
            "description": "Mechas especiales ( bi-color, platino o de color artificial) . Este servicio incluye mechas, champú y secado exprés para quitar la humedad. No incluye peinado: si se desea realizarlo, se pagará un suplemento en el centro."
        }, 
        {
            "service_category": "Peluquería", 
            "service": "Mechas Especiales, Matiz Y Peinado Media Melena", 
            "duration": 7200, 
            "price": "85,9 € ", 
            "description": "Mechas especiales (bi-color, platino o de color artificial) asesoradas por lo especialistas del centro, y peinado de la melena con planchas GHD. El servicio incluye champú con productos de la marca Living Proof. Para media melena."
        }, 
        {
            "service_category": "Peluquería", 
            "service": "Mechas Especiales, Matiz Y Peinado Pelo Corto", 
            "duration": 7200, 
            "price": "82,9 € ", 
            "description": "Mechas especiales (bi-color, platino o de color artificial) asesoradas por lo especialistas del centro, y peinado de la melena con planchas GHD. El servicio incluye champú con productos de la marca Living Proof. Para pelo corto."
        }, 
        {
            "service_category": "Peluquería", 
            "service": "Mechas Especiales, Matiz Y Peinado Pelo Largo", 
            "duration": 7200, 
            "price": "88,9 € ", 
            "description": "Mechas especiales (bi-color, platino o de color artificial) y matizado asesorado por lo especialistas del centro, y peinado de la melena con planchas GHD. El servicio incluye champú con productos de la marca Living Proof. Para melenas largas."
        }, 
        {
            "service_category": "Peluquería", 
            "service": "Peinado Media Melena", 
            "duration": 2700, 
            "price": "19,9 € ", 
            "description": "Peinado de media melena con planchas GHD asesorado por los estilas del centro. Este servicio no incluye el lavado con champú especial. Este servicio es válido para medias melenas hasta encima de los hombros."
        }, 
        {
            "service_category": "Peluquería", 
            "service": "Peinado Pelo Corto", 
            "duration": 1800, 
            "price": "16,9 € ", 
            "description": "Peinado para pelo corto asesorado por los estilistas del centro. No Incluye lavado con champú e hidratación especial. Válido para pelo corto hasta mitad del cuello."
        }, 
        {
            "service_category": "Peluquería", 
            "service": "Peinado Pelo Largo", 
            "duration": 2700, 
            "price": "22,9 € ", 
            "description": "Peinado de pelo largo asesorado por los estilistas del centro. Servicio válido para melenas largas a partir de los hombros, pero no incluye champú específico para el lavado (consultar suplemento). Acabado con productos Living Proof y peinado con planchas GHD."
        }, 
        {
            "service_category": "Peluquería", 
            "service": "Recogido", 
            "duration": 7200, 
            "price": "48 € ", 
            "description": "Este servicio incluye un lavado previo con champú y un ligero peinado para preparar la melena al recogido. Se utilizan productos de acabado de la marca Living Proof, y planchas GHD."
        }, 
        {
            "service_category": "Peluquería", 
            "service": "Semirecogido", 
            "duration": 5400, 
            "price": "35 € ", 
            "description": "Este servicio, asesorado por los estilistas del centro, incluye un lavado previo con champú y un ligero peinado con planchas GHD para preparar la melena al semirecogido. Productos de acabado de la marca Living Proof."
        }, 
        {
            "service_category": "Peluquería", 
            "service": "Tratamiento Capilar Keratina De Chocolate", 
            "duration": 7200, 
            "price": "150 € ", 
            "description": "Tratamiento restaurador de la fibra capilar Anti - Frizz, para recuperar la queratina natural del pelo perdida por el paso del tiempo o por factores químicos. Para lucir una melena suave y sedosa."
        }
    ]
}