{
    "adid": null, 
    "name": "Global Láser", 
    "name_of_contact": "Global Láser", 
    "scrape_page": "https://www.bucmi.com/globallaser", 
    "business_website": "https://www.bucmi.com/globallaser", 
    "areas_covered": null, 
    "description": "Global Láser es un centro en Divino Pastor 10 en la zona de Malasaña, en Madrid, entre las paradas San Bernardo, Bilbao y Tribunal. Está especializado en depilación definitiva con láser de Alejandrita con sistema de frío dinámico (DCD) GENTLE PLUS de Candela, y tratamientos faciales de radiofrecuencia, láser pixel para atenuar las pequeñas arrugas y despigmentante con fototerapia LED. Para el tratamiento contra la celulitis adoptan la tecnología MATRISKIN, que combina moléculas patentadas, obtenidas a través de procesos de biotecnología de última generación, y disponen además de tratamientos corporales con aparatologia: cavitación, presoterapia y VelaSmooth.", 
    "img_link": [
        "https://d1nd15w2k87kz0.cloudfront.net/Uploads/635829316657663835.jpg", 
        "https://d1nd15w2k87kz0.cloudfront.net/Uploads/635829316694538720.jpg", 
        "https://d1nd15w2k87kz0.cloudfront.net/Uploads/635829316710320294.jpg", 
        "https://d1nd15w2k87kz0.cloudfront.net/Uploads/635829316806184573.jpg", 
        "https://d1nd15w2k87kz0.cloudfront.net/Uploads/635829316818840675.jpg", 
        "https://d1nd15w2k87kz0.cloudfront.net/Uploads/635829316829309410.jpg"
    ], 
    "hqdb_featured_ad_type": "Featured", 
    "hqdb_nr_reviews": "10", 
    "hqdb_review_score": "9,6", 
    "accreditations": null, 
    "category": null, 
    "subcategory": null, 
    "street": "C/ Portalegre, 106", 
    "city": "Madrid", 
    "zipcode": "28004", 
    "formatted_address": "C/ Portalegre, 106, Madrid, 28004", 
    "country": "es", 
    "office_number": "914471792", 
    "office_number2": null, 
    "mobile_number": "667506571", 
    "mobile_number2": null, 
    "unidentified_phone_numbers": null, 
    "latitude": "40.4276699000", 
    "longitude": "-3.7038281999", 
    "business_email": null, 
    "yelp_page": null, 
    "facebook": null, 
    "twitter": null, 
    "instagram": null, 
    "venue_images": "https://d1nd15w2k87kz0.cloudfront.net/Logotipos/636295912348947636.jpg", 
    "opening_hours_raw": null, 
    "pricelist_link": null, 
    "services": [
        {
            "service_category": "Preferente", 
            "service": "Pack Depilación Láser Ingles Y Axilas", 
            "duration": 1800, 
            "price": "95 € ", 
            "description": "Sesión de depilación definitiva de ingles y axilas con láser Alejandrita. Este tipo de láser de pulso largo y alta energía, emite un suave haz de luz que atraviesa la piel hasta el folículo piloso, donde es absorbido. La energía láser se transforma en calor y este destruye el folículo piloso, sin afectar a la piel. Resultados visibles desde la primera sesión."
        }, 
        {
            "service_category": "Preferente", 
            "service": "Anticelulítico - Matriskin", 
            "duration": 2700, 
            "price": "20 € ", 
            "description": "El tratamiento consiste en 10 minutos de masaje manual con gel desinfiltrante, más otros 30 minutos con botas de presoterapia con programa drenante. Eficacia potenciada con la biotecnología Matriskin."
        }, 
        {
            "service_category": "Preferente", 
            "service": "Limpieza Facial Con Punta De Diamante", 
            "duration": 3600, 
            "price": "50 € ", 
            "description": "La limpieza facial con punta de diamante es un peeling que se hace mediante cabezales de grano de diamante, permitiendo una regeneración cutánea y activando a nivel de tejido. Al final del tratamiento la tu piel será mucho más suave, luminosa e hidratada."
        }, 
        {
            "service_category": "Preferente", 
            "service": "Presoterapia", 
            "duration": 1800, 
            "price": "15 € ", 
            "description": "Sesión de presoterapia de media hora. Para reducir edemas, prevenir la retención de líquidos, descongestionar vías linfáticas, aumentar el nivel de oxígeno en sangre, aliviar el dolor de las piernas cansadas, relajar músculos abdominales e intestinales y mejorar los tejidos de la piel. Especialmente recomendada para mejorar la circulación en mujeres embarazadas, piernas cansadas y combatir la celulitis."
        }, 
        {
            "service_category": "Estética", 
            "service": "Velasmooth Y Presoterapia Combinados - 6 Sesiones", 
            "duration": 5400, 
            "price": "438 € ", 
            "description": "Pack de 6 sesiones de 90 minutos cada una de Tratamiento anticelulítico completo. En la primera parte de cada sesión se aplicará el VelaSmooth, que lleva vacumterapia, radiofrecuencia e infrarrojos. Se finalizará con con 20 minutos de presoterapia."
        }, 
        {
            "service_category": "Estética", 
            "service": "Antiacné Led - Pack 5 Sesiones Tto Facial", 
            "duration": 3600, 
            "price": "320 € ", 
            "description": "Pack de 5 sesiones de 60 minutos cada uno para combatir el acné. La tecnología de luz visible LED tiene una acción directa sobre la piel, con diferentes efectos dependiendo del color que emitan. Este tratamiento está especialmente indicado para brotes de acné, y está potenciado por los productos biotecnológicos MATRISKIN."
        }, 
        {
            "service_category": "Estética", 
            "service": "Antiedad Led - Pack 5 Sesiones Tto Facial", 
            "duration": 3600, 
            "price": "290 € ", 
            "description": "Pack de 5 sesiones de 1 hora cada una de tratamiento completo antiedad con Fototerapia LED. La tecnología de luz visible LED tiene acción directa sobre la piel, con diferentes efectos dependiendo del color que emitan. Este tratamiento estimula la producción de colágeno, y potencia además su efecto con mascarillas activadoras de MATRISKIN. Para recuperar volumen, elasticidad y luminosidad en el rostro."
        }, 
        {
            "service_category": "Estética", 
            "service": "Despigmentante Led - Pack 5 Sesiones Tto Facial", 
            "duration": 3600, 
            "price": "360 € ", 
            "description": "Pack de 5 sesiones de tratamiento facial despigmentante con Fototerapia LED. La tecnología de luz visible LED tiene acción directa sobre la piel, con diferentes efectos dependiendo del color que emitan. Este tratamiento está especialmente indicado para el tratamiento de manchas faciales, y está potenciado con productos MATRISKIN. Para un rostro radiante y rejuvenecido."
        }, 
        {
            "service_category": "Estética", 
            "service": "Anticelulítico - Matriskin", 
            "duration": 2700, 
            "price": "20 € ", 
            "description": "El tratamiento consiste en 10 minutos de masaje manual con gel desinfiltrante, más otros 30 minutos con botas de presoterapia con programa drenante. Eficacia potenciada con la biotecnología Matriskin."
        }, 
        {
            "service_category": "Estética", 
            "service": "Anticelulítico - Presoterapia Matriskin - 10 Ses", 
            "duration": 2700, 
            "price": "170 € ", 
            "description": "Pack completo de 10 sesiones de tratamiento para deshacerse de la celulitis localizada y reducir volumen. El servicio consiste en 10 minutos de masaje manual con gel desinfiltrante más otros 30 minutos con botas de presoterapia con programa drenante. Efecto potenciado con la biotecnología Matriskin."
        }, 
        {
            "service_category": "Estética", 
            "service": "Bono Corporal Con Velasmooth Bono 12 Sesiones", 
            "duration": 3600, 
            "price": "580 € ", 
            "description": "Bono de 12 sesiones de tratamiento corporal con Velasmooth. Vela Smooth combina la Radiofrecuencia y la Energía Lumínica Infrarroja con la Vacunterapia, permitiendo la realización de tratamientos profundos y no invasivo. Para eliminar la celulitis, reducir volumen y recuperar tonicidad."
        }, 
        {
            "service_category": "Estética", 
            "service": "Fototerapia Led - Antiacné Tto Facial", 
            "duration": 3600, 
            "price": "72 € ", 
            "description": "Sesión de tratamiento anti-acné con fototerapia LED. La tecnología de luz visible LED tiene acción directa sobre la piel, con diferentes efectos dependiendo del color que emitan. Este tratamiento está especialmente indicado para brotes de acné, y está potenciado por productos MATRISKIN."
        }, 
        {
            "service_category": "Estética", 
            "service": "Fototerapia Led - Antiedad Tto Facial", 
            "duration": 3600, 
            "price": "65 € ", 
            "description": "Sesión de una hora de tratamiento anti-edad con fototerapia LED. La tecnología de luz visible LED tiene acción directa sobre la piel, con diferentes efectos dependiendo del color que emitan. Este tratamiento estimula la producción de colágeno, y además se potenciará su efecto con mascarillas activadoras de MATRISKIN."
        }, 
        {
            "service_category": "Estética", 
            "service": "Fototerapia Led - Despigmentante Tto Facial", 
            "duration": 3600, 
            "price": "80 € ", 
            "description": "Sesión de 60 minutos de tratamiento facial despigmentante con fototerapia LED. La tecnología de luz visible LED tiene acción directa sobre la piel, con diferentes efectos dependiendo del color que emitan. Este tratamiento está especialmente indicado para el tratamiento de manchas faciales, y está potenciado con productos MATRISKIN."
        }, 
        {
            "service_category": "Estética", 
            "service": "Limpieza Facial Con Punta De Diamante", 
            "duration": 3600, 
            "price": "50 € ", 
            "description": "La limpieza facial con punta de diamante es un peeling que se hace mediante cabezales de grano de diamante, permitiendo una regeneración cutánea y activando a nivel de tejido. Al final del tratamiento la tu piel será mucho más suave, luminosa e hidratada."
        }, 
        {
            "service_category": "Estética", 
            "service": "Presoterapia", 
            "duration": 1800, 
            "price": "15 € ", 
            "description": "Sesión de presoterapia de media hora. Para reducir edemas, prevenir la retención de líquidos, descongestionar vías linfáticas, aumentar el nivel de oxígeno en sangre, aliviar el dolor de las piernas cansadas, relajar músculos abdominales e intestinales y mejorar los tejidos de la piel. Especialmente recomendada para mejorar la circulación en mujeres embarazadas, piernas cansadas y combatir la celulitis."
        }, 
        {
            "service_category": "Estética", 
            "service": "Presoterapia - Pack 10 Sesiones", 
            "duration": 1800, 
            "price": "150 € ", 
            "description": "Pack de 10 sesiones de 30 minutos cada una de Presoterapia (a elegir zona). Para reducir edemas, prevenir la retención de líquidos, descongestionar vías linfáticas, aumentar el nivel de oxígeno en sangre, aliviar el dolor de las piernas cansadas, relajar músculos abdominales e intestinales y mejorar los tejidos de la piel. Especialmente recomendada para mejorar la circulación en mujeres embarazadas, personas que padecen problemas de piernas cansadas y combatir la celulitis."
        }, 
        {
            "service_category": "Depilación", 
            "service": "Velasmooth Y Presoterapia Combinados - 6 Sesiones", 
            "duration": 5400, 
            "price": "438 € ", 
            "description": "Pack de 6 sesiones de 90 minutos cada una de Tratamiento anticelulítico completo. En la primera parte de cada sesión se aplicará el VelaSmooth, que lleva vacumterapia, radiofrecuencia e infrarrojos. Se finalizará con con 20 minutos de presoterapia."
        }, 
        {
            "service_category": "Depilación", 
            "service": "Antiacné Led - Pack 5 Sesiones Tto Facial", 
            "duration": 3600, 
            "price": "320 € ", 
            "description": "Pack de 5 sesiones de 60 minutos cada uno para combatir el acné. La tecnología de luz visible LED tiene una acción directa sobre la piel, con diferentes efectos dependiendo del color que emitan. Este tratamiento está especialmente indicado para brotes de acné, y está potenciado por los productos biotecnológicos MATRISKIN."
        }, 
        {
            "service_category": "Depilación", 
            "service": "Antiedad Led - Pack 5 Sesiones Tto Facial", 
            "duration": 3600, 
            "price": "290 € ", 
            "description": "Pack de 5 sesiones de 1 hora cada una de tratamiento completo antiedad con Fototerapia LED. La tecnología de luz visible LED tiene acción directa sobre la piel, con diferentes efectos dependiendo del color que emitan. Este tratamiento estimula la producción de colágeno, y potencia además su efecto con mascarillas activadoras de MATRISKIN. Para recuperar volumen, elasticidad y luminosidad en el rostro."
        }, 
        {
            "service_category": "Depilación", 
            "service": "Despigmentante Led - Pack 5 Sesiones Tto Facial", 
            "duration": 3600, 
            "price": "360 € ", 
            "description": "Pack de 5 sesiones de tratamiento facial despigmentante con Fototerapia LED. La tecnología de luz visible LED tiene acción directa sobre la piel, con diferentes efectos dependiendo del color que emitan. Este tratamiento está especialmente indicado para el tratamiento de manchas faciales, y está potenciado con productos MATRISKIN. Para un rostro radiante y rejuvenecido."
        }, 
        {
            "service_category": "Depilación", 
            "service": "Anticelulítico - Matriskin", 
            "duration": 2700, 
            "price": "20 € ", 
            "description": "El tratamiento consiste en 10 minutos de masaje manual con gel desinfiltrante, más otros 30 minutos con botas de presoterapia con programa drenante. Eficacia potenciada con la biotecnología Matriskin."
        }, 
        {
            "service_category": "Depilación", 
            "service": "Anticelulítico - Presoterapia Matriskin - 10 Ses", 
            "duration": 2700, 
            "price": "170 € ", 
            "description": "Pack completo de 10 sesiones de tratamiento para deshacerse de la celulitis localizada y reducir volumen. El servicio consiste en 10 minutos de masaje manual con gel desinfiltrante más otros 30 minutos con botas de presoterapia con programa drenante. Efecto potenciado con la biotecnología Matriskin."
        }, 
        {
            "service_category": "Depilación", 
            "service": "Bono Corporal Con Velasmooth Bono 12 Sesiones", 
            "duration": 3600, 
            "price": "580 € ", 
            "description": "Bono de 12 sesiones de tratamiento corporal con Velasmooth. Vela Smooth combina la Radiofrecuencia y la Energía Lumínica Infrarroja con la Vacunterapia, permitiendo la realización de tratamientos profundos y no invasivo. Para eliminar la celulitis, reducir volumen y recuperar tonicidad."
        }
    ]
}