{
    "adid": null, 
    "name": "Fisio Body", 
    "name_of_contact": "Fisio Body", 
    "scrape_page": "https://www.bucmi.com/fisiobody", 
    "business_website": "https://www.bucmi.com/fisiobody", 
    "areas_covered": null, 
    "description": "En Tetuán,Fisio Body se esfuerza día a día en dar la mejor atención a nuestros pacientes, tratando de mejorar así sus dolencias. Estamos especializados tanto en la prevención como tratamiento para una correcta salud. Para nosotros, cada cliente es único.", 
    "img_link": [
        "https://d1nd15w2k87kz0.cloudfront.net/Uploads/636008296202944457.jpg", 
        "https://d1nd15w2k87kz0.cloudfront.net/Uploads/636008296212008146.jpg", 
        "https://d1nd15w2k87kz0.cloudfront.net/Uploads/636008296210602140.jpg", 
        "https://d1nd15w2k87kz0.cloudfront.net/Uploads/636008296213727207.jpg", 
        "https://d1nd15w2k87kz0.cloudfront.net/Uploads/636008296221852106.jpg", 
        "https://d1nd15w2k87kz0.cloudfront.net/Uploads/636008296233427623.jpg"
    ], 
    "hqdb_featured_ad_type": "Featured", 
    "hqdb_nr_reviews": "0", 
    "hqdb_review_score": "0,0", 
    "accreditations": null, 
    "category": null, 
    "subcategory": null, 
    "street": "C/ Ayala, 84", 
    "city": "Madrid", 
    "zipcode": "28039", 
    "formatted_address": "C/ Ayala, 84, Madrid, 28039", 
    "country": "es", 
    "office_number": "915776119", 
    "office_number2": null, 
    "mobile_number": null, 
    "mobile_number2": null, 
    "unidentified_phone_numbers": null, 
    "latitude": "40.4537158000", 
    "longitude": "-3.7060328000", 
    "business_email": null, 
    "yelp_page": null, 
    "facebook": null, 
    "twitter": null, 
    "instagram": null, 
    "venue_images": "https://d1nd15w2k87kz0.cloudfront.net/Logotipos/636008296583662968.jpg", 
    "opening_hours_raw": null, 
    "pricelist_link": null, 
    "services": [
        {
            "service_category": "Preferente", 
            "service": "3 Sesiones De Fisioterapia Avanzada", 
            "duration": 3600, 
            "price": "90 € ", 
            "description": "Se trata de masajes manuales con diagnóstico previo, según necesidad del paciente y a elegir entre: General: general: contracturas, patologías reumatoides (artrosis, artritis…), patologías circulatorias e isquémicas (flebitis, insuficiencia). La duración de cada sesión es de 50 minutos."
        }, 
        {
            "service_category": "Preferente", 
            "service": "5 Sesiones De Fisioterapia Avanzada", 
            "duration": 3600, 
            "price": "150 € ", 
            "description": "se trata de masajes manuales con diagnóstico previo, según necesidad del paciente y a elegir entre: General: general: contracturas, patologías reumatoides (artrosis, artritis…), patologías circulatorias e isquémicas (flebitis, insuficiencia). La duración de cada sesión es de 50 minutos."
        }, 
        {
            "service_category": "Preferente", 
            "service": "Bono 10 Sesiones Presoterapia Y Ultrasonido", 
            "duration": 2700, 
            "price": "550 € ", 
            "description": "Con este doble tratamiento, los profesionales de Fisio Body aprovechan los beneficios de ambos para conseguir resultados como la eliminación de celulitis, mejora de la circulación sanguínea o favorece la pérdida de unos centímetros de volumen. ¡Consigue este bono de 10 sesiones al mejor precio!"
        }, 
        {
            "service_category": "Estética", 
            "service": "Tto. Corporal Ultrasonido Y Presoterapia", 
            "duration": 3600, 
            "price": "70 € ", 
            "description": "Realizamos la aplicación de los ultrasonidos deslizando el cabezal sobre la zona específica a tratar. Para la aplicación de la presoterapia se utilizan unas botas neumáticas que van ejerciendo presión e intervienen sobre los edemas crónicos, linfáticos o venolinfáticos. Se puede trabajar con diferentes programas en función de las necesidades del cliente. Los protocolos con ultrasonidos son muy eficaces a la hora de tratar cualquier tipo de celulitis madura y la presoterapia mejora la circulación sanguínea."
        }, 
        {
            "service_category": "Estética", 
            "service": "Bono 5 Sesiones Presoterapia Y Ultrasonido", 
            "duration": 2700, 
            "price": "344 € ", 
            "description": "Con este doble tratamiento, los profesionales de Fisio Body aprovechan los beneficios de ambos para conseguir resultados como la eliminación de celulitis, mejora de la circulación sanguínea o favorece la pérdida de unos centímetros de volumen. ¡Consigue este bono de 5 sesiones al mejor precio!"
        }, 
        {
            "service_category": "Estética", 
            "service": "Bono 10 Sesiones Presoterapia Y Ultrasonido", 
            "duration": 2700, 
            "price": "550 € ", 
            "description": "Con este doble tratamiento, los profesionales de Fisio Body aprovechan los beneficios de ambos para conseguir resultados como la eliminación de celulitis, mejora de la circulación sanguínea o favorece la pérdida de unos centímetros de volumen. ¡Consigue este bono de 10 sesiones al mejor precio!"
        }, 
        {
            "service_category": "Masaje", 
            "service": "3 Sesiones De Fisioterapia Avanzada", 
            "duration": 3600, 
            "price": "90 € ", 
            "description": "Se trata de masajes manuales con diagnóstico previo, según necesidad del paciente y a elegir entre: General: general: contracturas, patologías reumatoides (artrosis, artritis…), patologías circulatorias e isquémicas (flebitis, insuficiencia). La duración de cada sesión es de 50 minutos."
        }, 
        {
            "service_category": "Masaje", 
            "service": "3 Sesiones De Fisioterapia Respiratoria", 
            "duration": 3600, 
            "price": "90 € ", 
            "description": "En función del diagnóstico médico el fisioterapeuta realiza un diagnóstico de tipo funcional sobre el que establece unos objetivos terapéuticos y un plan específico.Desobstrucción bronquial,Plan de Kinesioterapia respiratoria,Reeducación al Esfuerzo. La duración de cada sesión es de 50 minutos."
        }, 
        {
            "service_category": "Masaje", 
            "service": "5 Sesiones De Fisioterapia Avanzada", 
            "duration": 3600, 
            "price": "150 € ", 
            "description": "se trata de masajes manuales con diagnóstico previo, según necesidad del paciente y a elegir entre: General: general: contracturas, patologías reumatoides (artrosis, artritis…), patologías circulatorias e isquémicas (flebitis, insuficiencia). La duración de cada sesión es de 50 minutos."
        }, 
        {
            "service_category": "Masaje", 
            "service": "5 Sesiones De Fisioterapia Respiratoria", 
            "duration": 3600, 
            "price": "150 € ", 
            "description": "En función del diagnóstico médico, el fisioterapeuta realiza un diagnóstico de tipo funcional sobre el que establece unos objetivos terapéuticos y un plan específico. Desobstrucción bronquial, Plan de Kinesioterapia respiratoria, Reeducación al Esfuerzo. La duración de cada sesión es de 50 minutos."
        }
    ]
}