{
    "adid": null, 
    "name": "Centro de Estética y Belleza", 
    "name_of_contact": "Centro de Estética y Belleza", 
    "scrape_page": "https://www.bucmi.com/centro-de-estetica-y-belleza", 
    "business_website": "https://www.bucmi.com/centro-de-estetica-y-belleza", 
    "areas_covered": null, 
    "description": "Centro de Estética y Belleza se encuentra dentro de la Galería de San Bernardo. Es un centro especializado en servicios de estética como depilaciones, higienes faciales, tintes de pestañas manicuras y pedicuras. Realizan sus servicios con las mejores marcas de belleza para conseguir resultados visibles desde las primeras sesiones, en un espacio acogedor y funcional. Su especialidad son los tratamientos de manos y pies, para los que usan marcas de esmaltado como Masglo. Las valoraciones de sus clientes destacan una buena calidad de sus tratamientos y un precio asequible.", 
    "img_link": [
        "https://d1nd15w2k87kz0.cloudfront.net/Uploads/636282999059263870.jpg", 
        "https://d1nd15w2k87kz0.cloudfront.net/Uploads/636282999074419943.jpg", 
        "https://d1nd15w2k87kz0.cloudfront.net/Uploads/636282999087232354.jpg", 
        "https://d1nd15w2k87kz0.cloudfront.net/Uploads/636282999099732303.jpg"
    ], 
    "hqdb_featured_ad_type": "Featured", 
    "hqdb_nr_reviews": "14", 
    "hqdb_review_score": "9,4", 
    "accreditations": null, 
    "category": null, 
    "subcategory": null, 
    "street": "C/ Fundadores, 21", 
    "city": "Madrid", 
    "zipcode": "28013", 
    "formatted_address": "C/ Fundadores, 21, Madrid, 28013", 
    "country": "es", 
    "office_number": "910237020", 
    "office_number2": null, 
    "mobile_number": null, 
    "mobile_number2": null, 
    "unidentified_phone_numbers": null, 
    "latitude": "40.4210439000", 
    "longitude": "-3.7084388000", 
    "business_email": null, 
    "yelp_page": null, 
    "facebook": null, 
    "twitter": null, 
    "instagram": null, 
    "venue_images": "https://d1nd15w2k87kz0.cloudfront.net/Logotipos/636282996573188963.jpg", 
    "opening_hours_raw": null, 
    "pricelist_link": null, 
    "services": [
        {
            "service_category": "Preferente", 
            "service": "Manicura Permanente", 
            "duration": 3600, 
            "price": "22,95 € ", 
            "description": "El servicio de manicura permanente incluye limado de la uña, retirada de cutículas, hidratación, masaje relajante de manos y esmaltado permanente del color que más te guste. Tiene una duración de 60 minutos aproximadamente. Consigue unas manos bonitas y cuidadas con unas uñas a todo color. Tendrás el esmalte perfecto durante más de 15 días ¡Te encantará el resultado!"
        }, 
        {
            "service_category": "Preferente", 
            "service": "Higiene Facial Completa", 
            "duration": 3600, 
            "price": "29,99 € ", 
            "description": "En centro de estética y belleza te ofrecemos un tratamiento facial que aportará cuerpo y luz a tu rostro. Ven a conocernos y luce una piel radiante y suave. El servicio incluye limpieza de cutis, tratamiento facial con ultrasonidos e hidratación intensiva. Desconecta y disfruta de un agradable momento de desconexión mientras ponemos tu piel a punto. ¡Notarás la diferencia! Reserva online al mejor precio a través de Bucmi."
        }, 
        {
            "service_category": "Preferente", 
            "service": "Peeling Facial Con Hidratación", 
            "duration": 2700, 
            "price": "14,99 € ", 
            "description": "En Centro de Estética y Belleza te ofrecemos un tratamiento de peeling totalmente personalizado. Porque lucir un cutis sano es muy importante, nosotros te ofrecemos un peeling facial con hidratación profunda, para que tu cutis luzca sano y cuidado. Elimina las pieles muertas y los puntos negros con el peeling y posteriormente luce una piel brillante e hidratada con el tratamiento de hidratación. ¡Te encantarán los resultados!"
        }, 
        {
            "service_category": "Preferente", 
            "service": "Tinte De Pestañas", 
            "duration": 1800, 
            "price": "15 € ", 
            "description": "¿Quieres lucir una mirada más intensa y penetrante? este es tu servicio ideal. Atrévete con el tinte de pestañas y luce una mirada como si llevases maquillaje las 24 horas. Ven a conocernos, pruébalo y ¡desearás repetir! No esperes más y reserva ahora tu cita online a través de Bucmi.com. Olvídate durante semanas de la máscara de pestañas. Tendrás las pestañas que siempre habías imaginado."
        }, 
        {
            "service_category": "Preferente", 
            "service": "Tratamiento Corporal Anticelulítico 1 Sesión", 
            "duration": 2700, 
            "price": "35 € ", 
            "description": "¿Quieres reducir volumen y eliminar grasa localizada? Gracias a este servicio conseguirás bajar esas tallas de más y verte más guapa que nunca."
        }, 
        {
            "service_category": "Estética", 
            "service": "Bono 10 Tto Corporales Anticelulíticos Y 3 Regalo", 
            "duration": 2700, 
            "price": "350 € ", 
            "description": "Disfruta de este Bono 10 TTo Corporales Anticelulíticos y de 3 Regalo, Con estos tratamientos conseguirás moldear tu figura y eliminar la grasa y la celulítis localizada. Siempre de la mano de los mejores profesionales."
        }, 
        {
            "service_category": "Estética", 
            "service": "Higiene Facial Completa", 
            "duration": 3600, 
            "price": "29,99 € ", 
            "description": "En centro de estética y belleza te ofrecemos un tratamiento facial que aportará cuerpo y luz a tu rostro. Ven a conocernos y luce una piel radiante y suave. El servicio incluye limpieza de cutis, tratamiento facial con ultrasonidos e hidratación intensiva. Desconecta y disfruta de un agradable momento de desconexión mientras ponemos tu piel a punto. ¡Notarás la diferencia! Reserva online al mejor precio a través de Bucmi."
        }, 
        {
            "service_category": "Estética", 
            "service": "Maquillaje De Día O De Noche", 
            "duration": 2700, 
            "price": "19,99 € ", 
            "description": "¿Tienes un evento especial? ¿Vas a asistir a una boda? Nuestros estilistas y profesionales altamente cualificados disponen de las herramientas y conocimientos para adaptarse a tu estilo y conseguir el look perfecto. Sacarán la mejor versión de ti misma con una sesión. Trabajamos con alta cosmética y marcas de maquillaje de alta calidad para cuidar tu piel desde el primer momento y estar en tendencia."
        }, 
        {
            "service_category": "Estética", 
            "service": "Peeling Facial Con Hidratación", 
            "duration": 2700, 
            "price": "14,99 € ", 
            "description": "En Centro de Estética y Belleza te ofrecemos un tratamiento de peeling totalmente personalizado. Porque lucir un cutis sano es muy importante, nosotros te ofrecemos un peeling facial con hidratación profunda, para que tu cutis luzca sano y cuidado. Elimina las pieles muertas y los puntos negros con el peeling y posteriormente luce una piel brillante e hidratada con el tratamiento de hidratación. ¡Te encantarán los resultados!"
        }, 
        {
            "service_category": "Estética", 
            "service": "Permanente De Pestañas", 
            "duration": 1800, 
            "price": "15 € ", 
            "description": "Consigue la curvatura optima en tu pestaña gracias a nuestro servicio de permanente de pestañas. Lucirás un rizo de pestaña perfecto que te hará lucir una mirada inigualable. El servicio consta de 30 minutos para conseguir un resultado perfecto y óptimo. Sacaremos la mejor versión de ti misma intensificando tu mirada al máximo. Reserva online tu permanente de pestañas en Bucmi.com."
        }, 
        {
            "service_category": "Estética", 
            "service": "Tinte De Pestañas", 
            "duration": 1800, 
            "price": "15 € ", 
            "description": "¿Quieres lucir una mirada más intensa y penetrante? este es tu servicio ideal. Atrévete con el tinte de pestañas y luce una mirada como si llevases maquillaje las 24 horas. Ven a conocernos, pruébalo y ¡desearás repetir! No esperes más y reserva ahora tu cita online a través de Bucmi.com. Olvídate durante semanas de la máscara de pestañas. Tendrás las pestañas que siempre habías imaginado."
        }, 
        {
            "service_category": "Estética", 
            "service": "Tratamiento Corporal Anticelulítico 1 Sesión", 
            "duration": 2700, 
            "price": "35 € ", 
            "description": "¿Quieres reducir volumen y eliminar grasa localizada? Gracias a este servicio conseguirás bajar esas tallas de más y verte más guapa que nunca."
        }, 
        {
            "service_category": "Estética", 
            "service": "Tratamiento Facial Antimanchas", 
            "duration": 5400, 
            "price": "35,99 € ", 
            "description": "Reserva online al mejor precio este súper tratamiento facial anti manchas de una hora de duración, ideal e indicado para las pieles hiper pigmentadas. Trabajamos con productos de alta calidad para adaptarnos a las necesidades de tu piel y ofrecerte un servicio 100% personalizado. Conseguirás un cutis libre de manchitas, lleno de luz y vida. Te encantarán los resultados obtenidos desde la primera sesión."
        }, 
        {
            "service_category": "Estética", 
            "service": "Tratamiento Facial Calmante", 
            "duration": 5400, 
            "price": "35,99 € ", 
            "description": "¿Tienes la piel sensible y en ocasiones la notas algo irritada? La contaminación, el sol o la aplicación de varios productos puede hacer que tu cutis se vea resentido. Te ofrecemos un tratamiento facial calmante de 1 horas y 30 minutos para hidratar y tratar en profundidad las pieles sensibles. Trabajamos con productos de alta calidad y adaptados a tu piel para conseguir un resultado perfecto e increíble."
        }, 
        {
            "service_category": "Estética", 
            "service": "Tratamiento Facial Oxigenante", 
            "duration": 5400, 
            "price": "35,99 € ", 
            "description": "En Centro de Estética y Belleza te ofrecemos un tratamiento facial Oxigenante de 1 hora y 30 minutos, ideal para pieles secas, deshidratadas y sin luz. Podrás conseguir un cutis perfecto de la mano de los mejores profesionales. Trabajamos con marcas de alta calidad para ofrecerte un tratamiento personalizado y adecuándonos a las necesidades de tu piel. Disfruta de un momento de relax y evádete de la rutina."
        }, 
        {
            "service_category": "Estética", 
            "service": "Tratamiento Facial Purificador", 
            "duration": 5400, 
            "price": "35,99 € ", 
            "description": "Te ofrecemos un tratamiento facial purificador ideal para pieles grasas y obstruidas con una duración de una hora. Todos nuestros tratamientos se realizan de manera personalizada para adecuarnos a tu piel al 100%. Te ayudaremos a conseguir un cutis limpio, libre de impurezas y lleno de vida. Ponte en manos de nuestros profesionales y disfruta de un momento de autentico relax. Te encantará el resultado."
        }, 
        {
            "service_category": "Estética", 
            "service": "Tratamiento Facial Reafrimante Tensor", 
            "duration": 5400, 
            "price": "35,99 € ", 
            "description": "Si tu objetivo es conseguir reducir al máximo las líneas de expresión y las arruguitas de tu piel causadas por el paso del tiempo, reserva online este tratamiento facial reafirmante tensor. Es idóneo para pieles flácidas y sin tono muscular. Nos adaptaremos a tu piel 100% gracias a nuestros productos de alta calidad. Consigue una piel más rejuvenecida de la mano de nuestros esteticistas altamente cualificados."
        }, 
        {
            "service_category": "Manicura y Pedicura", 
            "service": "Manicura Permanente", 
            "duration": 3600, 
            "price": "22,95 € ", 
            "description": "El servicio de manicura permanente incluye limado de la uña, retirada de cutículas, hidratación, masaje relajante de manos y esmaltado permanente del color que más te guste. Tiene una duración de 60 minutos aproximadamente. Consigue unas manos bonitas y cuidadas con unas uñas a todo color. Tendrás el esmalte perfecto durante más de 15 días ¡Te encantará el resultado!"
        }, 
        {
            "service_category": "Manicura y Pedicura", 
            "service": "Depilación Labio Superior, Cejas Y Manicura", 
            "duration": 3600, 
            "price": "17 € ", 
            "description": "Un maravilloso bono que incluye varios servicios de belleza para tu cuidado. Incluye depilación en labio superior, cejas para así realizar tu mirada y embellecerla y además una manicura exprés con limado y esmaltado a tu gusto. Escoge el tono de esmalte que más va contigo y presume de unas manos bonitas y cuidadas. Prueba este bono de belleza, y ¡desearás repetir! Te ofrecemos el pack perfecto para que estés perfecta. Reserva online al mejor."
        }, 
        {
            "service_category": "Manicura y Pedicura", 
            "service": "Uñas De Gel O Acrílicas Con Manicura Completa", 
            "duration": 3600, 
            "price": "39,95 € ", 
            "description": "Si tienes tus uñas frágiles y fácilmente rompibles, esta es la manicura que estabas buscando. Esculpimos uñas de gel con una duración inigualable, que además incluye una manicura completa, de limado, esmaltado permanente a tu gusto e hidratación. Te encantará el resultado y conseguirás las uñas que siempre has soñado de la mano de los mejores profesionales."
        }, 
        {
            "service_category": "Manicura y Pedicura", 
            "service": "Manicura Exprés", 
            "duration": 1800, 
            "price": "7,99 € ", 
            "description": "Presume de manos bonitas y cuidadas de la forma más fácil y rápida, las manos dicen mucho de ti. Ven a Centro de Estética y Belleza y déjate mimar por nuestros profesionales. Escoge el tono de esmalte que más te gusta y disfruta de una manicura exprés para lucir ¡unas manos perfectas! El servicio incluye limado y esmaltado del color que más te guste. Reserva ahora tu cita online a través de Bucmi.com en tan solo 3 clics."
        }, 
        {
            "service_category": "Manicura y Pedicura", 
            "service": "Manicura Y Pedicura Básica", 
            "duration": 5400, 
            "price": "30 € ", 
            "description": "Pack de Manicura y pedicurá básica en el que limamos tus uñas, retiramos cutículas y esmaltamos del color que más te guste dentro de una amplia variedad."
        }, 
        {
            "service_category": "Manicura y Pedicura", 
            "service": "Pedicura Completa", 
            "duration": 2700, 
            "price": "22,95 € ", 
            "description": "¿Hay alguna sensación más agradable que tener unos pies cuidados, suaves y bonitos? Luce una pedicura perfecta gracias a este servicio. Esta pedicura incluye limado de las uñas para dar forma, retirada de cutículas, eliminación de durezas, esmaltado con uno o dos colores, exfoliación, hidratación y masaje. No esperes más y reserva ahora ti cita online a través de Bucmi.com. Te encantará el resultado."
        }, 
        {
            "service_category": "Manicura y Pedicura", 
            "service": "Tratamientos Manos Exfoliante Con Parafina", 
            "duration": 1800, 
            "price": "15 € ", 
            "description": "Tratamientos Manos Exfoliante Con Parafina, para que disfrutes de unas manos bonitas y perfectas. La mejor forma para devolverles su suavidad."
        }, 
        {
            "service_category": "Depilación", 
            "service": "Depilación Labio Superior, Cejas Y Manicura", 
            "duration": 3600, 
            "price": "17 € ", 
            "description": "Un maravilloso bono que incluye varios servicios de belleza para tu cuidado. Incluye depilación en labio superior, cejas para así realizar tu mirada y embellecerla y además una manicura exprés con limado y esmaltado a tu gusto. Escoge el tono de esmalte que más va contigo y presume de unas manos bonitas y cuidadas. Prueba este bono de belleza, y ¡desearás repetir! Te ofrecemos el pack perfecto para que estés perfecta. Reserva online al mejor."
        }, 
        {
            "service_category": "Depilación", 
            "service": "Depilación Con Cera Medias Piernas Ingles Y Axilas", 
            "duration": 1800, 
            "price": "21 € ", 
            "description": "Servicio de Depilación Con Cera Medias Piernas Ingles y Axilas Normales, elimina el vello no deseado de la forma más rápida y sencilla."
        }, 
        {
            "service_category": "Depilación", 
            "service": "Depilación Con Cera Caliente Axilas", 
            "duration": 900, 
            "price": "3,99 € ", 
            "description": "¿Sabías que la depilación con cera es uno de los métodos más utilizados a la hora de depilarse? Apuesta por la depilación con cera caliente para eliminar el vello al 100% desde la raíz, así conseguiremos un resultado perfecto e impecable. El servicio incluye la depilación completa en la zona de las axilas."
        }, 
        {
            "service_category": "Depilación", 
            "service": "Depilación Con Cera Caliente Piernas Enteras", 
            "duration": 2700, 
            "price": "9,99 € ", 
            "description": "Elimina durante semanas ese vello no deseado en tus piernas. Ponte en manos de nuestros profesionales y disfruta de una depilación a cera en piernas completas garantizando unos resultados óptimos y duraderos. La cera depilatoria ofrece resultados muy duraderos y es una de los tipos de cera más utilizados hoy en día y no exige ningún tipo de cuidado específico ¡Luce unas piernas bonitas y suaves durante más tiempo!"
        }, 
        {
            "service_category": "Depilación", 
            "service": "Depilación Con Cera Caliente Pubis Completo", 
            "duration": 2700, 
            "price": "24,99 € ", 
            "description": "Conseguir una depilación eficaz y duradera es una de las mayores preocupaciones de muchas mujeres. La cera depilatoria ofrece resultados muy duraderos y es una de los tipos de cera más utilizados hoy en día y no exige ningún tipo de cuidado específico. El servicio incluye la depilación del pubis completo, que incluye la zona perianal, para un resultado impecable y perfecto. Despídete de vello durante unas semanas."
        }, 
        {
            "service_category": "Varios", 
            "service": "Bono 10 Tto Piernas Cansadas Y 3 De Regalo", 
            "duration": 2700, 
            "price": "300 € ", 
            "description": "Bono de 10 Tratamientos de Piernas Cansadas y 3 de regalo, Elimina ese efecto de cansancio permanente gracias a este completo bono donde trataremos la circulación de tus piernas."
        }, 
        {
            "service_category": "Varios", 
            "service": "Tratamiento Piernas Cansadas Con Crema Especial", 
            "duration": 2700, 
            "price": "30 € ", 
            "description": "Ideal para piernas cansadas, con este tratamiento reactivamos todo el sistema circulatorio y linfático,¡Saldrás con la sensación de piernas ligeras!"
        }
    ]
}