{
    "adid": null, 
    "name": "Punto de Luz", 
    "name_of_contact": "Punto de Luz", 
    "scrape_page": "https://www.bucmi.com/puntodeluz", 
    "business_website": "https://www.bucmi.com/puntodeluz", 
    "areas_covered": null, 
    "description": "Punto de Luz es un centro de peluquería y estética ubicado en la zona de Islas Filipinas, en Madrid. Te ofrecemos el mejor trato y los mejores tratamientos de peluquería y estética. No lo dudes y ponte en manos de nuestros expertos profesionales.", 
    "img_link": [
        "https://d1nd15w2k87kz0.cloudfront.net/Uploads/635844851706697127.jpg", 
        "https://d1nd15w2k87kz0.cloudfront.net/Uploads/635844851742634520.jpg", 
        "https://d1nd15w2k87kz0.cloudfront.net/Uploads/635844851753728241.jpg"
    ], 
    "hqdb_featured_ad_type": "Featured", 
    "hqdb_nr_reviews": "11", 
    "hqdb_review_score": "7,5", 
    "accreditations": null, 
    "category": null, 
    "subcategory": null, 
    "street": null, 
    "city": "Madrid", 
    "zipcode": "28003", 
    "formatted_address": "Madrid, 28012, Madrid, 28003", 
    "country": "es", 
    "office_number": "915360408", 
    "office_number2": null, 
    "mobile_number": null, 
    "mobile_number2": null, 
    "unidentified_phone_numbers": null, 
    "latitude": "40.4393954000", 
    "longitude": "-3.7115380999", 
    "business_email": null, 
    "yelp_page": null, 
    "facebook": null, 
    "twitter": null, 
    "instagram": null, 
    "venue_images": "https://d1nd15w2k87kz0.cloudfront.net/Logotipos/635908711840507471.jpg", 
    "opening_hours_raw": null, 
    "pricelist_link": null, 
    "services": [
        {
            "service_category": "Preferente", 
            "service": "3 Cortes De Pelo Para Hombre", 
            "duration": 1800, 
            "price": "36 € ", 
            "description": "¡Aprovecha nuestro bono de 3 cortes de pelo para hombre! El servicio incluye el lavado, corte y productos de acabado para el peinado. ¡Compra este servicio y podrás ir otras dos veces más! Te encantará el resultado."
        }, 
        {
            "service_category": "Preferente", 
            "service": "Manicura Básica", 
            "duration": 1800, 
            "price": "15 € ", 
            "description": "Presume de unas manos cuidadas y bonitas reservando nuestra manicura básica. Durante el servicio limamos y cortamos las uñas, retiramos las cutículas en caso de ser necesario. Para finalizar, hidratamos tus manos y aplicamos un esmalte normal en el color que desees."
        }, 
        {
            "service_category": "Preferente", 
            "service": "Bono 2 Ss Depilación Piernas Enteras E Ingles", 
            "duration": 3600, 
            "price": "35 € ", 
            "description": "Este servicio se realiza con cera caliente o tibia. ¿Quieres lucir un cuerpo libre de una vez por todas? Ven a tu Peluquería y Estética Punto de Luz y ponte en manos de nuestros mejores profesionales. Disfruta de un cuerpo sedoso, luminoso, suave y natural. Dí adiós al vello molesto de una vez por todas. Luce unas piernas bonitas y suaves. Prepara tu cuerpo de cara al buen tiempo. Reserva tu cita cómodamente online a través de Bucmi.com."
        }, 
        {
            "service_category": "Preferente", 
            "service": "Bono 2 Ss Depilación Piernas Enteras,Cejas Y Labio", 
            "duration": 3600, 
            "price": "35 € ", 
            "description": "Este servicio se realiza con cera caliente o tibia. ¿Quieres lucir un cuerpo libre de una vez por todas? Ven a tu Peluquería y Estética Punto de Luz y ponte en manos de nuestros mejores profesionales. Disfruta de un cuerpo sedoso, luminoso, suave y natural. Dí adiós al vello molesto de una vez por todas. Luce unas piernas bonitas y suaves. Prepara tu cuerpo de cara al buen tiempo. Disfruta de un rostro libre de vello y unas cejas bien perfiladas. Reserva tu cita cómodamente online a través de Bucmi.com."
        }, 
        {
            "service_category": "Preferente", 
            "service": "Corte De Mujer", 
            "duration": 2700, 
            "price": "12 € ", 
            "description": "¿Te gustaría lucir un corte de pelo con estilo? ¡Reserva nuestro corte de pelo para mujer! Durante el servicio te lavamos el cabello con productos de primera calidad, realizamos el corte y secamos el pelo de forma natural."
        }, 
        {
            "service_category": "Peluquería", 
            "service": "3 Cortes De Pelo Para Hombre", 
            "duration": 1800, 
            "price": "36 € ", 
            "description": "¡Aprovecha nuestro bono de 3 cortes de pelo para hombre! El servicio incluye el lavado, corte y productos de acabado para el peinado. ¡Compra este servicio y podrás ir otras dos veces más! Te encantará el resultado."
        }, 
        {
            "service_category": "Peluquería", 
            "service": "Color Inoa", 
            "duration": 3600, 
            "price": "30 € ", 
            "description": "¡Ahora puedes cambiar el color de tu pelo sin dañarlo! Disponemos de nuestra coloración sin amoniaco para cuidar tu cabello durante el proceso. El servicio incluye el lavado, junto con la coloración Inoa de la marca L'Oréal."
        }, 
        {
            "service_category": "Peluquería", 
            "service": "Corte De Hombre", 
            "duration": 1800, 
            "price": "12 € ", 
            "description": "¿Quieres cambiar de look? ¡Reserva nuestro corte de pelo para hombre! Además del corte, incluye el lavado y productos de acabado para ofrecerte un resultado perfecto. Confía en la profesionalidad de nuestros peluqueros."
        }, 
        {
            "service_category": "Peluquería", 
            "service": "Corte De Mujer", 
            "duration": 2700, 
            "price": "12 € ", 
            "description": "¿Te gustaría lucir un corte de pelo con estilo? ¡Reserva nuestro corte de pelo para mujer! Durante el servicio te lavamos el cabello con productos de primera calidad, realizamos el corte y secamos el pelo de forma natural."
        }, 
        {
            "service_category": "Peluquería", 
            "service": "Corte Mujer Y Peinado Media Melena", 
            "duration": 2700, 
            "price": "26 € ", 
            "description": "¡Reserva nuestro corte de pelo con peinado! Si tienes media melena, este es tu servicio. Podrás disfrutar de un corte de pelo acorde a tu estilo y de manos de nuestros profesionales. Incluye también el lavado del cabello y el peinado que desees lucir."
        }, 
        {
            "service_category": "Peluquería", 
            "service": "Corte Mujer Y Peinado Pelo Corto", 
            "duration": 2700, 
            "price": "24 € ", 
            "description": "¡Cambia el estilo de tu pelo reservando nuestro servicio de corte de pelo y peinado! Confía en la profesionalidad de nuestros expertos peluqueros y reserva ya. Además, incluye el lavado del cabello y el peinado que más te apetezca lucir."
        }, 
        {
            "service_category": "Peluquería", 
            "service": "Corte Mujer Y Peinado Pelo Largo", 
            "duration": 2700, 
            "price": "28 € ", 
            "description": "Sanea tu pelo reservando nuestro corte de pelo. Nuestros profesionales atenderán a todas tus necesidades para que salgas de nuestro centro contenta con el resultado. Para finalizar te haremos el peinado con el que quieras lucir tu nuevo corte. Incluye el lavado."
        }, 
        {
            "service_category": "Estética", 
            "service": "Tinte Y Permanente De Pestañas", 
            "duration": 2700, 
            "price": "50 € ", 
            "description": "Luce una mirada bonita y profunda con el servicio de tinte de pestañas. ¿Quieres lucir una mirada penetrante y cautivadora? Ven a tu Peluquería y Estética Punto de Luz y ponte en manos de nuestros mejores profesionales. Luce una mirada de película y olvídate de maquillarte todos los días. Dí adiós a tu máscara de pestañas, estarás perfecta desde primera hora. Reserva tu cita cómodamente online a través de Bucmi.com."
        }, 
        {
            "service_category": "Estética", 
            "service": "Higiene Facial", 
            "duration": 3600, 
            "price": "25 € ", 
            "description": "¿A qué esperas para reservar nuestra higiene facial en profundidad? Comenzamos aplicando vapor en el rostro para conseguir que se abran los poros de tu rostro. A continuación, realizamos la extracción y una exfoliación facial. Para finalizar, colocamos una mascarilla facial hidratante, especial para cada tipo de piel."
        }, 
        {
            "service_category": "Manicura y Pedicura", 
            "service": "Manicura Básica", 
            "duration": 1800, 
            "price": "15 € ", 
            "description": "Presume de unas manos cuidadas y bonitas reservando nuestra manicura básica. Durante el servicio limamos y cortamos las uñas, retiramos las cutículas en caso de ser necesario. Para finalizar, hidratamos tus manos y aplicamos un esmalte normal en el color que desees."
        }, 
        {
            "service_category": "Manicura y Pedicura", 
            "service": "Manicura Permanente", 
            "duration": 2700, 
            "price": "19 € ", 
            "description": "¡Tener unas manos bonitas y cuidadas durante mucho tiempo nunca había sido tan sencillo! Este servicio incluye el limado y cortado de uñas, exfoliación, hidratación y, para terminar, esmaltado permanente en el color que más te guste."
        }, 
        {
            "service_category": "Manicura y Pedicura", 
            "service": "Pedicura Permanente", 
            "duration": 3600, 
            "price": "21 € ", 
            "description": "¿Te gustaría tener unos pies perfectos durante mucho tiempo? Realizamos una pedicura completa para dejarte unos pies cuidados. Realizamos el limado y corte de uñas, aplicamos una exfoliación y tratamos los callos. Para un resultado increíble damos un masaje con hidratación en tus pies y aplicamos un esmalte permanente en el color que quieras."
        }, 
        {
            "service_category": "Depilación", 
            "service": "Depilación Cera Piernas Enteras", 
            "duration": 2700, 
            "price": "18 € ", 
            "description": "Luce unas piernas libres de vello reservando nuestra depilación de cera para tus piernas enteras. Nuestras profesionales en estética te realizarán el servicio con el cuidado que te mereces. Disponemos de cera caliente y tibia para ofrecerte el mejor resultado."
        }, 
        {
            "service_category": "Depilación", 
            "service": "Bono 2 Ss Depilación Piernas Enteras E Ingles", 
            "duration": 3600, 
            "price": "35 € ", 
            "description": "Este servicio se realiza con cera caliente o tibia. ¿Quieres lucir un cuerpo libre de una vez por todas? Ven a tu Peluquería y Estética Punto de Luz y ponte en manos de nuestros mejores profesionales. Disfruta de un cuerpo sedoso, luminoso, suave y natural. Dí adiós al vello molesto de una vez por todas. Luce unas piernas bonitas y suaves. Prepara tu cuerpo de cara al buen tiempo. Reserva tu cita cómodamente online a través de Bucmi.com."
        }, 
        {
            "service_category": "Depilación", 
            "service": "Bono 2 Ss Depilación Piernas Enteras,Cejas Y Labio", 
            "duration": 3600, 
            "price": "35 € ", 
            "description": "Este servicio se realiza con cera caliente o tibia. ¿Quieres lucir un cuerpo libre de una vez por todas? Ven a tu Peluquería y Estética Punto de Luz y ponte en manos de nuestros mejores profesionales. Disfruta de un cuerpo sedoso, luminoso, suave y natural. Dí adiós al vello molesto de una vez por todas. Luce unas piernas bonitas y suaves. Prepara tu cuerpo de cara al buen tiempo. Disfruta de un rostro libre de vello y unas cejas bien perfiladas. Reserva tu cita cómodamente online a través de Bucmi.com."
        }, 
        {
            "service_category": "Depilación", 
            "service": "Depilación Cera Axilas O Ingles", 
            "duration": 1800, 
            "price": "8 € ", 
            "description": "¿Busca una depilación de cera para tus axilas o ingles? Reserva este servicio y elige una de estas dos zonas para que acabemos con el vello de raíz. Disponemos de cera tibia y caliente de gran calidad."
        }, 
        {
            "service_category": "Depilación", 
            "service": "Depilación Cera Medias Piernas", 
            "duration": 1800, 
            "price": "8 € ", 
            "description": "¡Acaba con el vello de raíz reservando nuestra depilación con cera! Nuestras esteticistas se encargarán de dejarte unas medias piernas suaves y sedosas. Puedes elegir entre cera caliente o tibia, según tus necesidades."
        }
    ]
}