{
    "adid": null, 
    "name": "Carmen Estilistas", 
    "name_of_contact": "Carmen Estilistas", 
    "scrape_page": "https://www.bucmi.com/carmenestilistas", 
    "business_website": "https://www.bucmi.com/carmenestilistas", 
    "areas_covered": null, 
    "description": "Carmen Estilistas se encuentra en el céntrico barrio de Chamberí, concretamente en la calle Vallehermoso número 50-52. Este salón de belleza ofrece todos los tratamientos de peluquería y estética más demandados habitualmente. En su carta de servicios incluyen cortes de pelo, mechas, coloración, tratamientos capilares, manicuras, pedicuras y depilaciones. Todo ello con un trato personalizado realizado por su equipo de peluqueros y esteticistas profesionales. Utilizan productos de calidad estándar que permiten ofrecer precios competitivos y asequibles.", 
    "img_link": [
        "https://d1nd15w2k87kz0.cloudfront.net/Uploads/635908820811200553.jpg", 
        "https://d1nd15w2k87kz0.cloudfront.net/Uploads/635908820883701915.jpg", 
        "https://d1nd15w2k87kz0.cloudfront.net/Uploads/635908820908076838.jpg", 
        "https://d1nd15w2k87kz0.cloudfront.net/Uploads/635908820934660084.jpg", 
        "https://d1nd15w2k87kz0.cloudfront.net/Uploads/635908820968878813.jpg", 
        "https://d1nd15w2k87kz0.cloudfront.net/Uploads/635908820998253631.jpg", 
        "https://d1nd15w2k87kz0.cloudfront.net/Uploads/635908821025441084.jpg"
    ], 
    "hqdb_featured_ad_type": "Featured", 
    "hqdb_nr_reviews": "14", 
    "hqdb_review_score": "8,6", 
    "accreditations": null, 
    "category": null, 
    "subcategory": null, 
    "street": "C/ Guadarrama, 3", 
    "city": "Madrid", 
    "zipcode": "28015", 
    "formatted_address": "C/ Guadarrama, 3, Madrid, 28015", 
    "country": "es", 
    "office_number": "910127948", 
    "office_number2": null, 
    "mobile_number": null, 
    "mobile_number2": null, 
    "unidentified_phone_numbers": null, 
    "latitude": "40.4356595000", 
    "longitude": "-3.7082666000", 
    "business_email": null, 
    "yelp_page": null, 
    "facebook": null, 
    "twitter": null, 
    "instagram": null, 
    "venue_images": "https://d1nd15w2k87kz0.cloudfront.net/Logotipos/635908821833595282.jpg", 
    "opening_hours_raw": null, 
    "pricelist_link": null, 
    "services": [
        {
            "service_category": "Preferente", 
            "service": "Corte De Pelo E Hidratación Mujer", 
            "duration": 2700, 
            "price": "15 € ", 
            "description": "Cambia tu look con este corte asesorado y lavado con champú y producto de hidratación para mejorar el saneamiento del pelo. No incluye peinado. Podrás elegir entre un corte más clásico o atreverte con las últimas tendencias. El corte que más vaya contigo, con tu estilo y personalidad, siempre asesorada por nuestro equipo de profesionales. ¡No lo dudes y reserva ya tu cita cómodamente online! ¡Estarás en las mejores manos!"
        }, 
        {
            "service_category": "Preferente", 
            "service": "Corte De Pelo Para Hombre", 
            "duration": 1800, 
            "price": "15 € ", 
            "description": "Dale un aire diferente a tu peinado con este corte de pelo que incluye lavado y peinado, asesorado por los mejores profesionales con productos de acabado. ¿Quieres lucir el aspecto de un verdadero gentleman? ¡No lo dudes y ven a Carmen Estilistas! ¡Déjate mimar y presume de un look envidiable! Podrás elegir entre los cortes más clásicos o atreverte con las últimas tendencias. ¿A qué estás esperando? ¡No dejes que te lo cuenten!"
        }, 
        {
            "service_category": "Preferente", 
            "service": "Mechas E Hidratación Pelo Largo", 
            "duration": 5400, 
            "price": "27,5 € ", 
            "description": "Dale un toque de color a tu melena gracias a este servicio de mechas normales. Las mechas te proporcionarán la luminosidad y el color que estás buscando para tu melena. El servicio también incluye lavado con champú y producto de hidratación. No incluye peinado. Lucirás una melena perfecta, siempre en manos de nuestro equipo de profesionales. ¡Reserva ya tu cita cómodamente online! Precio indicado para pelo largo."
        }, 
        {
            "service_category": "Peluquería", 
            "service": "Alisado De Keratina", 
            "duration": 7200, 
            "price": "80 € ", 
            "description": "¿Cansada del encrespamiento en tu melena? Reserva ahora y olvídate de la plancha, lucirás tu pelo perfectamente peinado y nutrido. Disfruta de este alisado de keratina, con productos de primera calidad. Tu melena estará siempre a punto, cualquier día de a semana. Este servicio está indicado para todo tipo de largos. Estarás en manos de nuestro cualificado equipo de profesionales. ¿A qué estás esperando? ¡No dejes que te lo cuenten!"
        }, 
        {
            "service_category": "Peluquería", 
            "service": "Color Raíz E Hidratación", 
            "duration": 2700, 
            "price": "22,5 € ", 
            "description": "Unifica el color de tu pelo con este servicio que incluye retoque de raíz, lavado con champú y producto de hidratación. No incluye peinado. ¡Deshazte de esas raíces que tanto estropean el aspecto de tu cabello! Utilizamos productos de primera calidad, con los que presumirás de un pelo sano y nutrido. Lucirás así una melena de cine. ¡Reserva ya tu cita cómodamente online y te encantará el resultado!"
        }, 
        {
            "service_category": "Peluquería", 
            "service": "Corte De Pelo E Hidratación Mujer", 
            "duration": 2700, 
            "price": "15 € ", 
            "description": "Cambia tu look con este corte asesorado y lavado con champú y producto de hidratación para mejorar el saneamiento del pelo. No incluye peinado. Podrás elegir entre un corte más clásico o atreverte con las últimas tendencias. El corte que más vaya contigo, con tu estilo y personalidad, siempre asesorada por nuestro equipo de profesionales. ¡No lo dudes y reserva ya tu cita cómodamente online! ¡Estarás en las mejores manos!"
        }, 
        {
            "service_category": "Peluquería", 
            "service": "Corte De Pelo Para Hombre", 
            "duration": 1800, 
            "price": "15 € ", 
            "description": "Dale un aire diferente a tu peinado con este corte de pelo que incluye lavado y peinado, asesorado por los mejores profesionales con productos de acabado. ¿Quieres lucir el aspecto de un verdadero gentleman? ¡No lo dudes y ven a Carmen Estilistas! ¡Déjate mimar y presume de un look envidiable! Podrás elegir entre los cortes más clásicos o atreverte con las últimas tendencias. ¿A qué estás esperando? ¡No dejes que te lo cuenten!"
        }, 
        {
            "service_category": "Peluquería", 
            "service": "Corte De Pelo Y Peinado Mujer", 
            "duration": 2700, 
            "price": "18 € ", 
            "description": "Disfruta con nuestros cortes de pelo en tendencia. Encontrarás tu nuevo centro de belleza. Nuestros cortes de pelo incluyen lavado con champú, corte y peinado para acabar perfecta y comprobar así los resultados. Podrás escoger entre los cortes más clásicos o atreverte con las últimas tendencias. ¿A qué estás esperando? ¡No dejes que te lo cuenten!"
        }, 
        {
            "service_category": "Peluquería", 
            "service": "Lavar Y Peinar", 
            "duration": 1800, 
            "price": "12 € ", 
            "description": "Servicio de peluquería express que incluye lavado de la melena y peinado válido para todo tipo de largos. Disfruta de un pelo bonito siempre que tú quieras, siempre en manos de nuestro equipo de profesionales. Una melena bonita y cuidada sin dedicar demasiado tiempo. ¡Déjate mimar y ven a Carmen Estilistas! ¡Estarás perfecta cualquier día! Reserva ya tu cita cómodamente online. A qué estás esperando? ¡No dejes que te lo cuenten!"
        }, 
        {
            "service_category": "Peluquería", 
            "service": "Mechas E Hidratación Pelo Corto Y Media Melena", 
            "duration": 3600, 
            "price": "22,5 € ", 
            "description": "Dale un toque de color a tu melena gracias a este servicio de mechas normales. Las mechas te proporcionarán la luminosidad y el color que estás buscando para tu melena. El servicio también incluye lavado con champú y producto de hidratación. No incluye peinado. Lucirás una melena perfecta, siempre en manos de nuestro equipo de profesionales. ¡Reserva ya tu cita cómodamente online! Precio indicado para pelo corto o media melena."
        }, 
        {
            "service_category": "Peluquería", 
            "service": "Tto. Bótox Capilar", 
            "duration": 1800, 
            "price": "35 € ", 
            "description": "Efecto Botox rellenado capilar. Te proporcionará el brillo y la textura que estás buscando para tu melena. Tratamiento ideal para regenerar los cabellos dañados y recuperar el brillo y salud. Utilizamos productos de primera calidad para que el resultado sea efectivo. El servicio no incluye peinado. ¡No lo dudes y reserva ya tu cita cómodamente online! ¿A qué estás esperando para reservar? ¡Hazlo con toda comodidad a través de Bucmi.com!"
        }, 
        {
            "service_category": "Peluquería", 
            "service": "Tto. Botox Capilar Y Peinado", 
            "duration": 2700, 
            "price": "45 € ", 
            "description": "Efecto Botox rellenado capilar. Te proporcionará el brillo y la textura que estás buscando para tu melena. Tratamiento ideal para regenerar los cabellos dañados y recuperar el brillo y salud. Utilizamos productos de primera calidad para que el resultado sea efectivo. El servicio incluye peinado. ¡No lo dudes y reserva ya tu cita cómodamente online! ¿A qué estás esperando para reservar? ¡Hazlo con toda comodidad a través de Bucmi.com!"
        }, 
        {
            "service_category": "Peluquería", 
            "service": "Mechas E Hidratación Pelo Largo", 
            "duration": 5400, 
            "price": "27,5 € ", 
            "description": "Dale un toque de color a tu melena gracias a este servicio de mechas normales. Las mechas te proporcionarán la luminosidad y el color que estás buscando para tu melena. El servicio también incluye lavado con champú y producto de hidratación. No incluye peinado. Lucirás una melena perfecta, siempre en manos de nuestro equipo de profesionales. ¡Reserva ya tu cita cómodamente online! Precio indicado para pelo largo."
        }, 
        {
            "service_category": "Manicura y Pedicura", 
            "service": "Esmaltado Permanente", 
            "duration": 2700, 
            "price": "18 € ", 
            "description": "Luces las mejores manos con tu esmalte permanente de la mano de los mejores profesionales. El servicio incluye únicamente el esmaltado. Podrás elegir entre nuestra amplia gama de colores. Escoge el tono que más te guste, que más vaya con tu estilo y personalidad. Además, utilizamos esmaltes de primeras marcas, para que el resultado sea más duradero: ¡Casi tres semanas sin preocuparte por el estado de tus uñas! ¿A qué estás esperando? ¡Reserva ya tu esmaltado de larga duración!"
        }, 
        {
            "service_category": "Manicura y Pedicura", 
            "service": "Manicura Normal", 
            "duration": 1800, 
            "price": "12 € ", 
            "description": "Luce una manicura perfecta de la mano de los mejores profesionales con este servicio que incluye limado de la uña para conseguir la forma deseada, la retirada de cutículas y esmaltado del color que prefieras a elegir entre una amplia gama. Unas manos bonitas y cuidadas siempre serán una buena carta de presentación. ¿A qué estás esperando? ¡Reserva tu cita cómodamente online!"
        }, 
        {
            "service_category": "Depilación", 
            "service": "Depilación Axilas Con Cera", 
            "duration": 900, 
            "price": "8 € ", 
            "description": "Olvídate del vello durante semanas con este servicio de depilación con cera en las axilas, para estar siempre perfecta. Eliminamos el vello de raíz con cera caliente. Podrás lucir así una piel suave y sedosa, siempre en manos de nuestro equipo de profesionales. ¡No lo dudes y reserva tu cita cómodamente online! ¿A qué estás esperando? ¡No dejes que te lo cuenten, ven a Carmen Estilistas!"
        }, 
        {
            "service_category": "Depilación", 
            "service": "Depilación De Ingles Normales Con Cera", 
            "duration": 1800, 
            "price": "12 € ", 
            "description": "Olvídate del vello durante semanas con este servicio de depilación con cera en ingles bikini, para estar siempre perfecta. Eliminamos el vello de raíz con cera caliente. Podrás lucir así una piel suave y sedosa, siempre en manos de nuestro equipo de profesionales. ¡No lo dudes y reserva tu cita cómodamente online! ¿A qué estás esperando? ¡No dejes que te lo cuenten, ven a Carmen Estilistas!"
        }, 
        {
            "service_category": "Depilación", 
            "service": "Depilación De Piernas Enteras En Cera", 
            "duration": 1800, 
            "price": "18 € ", 
            "description": "Olvídate del vello durante semanas con este servicio de depilación con cera en piernas enteras, para estar siempre perfecta. Eliminamos el vello de raíz con cera caliente. Podrás lucir así una piel suave y sedosa, siempre en manos de nuestro equipo de profesionales. ¡No lo dudes y reserva tu cita cómodamente online! ¿A qué estás esperando? ¡No dejes que te lo cuenten, ven a Carmen Estilistas!"
        }, 
        {
            "service_category": null, 
            "service": "Alisado De Keratina", 
            "duration": 7200, 
            "price": "80 € ", 
            "description": "¿Cansada del encrespamiento en tu melena? Reserva ahora y olvídate de la plancha, lucirás tu pelo perfectamente peinado y nutrido. Disfruta de este alisado de keratina, con productos de primera calidad. Tu melena estará siempre a punto, cualquier día de a semana. Este servicio está indicado para todo tipo de largos. Estarás en manos de nuestro cualificado equipo de profesionales. ¿A qué estás esperando? ¡No dejes que te lo cuenten!"
        }
    ]
}