{
    "adid": null, 
    "name": "BeClinic Goya", 
    "name_of_contact": "BeClinic Goya", 
    "scrape_page": "https://www.bucmi.com/beclinicgoya", 
    "business_website": "https://www.bucmi.com/beclinicgoya", 
    "areas_covered": null, 
    "description": "BeClinic es una Clínica especializada ubicada en la zona de Lista, en Madrid. Destacamos por ofrecer procedimientos para eliminar varices sin cirugía. También disponemos de una gran variedad de tratamientos estéticos totalmente personalizados.", 
    "img_link": [
        "https://d1nd15w2k87kz0.cloudfront.net/Uploads/635653253028641770.jpg", 
        "https://d1nd15w2k87kz0.cloudfront.net/Uploads/635914725615191352.jpg", 
        "https://d1nd15w2k87kz0.cloudfront.net/Uploads/635914725634878589.jpg", 
        "https://d1nd15w2k87kz0.cloudfront.net/Uploads/635914725738322269.jpg"
    ], 
    "hqdb_featured_ad_type": "Featured", 
    "hqdb_nr_reviews": "0", 
    "hqdb_review_score": "0,0", 
    "accreditations": null, 
    "category": null, 
    "subcategory": null, 
    "street": "C/ Galileo, 93", 
    "city": "Madrid", 
    "zipcode": "28001", 
    "formatted_address": "C/ Galileo, 93, Madrid, 28001", 
    "country": "es", 
    "office_number": "912137300", 
    "office_number2": null, 
    "mobile_number": null, 
    "mobile_number2": null, 
    "unidentified_phone_numbers": null, 
    "latitude": "40.4271582999", 
    "longitude": "-3.6785886000", 
    "business_email": null, 
    "yelp_page": null, 
    "facebook": null, 
    "twitter": null, 
    "instagram": null, 
    "venue_images": "https://d1nd15w2k87kz0.cloudfront.net/Logotipos/635914758715789334.jpg", 
    "opening_hours_raw": null, 
    "pricelist_link": null, 
    "services": [
        {
            "service_category": "Preferente", 
            "service": "Tratamiento Corporal Eliminación De Varices", 
            "duration": 2700, 
            "price": "125 € ", 
            "description": "¡Olvídate de las incómodas varices reservando este servicio! Este tratamiento consigue la eliminación de las varices gracias a la técnica de la microespuma y sin cirugía. ¡No lo dudes más y consigue deshacerte de estas!"
        }, 
        {
            "service_category": "Preferente", 
            "service": "Tto Corporal Eliminación Manchas En La Piel", 
            "duration": 2700, 
            "price": "200 € ", 
            "description": "¿Estás harta de las manchas de tu piel? ¡No te preocupes! Reserva nuestro tratamiento corporal de eliminación de manchas en la piel. Gracias a este servicio conseguimos una piel mucho más homogénea en color y con más luminosidad. BeFreeSkin Cleaning."
        }, 
        {
            "service_category": "Preferente", 
            "service": "Tto Facial Rejuvenecedor Con Vitaminas", 
            "duration": 3600, 
            "price": "150 € ", 
            "description": "¿Necesitas mejorar el aspecto de la piel de tu rostro? ¡Reserva nuestro tratamiento facial rejuvenecedor a base de vitaminas! Gracias a este tratamiento conseguirás darle vida a tu rostro, rejuvenecerlo y mucho más luminoso."
        }, 
        {
            "service_category": "Estética", 
            "service": "Tratamiento Corporal Eliminación De Varices", 
            "duration": 2700, 
            "price": "125 € ", 
            "description": "¡Olvídate de las incómodas varices reservando este servicio! Este tratamiento consigue la eliminación de las varices gracias a la técnica de la microespuma y sin cirugía. ¡No lo dudes más y consigue deshacerte de estas!"
        }, 
        {
            "service_category": "Estética", 
            "service": "Tto Facial Bótox Y Ácido Hialurónico Beflash", 
            "duration": 2700, 
            "price": "875 € ", 
            "description": "¿Te gustaría mejorar el aspecto de la piel de tu rostro? ¡Reserva nuestro tratamiento facial de bótox y ácido hialurónico! Este tratamiento está indicado para rellenar arrugas y aportar volumen en las zonas que lo han perdido."
        }, 
        {
            "service_category": "Estética", 
            "service": "Bono 3 Sesiones Peeling Facial Face Clean", 
            "duration": 2700, 
            "price": "250 € ", 
            "description": "¿A qué esperas para reservar nuestro bono de tres sesiones de peeling facial? Con tal sólo una sesión conseguimos reducir las arrugas y eliminar las manchas de la piel de tu rostro. No lo dudes más y ponte en manos de nuestros profesionales."
        }, 
        {
            "service_category": "Estética", 
            "service": "Electropen Y Mesoterapia", 
            "duration": 2700, 
            "price": "250 € ", 
            "description": "Mejora el aspecto de tu piel reservando nuestro servicio de electropen y mesoterapia. Este tratamiento es perfecto para comenzar a recuperar la luz perdida con la edad de tu piel. ¡No lo dudes más y reserva ahora!"
        }, 
        {
            "service_category": "Estética", 
            "service": "Tratamiento Facial Bótox Zonas", 
            "duration": 2700, 
            "price": "300 € ", 
            "description": "¡Di a adiós a las arrugas de expresión reservando nuestro tratamiento facial de bótox! Disponemos de profesionales expertos en este tipo de tratamiento médico. Te garantizamos el mejor resultado para tu piel."
        }, 
        {
            "service_category": "Estética", 
            "service": "Tto Corporal Eliminación Manchas En La Piel", 
            "duration": 2700, 
            "price": "200 € ", 
            "description": "¿Estás harta de las manchas de tu piel? ¡No te preocupes! Reserva nuestro tratamiento corporal de eliminación de manchas en la piel. Gracias a este servicio conseguimos una piel mucho más homogénea en color y con más luminosidad. BeFreeSkin Cleaning."
        }, 
        {
            "service_category": "Estética", 
            "service": "Tto Facial Rejuvenecedor Con Vitaminas", 
            "duration": 3600, 
            "price": "150 € ", 
            "description": "¿Necesitas mejorar el aspecto de la piel de tu rostro? ¡Reserva nuestro tratamiento facial rejuvenecedor a base de vitaminas! Gracias a este tratamiento conseguirás darle vida a tu rostro, rejuvenecerlo y mucho más luminoso."
        }
    ]
}