{
    "adid": null, 
    "name": "Clinica Viriato", 
    "name_of_contact": "Clinica Viriato", 
    "scrape_page": "https://www.bucmi.com/clinicaviriato", 
    "business_website": "https://www.bucmi.com/clinicaviriato", 
    "areas_covered": null, 
    "description": "Clínica Viriato está formado únicamente por personal sanitario colegiado en los diferentes colegios profesionales de Madrid desde 2009. Aseguramos gran profesionalidad en nuestros servicios.", 
    "img_link": [
        "https://d1nd15w2k87kz0.cloudfront.net/Uploads/635835315677394452.jpg", 
        "https://d1nd15w2k87kz0.cloudfront.net/Uploads/635835315704112751.jpg"
    ], 
    "hqdb_featured_ad_type": "Featured", 
    "hqdb_nr_reviews": "9", 
    "hqdb_review_score": "8,7", 
    "accreditations": null, 
    "category": null, 
    "subcategory": null, 
    "street": null, 
    "city": "Madrid", 
    "zipcode": "28010", 
    "formatted_address": "Madrid, 28005, Madrid, 28003, Madrid, 28010", 
    "country": "es", 
    "office_number": "914445000", 
    "office_number2": null, 
    "mobile_number": null, 
    "mobile_number2": null, 
    "unidentified_phone_numbers": null, 
    "latitude": "40.4359592000", 
    "longitude": "-3.7011586999", 
    "business_email": null, 
    "yelp_page": null, 
    "facebook": null, 
    "twitter": null, 
    "instagram": null, 
    "venue_images": "https://d1nd15w2k87kz0.cloudfront.net/Logotipos/635908654845761831.jpg", 
    "opening_hours_raw": null, 
    "pricelist_link": null, 
    "services": [
        {
            "service_category": "Preferente", 
            "service": "Depilación Laser De Zona Pequeña", 
            "duration": 900, 
            "price": "17 € ", 
            "description": "Elimina de manera permanente el vello con este tratamiento especialmente diseñado para tratar todo tipo de pieles de forma segura. Valido para zonas pequeñas: axilas, ingles, labio superior, linea de alba, mentón, nuca, patillas, cuello, dedos..."
        }, 
        {
            "service_category": "Preferente", 
            "service": "Depilación Laser De Zona Mediana", 
            "duration": 2700, 
            "price": "27 € ", 
            "description": "Elimina para siempre el vello. Tratamiento seguro para todo tipo de pieles. Valido para medias piernas, medios brazos u hombros, Ingles brasileñas, gluteos, lumbares, facial (mujer) o perfil de la barba (hombre)."
        }, 
        {
            "service_category": "Preferente", 
            "service": "Fisioterapia", 
            "duration": 2700, 
            "price": "20 € ", 
            "description": "Tratamiento personalizado especialmente diseñado para tratar diferentes patologías tales como: Cervicalgias, Lumbalgias, Ciáticas, Problemas discales, Tendinitis, Contracturas…"
        }, 
        {
            "service_category": "Masaje", 
            "service": "Bono 5 Sesiones De Fisioterapia", 
            "duration": 2700, 
            "price": "100 € ", 
            "description": "Bono de 5 sesiones de Fisioterapia. Tratamiento personalizado especialmente diseñado para tratar diferentes patologías tales como: Cervicalgias, Lumbalgias, Ciáticas, Problemas discales, Tendinitis, Contracturas…"
        }, 
        {
            "service_category": "Masaje", 
            "service": "Fisioterapia", 
            "duration": 2700, 
            "price": "20 € ", 
            "description": "Tratamiento personalizado especialmente diseñado para tratar diferentes patologías tales como: Cervicalgias, Lumbalgias, Ciáticas, Problemas discales, Tendinitis, Contracturas…"
        }, 
        {
            "service_category": "Depilación", 
            "service": "Bono 5 Sesiones Depilación Laser Zona Media", 
            "duration": 1800, 
            "price": "135 € ", 
            "description": "Bono de 5 sesiones. Elimina para siempre el vello. Tratamiento seguro para todo tipo de pieles. Valido para medias piernas, medios brazos, hombros, Ingles brasileñas, gluteos, lumbares, facial (mujer) o perfil de la barba (hombre). Para más información consulte con el centro."
        }, 
        {
            "service_category": "Depilación", 
            "service": "Bono 5 Sesiones Depilacion Láser Zona Pequeña", 
            "duration": 900, 
            "price": "85 € ", 
            "description": "Elimina de manera permanente el vello con este tratamiento especialmente diseñado para tratar todo tipo de pieles de forma segura. Valido para zonas pequeñas: axilas, ingles, labio superior, linea de alba, mentón, nuca, patillas, cuello, dedos... Para más información consulte con el centro."
        }, 
        {
            "service_category": "Depilación", 
            "service": "Bono 5 Sesiones Depilacion Laser Zona Grande", 
            "duration": 1800, 
            "price": "210 € ", 
            "description": "Bono de 5 sesiones. Olvídate para siempre del vello. Válido para piernas completas o brazos completos, pubis hombre, pecho y abdomen o espalda. Para más información consulte con el centro."
        }, 
        {
            "service_category": "Depilación", 
            "service": "Depilación Laser De Zona Grande", 
            "duration": 2700, 
            "price": "42 € ", 
            "description": "Olvídate para siempre del vello. Válido para piernas completas o brazos completos, pubis hombre, pecho y abdomen o espalda. Para más información consulte con el centro."
        }, 
        {
            "service_category": "Depilación", 
            "service": "Depilación Laser De Zona Pequeña", 
            "duration": 900, 
            "price": "17 € ", 
            "description": "Elimina de manera permanente el vello con este tratamiento especialmente diseñado para tratar todo tipo de pieles de forma segura. Valido para zonas pequeñas: axilas, ingles, labio superior, linea de alba, mentón, nuca, patillas, cuello, dedos..."
        }, 
        {
            "service_category": "Depilación", 
            "service": "Depilación Laser De Zona Mediana", 
            "duration": 2700, 
            "price": "27 € ", 
            "description": "Elimina para siempre el vello. Tratamiento seguro para todo tipo de pieles. Valido para medias piernas, medios brazos u hombros, Ingles brasileñas, gluteos, lumbares, facial (mujer) o perfil de la barba (hombre)."
        }
    ]
}