{
    "adid": null, 
    "name": "QuirOptimo", 
    "name_of_contact": "QuirOptimo", 
    "scrape_page": "https://www.bucmi.com/quiroptimo", 
    "business_website": "https://www.bucmi.com/quiroptimo", 
    "areas_covered": null, 
    "description": "La misión del centro QuirOptimo es la de maximizar las capacidades del cuerpo humano proporcionando un cuidado de alta calidad en un entorno profesional y familiar. Ven a vernos a nuestro centro ubicado en plena Castellana en Madrid. ¡No te arrepentirás!", 
    "img_link": [
        "https://d1nd15w2k87kz0.cloudfront.net/Uploads/635567547889505453.jpg", 
        "https://d1nd15w2k87kz0.cloudfront.net/Uploads/635567547915913846.jpg", 
        "https://d1nd15w2k87kz0.cloudfront.net/Uploads/635567547916070018.jpg", 
        "https://d1nd15w2k87kz0.cloudfront.net/Uploads/635567547935290307.jpg", 
        "https://d1nd15w2k87kz0.cloudfront.net/Uploads/635567547935446360.jpg", 
        "https://d1nd15w2k87kz0.cloudfront.net/Uploads/635567547949978946.jpg"
    ], 
    "hqdb_featured_ad_type": "Featured", 
    "hqdb_nr_reviews": "0", 
    "hqdb_review_score": "0,0", 
    "accreditations": null, 
    "category": null, 
    "subcategory": null, 
    "street": "C/ Goya, 30", 
    "city": "Madrid", 
    "zipcode": "28006", 
    "formatted_address": "C/ Goya, 30, Madrid, 28006", 
    "country": "es", 
    "office_number": "910236265", 
    "office_number2": null, 
    "mobile_number": "640606122", 
    "mobile_number2": null, 
    "unidentified_phone_numbers": null, 
    "latitude": "40.4372687000", 
    "longitude": "-3.6867984000", 
    "business_email": null, 
    "yelp_page": null, 
    "facebook": null, 
    "twitter": null, 
    "instagram": null, 
    "venue_images": "https://d1nd15w2k87kz0.cloudfront.net/Logotipos/635913106819724998.jpg", 
    "opening_hours_raw": null, 
    "pricelist_link": null, 
    "services": [
        {
            "service_category": "Preferente", 
            "service": "Primera Visita Nutrición", 
            "duration": 3600, 
            "price": "60 € ", 
            "description": "En la primera visita se realizara un estudio para valorar el estado nutricional del paciente y conocer su estilo de vida y sus necesidades Nuestro método se basa en una dieta equilibrada con la que no pasara hambre y se aprenderá a comer bien Cada dieta se adapta a cada persona con un único objetivo: facilitar la alimentación y proporcionar ideas y cambios constantes de pauta, para favorecer la motivación de principio a fin. Sin poner en peligro la salud, sin pastillas, ni productos nocivos."
        }, 
        {
            "service_category": "Preferente", 
            "service": "Primera Visita Quiropráctica", 
            "duration": 3600, 
            "price": "60 € ", 
            "description": "La primera visita quiropráctica consiste en una evaluación completa de su salud y del estado de su columna vertebral con una duración de 45 min a 1 hora. Analizaremos tu caso para que te puedas beneficiar al máximo de los cuidados quiroprácticos. ¡No lo dudes y acude a nuestro centro para mejorar así tu día a día y olvidarte de esas dolencias que tanto te incomodan! Reserva ya tu cita cómodamente online. El precio es indicado para la primera toma de contacto y la primera visita a nuestro centro."
        }, 
        {
            "service_category": "Preferente", 
            "service": "Primera Visita Quiropráctica Y Dos Sesiones", 
            "duration": 3600, 
            "price": "134 € ", 
            "description": "Primero realizaremos con una entrevista previa al paciente de 45 minutos a una hora de duración una evaluación completa de su salud y del estado de su columna vertebral. Además, una vez realizado el estudio, este pack incluye dos citas de quiropráctica para tratar de corregir las dolencias. ¡No lo dudes y ponte en manos de nuestro equipo de profesionales! ¿A qué estás esperando? ¡No dejes que te lo cuenten!"
        }, 
        {
            "service_category": "Masaje", 
            "service": "Primera Visita Quiropráctica", 
            "duration": 3600, 
            "price": "60 € ", 
            "description": "La primera visita quiropráctica consiste en una evaluación completa de su salud y del estado de su columna vertebral con una duración de 45 min a 1 hora. Analizaremos tu caso para que te puedas beneficiar al máximo de los cuidados quiroprácticos. ¡No lo dudes y acude a nuestro centro para mejorar así tu día a día y olvidarte de esas dolencias que tanto te incomodan! Reserva ya tu cita cómodamente online. El precio es indicado para la primera toma de contacto y la primera visita a nuestro centro."
        }, 
        {
            "service_category": "Masaje", 
            "service": "Primera Visita Quiropráctica Y Dos Sesiones", 
            "duration": 3600, 
            "price": "134 € ", 
            "description": "Primero realizaremos con una entrevista previa al paciente de 45 minutos a una hora de duración una evaluación completa de su salud y del estado de su columna vertebral. Además, una vez realizado el estudio, este pack incluye dos citas de quiropráctica para tratar de corregir las dolencias. ¡No lo dudes y ponte en manos de nuestro equipo de profesionales! ¿A qué estás esperando? ¡No dejes que te lo cuenten!"
        }, 
        {
            "service_category": "Masaje", 
            "service": "Primera Visita Quiropráctica Y Sesión", 
            "duration": 3600, 
            "price": "97 € ", 
            "description": "Estudio completo de su columna vertebral con una duración de 45 minutos a 1 hora para una evaluación completa de su salud y del estado de su columna vertebral. Una vez realizado el estudio, disfrutarás de una segunda cita de sesión quiropráctica con una duración de 15 minutos. ¡No lo dudes y ponte en manos de nuestro equipo de profesionales! ¿A qué estás esperando? ¡No dejes que te lo cuenten!"
        }, 
        {
            "service_category": "Bienestar", 
            "service": "Primera Visita Quiropráctica", 
            "duration": 3600, 
            "price": "60 € ", 
            "description": "La primera visita quiropráctica consiste en una evaluación completa de su salud y del estado de su columna vertebral con una duración de 45 min a 1 hora. Analizaremos tu caso para que te puedas beneficiar al máximo de los cuidados quiroprácticos. ¡No lo dudes y acude a nuestro centro para mejorar así tu día a día y olvidarte de esas dolencias que tanto te incomodan! Reserva ya tu cita cómodamente online. El precio es indicado para la primera toma de contacto y la primera visita a nuestro centro."
        }, 
        {
            "service_category": "Bienestar", 
            "service": "Primera Visita Quiropráctica Y Dos Sesiones", 
            "duration": 3600, 
            "price": "134 € ", 
            "description": "Primero realizaremos con una entrevista previa al paciente de 45 minutos a una hora de duración una evaluación completa de su salud y del estado de su columna vertebral. Además, una vez realizado el estudio, este pack incluye dos citas de quiropráctica para tratar de corregir las dolencias. ¡No lo dudes y ponte en manos de nuestro equipo de profesionales! ¿A qué estás esperando? ¡No dejes que te lo cuenten!"
        }
    ]
}