{
    "adid": null, 
    "name": "Claudio Buscema", 
    "name_of_contact": "Claudio Buscema", 
    "scrape_page": "https://www.bucmi.com/claudiobuscema", 
    "business_website": "https://www.bucmi.com/claudiobuscema", 
    "areas_covered": null, 
    "description": "Claudio Buscema es una peluquería de 5 estrellas ubicada en calle de Oruro 5 en el barrio de Chamartín en Madrid, junto a la parada Colombia. El estilista que le ha dado el nombre, Claudio Buscema, ha labrado una excelente reputación en su extensa trayectora profesional en el cuidado de la imagen. En esta exclusiva peluquería se trabaja exclusivamente con productos orgánicos y ecofriendly, aptos también para las melenas más delicadas. Ofrece cortes de pelo para hombre y mujer, alisados de queratina, tratamientos hidratantes y anticrespado y todo tipo de mechas, balayage y babylight, todos asesorados por el buen gusto y la envidiable experiencia de este estilista que colabora además con revistas de moda. Además, en el centro Claudio podrás reservar tratamientos de estética gracias a la experiencia de la estiticien Eva. Con más de 20 años en el sector, cuenta con conocimientos avanzados de estética y ponerse en sus manos para una higiene facial o una depilación es un éxito asegurado.", 
    "img_link": [
        "https://d1nd15w2k87kz0.cloudfront.net/Uploads/636398894526999861.jpg", 
        "https://d1nd15w2k87kz0.cloudfront.net/Uploads/636398894625435255.jpg", 
        "https://d1nd15w2k87kz0.cloudfront.net/Uploads/636398894868086610.jpg", 
        "https://d1nd15w2k87kz0.cloudfront.net/Uploads/636398894897460963.jpg", 
        "https://d1nd15w2k87kz0.cloudfront.net/Uploads/636398895058863609.jpg", 
        "https://d1nd15w2k87kz0.cloudfront.net/Uploads/636398895088082049.jpg", 
        "https://d1nd15w2k87kz0.cloudfront.net/Uploads/636398895374169836.jpg", 
        "https://d1nd15w2k87kz0.cloudfront.net/Uploads/636398895862753732.jpg", 
        "https://d1nd15w2k87kz0.cloudfront.net/Uploads/636398896236027149.jpg", 
        "https://d1nd15w2k87kz0.cloudfront.net/Uploads/636398896757578962.jpg", 
        "https://d1nd15w2k87kz0.cloudfront.net/Uploads/636398896845858153.jpg", 
        "https://d1nd15w2k87kz0.cloudfront.net/Uploads/636398896892263402.jpg", 
        "https://d1nd15w2k87kz0.cloudfront.net/Uploads/636398896956481131.jpg", 
        "https://d1nd15w2k87kz0.cloudfront.net/Uploads/636398896995230308.jpg"
    ], 
    "hqdb_featured_ad_type": "Featured", 
    "hqdb_nr_reviews": "8", 
    "hqdb_review_score": "9,5", 
    "accreditations": null, 
    "category": null, 
    "subcategory": null, 
    "street": "C/ Ayala, 88", 
    "city": "Madrid", 
    "zipcode": "28016", 
    "formatted_address": "C/ Ayala, 88, Madrid, 28016", 
    "country": "es", 
    "office_number": "910268993", 
    "office_number2": null, 
    "mobile_number": null, 
    "mobile_number2": null, 
    "unidentified_phone_numbers": null, 
    "latitude": "40.4554013000", 
    "longitude": "-3.6797731000", 
    "business_email": null, 
    "yelp_page": null, 
    "facebook": null, 
    "twitter": null, 
    "instagram": null, 
    "venue_images": "https://d1nd15w2k87kz0.cloudfront.net/Logotipos/636398898339421472.jpg", 
    "opening_hours_raw": null, 
    "pricelist_link": null, 
    "services": [
        {
            "service_category": "Preferente", 
            "service": "Corte De Pelo Para Mujer", 
            "duration": 1800, 
            "price": "22 € ", 
            "description": "Corte de pelo específico para mujer, tradicional o creativo, realizado por los expertos en imagen y belleza de Claudio Buscema. Para lograr el mejor resultado, sus estilistas realizan un asesoramiento previo, escuchando las preferencias del cliente y aconsejando el look más adecuado. Después se realiza el corte de pelo. No incluye lavado, ni peinado. Si se desea debe reservarse por separado o pagarse aparte en el centro."
        }, 
        {
            "service_category": "Preferente", 
            "service": "Higiene Facial", 
            "duration": 3600, 
            "price": "25 € ", 
            "description": "Para lucir un rosto perfecto y una piel suave e hidratada, la higiene facial es la solución más indicada. En solo 60 minutos el tratamiento incluye una limpieza profunda realizada con exfoliación y extracción de las impurezas. Además masaje relajante y mascarilla para una hidratación profunda a 360 grados."
        }, 
        {
            "service_category": "Preferente", 
            "service": "Lifting De Pestañas", 
            "duration": 3600, 
            "price": "32 € ", 
            "description": "Una mirada inolvidable se obtiene solo con el lifting de pestañas. Es un tratamiento que alarga desde la raíz, creando el efecto de mayor longitud y espesor sin añadir pelo. Es perfecta para cualquier tipología de pestañas porque se adapta a todos los pelos, incluso a los más cortitos. Tiene una duración aproximada entre 6 y 8 semanas, y se puede repetir en cualquier momento porque no daña las naturales."
        }, 
        {
            "service_category": "Preferente", 
            "service": "Pedicura Podologica Spa Permanente", 
            "duration": 5400, 
            "price": "26 € ", 
            "description": "Los pies son importantes y tenemos que cuidarlos para nuestro bienestar. La pedicura podológica permite lucir unos pies bonitos y suaves e incluye limado y retirada de las cutículas, tratamiento de podología en base a lo que necesites, exfoliación, hidratación, masaje y mascarilla. Además el esmaltado permanente de la mejor marca."
        }, 
        {
            "service_category": "Peluquería", 
            "service": "Color Completo", 
            "duration": 3600, 
            "price": "36 € ", 
            "description": "Servicio técnico de color para cabeza completa realizado con un asesoramiento 100% personalizado por parte de los estilistas de Claudio Buscema y productos ecofriendly de firmas de renombre. Antes de la coloración sus estilistas escuchan las preferencias del cliente y aconsejan sobre cual puede ser el color más favorecedor. Incluye asesoramiento, y aplicación de color orgánico de calidad. No incluye lavado, ni peinado. Si se desea debe reservarse por separado o pagarse aparte en el centro."
        }, 
        {
            "service_category": "Peluquería", 
            "service": "Corte De Pelo Para Hombre", 
            "duration": 1800, 
            "price": "12 € ", 
            "description": "Servicio 100% asesorado de corte de pelo realizado por las manos profesionales de los estilistas de Claudio Buscema. Antes de realizar el corte, se escuchan las preferencias del cliente y se aconseja el look más favorecedor. Un servicio excelente para retocar un corte tradicional o conseguir un estilo más creativo. Incluye el asesoramiento, el corte de pelo y todo lo necesario para lograr un resultado perfecto."
        }, 
        {
            "service_category": "Peluquería", 
            "service": "Corte De Pelo Para Mujer", 
            "duration": 1800, 
            "price": "22 € ", 
            "description": "Corte de pelo específico para mujer, tradicional o creativo, realizado por los expertos en imagen y belleza de Claudio Buscema. Para lograr el mejor resultado, sus estilistas realizan un asesoramiento previo, escuchando las preferencias del cliente y aconsejando el look más adecuado. Después se realiza el corte de pelo. No incluye lavado, ni peinado. Si se desea debe reservarse por separado o pagarse aparte en el centro."
        }, 
        {
            "service_category": "Peluquería", 
            "service": "Lavar E Hidratación", 
            "duration": 900, 
            "price": "5 € ", 
            "description": "Servicio básico de lavado de pelo con champú e hidratación, realizado con un masaje agradable y el mayor cuidado, para hacer del servicio una experiencia relajante. Los estilistas de Claudio Buscema realizan el tratamiento de lavabo y un secado al aire natural para quitar humedad. No incluye peinado."
        }, 
        {
            "service_category": "Peluquería", 
            "service": "Mechas Clásica, Baby Light, Balayage O Californias", 
            "duration": 5400, 
            "price": "40 € ", 
            "description": "Servicio de mechas clásicas o de tendencia realizado con productos de coloración orgánicos de calidad y asesoramiento previo personalizado. Los estilistas de Claudio Buscema realizan un asesoramiento detallado antes de realizar este trabajo técnico, para seleccionar el color y look más favorecedor. El servicio completo incluye asesoramiento, y aplicación de mechas en un color. Para pelo largo y extralargo se aplica un suplemento de 5€. No incluye lavado, ni peinado. Se reserva aparte o se paga en el salón."
        }, 
        {
            "service_category": "Peluquería", 
            "service": "Pack Mechas, Peinar Y Bótox Capilar", 
            "duration": 7200, 
            "price": "57 € ", 
            "description": "Pack de tratamientos de peluquería pensado para dar personalidad al color e hidratar el pelo. Se realiza con productos orgánicos de gran calidad. El servicio completo incluye asesoramiento previo personalizado, aplicación de mechas, lavado, bótox capilar y peinado. El resultado es un pelo más sano, suave y brillante, un look más personal y un acabado perfecto. El bótox capilar es en regalo y el servicio completo es válido para pelo corto y media melena."
        }, 
        {
            "service_category": "Peluquería", 
            "service": "Pack Mechas, Peinar Y Bótox Capilar Pelo Largo", 
            "duration": 7200, 
            "price": "65 € ", 
            "description": "Pack de tratamientos capilares que combina coloración en mechas y un botox capilar para conseguir un estilo más personal y un pelo sano y bonito. Durante la sesión se realiza un asesoramiento previo totalmente personalizado, aconsejando al cliente sobre el look más favorecedor. Incluye asesoramiento, aplicación de mechas, lavado, botóx capilar y peinado. El bótox capilar es en regalo y el servicio completo es válido para pelo largo y extralargo."
        }, 
        {
            "service_category": "Peluquería", 
            "service": "Pack Novia", 
            "duration": 3600, 
            "price": "160 € ", 
            "description": "Pack completo de servicios y tratamientos especiales para novias, ideado para conseguir el look perfecto el día de la boda. Se realiza prueba de maquillaje y peinado previa, tratamiento de hidratación profunda para el pelo y maquillaje y peinado el día de la boda. también incluye asesoramiento 100% personalizado por parte de los expertos en imagen y belleza de Claudio Buscema Estilistas. Todo ello realizado con productos orgánicos y/o de gran calidad, para conseguir un resultado perfecto."
        }, 
        {
            "service_category": "Peluquería", 
            "service": "Peinado Pelo Largo Y Extralargo", 
            "duration": 3600, 
            "price": "18 € ", 
            "description": "Servicio de estilismo básico que ofrece un peinado de peluquería con un acabado perfecto realizado por los estilistas de Claudio Buscema. Para realizar el peinado se realiza atendiendo a las preferencias del cliente. El servicio incluye el peinado con secador para dar forma. Para pelo extralargo se cobra un extra de 4 euros en el centro el día de la cita. No incluye lavado. Si se desea debe reservarse por separado o pagarse aparte en el centro."
        }, 
        {
            "service_category": "Peluquería", 
            "service": "Peinar Pelo Corto Y Media Melena", 
            "duration": 1800, 
            "price": "12 € ", 
            "description": "Servicio de estilismo básico que ofrece un peinado de peluquería con un acabado perfecto realizado por los estilistas de Claudio Buscema. Para realizar el peinado se realiza atendiendo a las preferencias del cliente. El servicio incluye el peinado con secador para dar forma. Para media melena se cobrará un extra de 2 euros en el centro el día de la cita. No incluye lavado. Si se desea debe reservarse por separado o pagarse aparte en el centro."
        }, 
        {
            "service_category": "Peluquería", 
            "service": "Recogido", 
            "duration": 5400, 
            "price": "48 € ", 
            "description": "Los estilistas de Claudio Buscema son expertos en imagen y los recogidos son una de sus especialidades. Realizan el look en base a un asesoramiento previo 100% personalizado, teniendo en cuenta la ocasión para la que se realiza y las preferencias de la clienta. El servicio completo incluye asesoramiento, recogido y productos de acabado para mantener el resultado perfecto más tiempo. No incluye lavado. Si se desea debe reservarse por separado o pagarse aparte en el centro."
        }, 
        {
            "service_category": "Peluquería", 
            "service": "Semirecogido", 
            "duration": 3600, 
            "price": "38 € ", 
            "description": "Un semirecogido puede aportar un toque elegante o más desenfadado a cualquier look especial. Los estilistas de Claudio Buscema son especialistas en realizar semirecogidos tradicionales y creativos. Todo ello realizando un asesoramiento previo y escuchando las preferencias de estilo de cada clienta. El servicio completo incluye el asesoramiento, el semirecogido y los productos de acabado. No incluye lavado. Si se desea debe reservarse por separado o pagarse aparte en el centro."
        }, 
        {
            "service_category": "Peluquería", 
            "service": "Tinte Raíz", 
            "duration": 2700, 
            "price": "28 € ", 
            "description": "Servicio técnico de coloración en la zona de la raíz pensado para unificar el color del pelo, tras varias semanas desde la última coloración. Para realizar los tratamientos de color, en Claudio Buscema Estilistas utilizan productos orgánicos de las mejores firmas de peluquería. El resultado es una look perfecto y un pelo sano. El servicio incluye sólo la coloración en raíz. No incluye lavado, ni peinado. Si se desea debe reservarse por separado o pagarse aparte en el centro."
        }, 
        {
            "service_category": "Peluquería", 
            "service": "Tratamiento Bótox Capilar Media Melena", 
            "duration": 3600, 
            "price": "32 € ", 
            "description": "Tratamiento capilar específico para media melena para estilizar, suavizar e hidratar en profundidad el pelo. Además, reduce el encrespamiento y reestructura el pelo. Se realiza aplicando un tratamiento tipo bótox rico en vitaminas. El servicio completo incluye lavado y peinado. Válido para media melena."
        }, 
        {
            "service_category": "Peluquería", 
            "service": "Tratamiento Bótox Capilar Pelo Corto", 
            "duration": 3600, 
            "price": "28 € ", 
            "description": "Tratamiento capilar pensado para cuidar el pelo en profundidad y aportar el máximo brillo y sedosidad e la manera más natural. Además, reduce el encrespamiento y reestructura el pelo. Se realiza aplicando un tratamiento tipo bótox rico en vitaminas. Además, incluye lavado y peinado. Válido para pelo corto."
        }, 
        {
            "service_category": "Peluquería", 
            "service": "Tratamiento Bótox Capilar Pelo Extralargo", 
            "duration": 5400, 
            "price": "44 € ", 
            "description": "Tratamiento capilar específico para melena extralarga, ideal para estilizar, suavizar e hidratar en profundidad el pelo. Además, aporta otros beneficios como la reducción del encrespamiento y la reestructuración del pelo. Se realiza aplicando un tratamiento tipo bótox rico en vitaminas. El servicio completo incluye lavado y peinado. Válido para pelo extralargo. Reserva tu cita cómodamente online en 3 clics con Bucmi."
        }, 
        {
            "service_category": "Peluquería", 
            "service": "Tratamiento Bótox Capilar Pelo Largo", 
            "duration": 5400, 
            "price": "36 € ", 
            "description": "Tratamiento capilar reestructurante tipo bótox para pelo largo. Con él se consigue una hidratación extra, el máximo brillo y una mayor suavidad. Además, reduce el encrespamiento y reestructura el pelo. Se realiza aplicando un tratamiento tipo bótox rico en vitaminas. El servicio completo incluye lavado y peinado. Válido para pelo largo. Reserva tu cita cómodamente online."
        }, 
        {
            "service_category": "Peluquería", 
            "service": "Tratamiento De Keratina Media Melena", 
            "duration": 7200, 
            "price": "130 € ", 
            "description": "Este tratamiento capilar se realiza con keratina de origen natural, vitaminas y aceite de argán. Es ideal para hidratar y reestructurar en profundidad el pelo, aportando un brillo extremo y reduciendo el encrespamiento. Además, permite alisar el pelo o mantener el rizo o la ondulación, según se desee. Los resultados se mantienen durante 3 o 4 meses. El servicio incluye el tratamiento de keratina, lavado y peinado. Válido para media melena."
        }, 
        {
            "service_category": "Peluquería", 
            "service": "Tratamiento De Keratina Pelo Corto", 
            "duration": 7200, 
            "price": "110 € ", 
            "description": "La keratina utilizada en este tratamiento tiene un origen natural y se utiliza para hidratar y reestructurar en profundidad el pelo, aportando un brillo extremo y reduciendo el encrespamiento. Su compuesto rico en vitaminas y aceite de argán permite alisar el pelo o mantener el rizo o la ondulación, según se desee. Los resultados se mantienen durante 3 o 4 meses. El servicio incluye el tratamiento de keratina, lavado y peinado. Válido para pelo corto."
        }, 
        {
            "service_category": "Peluquería", 
            "service": "Tratamiento De Keratina Pelo Extralargo", 
            "duration": 10800, 
            "price": "160 € ", 
            "description": "Completo tratamiento de keratina natural, vitaminas y aceite de argán, pensado para alisar el pelo o mantener el rizo o la ondulación, según se desee, pero con un brillo extremo y una hidratación extra. Además, con él se reestructura el pelo en profundidad y reduce el encrespamiento. Los resultados se mantienen durante 3 o 4 meses. El servicio incluye el tratamiento de keratina, lavado y peinado. Válido para pelo extralargo."
        }, 
        {
            "service_category": "Peluquería", 
            "service": "Tratamiento De Keratina Pelo Largo", 
            "duration": 10800, 
            "price": "150 € ", 
            "description": "Servicio pensado para alisar el pelo o mantener el rizo o la ondulación, según se desee, pero con un brillo extremo y una hidratación extra. Además, reestructurar el pelo en profundidad y reduce el encrespamiento. Para ello se utiliza cosméticos capilares ricos en vitaminas, keratina natural y aceite de argán. Los resultados se mantienen durante 3 o 4 meses. El servicio incluye el tratamiento de keratina, lavado y peinado. Válido para pelo largo."
        }, 
        {
            "service_category": "Estética", 
            "service": "Higiene Facial", 
            "duration": 3600, 
            "price": "25 € ", 
            "description": "Para lucir un rosto perfecto y una piel suave e hidratada, la higiene facial es la solución más indicada. En solo 60 minutos el tratamiento incluye una limpieza profunda realizada con exfoliación y extracción de las impurezas. Además masaje relajante y mascarilla para una hidratación profunda a 360 grados."
        }, 
        {
            "service_category": "Estética", 
            "service": "Higiene Facial Kobido Y Masaje Remonte", 
            "duration": 5400, 
            "price": "38 € ", 
            "description": "La técnica japonesa de masaje combina con la higiene facial. Este tratamiento específico permite de lucir una piel suave, hidratada, eliminando las líneas de expresión. La higiene facial incluye exfoliación y extracción de las impurezas. Además el masaje es un tratamiento de belleza hecho con hierbas naturales y aceites esenciales para la reactivación muscular y celular, más el peeling encimatico."
        }, 
        {
            "service_category": "Estética", 
            "service": "Lifting De Pestañas", 
            "duration": 3600, 
            "price": "32 € ", 
            "description": "Una mirada inolvidable se obtiene solo con el lifting de pestañas. Es un tratamiento que alarga desde la raíz, creando el efecto de mayor longitud y espesor sin añadir pelo. Es perfecta para cualquier tipología de pestañas porque se adapta a todos los pelos, incluso a los más cortitos. Tiene una duración aproximada entre 6 y 8 semanas, y se puede repetir en cualquier momento porque no daña las naturales."
        }, 
        {
            "service_category": "Estética", 
            "service": "Pedicura Podologica Spa", 
            "duration": 3600, 
            "price": "22 € ", 
            "description": "Lucir pies cuidados y bonitos nunca ha sido fácil gracias a la pedicura podológica spa del salón Claudio Buscema. Los productos utilizados son de las mejores marcas y el tratamiento incluye limado y retirada de cutículas, tratamiento de podología en base a lo que necesites, exfoliación, hidratación, masaje y mascarilla para nutrir tu piel y esmaltado del color que más guste."
        }, 
        {
            "service_category": "Estética", 
            "service": "Pedicura Podologica Spa Permanente", 
            "duration": 5400, 
            "price": "26 € ", 
            "description": "Los pies son importantes y tenemos que cuidarlos para nuestro bienestar. La pedicura podológica permite lucir unos pies bonitos y suaves e incluye limado y retirada de las cutículas, tratamiento de podología en base a lo que necesites, exfoliación, hidratación, masaje y mascarilla. Además el esmaltado permanente de la mejor marca."
        }, 
        {
            "service_category": "Estética", 
            "service": "Tinte De Pestañas", 
            "duration": 2700, 
            "price": "18 € ", 
            "description": "Para lucir pestañas maquilladas todos los días y a cualquier hora la solución perfecta es el tinte de pestañas. Con esta técnica se aplica color a las pestañas pelo a pelo según tu color natural y aporta volumen y longitud durante una media de tres semanas. Esta es el servicio específico para aportar color e intensidad a tu mirada."
        }, 
        {
            "service_category": "Manicura y Pedicura", 
            "service": "Manicura Con Esmaltado Normal", 
            "duration": 1800, 
            "price": "12 € ", 
            "description": "Para lucir manos cuidadas todo el día, el servicio perfecto es la manicura de Claudio Buscema. Este tratamiento de belleza incluye limado de uñas, retirada de cutículas, hidratación profunda, masaje para relajar las manos y esmaltado del color que más te guste."
        }, 
        {
            "service_category": "Manicura y Pedicura", 
            "service": "Manicura Permanente", 
            "duration": 2700, 
            "price": "17 € ", 
            "description": "Lucir manos cuidadas y bonitas durante semanas es fácil con la manicura permanente del centro Claudio Buscema. Este tratamiento de belleza incluye cortado y limado de uñas, retirada de cutículas, hidratación, masaje relajante y esmaltado permanente para una duración de más de 15 días. Trabajamos con las mejores marcas."
        }, 
        {
            "service_category": "Manicura y Pedicura", 
            "service": "Manicura Spa Vip", 
            "duration": 2700, 
            "price": "16 € ", 
            "description": "La manicura spa vip es el tratamiento de belleza perfecto para lucir manos bonitas y cuidadas. El servicio incluye limado y cortado de uñas, retirada de cutículas, exfoliación para eliminar las células muertas, mascarilla e hidratación profunda, masaje relajante para las manos y esmaltado del color que prefieras, siempre con marcas de gran calidad."
        }, 
        {
            "service_category": "Manicura y Pedicura", 
            "service": "Manicura Spa Vip Permanente", 
            "duration": 3600, 
            "price": "22 € ", 
            "description": "Las manos dicen mucho de una mujer y con la manicura spa-vip permanente del salón Claudio Buscema estarán impecables. El tratamiento de belleza para las manos incluye cortado y limado de las uñas, retirada de cutículas, exfoliación, mascarilla para una hidratación profunda, masaje relajante y esmaltado permanente del color que prefieras."
        }, 
        {
            "service_category": "Manicura y Pedicura", 
            "service": "Pedicura", 
            "duration": 2700, 
            "price": "17 € ", 
            "description": "Los pies merecen también atención y la pedicura es el ritual de belleza perfecto para dejar la piel suave y unas uñas cuidadas. El tratamiento incluye cortado y limado de las uñas, retirada de cutículas, eliminación de durezas, hidratación profunda y esmaltado normal del color que más guste y siempre de la mejor marca."
        }, 
        {
            "service_category": "Manicura y Pedicura", 
            "service": "Pedicura Permanente", 
            "duration": 3600, 
            "price": "22 € ", 
            "description": "Si el problema es conseguir unos pies esmaltados durante semanas, la solución ideal es la pedicura con esmaltado permanente. El servicio incluye limado de uñas, retirada de las cutículas, limado de las durezas para dejar una piel suave, hidratación y esmaltado permanente de la mano de las mejores marcas del mercado."
        }, 
        {
            "service_category": "Manicura y Pedicura", 
            "service": "Pedicura Podologica Spa", 
            "duration": 3600, 
            "price": "22 € ", 
            "description": "Lucir pies cuidados y bonitos nunca ha sido fácil gracias a la pedicura podológica spa del salón Claudio Buscema. Los productos utilizados son de las mejores marcas y el tratamiento incluye limado y retirada de cutículas, tratamiento de podología en base a lo que necesites, exfoliación, hidratación, masaje y mascarilla para nutrir tu piel y esmaltado del color que más guste."
        }, 
        {
            "service_category": "Manicura y Pedicura", 
            "service": "Pedicura Podologica Spa Permanente", 
            "duration": 5400, 
            "price": "26 € ", 
            "description": "Los pies son importantes y tenemos que cuidarlos para nuestro bienestar. La pedicura podológica permite lucir unos pies bonitos y suaves e incluye limado y retirada de las cutículas, tratamiento de podología en base a lo que necesites, exfoliación, hidratación, masaje y mascarilla. Además el esmaltado permanente de la mejor marca."
        }, 
        {
            "service_category": "Masaje", 
            "service": "Higiene Facial Kobido Y Masaje Remonte", 
            "duration": 5400, 
            "price": "38 € ", 
            "description": "La técnica japonesa de masaje combina con la higiene facial. Este tratamiento específico permite de lucir una piel suave, hidratada, eliminando las líneas de expresión. La higiene facial incluye exfoliación y extracción de las impurezas. Además el masaje es un tratamiento de belleza hecho con hierbas naturales y aceites esenciales para la reactivación muscular y celular, más el peeling encimatico."
        }, 
        {
            "service_category": "Masaje", 
            "service": "Masaje Relajante Y Descontracturantes 40 Min", 
            "duration": 2700, 
            "price": "28 € ", 
            "description": "Desconectar durante 40 minutos es posible con un masaje relajante y descontracturante. El servicio permite una sesión de masaje para ayudar el cuerpo a aliviar las contracturas musculares, liberando las tensiones acumuladas y el estrés. Además la masajista utilizará aceites esenciales para relajar los tejidos y activar una sensación de bienestar y paz."
        }, 
        {
            "service_category": "Depilación", 
            "service": "Depilación Cejas", 
            "duration": 900, 
            "price": "6 € ", 
            "description": "La depilación de cejas es el tratamiento perfecto para lucir una mirada cuidada y personalizada. Con la cera definimos las líneas de la cejas, dejando una piel suave e hidratada gracias al uso de ceras de la máxima calidad. Estás en manos de profesionales altamente cualificados."
        }, 
        {
            "service_category": "Depilación", 
            "service": "Depilación Ingles", 
            "duration": 900, 
            "price": "6 € ", 
            "description": "Si quieres eliminar el vello molesto desde la raíz, el servicio perfecto es la depilación con cera para la zona de las ingles. Los productos utilizados son de la máxima calidad y permiten de lucir una piel suave e hidratada durante semanas. El servicio no incluye la depilación en la zona completa."
        }, 
        {
            "service_category": "Depilación", 
            "service": "Depilación Ingles Brasileña", 
            "duration": 900, 
            "price": "12 € ", 
            "description": "Para cualquier temporada, la depilación de la zona ingles de estilo brasileño es la solución perfecta. Los profesionales del centro Claudio Buscema te ayudarán a elegir la tipología de depilación que más te guste y te dejarán una piel cuidada y sedosa."
        }, 
        {
            "service_category": "Depilación", 
            "service": "Depilación Ingles Integral", 
            "duration": 900, 
            "price": "16 € ", 
            "description": "La depilación ingles integrales es un servicio específico para lucir una piel suave y sedosa durante semanas. Olvidarse del vello molesto ahora es fácil con esta tipología de depilación tradicional con cera. Al finalizar el servicio, la esteticista aplica una crema calmante para evitar irritaciones."
        }, 
        {
            "service_category": "Depilación", 
            "service": "Depilación Medias Piernas", 
            "duration": 1800, 
            "price": "10 € ", 
            "description": "En cualquiera temporada del año y para practicar deporte, la depilación de la piernas son la solución perfecta. Este servicio incluye la eliminación del vello desde la raíz en la zona de las medias piernas. Para lucir una piel suave, sedosa e hidratada se aplica una crema post depilación."
        }, 
        {
            "service_category": "Depilación", 
            "service": "Depilación Piernas Enteras", 
            "duration": 1800, 
            "price": "16 € ", 
            "description": "Cada vez que necesitamos una piel suave y lisa y no queremos utilizar las cuchillas, la solución perfecta es la depilación con cera. Este tratamiento permite la eliminación del vello molesto desde la raíz durante semanas. El servicio se refiere a la zona de las piernas enteras."
        }, 
        {
            "service_category": null, 
            "service": "Tratamiento De Keratina Media Melena", 
            "duration": 7200, 
            "price": "130 € ", 
            "description": "Este tratamiento capilar se realiza con keratina de origen natural, vitaminas y aceite de argán. Es ideal para hidratar y reestructurar en profundidad el pelo, aportando un brillo extremo y reduciendo el encrespamiento. Además, permite alisar el pelo o mantener el rizo o la ondulación, según se desee. Los resultados se mantienen durante 3 o 4 meses. El servicio incluye el tratamiento de keratina, lavado y peinado. Válido para media melena."
        }, 
        {
            "service_category": null, 
            "service": "Tratamiento De Keratina Pelo Corto", 
            "duration": 7200, 
            "price": "110 € ", 
            "description": "La keratina utilizada en este tratamiento tiene un origen natural y se utiliza para hidratar y reestructurar en profundidad el pelo, aportando un brillo extremo y reduciendo el encrespamiento. Su compuesto rico en vitaminas y aceite de argán permite alisar el pelo o mantener el rizo o la ondulación, según se desee. Los resultados se mantienen durante 3 o 4 meses. El servicio incluye el tratamiento de keratina, lavado y peinado. Válido para pelo corto."
        }, 
        {
            "service_category": null, 
            "service": "Tratamiento De Keratina Pelo Extralargo", 
            "duration": 10800, 
            "price": "160 € ", 
            "description": "Completo tratamiento de keratina natural, vitaminas y aceite de argán, pensado para alisar el pelo o mantener el rizo o la ondulación, según se desee, pero con un brillo extremo y una hidratación extra. Además, con él se reestructura el pelo en profundidad y reduce el encrespamiento. Los resultados se mantienen durante 3 o 4 meses. El servicio incluye el tratamiento de keratina, lavado y peinado. Válido para pelo extralargo."
        }, 
        {
            "service_category": null, 
            "service": "Tratamiento De Keratina Pelo Largo", 
            "duration": 10800, 
            "price": "150 € ", 
            "description": "Servicio pensado para alisar el pelo o mantener el rizo o la ondulación, según se desee, pero con un brillo extremo y una hidratación extra. Además, reestructurar el pelo en profundidad y reduce el encrespamiento. Para ello se utiliza cosméticos capilares ricos en vitaminas, keratina natural y aceite de argán. Los resultados se mantienen durante 3 o 4 meses. El servicio incluye el tratamiento de keratina, lavado y peinado. Válido para pelo largo."
        }
    ]
}