{
    "adid": null, 
    "name": "Gloria", 
    "name_of_contact": "Gloria", 
    "scrape_page": "https://www.bucmi.com/gloria", 
    "business_website": "https://www.bucmi.com/gloria", 
    "areas_covered": null, 
    "description": "Somos un Centro de peluquería y estética ubicado en Moratalaz, Madrid. Disfruta de los mejores cortes de pelo, tratamiento capilares, peinados, manicuras y pedicuras. En Gloria Peluqueros disfrutarás de un trato cercano y de un servicio de calidad.", 
    "img_link": [
        "https://d1nd15w2k87kz0.cloudfront.net/Uploads/635969210969733504.jpg", 
        "https://d1nd15w2k87kz0.cloudfront.net/Uploads/635969210971973452.jpg", 
        "https://d1nd15w2k87kz0.cloudfront.net/Uploads/635969210972103448.jpg", 
        "https://d1nd15w2k87kz0.cloudfront.net/Uploads/635969210972863434.jpg", 
        "https://d1nd15w2k87kz0.cloudfront.net/Uploads/635969210971253458.jpg", 
        "https://d1nd15w2k87kz0.cloudfront.net/Uploads/635969210974163504.jpg", 
        "https://d1nd15w2k87kz0.cloudfront.net/Uploads/635969210973693169.jpg"
    ], 
    "hqdb_featured_ad_type": "Featured", 
    "hqdb_nr_reviews": "6", 
    "hqdb_review_score": "7,8", 
    "accreditations": null, 
    "category": null, 
    "subcategory": null, 
    "street": "C/ Baeza, 11", 
    "city": "Madrid", 
    "zipcode": "28030", 
    "formatted_address": "C/ Baeza, 11, Madrid, 28030", 
    "country": "es", 
    "office_number": "914302204", 
    "office_number2": null, 
    "mobile_number": null, 
    "mobile_number2": null, 
    "unidentified_phone_numbers": null, 
    "latitude": "40.4095013000", 
    "longitude": "-3.6423789000", 
    "business_email": null, 
    "yelp_page": null, 
    "facebook": null, 
    "twitter": null, 
    "instagram": null, 
    "venue_images": "https://d1nd15w2k87kz0.cloudfront.net/Logotipos/635969250617509769.jpg", 
    "opening_hours_raw": null, 
    "pricelist_link": null, 
    "services": [
        {
            "service_category": "Preferente", 
            "service": "Corte De Pelo Para Hombre", 
            "duration": 1800, 
            "price": "9 € ", 
            "description": "Te cortamos el pelo y, además, nuestros peluqueros te asesorarán en las últimas tendencias de cortes de pelo para hombre. El servicio incluye lavado, corte de pelo y peinado. Confía en nuestros expertos estilistas de Gloria y luce un look moderno, adecuado a tus facciones y a tu estilo. ¿A qué estás esperando para hacer tu reserva online? De un solo clic gracias a Bucmi.com."
        }, 
        {
            "service_category": "Preferente", 
            "service": "Corte De Pelo Para Mujer", 
            "duration": 1800, 
            "price": "10 € ", 
            "description": "Te cortamos en el pelo en Gloria Peluqueros. El servicio incluye lavado con champú, corte de pelo pero no incluye ni secado ni peinado definido de la melena. Confía en nuestros expertos estilistas de Gloria y luce un look moderno, adecuado a tus facciones y a tu estilo. ¿A qué estás esperando para hacer tu reserva online? De un solo clic gracias a Bucmi.com."
        }, 
        {
            "service_category": "Preferente", 
            "service": "Manicura Permanente", 
            "duration": 2700, 
            "price": "15 € ", 
            "description": "Si reservas ahora con nosotras disfrutarás de las uñas más duraderas con el color que más te guste o francesa. Limamos, retiramos las cutículas, hidratamos y esmaltamos. ¡No te puedes quedar sin probar la manicura de moda! Ponte en las manos de nuestros expertos esteticistas de Gloria y presume de unas uñas estupendas y perfectamente maquilladas gracias a los años de experiencia que nos avalan. Reserva de un clic con Bucmi.com."
        }, 
        {
            "service_category": "Preferente", 
            "service": "Mechas Californianas Pelo Corto", 
            "duration": 3600, 
            "price": "25 € ", 
            "description": "¿Te apetece lucir unas mechas californianas en tu pelo? ¡Reserva ya! En nuestro centro te realizaremos esta técnica de mechas de moda, siempre contando con tu opinión y gusto. El servicio incluye las mechas de tendencia y el lavado de la melena con champú pero no el peinado ni el secado del cabello. Confía en nuestros expertos estilistas de Gloria y luce un look moderno, adecuado a tus facciones y a tu estilo. ¿A qué estás esperando para hacer tu reserva online? De un solo clic gracias a Bucmi.com."
        }, 
        {
            "service_category": "Preferente", 
            "service": "Mechas, Matiz Y Peinado Para Pelo Corto", 
            "duration": 5400, 
            "price": "45 € ", 
            "description": "¡Aprovecha nuestra oferta! Disfruta de un pack completo de mechas, matiz y peinado para pelo corto. Nuestras expertas peluqueras te dejarán preciosa. El servicio incluye unas mechas de tendencia, el matiz para perfeccionar el tono, lavado con champú y por último el peinado del pelo. ¡Saldrás perfecta de nuestro salón!"
        }, 
        {
            "service_category": "Preferente", 
            "service": "Mechas, Matiz Y Peinado Para Pelo Largo O Medio", 
            "duration": 5400, 
            "price": "50 € ", 
            "description": "¡Aprovecha este pack que te ofrecemos! Te hacemos mechas, matiz y peinado con esta maravillosa oferta. Saldrás con un pelo perfecto de nuestra peluquería. El servicio incluye unas mechas de tendencia, el matiz para perfeccionar el tono, lavado con champú y por último el peinado del pelo. ¡Saldrás perfecta de nuestro salón!"
        }, 
        {
            "service_category": "Preferente", 
            "service": "Pedicura Permanente", 
            "duration": 2700, 
            "price": "25 € ", 
            "description": "Si quieres lucir unos pies arreglados, necesitas reservar este servicio. Disfrutarás de una pedicura completa con esmaltado permanente para que te dure mucho más tiempo. Ponte en las manos de nuestros expertos esteticistas de Gloria y presume de unas uñas estupendas y perfectamente maquilladas gracias a los años de experiencia que nos avalan. Reserva de un clic con Bucmi.com."
        }, 
        {
            "service_category": "Peluquería", 
            "service": "Corte De Pelo, Peinado Pelo Corto Y Bótox Capilar", 
            "duration": 5400, 
            "price": "40 € ", 
            "description": "Servicio para pelo corto (mujer). Cortamos el pelo, te peinamos como más te guste y te realizamos un tratamiento de bótox capilar para aumentar el brillo de tu melena, además conseguirás un pelo, nutrido, hidratado y cuidado. Confía en nuestros expertos estilistas de Gloria y consigue un look estupendo gracias a este completo pack de belleza para tu melena. Haz tu reserva con Bucmi.com y no te arrepentirás del resultado."
        }, 
        {
            "service_category": "Peluquería", 
            "service": "Corte De Pelo, Peinado Pelo Largo Y Bótox Capilar", 
            "duration": 5400, 
            "price": "60 € ", 
            "description": "Servicio para pelo corto (mujer). Cortamos el pelo, te peinamos como más te guste y te realizamos un tratamiento de bótox capilar para aumentar el brillo de tu melena, además conseguirás un pelo, nutrido, hidratado y cuidado. Confía en nuestros expertos estilistas de Gloria y consigue un look estupendo gracias a este completo pack de belleza para tu melena. Haz tu reserva con Bucmi.com y no te arrepentirás del resultado."
        }, 
        {
            "service_category": "Peluquería", 
            "service": "Color Raíz", 
            "duration": 3600, 
            "price": "22 € ", 
            "description": "Consigue el color que quieres para la raíz y desde Gloria Peluqueros te ayudaremos y asesoraremos con lo que necesites. El servicio incluye color en raíz, lavado con champú y crema pero no incluye el secado ni el peinado de la melena. Unifica el color de tu melena para que vuelva a lucir brillante y llena de brillo, cubriendo las raíces que empiezan a asomar en tu melena."
        }, 
        {
            "service_category": "Peluquería", 
            "service": "Color Y Peinado Pelo Corto", 
            "duration": 3600, 
            "price": "32 € ", 
            "description": "¡Cambia de look o encuentra el color que siempre quisiste con nosotros! Te asesoraremos en todo lo que necesites, atiendo siempre a tus gustos. El servicio incluye color, lavado con champú y peinado. Servicio para pelo corto. Consigue un color uniforme, asesorado por nuestros estilistas de Gloria, y no te arrepentirás del resultado. No lo dudes más y haz tu reserva gracias a Bucmi.com."
        }, 
        {
            "service_category": "Peluquería", 
            "service": "Color Y Peinado Pelo Largo", 
            "duration": 5400, 
            "price": "37 € ", 
            "description": "¡Cambia de look o encuentra el color que siempre quisiste con nosotros! Te asesoraremos en todo lo que necesites, atiendo siempre a tus gustos. El servicio incluye color, lavado con champú y peinado. Servicio para pelo corto. Consigue un color uniforme, asesorado por nuestros estilistas de Gloria, y no te arrepentirás del resultado. No lo dudes más y haz tu reserva gracias a Bucmi.com."
        }, 
        {
            "service_category": "Peluquería", 
            "service": "Corte De Pelo Para Hombre", 
            "duration": 1800, 
            "price": "9 € ", 
            "description": "Te cortamos el pelo y, además, nuestros peluqueros te asesorarán en las últimas tendencias de cortes de pelo para hombre. El servicio incluye lavado, corte de pelo y peinado. Confía en nuestros expertos estilistas de Gloria y luce un look moderno, adecuado a tus facciones y a tu estilo. ¿A qué estás esperando para hacer tu reserva online? De un solo clic gracias a Bucmi.com."
        }, 
        {
            "service_category": "Peluquería", 
            "service": "Corte De Pelo Para Mujer", 
            "duration": 1800, 
            "price": "10 € ", 
            "description": "Te cortamos en el pelo en Gloria Peluqueros. El servicio incluye lavado con champú, corte de pelo pero no incluye ni secado ni peinado definido de la melena. Confía en nuestros expertos estilistas de Gloria y luce un look moderno, adecuado a tus facciones y a tu estilo. ¿A qué estás esperando para hacer tu reserva online? De un solo clic gracias a Bucmi.com."
        }, 
        {
            "service_category": "Peluquería", 
            "service": "Corte Mujer Y Peinado Pelo Corto", 
            "duration": 2700, 
            "price": "20 € ", 
            "description": "Te cortamos en el pelo en Gloria Peluqueros. El servicio incluye lavado con champú, corte de pelo de tendencia y el peinado definido del cabello. Confía en nuestros expertos estilistas de Gloria y luce un look moderno, adecuado a tus facciones y a tu estilo. ¿A qué estás esperando para hacer tu reserva online? De un solo clic gracias a Bucmi.com."
        }, 
        {
            "service_category": "Peluquería", 
            "service": "Corte Mujer Y Peinado Pelo Largo", 
            "duration": 2700, 
            "price": "25 € ", 
            "description": "Te cortamos en el pelo en Gloria Peluqueros. El servicio incluye lavado con champú, corte de pelo de tendencia y el peinado definido del cabello. Confía en nuestros expertos estilistas de Gloria y luce un look moderno, adecuado a tus facciones y a tu estilo. ¿A qué estás esperando para hacer tu reserva online? De un solo clic gracias a Bucmi.com."
        }, 
        {
            "service_category": "Peluquería", 
            "service": "Lavar Y Peinado Pelo Corto", 
            "duration": 1800, 
            "price": "10 € ", 
            "description": "Si tienes un evento especial al que te apetece ir guapa, o simplemente darte un capricho y verte con un look diferente por un día, reserva en nuestro centro de Gloria este servicio de siempre que incluye el lavado con champú y el peinado definido de la melena. Consulta posible suplementos para peinados muy elaborados. No incluye recogidos ni semirecogidos."
        }, 
        {
            "service_category": "Peluquería", 
            "service": "Lavar Y Peinado Pelo Largo", 
            "duration": 2700, 
            "price": "15 € ", 
            "description": "Si tienes un evento especial al que te apetece ir guapa, o simplemente darte un capricho y verte con un look diferente por un día, reserva en nuestro centro de Gloria este servicio de siempre que incluye el lavado con champú y el peinado definido de la melena. Consulta posible suplementos para peinados muy elaborados. No incluye recogidos ni semirecogidos."
        }, 
        {
            "service_category": "Peluquería", 
            "service": "Mechas Californianas Pelo Corto", 
            "duration": 3600, 
            "price": "25 € ", 
            "description": "¿Te apetece lucir unas mechas californianas en tu pelo? ¡Reserva ya! En nuestro centro te realizaremos esta técnica de mechas de moda, siempre contando con tu opinión y gusto. El servicio incluye las mechas de tendencia y el lavado de la melena con champú pero no el peinado ni el secado del cabello. Confía en nuestros expertos estilistas de Gloria y luce un look moderno, adecuado a tus facciones y a tu estilo. ¿A qué estás esperando para hacer tu reserva online? De un solo clic gracias a Bucmi.com."
        }, 
        {
            "service_category": "Peluquería", 
            "service": "Mechas Californianas Pelo Largo", 
            "duration": 5400, 
            "price": "40 € ", 
            "description": "¿Te apetece lucir unas mechas californianas en tu pelo? ¡Reserva ya! En nuestro centro te realizaremos esta técnica de mechas de moda, siempre contando con tu opinión y gusto. El servicio incluye las mechas de tendencia y el lavado de la melena con champú pero no el peinado ni el secado del cabello. Confía en nuestros expertos estilistas de Gloria y luce un look moderno, adecuado a tus facciones y a tu estilo. ¿A qué estás esperando para hacer tu reserva online? De un solo clic gracias a Bucmi.com."
        }, 
        {
            "service_category": "Peluquería", 
            "service": "Mechas Californianas Y Peinado Pelo Corto", 
            "duration": 7200, 
            "price": "35 € ", 
            "description": "¿Te apetece lucir unas mechas californianas en tu pelo? ¡Reserva ya! En nuestro centro te realizaremos esta técnica de mechas de moda, siempre contando con tu opinión y gusto. El servicio incluye las mechas de tendencia y el lavado de la melena con champú y el peinado y del cabello. Confía en nuestros expertos estilistas de Gloria y luce un look moderno, adecuado a tus facciones y a tu estilo. ¿A qué estás esperando para hacer tu reserva online? De un solo clic gracias a Bucmi.com."
        }, 
        {
            "service_category": "Peluquería", 
            "service": "Mechas Californianas Y Peinado Pelo Largo", 
            "duration": 7200, 
            "price": "55 € ", 
            "description": "¿Te apetece lucir unas mechas californianas en tu pelo? ¡Reserva ya! En nuestro centro te realizaremos esta técnica de mechas de moda, siempre contando con tu opinión y gusto. El servicio incluye las mechas de tendencia y el lavado de la melena con champú y el peinado y del cabello. Confía en nuestros expertos estilistas de Gloria y luce un look moderno, adecuado a tus facciones y a tu estilo. ¿A qué estás esperando para hacer tu reserva online? De un solo clic gracias a Bucmi.com."
        }, 
        {
            "service_category": "Peluquería", 
            "service": "Mechas Y Matiz Pelo Corto", 
            "duration": 3600, 
            "price": "35 € ", 
            "description": "Ven a nuestra peluquería y nuestros profesionales te realizarán las mechas que siempre has deseado tener en tu pelo.¡Reserva ya! Te encantará. El servicio incluye las mechas tradicionales, matiz para que el color quede definido, lavado con champú. No incluye el peinado definido de la melena ni el secado. Haz ya tu reserva online y no te arrepentirás de haber reservado. Haz clic con Bucmi.com."
        }, 
        {
            "service_category": "Peluquería", 
            "service": "Mechas Y Matiz Pelo Largo", 
            "duration": 3600, 
            "price": "40 € ", 
            "description": "Ven a nuestra peluquería y nuestros profesionales te realizarán las mechas que siempre has deseado tener en tu pelo.¡Reserva ya! Te encantará. El servicio incluye las mechas tradicionales, matiz para que el color quede definido, lavado con champú. No incluye el peinado definido de la melena ni el secado. Haz ya tu reserva online y no te arrepentirás de haber reservado. Haz clic con Bucmi.com."
        }, 
        {
            "service_category": "Peluquería", 
            "service": "Mechas, Matiz Y Peinado Para Pelo Corto", 
            "duration": 5400, 
            "price": "45 € ", 
            "description": "¡Aprovecha nuestra oferta! Disfruta de un pack completo de mechas, matiz y peinado para pelo corto. Nuestras expertas peluqueras te dejarán preciosa. El servicio incluye unas mechas de tendencia, el matiz para perfeccionar el tono, lavado con champú y por último el peinado del pelo. ¡Saldrás perfecta de nuestro salón!"
        }, 
        {
            "service_category": "Peluquería", 
            "service": "Mechas, Matiz Y Peinado Para Pelo Largo O Medio", 
            "duration": 5400, 
            "price": "50 € ", 
            "description": "¡Aprovecha este pack que te ofrecemos! Te hacemos mechas, matiz y peinado con esta maravillosa oferta. Saldrás con un pelo perfecto de nuestra peluquería. El servicio incluye unas mechas de tendencia, el matiz para perfeccionar el tono, lavado con champú y por último el peinado del pelo. ¡Saldrás perfecta de nuestro salón!"
        }, 
        {
            "service_category": "Peluquería", 
            "service": "Mechas, Matiz Y Peinado Pelo Corto", 
            "duration": 7200, 
            "price": "45 € ", 
            "description": "Ven a nuestra peluquería y nuestros profesionales te realizarán las mechas que siempre has deseado tener en tu pelo.¡Reserva ya! Te encantará. El servicio incluye las mechas tradicionales, matiz para que el color quede definido, lavado con champú. Además, incluye el peinado definido de la melena ni el secado. Haz ya tu reserva online y no te arrepentirás de haber reservado. Haz clic con Bucmi.com."
        }, 
        {
            "service_category": "Peluquería", 
            "service": "Mechas, Matiz Y Peinado Pelo Largo", 
            "duration": 7200, 
            "price": "55 € ", 
            "description": "Ven a nuestra peluquería y nuestros profesionales te realizarán las mechas que siempre has deseado tener en tu pelo.¡Reserva ya! Te encantará. El servicio incluye las mechas tradicionales, matiz para que el color quede definido, lavado con champú. Además, incluye el peinado definido de la melena ni el secado. Haz ya tu reserva online y no te arrepentirás de haber reservado. Haz clic con Bucmi.com."
        }, 
        {
            "service_category": "Manicura y Pedicura", 
            "service": "Manicura Completa", 
            "duration": 1800, 
            "price": "10 € ", 
            "description": "Si reservas este servicio podrás disfrutar de una manicura completa que incluye: limado, retirada de cutículas, hidratación y esmaltado con el color que más te guste o manicura francesa. Te dejaremos unas manos perfectas. No esperes más y haz tu reserva online en nuestro salón de Gloria y presume de unas manos bonitas y de aspecto cuidado."
        }, 
        {
            "service_category": "Manicura y Pedicura", 
            "service": "Manicura Permanente", 
            "duration": 2700, 
            "price": "15 € ", 
            "description": "Si reservas ahora con nosotras disfrutarás de las uñas más duraderas con el color que más te guste o francesa. Limamos, retiramos las cutículas, hidratamos y esmaltamos. ¡No te puedes quedar sin probar la manicura de moda! Ponte en las manos de nuestros expertos esteticistas de Gloria y presume de unas uñas estupendas y perfectamente maquilladas gracias a los años de experiencia que nos avalan. Reserva de un clic con Bucmi.com."
        }, 
        {
            "service_category": "Manicura y Pedicura", 
            "service": "Pedicura Completa", 
            "duration": 1800, 
            "price": "20 € ", 
            "description": "Si no eres fan del esmaltado permanente, puedes reservar este servicio para que nuestras profesionales te dejen unos pies bonitos y cuidados. Incluye esmaltado NO permanente. ¡Reserva ya y lucirás unos pies perfectos! Ponte en las manos de nuestros expertos esteticistas de Gloria y presume de unas uñas estupendas y perfectamente maquilladas gracias a los años de experiencia que nos avalan. Reserva de un clic con Bucmi.com."
        }, 
        {
            "service_category": "Manicura y Pedicura", 
            "service": "Pedicura Permanente", 
            "duration": 2700, 
            "price": "25 € ", 
            "description": "Si quieres lucir unos pies arreglados, necesitas reservar este servicio. Disfrutarás de una pedicura completa con esmaltado permanente para que te dure mucho más tiempo. Ponte en las manos de nuestros expertos esteticistas de Gloria y presume de unas uñas estupendas y perfectamente maquilladas gracias a los años de experiencia que nos avalan. Reserva de un clic con Bucmi.com."
        }
    ]
}