{
    "adid": null, 
    "name": "Chelo 10", 
    "name_of_contact": "Chelo 10", 
    "scrape_page": "https://www.bucmi.com/chelo10", 
    "business_website": "https://www.bucmi.com/chelo10", 
    "areas_covered": null, 
    "description": "Salón de Belleza en pleno barrio de Chamberí (Madrid), encontrarás Chelo 10, peluquería y estética con experiencia en el sector y en continua formación de sus peluqueros y estilistas profesionales. Ven a conocernos, ¡no te arrepentirás!", 
    "img_link": [
        "https://d1nd15w2k87kz0.cloudfront.net/Uploads/635841499640687959.jpg", 
        "https://d1nd15w2k87kz0.cloudfront.net/Uploads/635841499662875329.jpg", 
        "https://d1nd15w2k87kz0.cloudfront.net/Uploads/635841499673500012.jpg", 
        "https://d1nd15w2k87kz0.cloudfront.net/Uploads/635841499694749948.jpg"
    ], 
    "hqdb_featured_ad_type": "Featured", 
    "hqdb_nr_reviews": "2", 
    "hqdb_review_score": "7,0", 
    "accreditations": null, 
    "category": null, 
    "subcategory": null, 
    "street": null, 
    "city": "Madrid", 
    "zipcode": "Madrid", 
    "formatted_address": "Madrid, 28005, Madrid, Madrid", 
    "country": "es", 
    "office_number": "915353659", 
    "office_number2": null, 
    "mobile_number": null, 
    "mobile_number2": null, 
    "unidentified_phone_numbers": null, 
    "latitude": "40.4418593000", 
    "longitude": "-3.7117805999", 
    "business_email": null, 
    "yelp_page": null, 
    "facebook": null, 
    "twitter": null, 
    "instagram": null, 
    "venue_images": "https://d1nd15w2k87kz0.cloudfront.net/Logotipos/636147415128942853.jpg", 
    "opening_hours_raw": null, 
    "pricelist_link": null, 
    "services": [
        {
            "service_category": "Preferente", 
            "service": "Corte Hombre", 
            "duration": 900, 
            "price": "10 € ", 
            "description": "El servicio incluye el lavado del pelo con champú neutro y el peinado que más te guste, utilizamos los productos de acabado adecuados para que salgas perfecto de nuestra peluquería Chelo 10. ¡Te encantará el resultado!"
        }, 
        {
            "service_category": "Preferente", 
            "service": "Corte De Pelo Mujer", 
            "duration": 1800, 
            "price": "11 € ", 
            "description": "El servicio incluye el lavado del pelo con champú neutro, la hidratación para tu melena y por último el corte que más te guste y que más vaya contigo. No incluye el peinado. ¡Reserva ya online!"
        }, 
        {
            "service_category": "Preferente", 
            "service": "Arreglo De Barba", 
            "duration": 900, 
            "price": "10 € ", 
            "description": "El servicio incluye el afeitado clásico o de actualidad por parte de nuestros peluqueros profesionales y los productos de acabado para salir de la peluquería perfectamente. Reserva ya tu cita online."
        }, 
        {
            "service_category": "Peluquería", 
            "service": "Ampolla Color", 
            "duration": 1800, 
            "price": "4 € ", 
            "description": "El servicio incluye una sesión de peluquería en la que se te aplicará una ampolla para el pelo en nuestra peluquería Chelo 10, para el cuidado nutricional del color de tu pelo, en el caso de tinte."
        }, 
        {
            "service_category": "Peluquería", 
            "service": "Bicolor", 
            "duration": 2700, 
            "price": "30 € ", 
            "description": "El servicio incluye una sesión de peluquería en nuestro salón Chelo 10, en la que gracias a este servicio podrás disfrutar de una coloración bicolor. Podrás elegir los colores que más vayan contigo."
        }, 
        {
            "service_category": "Peluquería", 
            "service": "Color", 
            "duration": 2700, 
            "price": "25 € ", 
            "description": "Gracias a este servicio de color, podrás unificar el tono de tu cabello. El servicio incluye el lavado del pelo con champú neutro, la hidratación, el tinte en la tonalidad que más te guste y que vaya contigo. ¡Ponte en manos de nuestros peluqueros!"
        }, 
        {
            "service_category": "Peluquería", 
            "service": "Color Raíz Y Corte", 
            "duration": 5400, 
            "price": "36 € ", 
            "description": "¿Necesitas mejorar el aspecto de tu cabello? ¡Reserva este servicio! Incluye el color en la raíz y el corte de pelo para mujer. Los lunes, te regalamos el corte. Incluye el color, el lavado del pelo y por último el corte para salir perfecta. No incluye el peinado."
        }, 
        {
            "service_category": "Peluquería", 
            "service": "Corte De Pelo Niño", 
            "duration": 900, 
            "price": "9 € ", 
            "description": "El servicio incluye una sesión de peluquería para los más peques, en la que se realizará el corte de pelo al gusto de él/ella, de los papis y siempre aconsejado por nuestros profesionales."
        }, 
        {
            "service_category": "Peluquería", 
            "service": "Corte Flequillo", 
            "duration": 900, 
            "price": "5 € ", 
            "description": "En el servicio está incluida una sesión de peluquería para la realización del corte exclusivamente del flequillo, siempre a tu gusto y aconsejado por nuestros peluqueros profesionales."
        }, 
        {
            "service_category": "Peluquería", 
            "service": "Corte Hombre", 
            "duration": 900, 
            "price": "10 € ", 
            "description": "El servicio incluye el lavado del pelo con champú neutro y el peinado que más te guste, utilizamos los productos de acabado adecuados para que salgas perfecto de nuestra peluquería Chelo 10. ¡Te encantará el resultado!"
        }, 
        {
            "service_category": "Peluquería", 
            "service": "Mechas A Peine", 
            "duration": 2700, 
            "price": "30 € ", 
            "description": "El servicio incluye una sesión de peluquería para la aplicación del color patch en nuestro centro de peluquería Chelo 10. Está técnica consiste en realizar mechas con peine. Ahorra tiempo y reserva ya tu cita online a través de nuestro perfil."
        }, 
        {
            "service_category": "Peluquería", 
            "service": "Mechas Plata Media Melena", 
            "duration": 3600, 
            "price": "50 € ", 
            "description": "En el servicio está incluido una sesión de peluquería en nuestro centro de peluquería Chelo 10, en la que se realizará una aplicación de mechas tradicionales con plata. ¡Reserva tu cita online!"
        }, 
        {
            "service_category": "Peluquería", 
            "service": "Mechas Plata Pelo Corto", 
            "duration": 3600, 
            "price": "40 € ", 
            "description": "En el servicio está incluido una sesión de peluquería para la realización y aplicación de las mechas tradicionales con plata. Podrás escoger el color de mechas que más vaya contigo."
        }, 
        {
            "service_category": "Peluquería", 
            "service": "Peinado Largo", 
            "duration": 2700, 
            "price": "15 € ", 
            "description": "El servicio incluye una sesión de peluquería para el peinado en pelo largo asesorado siempre por nuestros peluqueros y estilistas profesionales. El servicio no incluye lavado. ¡Reserva online!"
        }, 
        {
            "service_category": "Peluquería", 
            "service": "Peinado Media Melena", 
            "duration": 1800, 
            "price": "13 € ", 
            "description": "¿Necesitas un peinado perfecto? ¡Reserva ahora! El servicio incluye el peinado asesorado por nuestros peluqueros profesionales en nuestro salón de belleza Chelo 10. No incluye lavado del pelo. Ahorra tiempo y reserva ya tu cita online."
        }, 
        {
            "service_category": "Peluquería", 
            "service": "Peinado Pelo Corto", 
            "duration": 1800, 
            "price": "11 € ", 
            "description": "Este servicio consiste en un peinado en pelo corto asesorado por nuestros peluqueros y estilistas profesionales en nuestro salón de belleza Chelo 10. El servicio no incluye lavado."
        }, 
        {
            "service_category": "Peluquería", 
            "service": "Permanente En Media Melena", 
            "duration": 3600, 
            "price": "50 € ", 
            "description": "Gracias a este servicio, podrás disfrutar de una sesión de peluquería en la que se te realizará una permanente en tu pelo de media melena. Ahorra tiempo y reserva ya tu cita online a través de Bucmi."
        }, 
        {
            "service_category": "Peluquería", 
            "service": "Permanente Pelo Corto", 
            "duration": 3600, 
            "price": "40 € ", 
            "description": "¿Te gustaría lucir siempre un cabello rizado? ¡Reserva este servicio! Incluye una sesión de peluquería en la que se realizará una permanente en el pelo, indicado para longitud de pelo corto. En caso de tener un largo superior, se cobrará un suplemento en el salón. Ahorra tiempo y reserva online."
        }, 
        {
            "service_category": "Peluquería", 
            "service": "Permanente Pelo Largo", 
            "duration": 3600, 
            "price": "60 € ", 
            "description": "¡Luce un pelo perfectamente rizado! ¡Reserva ahora! En este servicio está incluido una sesión de peluquería para la realización de una permanente en una melena de longitud larga. Ahorra tiempo y reserva tu cita online en nuestro centro."
        }, 
        {
            "service_category": "Peluquería", 
            "service": "Corte De Pelo Mujer", 
            "duration": 1800, 
            "price": "11 € ", 
            "description": "El servicio incluye el lavado del pelo con champú neutro, la hidratación para tu melena y por último el corte que más te guste y que más vaya contigo. No incluye el peinado. ¡Reserva ya online!"
        }, 
        {
            "service_category": "Peluquería", 
            "service": "Arreglo De Barba", 
            "duration": 900, 
            "price": "10 € ", 
            "description": "El servicio incluye el afeitado clásico o de actualidad por parte de nuestros peluqueros profesionales y los productos de acabado para salir de la peluquería perfectamente. Reserva ya tu cita online."
        }, 
        {
            "service_category": "Estética", 
            "service": "Ampolla Color", 
            "duration": 1800, 
            "price": "4 € ", 
            "description": "El servicio incluye una sesión de peluquería en la que se te aplicará una ampolla para el pelo en nuestra peluquería Chelo 10, para el cuidado nutricional del color de tu pelo, en el caso de tinte."
        }, 
        {
            "service_category": "Estética", 
            "service": "Bicolor", 
            "duration": 2700, 
            "price": "30 € ", 
            "description": "El servicio incluye una sesión de peluquería en nuestro salón Chelo 10, en la que gracias a este servicio podrás disfrutar de una coloración bicolor. Podrás elegir los colores que más vayan contigo."
        }, 
        {
            "service_category": "Manicura y Pedicura", 
            "service": "Ampolla Color", 
            "duration": 1800, 
            "price": "4 € ", 
            "description": "El servicio incluye una sesión de peluquería en la que se te aplicará una ampolla para el pelo en nuestra peluquería Chelo 10, para el cuidado nutricional del color de tu pelo, en el caso de tinte."
        }, 
        {
            "service_category": "Depilación", 
            "service": "Ampolla Color", 
            "duration": 1800, 
            "price": "4 € ", 
            "description": "El servicio incluye una sesión de peluquería en la que se te aplicará una ampolla para el pelo en nuestra peluquería Chelo 10, para el cuidado nutricional del color de tu pelo, en el caso de tinte."
        }, 
        {
            "service_category": "Depilación", 
            "service": "Bicolor", 
            "duration": 2700, 
            "price": "30 € ", 
            "description": "El servicio incluye una sesión de peluquería en nuestro salón Chelo 10, en la que gracias a este servicio podrás disfrutar de una coloración bicolor. Podrás elegir los colores que más vayan contigo."
        }, 
        {
            "service_category": "Depilación", 
            "service": "Color", 
            "duration": 2700, 
            "price": "25 € ", 
            "description": "Gracias a este servicio de color, podrás unificar el tono de tu cabello. El servicio incluye el lavado del pelo con champú neutro, la hidratación, el tinte en la tonalidad que más te guste y que vaya contigo. ¡Ponte en manos de nuestros peluqueros!"
        }, 
        {
            "service_category": "Depilación", 
            "service": "Color Raíz Y Corte", 
            "duration": 5400, 
            "price": "36 € ", 
            "description": "¿Necesitas mejorar el aspecto de tu cabello? ¡Reserva este servicio! Incluye el color en la raíz y el corte de pelo para mujer. Los lunes, te regalamos el corte. Incluye el color, el lavado del pelo y por último el corte para salir perfecta. No incluye el peinado."
        }, 
        {
            "service_category": "Depilación", 
            "service": "Corte De Pelo Niño", 
            "duration": 900, 
            "price": "9 € ", 
            "description": "El servicio incluye una sesión de peluquería para los más peques, en la que se realizará el corte de pelo al gusto de él/ella, de los papis y siempre aconsejado por nuestros profesionales."
        }, 
        {
            "service_category": "Depilación", 
            "service": "Corte Flequillo", 
            "duration": 900, 
            "price": "5 € ", 
            "description": "En el servicio está incluida una sesión de peluquería para la realización del corte exclusivamente del flequillo, siempre a tu gusto y aconsejado por nuestros peluqueros profesionales."
        }, 
        {
            "service_category": "Depilación", 
            "service": "Corte Hombre", 
            "duration": 900, 
            "price": "10 € ", 
            "description": "El servicio incluye el lavado del pelo con champú neutro y el peinado que más te guste, utilizamos los productos de acabado adecuados para que salgas perfecto de nuestra peluquería Chelo 10. ¡Te encantará el resultado!"
        }, 
        {
            "service_category": "Depilación", 
            "service": "Mechas A Peine", 
            "duration": 2700, 
            "price": "30 € ", 
            "description": "El servicio incluye una sesión de peluquería para la aplicación del color patch en nuestro centro de peluquería Chelo 10. Está técnica consiste en realizar mechas con peine. Ahorra tiempo y reserva ya tu cita online a través de nuestro perfil."
        }, 
        {
            "service_category": "Depilación", 
            "service": "Mechas Plata Media Melena", 
            "duration": 3600, 
            "price": "50 € ", 
            "description": "En el servicio está incluido una sesión de peluquería en nuestro centro de peluquería Chelo 10, en la que se realizará una aplicación de mechas tradicionales con plata. ¡Reserva tu cita online!"
        }, 
        {
            "service_category": "Depilación", 
            "service": "Mechas Plata Pelo Corto", 
            "duration": 3600, 
            "price": "40 € ", 
            "description": "En el servicio está incluido una sesión de peluquería para la realización y aplicación de las mechas tradicionales con plata. Podrás escoger el color de mechas que más vaya contigo."
        }
    ]
}