{
    "adid": null, 
    "name": "Claine", 
    "name_of_contact": "Claine", 
    "scrape_page": "https://www.bucmi.com/claine", 
    "business_website": "https://www.bucmi.com/claine", 
    "areas_covered": null, 
    "description": "En el número 5 de la calle Meléndez Valdés en zona Arapiles del barrio de Chamberí de Madrid, con una decoración moderna y refinada, se encuentra la Clínica ClaÏne. Aunque su especialidad es la depilación láser de Diodo con el Láser Milesman Premium, que asegura resultados visibles tras la primera sesión, en la Clínica Claine también encontrarás todo tipo de tratamientos estéticos reductores y reafirmantes con aparatología de la más moderna, así como masajes orientales, entre otros polinesio, balinés y ayurvédico.", 
    "img_link": [
        "https://d1nd15w2k87kz0.cloudfront.net/Uploads/635839703742834517.jpg", 
        "https://d1nd15w2k87kz0.cloudfront.net/Uploads/635839703759240718.jpg", 
        "https://d1nd15w2k87kz0.cloudfront.net/Uploads/635839703893628961.jpg", 
        "https://d1nd15w2k87kz0.cloudfront.net/Uploads/635839703941753818.jpg", 
        "https://d1nd15w2k87kz0.cloudfront.net/Uploads/635839703957535004.jpg", 
        "https://d1nd15w2k87kz0.cloudfront.net/Uploads/635839704059097213.jpg"
    ], 
    "hqdb_featured_ad_type": "Featured", 
    "hqdb_nr_reviews": "25", 
    "hqdb_review_score": "9,0", 
    "accreditations": null, 
    "category": null, 
    "subcategory": null, 
    "street": null, 
    "city": "Madrid", 
    "zipcode": "28015", 
    "formatted_address": "Madrid, 28001, Madrid, 28043, Madrid, 28014, Madrid, 28001, Madrid, 28001, Madrid, Madrid, Madrid, 28015", 
    "country": "es", 
    "office_number": "910139999", 
    "office_number2": null, 
    "mobile_number": null, 
    "mobile_number2": null, 
    "unidentified_phone_numbers": null, 
    "latitude": "40.4328195000", 
    "longitude": "-3.7095997000", 
    "business_email": null, 
    "yelp_page": null, 
    "facebook": null, 
    "twitter": null, 
    "instagram": null, 
    "venue_images": "https://d1nd15w2k87kz0.cloudfront.net/Logotipos/636283713176441074.jpg", 
    "opening_hours_raw": null, 
    "pricelist_link": null, 
    "services": [
        {
            "service_category": "Preferente", 
            "service": "Tratamiento Facial Rejuvenecedor Premier", 
            "duration": 3600, 
            "price": "150 € ", 
            "description": "Combate los signos de la edad y los daños provocados por el sol, tabaco etc... El servicio incluye desmaquillado, extracción, tónico, peeling ultrasónico o radiofrecuencia, masaje con piedras en cara y cuello con células madre y colágeno, mascarilla y ampolla. Todo ello con productos de primera calidad. ¡No lo dudes y reserva ya cómodamente online a través de Bucmi.com! ¿A qué estás esperando? ¡No dejes que te lo cuenten!"
        }, 
        {
            "service_category": "Preferente", 
            "service": "Tinte Y Permanente De Pestañas", 
            "duration": 3600, 
            "price": "35 € ", 
            "description": "Tinte de pestañas para resaltar y darle grosor a la pestaña sin necesidad de usar rimmel. Además, con el rizado conseguirás una mirada espectacular dándole un toque distinto a tu mirada. La forma y curvatura a tus pestañas que estabas buscando. ¡Luce unas pestañas envidiables con este servicio, siempre en manos de los mejores profesionales y a un precio increíble! En tu día a día, en cualquier evento especial. ¿A qué estás esperando? ¡No lo dudes y reserva ya online con nosotros!"
        }, 
        {
            "service_category": "Preferente", 
            "service": "2 Sesión De Criolipólisis", 
            "duration": 2700, 
            "price": "45 € ", 
            "description": "Precio por dos sesiones. Confía en la última tecnología para la eliminación eficaz de la celulitis y las grasas localizadas creada por científicos. Este tratamiento acelera el proceso de destrucción de las células grasas al combinar sesiones de frío (criolipólisis) con láseres. En nuestro centro contamos con lo último en aparatología. ¡Reserva ya tu cita cómodamente online a través de Bucmi.com! ¿A qué estás esperando? ¡No dejes que te lo cuenten!"
        }, 
        {
            "service_category": "Estética", 
            "service": "Lifting Facial Japonés", 
            "duration": 2700, 
            "price": "130 € ", 
            "description": "Luce un rostro joven y lleno vida gracias a nuestro lifting japonés en 4 pasos. Primero, preparamos la piel desmaquillándola y haciéndola un masaje drenante. Posteriormente, realizamos un lifting japonés para estirar la piel con una mascarilla final de efecto lifting. Para terminar, aplicamos un tónico de polvos de arroz relajante con shiatsu para que salgas totalmente relajada. ¡No lo dudes y reserva ya tu cita cómodamente online a través de Bucmi.com!"
        }, 
        {
            "service_category": "Estética", 
            "service": "Lifting Facial Japonés Con Ácido Hialurónico", 
            "duration": 2700, 
            "price": "140 € ", 
            "description": "Luce un rostro joven y lleno vida gracias a nuestro lifting japonés en 4 pasos. Primero, preparamos la piel desmaquillándola y haciéndola un masaje drenante. Posteriormente, realizamos un lifting japonés para estirar la piel con una mascarilla final de efecto lifting. Para terminar, aplicamos un tónico de polvos de arroz relajante con shiatsu para que salgas totalmente relajada. Además, añádele nuestra mascarilla de ácido hialurónico para salir con la piel totalmente hidratada desde las capas más profunda."
        }, 
        {
            "service_category": "Estética", 
            "service": "Tratamiento Facial Rejuvenecedor Premier", 
            "duration": 3600, 
            "price": "150 € ", 
            "description": "Combate los signos de la edad y los daños provocados por el sol, tabaco etc... El servicio incluye desmaquillado, extracción, tónico, peeling ultrasónico o radiofrecuencia, masaje con piedras en cara y cuello con células madre y colágeno, mascarilla y ampolla. Todo ello con productos de primera calidad. ¡No lo dudes y reserva ya cómodamente online a través de Bucmi.com! ¿A qué estás esperando? ¡No dejes que te lo cuenten!"
        }, 
        {
            "service_category": "Estética", 
            "service": "Microdermoabrasión Con Punta De Diamante", 
            "duration": 1800, 
            "price": "78 € ", 
            "description": "¿A qué esperas para reservar nuestra microdermoabrasión con punta de diamante? Gracias a este tratamiento facial conseguiremos eliminar la capa cornea de la piel de tu rostro, reducir manchas y atenuar las arrugas. Una piel mucho más lisa y libre de impurezas, en manos de nuestro equipo de profesionales. ¡No lo dudes y reserva ya tu cita cómodamente online a través de Bucmi.com! ¿A qué estás esperando? ¡No dejes que te lo cuenten!"
        }, 
        {
            "service_category": "Estética", 
            "service": "Tinte Y Permanente De Pestañas", 
            "duration": 3600, 
            "price": "35 € ", 
            "description": "Tinte de pestañas para resaltar y darle grosor a la pestaña sin necesidad de usar rimmel. Además, con el rizado conseguirás una mirada espectacular dándole un toque distinto a tu mirada. La forma y curvatura a tus pestañas que estabas buscando. ¡Luce unas pestañas envidiables con este servicio, siempre en manos de los mejores profesionales y a un precio increíble! En tu día a día, en cualquier evento especial. ¿A qué estás esperando? ¡No lo dudes y reserva ya online con nosotros!"
        }, 
        {
            "service_category": "Estética", 
            "service": "Mesoterapia Virtual Facial", 
            "duration": 3600, 
            "price": "85 € ", 
            "description": "Ioniza los principios activos puros para poder penetrar y actuar a mayor porcentaje, resultados visibles en pocas sesiones. ¿No conoces este tratamiento? Conseguirás un rostro más joven y una piel tersa e hidratada, siempre en manos de nuestro mejor equipo de profesionales. ¡A qué esperas! Reserva ya tu en Bucmi por un precio increíble. ¡Los resultado serán verdaderamente efectivos! Visita nuestro centro y ¡no dejes que te lo cuenten!"
        }, 
        {
            "service_category": "Estética", 
            "service": "Tratamiento Facial Ácido Hialurónico", 
            "duration": 3600, 
            "price": "78 € ", 
            "description": "Tratamiento basado en distintos tipos de ácido hialurónico de distintos pesos moleculares que penetran de manera selectiva depende del tipo de piel y la necesidad de la misma. ¡Consigue así un rostro envidiable! En la clínica Claine nos preocupamos por tu belleza y por ello utilizamos productos de calidad para que el resultado sea muy visible. ¡Reserva ya tu cita cómodamente online a través de Bucmi, te va a encantar! ¿A qué estás esperando? ¡No dejes que te lo cuenten!"
        }, 
        {
            "service_category": "Estética", 
            "service": "Tratamiento Facial Anti-Acné", 
            "duration": 3600, 
            "price": "78 € ", 
            "description": "Tratamiento facial para eliminar cualquier tipo de acné, principios activos del 98%. Tratamiento ideal para combatir el acné, libérate con este tratamiento de las imperfecciones y siéntete a gusto contigo mism@, Este tratamiento te hará lucir un rostro cuidado, suave y libre de impurezas, todo en manos de nuestros mejores profesionales y con productos de calidad. ¡Déjate mimar por nosotros y reserva ya cómodamente online a través de Bucmi! ¿A qué estás esperando? ¡No dejes que te lo cuenten!"
        }, 
        {
            "service_category": "Estética", 
            "service": "Tratamiento Facial Anti-Manchas", 
            "duration": 3600, 
            "price": "78 € ", 
            "description": "Tratamiento anti - manchas formado a base de ácidos y aparatología para reducir lo máximo posible las manchas causadas por el sol y otro agentes externos. Este tratamiento te hará lucir un rostro cuidado, suave y libre de impurezas, todo en manos de nuestros mejores profesionales y con productos de calidad. ¡Déjate mimar por nosotros y reserva ya cómodamente online a través de Bucmi! Los resultados son verdaderamente efectivos. ¿A qué estás esperando?"
        }, 
        {
            "service_category": "Estética", 
            "service": "Tratamiento Facial Hidratación Caviar", 
            "duration": 3600, 
            "price": "78 € ", 
            "description": "¿A qué esperas para reserva nuestro tratamiento facial hidratante? Este tratamiento a base de cosmética de caviar es ideal para pieles secas. Además de hidratar, tiene la propiedad reafirmarte. ¡Todo un lujo para la piel, siempre con productos de primeras marcas! Además, te garantizamos un trato personalizado y unos resultados inmejorables. ¡No lo pienses más y reserva ya tu cita cómodamente online a través de Bucmi.com! ¿A qué estás esperando? ¡No dejes que te lo cuenten!"
        }, 
        {
            "service_category": "Estética", 
            "service": "Tratamiento Facial Hidratante Vitamina A", 
            "duration": 3600, 
            "price": "78 € ", 
            "description": "Tratamiento con retinol puro encapsulado, nutre y repara la piel a la vez que la hidrata con principios activos del 98%. ¿Quieres saber los beneficios de la vitamina A? Reserva ya en Bucmi. Este tratamiento te hará lucir un rostro cuidado, suave y libre de impurezas, todo en manos de nuestros mejores profesionales y con productos de calidad. ¡Déjate mimar por nosotros!"
        }, 
        {
            "service_category": "Estética", 
            "service": "Tratamiento Facial Vitamina C", 
            "duration": 3600, 
            "price": "78 € ", 
            "description": "Tratamiento antioxidante con principios activos del 98 %. Ayuda a hidratar y tener mayor luminosidad a la piel,ayuda a prevenir el envejecimiento.Este tratamiento te hará lucir un rostro cuidado, suave y libre de impurezas, todo en manos de nuestros mejores profesionales y con productos de calidad. ¡Déjate mimar por nosotros! Reserva ya tu cita cómodamente online a través de Bucmi.com y saldrás encantada con los resultados. ¿A qué estás esperando?"
        }, 
        {
            "service_category": "Estética", 
            "service": "1 Sesión De Criolipólisis", 
            "duration": 2700, 
            "price": "25 € ", 
            "description": "Precio por una sesión. Confía en la última tecnología para la eliminación eficaz de la celulitis y las grasas localizadas creada por científicos. Este tratamiento acelera el proceso de destrucción de las células grasas al combinar sesiones de frío (criolipólisis) con láseres. En nuestro centro contamos con lo último en aparatología. ¡Reserva ya tu cita cómodamente online a través de Bucmi.com! ¿A qué estás esperando? ¡No dejes que te lo cuenten!"
        }, 
        {
            "service_category": "Estética", 
            "service": "2 Sesión De Criolipólisis", 
            "duration": 2700, 
            "price": "45 € ", 
            "description": "Precio por dos sesiones. Confía en la última tecnología para la eliminación eficaz de la celulitis y las grasas localizadas creada por científicos. Este tratamiento acelera el proceso de destrucción de las células grasas al combinar sesiones de frío (criolipólisis) con láseres. En nuestro centro contamos con lo último en aparatología. ¡Reserva ya tu cita cómodamente online a través de Bucmi.com! ¿A qué estás esperando? ¡No dejes que te lo cuenten!"
        }, 
        {
            "service_category": "Estética", 
            "service": "3 Sesión De Criolipólisis", 
            "duration": 2700, 
            "price": "69 € ", 
            "description": "Precio por tres sesiones. Confía en la última tecnología para la eliminación eficaz de la celulitis y las grasas localizadas creada por científicos. Este tratamiento acelera el proceso de destrucción de las células grasas al combinar sesiones de frío (criolipólisis) con láseres. En nuestro centro contamos con lo último en aparatología. ¡Reserva ya tu cita cómodamente online a través de Bucmi.com! ¿A qué estás esperando? ¡No dejes que te lo cuenten!"
        }, 
        {
            "service_category": "Estética", 
            "service": "4 Sesión De Criolipólisis", 
            "duration": 2700, 
            "price": "89 € ", 
            "description": "Precio por cuatro sesiones. Confía en la última tecnología para la eliminación eficaz de la celulitis y las grasas localizadas creada por científicos. Este tratamiento acelera el proceso de destrucción de las células grasas al combinar sesiones de frío (criolipólisis) con láseres. En nuestro centro contamos con lo último en aparatología. ¡Reserva ya tu cita cómodamente online a través de Bucmi.com! ¿A qué estás esperando? ¡No dejes que te lo cuenten!"
        }, 
        {
            "service_category": "Estética", 
            "service": "Bono 4 Sesiones Venus Reaction Lifting Facial", 
            "duration": 1800, 
            "price": "275 € ", 
            "description": "Magnífico bono de 4 sesiones. Consigue un verdadero lifting sin cirugía. Luce una piel mucho más tersa, todo ello en las mejores manos. Consigue así una piel mucho más rejuvenecida, alisando las arrugas gracias a este tratamiento. ¡Porque la edad es sólo número y en nuestro centro lo sabemos! No lo dudes y ¡reserva ya tu cita cómodamente online a través de Bucmi.com! ¿A qué estás esperando? ¡No dejes que te lo cuenten! Notarás increíbles resultados."
        }, 
        {
            "service_category": "Estética", 
            "service": "Bono 4 Ss Tto.Corporal Remodeling Power Y Reaction", 
            "duration": 1800, 
            "price": "329 € ", 
            "description": "Magnífico bono de 4 sesiones con el que conseguirás una figura mucho más esbelta y tonificada. El servicio incluye 4 sesiones del tratamiento Reaction (con eliminarás grasa localizada de tu cuerpo) y un masaje circulatorio o drenante. Todo ello con lo último en aparatología y un equipo de cualificados profesionales. Puedes elegir una zona a tratar. ¡No lo dudes y reserva ya tu cita cómodamente online a través de Bucmi.com! ¡A qué estás esperando? ¡No dejes que te lo cuenten!"
        }, 
        {
            "service_category": "Estética", 
            "service": "The Red Carpet Body Peeling Corporal,Hidratación", 
            "duration": 3600, 
            "price": "59 € ", 
            "description": "¡Luce una piel donde reina la suavidad y sedosidad, siempre en las mejores manos! El servicio incluye un peeling corporal con The Klapp y una hidratación corporal con masaje de 20 minutos. No sólo tendrás una piel envidiable sino que te relajarás como nunca. En el tratamiento utilizamos aromaterapia, para que disfrutes de las sensaciones olfativas. ¡No lo dudes y reserva ya tu cita cómodamente online a través de Bucmi.com! ¿A qué estás esperando? ¡No dejes que te lo cuenten!"
        }, 
        {
            "service_category": "Estética", 
            "service": "Tratamiento Corporal Reductor Con Canela", 
            "duration": 2700, 
            "price": "35 € ", 
            "description": "Nuestra tratamiento reductor con canela se realiza aplicando un masaje en las zonas donde se acumula la grasa más rebelde. Todo ello en manos de nuestro equipo de cualificados profesionales. Colocamos unas envolturas calientes con canela y realizamos un masaje circulatorio y reductor. ¡Luce una figura mucho más esbelta y tonificada! No lo pienses más y ¡reserva ya tu cita cómodamente online a través de Bucmi.com! ¿A qué estás esperando? ¡No dejes que te lo cuenten!"
        }, 
        {
            "service_category": "Estética", 
            "service": "Tratamiento Facial Diamond Face", 
            "duration": 5400, 
            "price": "83 € ", 
            "description": "Luce un rostro iluminado y libre de cualquier impurezas, todo ello con productos de primeras marcas. El servicio incluye una limpieza facial con su respectivo desmaquillado, extracción y mascarilla. Además también podrás disfrutar de un tratamiento con Vitamina C, que te aportará el frescor y la luminosidad que estás buscando para tu piel. ¡No lo dudes y reserva ya tu cita cómodamente online a través de Bucmi.com! ¿A qué estás esperando? ¡No dejes que te lo cuenten!"
        }, 
        {
            "service_category": "Estética", 
            "service": "Tratamiento Facial Peace Beauty Moments", 
            "duration": 3600, 
            "price": "65 € ", 
            "description": "Luce un rostro iluminado y libre de cualquier impurezas, todo ello con productos de primeras marcas. El servicio incluye una limpieza facial con hidratación que incluye desmaquillado, extracción y mascarilla. Además también masaje relajante de 30 minutos para que te relajes como nunca, siempre en las mejores manos. ¡No lo dudes y reserva ya tu cita cómodamente online a través de Bucmi.com! ¿A qué estás esperando? ¡No dejes que te lo cuenten!"
        }, 
        {
            "service_category": "Masaje", 
            "service": "Lifting Facial Japonés", 
            "duration": 2700, 
            "price": "130 € ", 
            "description": "Luce un rostro joven y lleno vida gracias a nuestro lifting japonés en 4 pasos. Primero, preparamos la piel desmaquillándola y haciéndola un masaje drenante. Posteriormente, realizamos un lifting japonés para estirar la piel con una mascarilla final de efecto lifting. Para terminar, aplicamos un tónico de polvos de arroz relajante con shiatsu para que salgas totalmente relajada. ¡No lo dudes y reserva ya tu cita cómodamente online a través de Bucmi.com!"
        }, 
        {
            "service_category": "Masaje", 
            "service": "Lifting Facial Japonés Con Ácido Hialurónico", 
            "duration": 2700, 
            "price": "140 € ", 
            "description": "Luce un rostro joven y lleno vida gracias a nuestro lifting japonés en 4 pasos. Primero, preparamos la piel desmaquillándola y haciéndola un masaje drenante. Posteriormente, realizamos un lifting japonés para estirar la piel con una mascarilla final de efecto lifting. Para terminar, aplicamos un tónico de polvos de arroz relajante con shiatsu para que salgas totalmente relajada. Además, añádele nuestra mascarilla de ácido hialurónico para salir con la piel totalmente hidratada desde las capas más profunda."
        }, 
        {
            "service_category": "Masaje", 
            "service": "Tratamiento Facial Rejuvenecedor Premier", 
            "duration": 3600, 
            "price": "150 € ", 
            "description": "Combate los signos de la edad y los daños provocados por el sol, tabaco etc... El servicio incluye desmaquillado, extracción, tónico, peeling ultrasónico o radiofrecuencia, masaje con piedras en cara y cuello con células madre y colágeno, mascarilla y ampolla. Todo ello con productos de primera calidad. ¡No lo dudes y reserva ya cómodamente online a través de Bucmi.com! ¿A qué estás esperando? ¡No dejes que te lo cuenten!"
        }, 
        {
            "service_category": "Depilación", 
            "service": "Lifting Facial Japonés", 
            "duration": 2700, 
            "price": "130 € ", 
            "description": "Luce un rostro joven y lleno vida gracias a nuestro lifting japonés en 4 pasos. Primero, preparamos la piel desmaquillándola y haciéndola un masaje drenante. Posteriormente, realizamos un lifting japonés para estirar la piel con una mascarilla final de efecto lifting. Para terminar, aplicamos un tónico de polvos de arroz relajante con shiatsu para que salgas totalmente relajada. ¡No lo dudes y reserva ya tu cita cómodamente online a través de Bucmi.com!"
        }, 
        {
            "service_category": "Depilación", 
            "service": "Lifting Facial Japonés Con Ácido Hialurónico", 
            "duration": 2700, 
            "price": "140 € ", 
            "description": "Luce un rostro joven y lleno vida gracias a nuestro lifting japonés en 4 pasos. Primero, preparamos la piel desmaquillándola y haciéndola un masaje drenante. Posteriormente, realizamos un lifting japonés para estirar la piel con una mascarilla final de efecto lifting. Para terminar, aplicamos un tónico de polvos de arroz relajante con shiatsu para que salgas totalmente relajada. Además, añádele nuestra mascarilla de ácido hialurónico para salir con la piel totalmente hidratada desde las capas más profunda."
        }, 
        {
            "service_category": "Depilación", 
            "service": "Tratamiento Facial Rejuvenecedor Premier", 
            "duration": 3600, 
            "price": "150 € ", 
            "description": "Combate los signos de la edad y los daños provocados por el sol, tabaco etc... El servicio incluye desmaquillado, extracción, tónico, peeling ultrasónico o radiofrecuencia, masaje con piedras en cara y cuello con células madre y colágeno, mascarilla y ampolla. Todo ello con productos de primera calidad. ¡No lo dudes y reserva ya cómodamente online a través de Bucmi.com! ¿A qué estás esperando? ¡No dejes que te lo cuenten!"
        }
    ]
}