{
    "adid": null, 
    "name": "Capdevila", 
    "name_of_contact": "Capdevila", 
    "scrape_page": "https://www.bucmi.com/capdevilapeluqueria", 
    "business_website": "https://www.bucmi.com/capdevilapeluqueria", 
    "areas_covered": null, 
    "description": "Peluquería Nueva e Innovadora con productos únicos y exclusivos en el mercado donde nuestros eslogan es 'La noción del Lujo ha cambiado. El lujo no tiene que ser caro... Es la originalidad y el resultado lo que lo convierte en especial'.", 
    "img_link": [
        "https://d1nd15w2k87kz0.cloudfront.net/Uploads/635368830382511289.jpg", 
        "https://d1nd15w2k87kz0.cloudfront.net/Uploads/635368830383604771.jpg", 
        "https://d1nd15w2k87kz0.cloudfront.net/Uploads/635368830384229769.jpg", 
        "https://d1nd15w2k87kz0.cloudfront.net/Uploads/635368830384854848.jpg", 
        "https://d1nd15w2k87kz0.cloudfront.net/Uploads/635368830385011016.jpg", 
        "https://d1nd15w2k87kz0.cloudfront.net/Uploads/635368830385636031.jpg", 
        "https://d1nd15w2k87kz0.cloudfront.net/Uploads/635368830386729901.jpg"
    ], 
    "hqdb_featured_ad_type": "Featured", 
    "hqdb_nr_reviews": "367", 
    "hqdb_review_score": "9,4", 
    "accreditations": null, 
    "category": null, 
    "subcategory": null, 
    "street": "C/ Colmenares, 11", 
    "city": "Madrid", 
    "zipcode": "28004", 
    "formatted_address": "C/ Colmenares, 11, Madrid, 28004", 
    "country": "es", 
    "office_number": "915323051", 
    "office_number2": null, 
    "mobile_number": null, 
    "mobile_number2": null, 
    "unidentified_phone_numbers": null, 
    "latitude": "40.4208587000", 
    "longitude": "-3.6968319999", 
    "business_email": null, 
    "yelp_page": null, 
    "facebook": null, 
    "twitter": null, 
    "instagram": null, 
    "venue_images": "https://d1nd15w2k87kz0.cloudfront.net/Logotipos/635914729177396301.jpg", 
    "opening_hours_raw": null, 
    "pricelist_link": null, 
    "services": [
        {
            "service_category": "Preferente", 
            "service": "Corte De Pelo Con Asesoramiento Y Peinado Mujer", 
            "duration": 2700, 
            "price": "55 € ", 
            "description": "En Capdevila te ofrecemos un asesoramiento totalmente personalizado para que estés perfecta. Te sacamos el máximo partido según tu estilo. El servicio incluye champú adecuado a tu cabello, hidratación, mascarilla o acondicionador según las necesidades de tu cabello, acabados de tocador, laca ,cera o lifting Asesoramiento en el corte y peinado. Con productos Rizzola."
        }, 
        {
            "service_category": "Preferente", 
            "service": "Mechas-(Basic) Y Peinado", 
            "duration": 3600, 
            "price": "87 € ", 
            "description": "Si quieres aportar un look diferente a tu estilo, reserva online este pack que está repleto de belleza. Incluye Champú especial Rizzola para mechas, mascarilla o acondicionador, acabados de tocador (producto necesario para el styling de peinado), asesoramiento en Mechas Basic y Peinado."
        }, 
        {
            "service_category": "Preferente", 
            "service": "Color Y Peinado", 
            "duration": 3600, 
            "price": "54 € ", 
            "description": "Champú especial para cabello teñido,acondicionador o mascarilla a criterio del profesional,acabados de tocador como laca o producto recomendado para antes del peinado.Color o color sin amoniaco (en sólo 15 minutos tiñe tu cabello con proteína de trigo, extracto de polen y anti-edad) y peinado. Con productos Rizzola y utilizamos planchas GHD."
        }, 
        {
            "service_category": "Preferente", 
            "service": "Mechas Bronde", 
            "duration": 2700, 
            "price": "79 € ", 
            "description": "Perfecto equilibrio entre el rubio y el castaño, la palabra nace de la mezcla de Brunette y blonde , que significa rubia y morena.No es exactamente un californiano que dividía tu cabello literalmente en dos partes. Utilizamos productos Rizzola para el cuidado de tu cabello. Incluye: lavado, hidratación y mechas. No incluye peinado."
        }, 
        {
            "service_category": "Peluquería", 
            "service": "Color, Corte Con Asesoramiento Y Peinado", 
            "duration": 7200, 
            "price": "87 € ", 
            "description": "El servicio incluye: un lavado con Champú especial para cabello teñido, acondicionador o mascarilla a criterio del profesional, corte con asesoramiento y acabados de tocador como laca o producto y peinado finalD"
        }, 
        {
            "service_category": "Peluquería", 
            "service": "Corte De Pelo Con Asesoramiento Y Peinado Mujer", 
            "duration": 2700, 
            "price": "55 € ", 
            "description": "En Capdevila te ofrecemos un asesoramiento totalmente personalizado para que estés perfecta. Te sacamos el máximo partido según tu estilo. El servicio incluye champú adecuado a tu cabello, hidratación, mascarilla o acondicionador según las necesidades de tu cabello, acabados de tocador, laca ,cera o lifting Asesoramiento en el corte y peinado. Con productos Rizzola."
        }, 
        {
            "service_category": "Peluquería", 
            "service": "Corte Pelo Hombre A Tijera, Maquina...", 
            "duration": 2700, 
            "price": "25 € ", 
            "description": "Un corte como los de toda la vida o un cambio radical ¡Tú decides! Podrás elegir entre los cortes más clásicos o atreverte con las últimas tendencias. El servicio Incluye: Lavado capilar personalizado con masaje capilar y un corte a tijera o máquina con productos de acabado. ¿A qué estás esperando para reservar?D"
        }, 
        {
            "service_category": "Peluquería", 
            "service": "Tratamiento Intensivo Capilar Hidratante", 
            "duration": 2700, 
            "price": "50 € ", 
            "description": "Consiste en un Tratamiento personalizado según las características del cabello, mediante productos Rizzola. Colágeno Y Hialurónico Capilar, proteínas son las bases de este tratamiento y otros , es el secreto mejor guardado . El punto principal es conseguir la mezcla perfecta para cada cabello retener agua para conseguir la elasticidad normal Y SU TRANSFORMACIÓN Incluye: Lavado, hidratación y tratamiento. No incluye Peinado. Consulte a su profesional."
        }, 
        {
            "service_category": "Peluquería", 
            "service": "Color", 
            "duration": 2700, 
            "price": "35 € ", 
            "description": "Incluye: Lavado, Champú, y Color con mascarilla o acondicionador, todo productos Rizzola. El color es libre de amoniaco con germen de maíz. El tiempo de espera de color es de 15 minutos. No incluye Peinado. Consulte a su profesional."
        }, 
        {
            "service_category": "Peluquería", 
            "service": "Color Pigmento (Explosión)", 
            "duration": 2700, 
            "price": "20 € ", 
            "description": "Consiste en un color que dura de 4 a 5 lavados, que hidrata el cabello, potencia el brillo y restaura la fibra capilar. Para todo tipo de cabellos. Este servicio da un toque de matiz a las canas, no las cubre completamente. Incluye: Lavado, Hidratación y tratamiento de pigmento. No incluye Peinado. Consulte a su profesional."
        }, 
        {
            "service_category": "Peluquería", 
            "service": "Corte Básico Con Máquina Para Hombre (Rapado)", 
            "duration": 900, 
            "price": "12 € ", 
            "description": "Un servicio que te ofrece Capdevila que Incluye: lavado personalizado, corte básico al 1, 2 o 3 (sólo realizado con máquina) ¿A qué estás esperando para reservar? Todo gracias a Bucmi.com."
        }, 
        {
            "service_category": "Peluquería", 
            "service": "Hombre: Arreglo De Contorno Nuca Para Hombre", 
            "duration": 900, 
            "price": "12 € ", 
            "description": "Hoy en día los hombres cuidan cada vez más detalles de su aspecto físico. El servicio Incluye: el retoque de contorno de nuca, patillas y laterales para hombre."
        }, 
        {
            "service_category": "Peluquería", 
            "service": "Masaje Capilar Anticaída O Personalizado Hombre", 
            "duration": 900, 
            "price": "10 € ", 
            "description": "Consiste en un masaje de cuero cabelludo personalizado con tratamiento anticaída, hidratante, anti-caspa... Sea cual sea tu problema, los profesionales cualificados de Capdevila te ayudarán a solventarlo con este tratamiento personalizado para ti."
        }, 
        {
            "service_category": "Peluquería", 
            "service": "Mechas Balayage", 
            "duration": 3600, 
            "price": "79 € ", 
            "description": "Las mechas balayage son un tipo de mechas de tendencia que consisten en aplicar color en mechones muy finos del pelo, para dar un look más luminoso al color de base. Este servicio incluye la realización de mechas blayage por de la mano de los estilistas de Capdevilla y lavado. No incluye peinado. Reservalo cómodamente online con Bucmi."
        }, 
        {
            "service_category": "Peluquería", 
            "service": "Mechas Balayage, Corte Asesorado Y Peinado", 
            "duration": 9000, 
            "price": "134 € ", 
            "description": "Pack de tendencia ideal para dar forma al pelo y un nuevo estilo de color de moda. El servicio completo incluye la realización de mechas estilo balayage, corte de pelo asesorado y peinado final para lograr un acabado perfecto. Todo ello de la mano de las estilistas profesionales de Capdevilla con productos de la mejor calidad. Reserva tu cita cómodamente online con Bucmi."
        }, 
        {
            "service_category": "Peluquería", 
            "service": "Mechas Basic", 
            "duration": 2700, 
            "price": "68 € ", 
            "description": "Las mechas básicas, las de toda la vida, aportarán un toque de luz muy especial a tu pelo. Además en Capdevila darán con el color exacto que buscas. Incluye lavado, hidratación y mechas basic. No incluye peinado. Consulte a su profesional."
        }, 
        {
            "service_category": "Peluquería", 
            "service": "Mechas Bronde Y Peinado", 
            "duration": 7200, 
            "price": "101 € ", 
            "description": "Perfecto equilibrio entre el rubio y el castaño, la palabra nace de la mezcla de Brunette y blonde , que significa rubia y morena.No es exactamente un californiano que dividía tu cabello literalmente en dos partes. Anímate con un perfecto equilibrio entre el rubio y el castaño,la palabra nace de la mezcla de Brunette y blonde , que significa rubia y morena. No es un californiano que dividía tu cabello literalmente en dos partes. Incluye: lavado, hidratación y mechas. Incluye peinado."
        }, 
        {
            "service_category": "Peluquería", 
            "service": "Mechas-(Basic) Y Peinado", 
            "duration": 3600, 
            "price": "87 € ", 
            "description": "Si quieres aportar un look diferente a tu estilo, reserva online este pack que está repleto de belleza. Incluye Champú especial Rizzola para mechas, mascarilla o acondicionador, acabados de tocador (producto necesario para el styling de peinado), asesoramiento en Mechas Basic y Peinado."
        }, 
        {
            "service_category": "Peluquería", 
            "service": "Peinado Pelo Corto", 
            "duration": 900, 
            "price": "19 € ", 
            "description": "¿Melena lisa? ¿Ondas abiertas? Sea lo que sea lo que busques, los estilistas de Capdevila te harás sentir más guapa que nunca. El servicio Incluye: lavado, champú, hidratación, peinado y acabado (trabajamos con GHD). Obtendrás un asesoramiento personalizado según tu estilo."
        }, 
        {
            "service_category": "Peluquería", 
            "service": "Peinado Pelo Largo", 
            "duration": 1800, 
            "price": "26 € ", 
            "description": "Sabemos lo importante que es hacer que te sientas guapa. Reserva online tu peinado. Incluye lavado, Hidratación, peinado y acabado, con productos de marca Rizzola. Obtendrás un asesoramiento personalizado según tu estilo."
        }, 
        {
            "service_category": "Peluquería", 
            "service": "Tratamiento Antiedad Capilar", 
            "duration": 1800, 
            "price": "45 € ", 
            "description": "Consiste en un tratamiento multivitamínico que contiene silicio, oxígeno y isoflavonas. Es un potente reparador de la fibra capilar. Incluye: Lavado, Champú, Hidratación y Tratamiento y acabado. No incluye Peinado. Consulte a su profesional. Indicado para todo el cabello que ha perdido materia. La duración en el cabello es de 1 mes. D"
        }, 
        {
            "service_category": "Peluquería", 
            "service": "Tratamiento Capilar Anticaída", 
            "duration": 2700, 
            "price": "35 € ", 
            "description": "Tratamiento capilar especifico para prevenir y frenar la caída del cabello. Se realiza con una evaluación previa del estado del cabello para aplicar los principios activos más adecuados, de la mano de los expertos en cuidado del pelo de Capdevilla. El servicio incluye tratamiento personalizado y lavado. No incluye peinado."
        }, 
        {
            "service_category": "Peluquería", 
            "service": "Tratamiento Capilar Botox Densia L+B² Shots", 
            "duration": 3600, 
            "price": "55 € ", 
            "description": "Tratamiento de botox capilar de última generación realizado por los expertos en cuidado del cabello de Capdevilla con cosméticos capilares de la firma L+B² Shots. Un tratamiento personalizado que restructura el pelo, le da cuerpo, suavidad y un brillo extra. Se realiza con una evaluación previa del estado del cabello para aplicar los principios activos más adecuados. No alisa el cabello, sino que le aporta una mejor imagen. No incluye peinado."
        }, 
        {
            "service_category": "Peluquería", 
            "service": "Tratamiento Capilar Energy Korean Red Ginseng", 
            "duration": 3600, 
            "price": "55 € ", 
            "description": "Tratamiento revitalizante realizado con cosméticos de la mejor calidad pertenecientes a la firma Korean Red Ginseng. Un tratamiento personalizado que aporta energía y revitaliza el pelo con productos naturales. Se realiza con una evaluación previa del estado del cabello para aplicar los principios activos más adecuados. El servicio incluye el tratamiento y el lavado, pero no incluye peinado."
        }, 
        {
            "service_category": "Peluquería", 
            "service": "Color Y Peinado", 
            "duration": 3600, 
            "price": "54 € ", 
            "description": "Champú especial para cabello teñido,acondicionador o mascarilla a criterio del profesional,acabados de tocador como laca o producto recomendado para antes del peinado.Color o color sin amoniaco (en sólo 15 minutos tiñe tu cabello con proteína de trigo, extracto de polen y anti-edad) y peinado. Con productos Rizzola y utilizamos planchas GHD."
        }, 
        {
            "service_category": "Peluquería", 
            "service": "Mechas Bronde", 
            "duration": 2700, 
            "price": "79 € ", 
            "description": "Perfecto equilibrio entre el rubio y el castaño, la palabra nace de la mezcla de Brunette y blonde , que significa rubia y morena.No es exactamente un californiano que dividía tu cabello literalmente en dos partes. Utilizamos productos Rizzola para el cuidado de tu cabello. Incluye: lavado, hidratación y mechas. No incluye peinado."
        }, 
        {
            "service_category": "Peluquería", 
            "service": "Mechas Splash Light", 
            "duration": 3600, 
            "price": "50 € ", 
            "description": "Mechas que son tendencia de coloración del 2015, a media altura del cabello un tono más claro al natural, como el sol que se refleja aportando brillo al cabello a diferencia de las californianas solo marcaban de medio a puntas. Incluye: lavar , mechas y secado."
        }, 
        {
            "service_category": "Estética", 
            "service": "Maquillaje Social", 
            "duration": 2700, 
            "price": "65 € ", 
            "description": "Sesión de maquillaje para conseguir un look perfecto para cualquier evento importante, realizado por las maquilladoras profesionales de Capdevilla con cosméticos de gran calidad. Se realiza personalizado en base a las preferencias de cada clienta y el evento en cuestión. Los maquillajes muy elaborados pueden conllevar un suplemento a pagar en el salón. La duración de la sesión puede variar entre los 30 y los 45 minutos."
        }, 
        {
            "service_category": "Manicura y Pedicura", 
            "service": "Manicura Basic", 
            "duration": 1800, 
            "price": "13 € ", 
            "description": "¡Uñas y manos perfectas en tan sólo 30 minutos! Servicio que consta de un limado y cortado de la uña, retirada de cutículas, esmaltado básico a elegir el color que mejor te siente e hidratación. D"
        }, 
        {
            "service_category": "Manicura y Pedicura", 
            "service": "Manicura Semipermanente Opi", 
            "duration": 3600, 
            "price": "18 € ", 
            "description": "Una manicura de larga duración para ti con el mejor esmaltado del mercado. Servicio que consta de un limado y cortado de la uña, retirada de cutículas, exfoliante, esmaltado GEL OPI a elegir el color que mejor te siente e hidratación. D"
        }, 
        {
            "service_category": "Manicura y Pedicura", 
            "service": "Esmaltado Semipermanente En Manos Essie", 
            "duration": 2700, 
            "price": "18 € ", 
            "description": "Servicio ideal para cuando quieres lucir unas manos perfectas pero no tienes tiempo que perder. Realizamos únicamente el esmaltado semipermanente en tus manos con el color que prefieras a escoger entre una amplia gama de esmaltes Opi y Essie."
        }, 
        {
            "service_category": "Manicura y Pedicura", 
            "service": "Esmaltado Semipermanente En Pies Essie", 
            "duration": 2700, 
            "price": "25 € ", 
            "description": "Luce unos pies perfectos en tiempo récord gracias a este servicio de esmaltado semipermanente. Únicamente incluye esmaltado de tus uñas con el color que prefieras a elegir entre una amplia gama de esmaltes Opi y Essie."
        }, 
        {
            "service_category": "Manicura y Pedicura", 
            "service": "Manicura Y Pedicura Semipermanente Gel Opi", 
            "duration": 5400, 
            "price": "40 € ", 
            "description": "Pack de manicura y pedicura con"
        }
    ]
}