{
    "adid": null, 
    "name": "Marsya", 
    "name_of_contact": "Marsya", 
    "scrape_page": "https://www.bucmi.com/marsya", 
    "business_website": "https://www.bucmi.com/marsya", 
    "areas_covered": null, 
    "description": "Centro de estética integral con servicios también de quiromasaje y depilación láser. Descubre nuestros estupendos tratamientos de belleza como higienes faciales, manicuras, pedicuras, tratamientos corporales y faciales. ¡Ven a vernos a Vicálvaro!", 
    "img_link": [
        "https://d1nd15w2k87kz0.cloudfront.net/Uploads/635999487636644573.jpg", 
        "https://d1nd15w2k87kz0.cloudfront.net/Uploads/635999487636488324.jpg", 
        "https://d1nd15w2k87kz0.cloudfront.net/Uploads/635999487638832063.jpg", 
        "https://d1nd15w2k87kz0.cloudfront.net/Uploads/635999487636019524.jpg", 
        "https://d1nd15w2k87kz0.cloudfront.net/Uploads/635999487637738312.jpg", 
        "https://d1nd15w2k87kz0.cloudfront.net/Uploads/636145286680163362.jpg"
    ], 
    "hqdb_featured_ad_type": "Featured", 
    "hqdb_nr_reviews": "13", 
    "hqdb_review_score": "9,5", 
    "accreditations": null, 
    "category": null, 
    "subcategory": null, 
    "street": "C/ Azofra, 1", 
    "city": "Madrid", 
    "zipcode": "Madrid", 
    "formatted_address": "C/ Azofra, 1, Madrid, Madrid", 
    "country": "es", 
    "office_number": "917769962", 
    "office_number2": null, 
    "mobile_number": null, 
    "mobile_number2": null, 
    "unidentified_phone_numbers": null, 
    "latitude": "40.4027480000", 
    "longitude": "-3.6077874000", 
    "business_email": null, 
    "yelp_page": null, 
    "facebook": null, 
    "twitter": null, 
    "instagram": null, 
    "venue_images": "https://d1nd15w2k87kz0.cloudfront.net/Logotipos/635999488472745985.jpg", 
    "opening_hours_raw": null, 
    "pricelist_link": null, 
    "services": [
        {
            "service_category": "Preferente", 
            "service": "Chocolaterapia", 
            "duration": 3600, 
            "price": "34 € ", 
            "description": "Excelente protocolo que te hará experimentar la relajante sensación del chocolate sobre tu piel, aderezada con unas gotas de aceite esencial de naranja. Conseguirás una profunda regeneración y nutrición de la piel. No esperes más y reserva ahora tu cita online de la forma más fácil a través de Bucmi.comF"
        }, 
        {
            "service_category": "Preferente", 
            "service": "Manicura Completa Essie", 
            "duration": 2700, 
            "price": "18 € ", 
            "description": "Luce unas manos perfectas de la mano de los mejores profesionales gracias a esta manicura. El servicio incluye limado, retirada de cutículas, hidratacion con masaje y esmaltado VINILUX del color que prefiera a elegir entre una amplia gama o francesa. Reserva ahora tu cita onlineF"
        }, 
        {
            "service_category": "Preferente", 
            "service": "Manicura Y Pedicura Completa Essie", 
            "duration": 5400, 
            "price": "41 € ", 
            "description": "Luce unas manos y pies 100% cuidados gracias a este completo pack de Marsya. Incluye limado de uñas, tratamiento de durezas y cutículas, hidratación y esmaltado dentro de nuestro amplía gama de colores. ¡Incluye francesa! No esperes más y reserva ahora tu cita online con Bucmi.comF"
        }, 
        {
            "service_category": "Preferente", 
            "service": "Masaje En Pareja", 
            "duration": 3600, 
            "price": "65 € ", 
            "description": "Relájate en pareja 60 minutos de relax para cada uno. Precio final de los dos masajes. Vivirás una experiencia única a la vez que armonizas tu cuerpo y tu mente con la persona con la que prefieras. No esperes más y reserva ahora tu cita online de la forma más fácil a través de Bucmi.comF"
        }, 
        {
            "service_category": "Preferente", 
            "service": "Masaje Relajante", 
            "duration": 3600, 
            "price": "31 € ", 
            "description": "Resérvate una hora para venir a Marsya y conseguir un momento de relax para ti gracias a nuestro masaje relajante con aceites esenciales. ¡Di adiós al estrés con una sesión! No esperes más y reserva ahora tu cita online de la forma más fácil a través de Bucmi.comF"
        }, 
        {
            "service_category": "Estética", 
            "service": "Bronceado Facial Instantáneo Dha Corpora", 
            "duration": 1800, 
            "price": "19 € ", 
            "description": "Consigue un bronceado perfecto con la última técnica de bronceado DHA que consigue un efecto natural gracias a la caña de azúcar. No necesitas de sol ni de rayos UVA. Luce moreno en cualquier época del año. No esperes más y reserva ahora tu cita online de la forma más fácil a través de Bucmi.comF"
        }, 
        {
            "service_category": "Estética", 
            "service": "Bronceado Corporal Instántaneo Dha Corpora", 
            "duration": 1800, 
            "price": "25 € ", 
            "description": "¡Vean a Marsya y prueba nuestro bronceado instántaneo sin necesidad de rayos UVA ni de sol! Gracias a los beneficios de la caña de azñucar conseguirás un bronceado 100% natural de manera instantánea. No esperes más y reserva ahora tu cita online con Bucmi.comF"
        }, 
        {
            "service_category": "Estética", 
            "service": "Bono De 11 Sesiones De Tto Corporal Reductor", 
            "duration": 5400, 
            "price": "300 € ", 
            "description": "Aprovecha nuestro completo bono de 11 sesiones de tratamiento reductor y quítate esos centímetros que te sobran. Incluye 40 minutos de radiofrecuencia corporal para luchar contra la flacidez o 40 minutos de masaje manual reafirmante y 30 minutos de presoterapia para ayudar a eliminar de forma natural la grasa acumuladaF"
        }, 
        {
            "service_category": "Estética", 
            "service": "Pack Tratamiento Facial Belleza", 
            "duration": 5400, 
            "price": "40 € ", 
            "description": "Disfruta de nuestro completo pack en Marsya que incluye: higiene facial completa, sesión de presoterapia, diseño y depilación de cejas y depilación de labio superior. ¡Saldrás perfecta! No esperes más y reserva ahora tu cita online de la forma más fácil a través de Bucmi.comF"
        }, 
        {
            "service_category": "Estética", 
            "service": "Sesión De Criolipolisis 45 Minutos 2 Zonas", 
            "duration": 2700, 
            "price": "35 € ", 
            "description": "Se trata de la aplicación de un frío intenso en las zonas que se desee tratar por su acumulación de grasa.Se aplica la maquina sobre las zonas donde está depositada la grasa por un determinado espacio de tiempo y se aplica el frio a temperaturas entre 5 y -10 grados centígrados.Cuando las células grasas se exponen al frío son eliminadas gradualmente a través del proceso metabólico normal del cuerpo, de forma natural. Podemos tratar muslos,brazos,abdomen,flancos y espaldaF"
        }, 
        {
            "service_category": "Manicura y Pedicura", 
            "service": "Bronceado Facial Instantáneo Dha Corpora", 
            "duration": 1800, 
            "price": "19 € ", 
            "description": "Consigue un bronceado perfecto con la última técnica de bronceado DHA que consigue un efecto natural gracias a la caña de azúcar. No necesitas de sol ni de rayos UVA. Luce moreno en cualquier época del año. No esperes más y reserva ahora tu cita online de la forma más fácil a través de Bucmi.comF"
        }, 
        {
            "service_category": "Manicura y Pedicura", 
            "service": "Bronceado Corporal Instántaneo Dha Corpora", 
            "duration": 1800, 
            "price": "25 € ", 
            "description": "¡Vean a Marsya y prueba nuestro bronceado instántaneo sin necesidad de rayos UVA ni de sol! Gracias a los beneficios de la caña de azñucar conseguirás un bronceado 100% natural de manera instantánea. No esperes más y reserva ahora tu cita online con Bucmi.comF"
        }, 
        {
            "service_category": "Manicura y Pedicura", 
            "service": "Bono De 11 Sesiones De Tto Corporal Reductor", 
            "duration": 5400, 
            "price": "300 € ", 
            "description": "Aprovecha nuestro completo bono de 11 sesiones de tratamiento reductor y quítate esos centímetros que te sobran. Incluye 40 minutos de radiofrecuencia corporal para luchar contra la flacidez o 40 minutos de masaje manual reafirmante y 30 minutos de presoterapia para ayudar a eliminar de forma natural la grasa acumuladaF"
        }, 
        {
            "service_category": "Manicura y Pedicura", 
            "service": "Pack Tratamiento Facial Belleza", 
            "duration": 5400, 
            "price": "40 € ", 
            "description": "Disfruta de nuestro completo pack en Marsya que incluye: higiene facial completa, sesión de presoterapia, diseño y depilación de cejas y depilación de labio superior. ¡Saldrás perfecta! No esperes más y reserva ahora tu cita online de la forma más fácil a través de Bucmi.comF"
        }, 
        {
            "service_category": "Manicura y Pedicura", 
            "service": "Sesión De Criolipolisis 45 Minutos 2 Zonas", 
            "duration": 2700, 
            "price": "35 € ", 
            "description": "Se trata de la aplicación de un frío intenso en las zonas que se desee tratar por su acumulación de grasa.Se aplica la maquina sobre las zonas donde está depositada la grasa por un determinado espacio de tiempo y se aplica el frio a temperaturas entre 5 y -10 grados centígrados.Cuando las células grasas se exponen al frío son eliminadas gradualmente a través del proceso metabólico normal del cuerpo, de forma natural. Podemos tratar muslos,brazos,abdomen,flancos y espaldaF"
        }, 
        {
            "service_category": "Manicura y Pedicura", 
            "service": "Manicura Completa Essie", 
            "duration": 2700, 
            "price": "18 € ", 
            "description": "Luce unas manos perfectas de la mano de los mejores profesionales gracias a esta manicura. El servicio incluye limado, retirada de cutículas, hidratacion con masaje y esmaltado VINILUX del color que prefiera a elegir entre una amplia gama o francesa. Reserva ahora tu cita onlineF"
        }, 
        {
            "service_category": "Masaje", 
            "service": "Bronceado Facial Instantáneo Dha Corpora", 
            "duration": 1800, 
            "price": "19 € ", 
            "description": "Consigue un bronceado perfecto con la última técnica de bronceado DHA que consigue un efecto natural gracias a la caña de azúcar. No necesitas de sol ni de rayos UVA. Luce moreno en cualquier época del año. No esperes más y reserva ahora tu cita online de la forma más fácil a través de Bucmi.comF"
        }, 
        {
            "service_category": "Masaje", 
            "service": "Bronceado Corporal Instántaneo Dha Corpora", 
            "duration": 1800, 
            "price": "25 € ", 
            "description": "¡Vean a Marsya y prueba nuestro bronceado instántaneo sin necesidad de rayos UVA ni de sol! Gracias a los beneficios de la caña de azñucar conseguirás un bronceado 100% natural de manera instantánea. No esperes más y reserva ahora tu cita online con Bucmi.comF"
        }, 
        {
            "service_category": "Masaje", 
            "service": "Bono De 11 Sesiones De Tto Corporal Reductor", 
            "duration": 5400, 
            "price": "300 € ", 
            "description": "Aprovecha nuestro completo bono de 11 sesiones de tratamiento reductor y quítate esos centímetros que te sobran. Incluye 40 minutos de radiofrecuencia corporal para luchar contra la flacidez o 40 minutos de masaje manual reafirmante y 30 minutos de presoterapia para ayudar a eliminar de forma natural la grasa acumuladaF"
        }, 
        {
            "service_category": "Masaje", 
            "service": "Pack Tratamiento Facial Belleza", 
            "duration": 5400, 
            "price": "40 € ", 
            "description": "Disfruta de nuestro completo pack en Marsya que incluye: higiene facial completa, sesión de presoterapia, diseño y depilación de cejas y depilación de labio superior. ¡Saldrás perfecta! No esperes más y reserva ahora tu cita online de la forma más fácil a través de Bucmi.comF"
        }, 
        {
            "service_category": "Masaje", 
            "service": "Sesión De Criolipolisis 45 Minutos 2 Zonas", 
            "duration": 2700, 
            "price": "35 € ", 
            "description": "Se trata de la aplicación de un frío intenso en las zonas que se desee tratar por su acumulación de grasa.Se aplica la maquina sobre las zonas donde está depositada la grasa por un determinado espacio de tiempo y se aplica el frio a temperaturas entre 5 y -10 grados centígrados.Cuando las células grasas se exponen al frío son eliminadas gradualmente a través del proceso metabólico normal del cuerpo, de forma natural. Podemos tratar muslos,brazos,abdomen,flancos y espaldaF"
        }, 
        {
            "service_category": "Depilación", 
            "service": "Bronceado Facial Instantáneo Dha Corpora", 
            "duration": 1800, 
            "price": "19 € ", 
            "description": "Consigue un bronceado perfecto con la última técnica de bronceado DHA que consigue un efecto natural gracias a la caña de azúcar. No necesitas de sol ni de rayos UVA. Luce moreno en cualquier época del año. No esperes más y reserva ahora tu cita online de la forma más fácil a través de Bucmi.comF"
        }, 
        {
            "service_category": "Depilación", 
            "service": "Bronceado Corporal Instántaneo Dha Corpora", 
            "duration": 1800, 
            "price": "25 € ", 
            "description": "¡Vean a Marsya y prueba nuestro bronceado instántaneo sin necesidad de rayos UVA ni de sol! Gracias a los beneficios de la caña de azñucar conseguirás un bronceado 100% natural de manera instantánea. No esperes más y reserva ahora tu cita online con Bucmi.comF"
        }, 
        {
            "service_category": "Depilación", 
            "service": "Bono De 11 Sesiones De Tto Corporal Reductor", 
            "duration": 5400, 
            "price": "300 € ", 
            "description": "Aprovecha nuestro completo bono de 11 sesiones de tratamiento reductor y quítate esos centímetros que te sobran. Incluye 40 minutos de radiofrecuencia corporal para luchar contra la flacidez o 40 minutos de masaje manual reafirmante y 30 minutos de presoterapia para ayudar a eliminar de forma natural la grasa acumuladaF"
        }, 
        {
            "service_category": "Depilación", 
            "service": "Pack Tratamiento Facial Belleza", 
            "duration": 5400, 
            "price": "40 € ", 
            "description": "Disfruta de nuestro completo pack en Marsya que incluye: higiene facial completa, sesión de presoterapia, diseño y depilación de cejas y depilación de labio superior. ¡Saldrás perfecta! No esperes más y reserva ahora tu cita online de la forma más fácil a través de Bucmi.comF"
        }
    ]
}