{
    "adid": null, 
    "name": "Urban Spa", 
    "name_of_contact": "Urban Spa", 
    "scrape_page": "https://www.bucmi.com/urbanspa", 
    "business_website": "https://www.bucmi.com/urbanspa", 
    "areas_covered": null, 
    "description": "Centro de Estética con una atención muy personalizada. Trato familiar y cercano. Realizamos todo tipo de tratamientos faciales y corporales, depilaciones, manicuras, pedicuras, rayos UVA, aparatología, servicio de fisioterapia. Y mucho más... ¡Visítanos!", 
    "img_link": [
        "https://d1nd15w2k87kz0.cloudfront.net/Uploads/635941588567392498.jpg", 
        "https://d1nd15w2k87kz0.cloudfront.net/Uploads/635941588585048568.jpg", 
        "https://d1nd15w2k87kz0.cloudfront.net/Uploads/635941588601298523.jpg", 
        "https://d1nd15w2k87kz0.cloudfront.net/Uploads/635941588619584617.jpg", 
        "https://d1nd15w2k87kz0.cloudfront.net/Uploads/635941588638178311.jpg", 
        "https://d1nd15w2k87kz0.cloudfront.net/Uploads/635941588656459592.jpg"
    ], 
    "hqdb_featured_ad_type": "Featured", 
    "hqdb_nr_reviews": "14", 
    "hqdb_review_score": "9,7", 
    "accreditations": null, 
    "category": null, 
    "subcategory": null, 
    "street": "C/ Portalegre, 106", 
    "city": "Madrid", 
    "zipcode": "28025", 
    "formatted_address": "C/ Portalegre, 106, Madrid, 28025", 
    "country": "es", 
    "office_number": "915693907", 
    "office_number2": null, 
    "mobile_number": null, 
    "mobile_number2": null, 
    "unidentified_phone_numbers": null, 
    "latitude": "40.3852409000", 
    "longitude": "-3.7238042000", 
    "business_email": null, 
    "yelp_page": null, 
    "facebook": null, 
    "twitter": null, 
    "instagram": null, 
    "venue_images": "https://d1nd15w2k87kz0.cloudfront.net/Logotipos/636105118925376124.jpg", 
    "opening_hours_raw": null, 
    "pricelist_link": null, 
    "services": [
        {
            "service_category": "Preferente", 
            "service": "Manicura Y Pedicura Normal", 
            "duration": 3600, 
            "price": "30 € ", 
            "description": "Disfruta de una manipedi de diseño en Urban Spa que ayudará a tener unos pies y unas manos bonitas. El servicio incluye el limado y corte de la uña para conseguir la forma deseada, la retirada de cutículas, de durezas en el caso de los pies y el esmaltado normal del tono a escoger entre nuestra amplia gama. Puedes elegir el color que más te guste o francesa. ¡Porque unas uñas bonitas y cuidadas son siempre una buena carta de presentación! ¿A qué estás esperando para reservar? ¡Hazlo online con Bucmi.com!DF"
        }, 
        {
            "service_category": "Preferente", 
            "service": "Manicura Y Pedicura Permanente", 
            "duration": 3600, 
            "price": "48 € ", 
            "description": "Servicio de manicura y pedicura que te ayudará a mantener unos pies bonitos y unas manos bonitas con una larga mayor duración. Exactamente, más de tres semanas de las que no te tendrás que preocupar por tu esmalte. El servicio incluye el limado y corte de la uña para conseguir la forma deseada, la retirada de cutículas, de durezas en el caso de los pies y el esmaltado de larga duración, del tono a escoger entre nuestra amplia gama. Puedes elegir el color que más te guste o francesa. ¿A qué esperas?DF"
        }, 
        {
            "service_category": "Preferente", 
            "service": "Peeling Facial E Hidratación Facial", 
            "duration": 900, 
            "price": "6 € ", 
            "description": "Eliminación de células muertas e hidratación de tu rostro para que tu piel luzca brillante e hidratada. Con este peeling conseguirás la suavidad y sedosidad que estabas buscando para tu cutis. Tu piel quedara tersa y muy suave, siempre con productos de primera calidad. ¡No lo dudes y reserva ya tu cita cómodamente online a través de Bucmi.com! Saldrás encantada con los resultados y el trato personalizado. Todo ello con marcas de primera calidad como Casmara o Skeyndor.F"
        }, 
        {
            "service_category": "Preferente", 
            "service": "Depilación Cera Ingles Normales Y Axilas", 
            "duration": 900, 
            "price": "10 € ", 
            "description": "Depilación de ingles (línea bikini) y axilas. Opta por la depilación más tradicional en nuestro centro y líbrate del molesto vello durante semanas. Disfruta ya de esta depilación con la que podrás lucir una piel suave, ideal para cualquier temporada del año. Contamos con un equipo de profesionales que trabajarán con el mayor cuidado para un resultado de 10. ¡No lo dudes y reserva ya tu cita cómodamente online a través de Bucmi.com! ¿A qué estás esperando? ¡No dejes que te lo cuenten!DF"
        }, 
        {
            "service_category": "Estética", 
            "service": "Peeling Facial E Hidratación Facial", 
            "duration": 900, 
            "price": "6 € ", 
            "description": "Eliminación de células muertas e hidratación de tu rostro para que tu piel luzca brillante e hidratada. Con este peeling conseguirás la suavidad y sedosidad que estabas buscando para tu cutis. Tu piel quedara tersa y muy suave, siempre con productos de primera calidad. ¡No lo dudes y reserva ya tu cita cómodamente online a través de Bucmi.com! Saldrás encantada con los resultados y el trato personalizado. Todo ello con marcas de primera calidad como Casmara o Skeyndor.F"
        }, 
        {
            "service_category": "Estética", 
            "service": "Presoterapia Corporal", 
            "duration": 1800, 
            "price": "18 € ", 
            "description": "Consigue una mejora de tu circulación, luciendo así una piel mucho más tersa. Además la presoterapia te permitirá eliminar esos focos localizados de grasa que tanto te acomplejan. En nuestro centro contamos con lo último en aparatología, para conseguir resultados verdaderamente efectivos. ¡No lo dudes y reserva ya tu cita cómodamente online a través de Bucmi.com! ¿A qué estás esperando? ¡No dejes que te lo cuenten!DF"
        }, 
        {
            "service_category": "Manicura y Pedicura", 
            "service": "Manicura Express", 
            "duration": 900, 
            "price": "5 € ", 
            "description": "Servicio exprés para disponer de unas uñas bonitas y en un poco tiempo. El servicio limado para conseguir la forma deseada y el esmaltado tradicional a elegir entre nuestra variedad de tono. Podrás escoger el color más acorde a tí, a tu estilo y personalidad. ¡Si eres de las que tienes poco tiempo pero aún así quieres lucir unas uñas perfectas, ¡este es tu servicio! Aprovecha este súper precio y ¡reserva ya tu cita cómodamente online a través de Bucmi.com!DF"
        }, 
        {
            "service_category": "Manicura y Pedicura", 
            "service": "Manicura Normal", 
            "duration": 1800, 
            "price": "10 € ", 
            "description": "¡Porque unas manos bonitas y cuidadas son siempre una buena carta de presentación! El servicio incluye el corte y limado de la uña para conseguir la forma deseada, retirada de pieles, levantamiento de cutículas, hidratación y maquillaje de uñas con esmaltado tradicional. Para finalizar esmaltamos con color o francesa, a elegir según el gusto del cliente. ¡No lo dudes y reserva ya tu cita cómodamente online a través de Bucmi.com! Te encantará el resultado. DF"
        }, 
        {
            "service_category": "Manicura y Pedicura", 
            "service": "Manicura Permanente", 
            "duration": 2700, 
            "price": "18 € ", 
            "description": "¡Despreocúpate por el estado de tus uñas durante semanas gracias a este servicio con esmaltado de larga duración! El servicio incluye cortar y limar para conseguir la forma deseada, levantar cutícula, esmaltado permanente, que dura unas tres semanas e hidratación. A elegir entre esmalte de color o francesa, según tu estilo gusto. En nuestro centro contamos con productos de primera calidad. ¡No lo dudes y reserva ya tu cita cómodamente online a través de Bucmi.com!DF"
        }, 
        {
            "service_category": "Manicura y Pedicura", 
            "service": "Manicura Y Pedicura Normal", 
            "duration": 3600, 
            "price": "30 € ", 
            "description": "Disfruta de una manipedi de diseño en Urban Spa que ayudará a tener unos pies y unas manos bonitas. El servicio incluye el limado y corte de la uña para conseguir la forma deseada, la retirada de cutículas, de durezas en el caso de los pies y el esmaltado normal del tono a escoger entre nuestra amplia gama. Puedes elegir el color que más te guste o francesa. ¡Porque unas uñas bonitas y cuidadas son siempre una buena carta de presentación! ¿A qué estás esperando para reservar? ¡Hazlo online con Bucmi.com!DF"
        }, 
        {
            "service_category": "Manicura y Pedicura", 
            "service": "Manicura Y Pedicura Permanente", 
            "duration": 3600, 
            "price": "48 € ", 
            "description": "Servicio de manicura y pedicura que te ayudará a mantener unos pies bonitos y unas manos bonitas con una larga mayor duración. Exactamente, más de tres semanas de las que no te tendrás que preocupar por tu esmalte. El servicio incluye el limado y corte de la uña para conseguir la forma deseada, la retirada de cutículas, de durezas en el caso de los pies y el esmaltado de larga duración, del tono a escoger entre nuestra amplia gama. Puedes elegir el color que más te guste o francesa. ¿A qué esperas?DF"
        }, 
        {
            "service_category": "Manicura y Pedicura", 
            "service": "Pedicura Completa", 
            "duration": 3600, 
            "price": "22 € ", 
            "description": "¡Mima tus pies gracias a los profesionales de nuestro centro! El servicio incluye corte y limado de la uña para conseguir la forma deseada, pieles, levantamiento de cutículas, durezas, peeling, hidratación y esmalte de uñas. Y terminas con esmaltado a color a elegir o francesa. ¡No lo dudes y reserva ya tu cita cómodamente online a través de Bucmi.com! Te encantará el resultado. ¿A qué estás esperando? ¡No dejes que te lo cuenten!DF"
        }, 
        {
            "service_category": "Manicura y Pedicura", 
            "service": "Pedicura Permanente", 
            "duration": 5400, 
            "price": "27 € ", 
            "description": "¡Despreocúpate por el estado de tus uñas durante semanas gracias a este servicio con esmaltado de larga duración! El servicio incluye cortar y limar para conseguir la forma deseada, levantar cutícula, durezas y pieles esmaltado permanente, que dura unas tres semanas e hidratación. A elegir entre esmalte de color o francesa, según tu estilo gusto. En nuestro centro contamos con productos de primera calidad. ¡No lo dudes y reserva ya tu cita cómodamente online a través de Bucmi.com!DF"
        }, 
        {
            "service_category": "Depilación", 
            "service": "Depilación Cera Axilas", 
            "duration": 900, 
            "price": "4,5 € ", 
            "description": "Depilación de axilas con cera caliente o tibia. Opta por la depilación más tradicional en nuestro centro y líbrate del molesto vello durante semanas. Disfruta ya de esta depilación con la que podrás lucir una piel suave, ideal para cualquier temporada del año. Contamos con un equipo de profesionales que trabajarán con el mayor cuidado para un resultado de 10. ¡No lo dudes y reserva ya tu cita cómodamente online a través de Bucmi.com! ¿A qué estás esperando? ¡No dejes que te lo cuenten!DF"
        }, 
        {
            "service_category": "Depilación", 
            "service": "Depilación Cera Labio Y Cejas", 
            "duration": 900, 
            "price": "6 € ", 
            "description": "Elige entre depilación de labio superior y las cejas que se realizará con cera o pinzas, dependiendo de cada necesidad del cliente. Las cejas son un punto clave en la expresión y personalidad de cualquier rostro, por lo que un buen cuidado es esencial. Elimina ese molesto vello facial, siempre en las mejores manos. ¡No lo dudes y reserva ya tu cita cómodamente online a través de Bucmi.com! Saldrás encantada con los resultados. ¿A qué estás esperando? ¡No dejes que te lo cuenten!DF"
        }, 
        {
            "service_category": "Depilación", 
            "service": "Depilación Cera M Piernas O Brazos,Ingles Y Axilas", 
            "duration": 1800, 
            "price": "20 € ", 
            "description": "Depilación con cera en medias piernas o brazos, ingles y axilas. Opta por la depilación más tradicional en nuestro centro y líbrate del molesto vello durante semanas. Disfruta ya de esta depilación con la que podrás lucir una piel suave, ideal para cualquier temporada del año. Contamos con un equipo de profesionales que trabajarán con el mayor cuidado para un resultado de 10. ¡No lo dudes y reserva ya tu cita cómodamente online a través de Bucmi.com! DF"
        }, 
        {
            "service_category": "Depilación", 
            "service": "Depilación Cera Piernas Enteras", 
            "duration": 2700, 
            "price": "17 € ", 
            "description": "Depilación de piernas enteras con cera caliente o tibia. Opta por la depilación más tradicional en nuestro centro y líbrate del molesto vello durante semanas. Disfruta ya de esta depilación con la que podrás lucir una piel suave, ideal para cualquier temporada del año. Contamos con un equipo de profesionales que trabajarán con el mayor cuidado para un resultado de 10. ¡No lo dudes y reserva ya tu cita cómodamente online a través de Bucmi.com! ¿A qué estás esperando? ¡No dejes que te lo cuenten!DF"
        }, 
        {
            "service_category": "Depilación", 
            "service": "Depilación Cera Piernas Enteras, Ingles Y Axilas", 
            "duration": 1800, 
            "price": "25 € ", 
            "description": "Depilación de piernas enteras, ingles y axilas con cera caliente o tibia. Opta por la depilación más tradicional en nuestro centro y líbrate del molesto vello durante semanas. Disfruta ya de esta depilación con la que podrás lucir una piel suave, ideal para cualquier temporada del año. Contamos con un equipo de profesionales que trabajarán con el mayor cuidado para un resultado de 10. ¡No lo dudes y reserva ya tu cita cómodamente online a través de Bucmi.com! ¿A qué estás esperando? DF"
        }, 
        {
            "service_category": "Depilación", 
            "service": "Depilación Cera Piernas, Ingles, Axilas Y Manicura", 
            "duration": 5400, 
            "price": "35 € ", 
            "description": "Depilación de axilas con cera caliente o tibia. Opta por la depilación más tradicional en nuestro centro y líbrate del molesto vello durante semanas. Disfruta ya de esta depilación con la que podrás lucir una piel suave, ideal para cualquier temporada del año. Además disfrutarás también de una manicura tradicional de color o francesa. Contamos con un equipo de profesionales que trabajarán con el mayor cuidado para un resultado de 10. ¡Reserva ya tu cita cómodamente online con Bucmi.com!DF"
        }, 
        {
            "service_category": "Depilación", 
            "service": "Depilación Cera Piernas, Pubis Completo Y Axilas", 
            "duration": 2700, 
            "price": "30 € ", 
            "description": "Depilación de piernas enteras, pubis completo y axilas con cera caliente o tibia. Opta por la depilación más tradicional en nuestro centro y líbrate del molesto vello durante semanas. Disfruta ya de esta depilación con la que podrás lucir una piel suave, ideal para cualquier temporada del año. Contamos con un equipo de profesionales que trabajarán con el mayor cuidado para un resultado de 10. ¡No lo dudes y reserva ya tu cita cómodamente online a través de Bucmi.com! ¿A qué estás esperando? DF"
        }, 
        {
            "service_category": "Depilación", 
            "service": "Depilación Cera Pubis Completo Con Perianal", 
            "duration": 900, 
            "price": "15 € ", 
            "description": "Depilación de pubis completo y zona perianal con cera caliente o tibia. Opta por la depilación más tradicional en nuestro centro y líbrate del molesto vello durante semanas. Disfruta ya de esta depilación con la que podrás lucir una piel suave, ideal para cualquier temporada del año. Contamos con un equipo de profesionales que trabajarán con el mayor cuidado para un resultado de 10. ¡No lo dudes y reserva ya tu cita cómodamente online a través de Bucmi.com! ¿A qué estás esperando? DF"
        }, 
        {
            "service_category": "Depilación", 
            "service": "Depilación Cera Ingles Normales Y Axilas", 
            "duration": 900, 
            "price": "10 € ", 
            "description": "Depilación de ingles (línea bikini) y axilas. Opta por la depilación más tradicional en nuestro centro y líbrate del molesto vello durante semanas. Disfruta ya de esta depilación con la que podrás lucir una piel suave, ideal para cualquier temporada del año. Contamos con un equipo de profesionales que trabajarán con el mayor cuidado para un resultado de 10. ¡No lo dudes y reserva ya tu cita cómodamente online a través de Bucmi.com! ¿A qué estás esperando? ¡No dejes que te lo cuenten!DF"
        }
    ]
}