{
    "adid": null, 
    "name": "Scappe Style And Passion", 
    "name_of_contact": "Scappe Style And Passion", 
    "scrape_page": "https://www.bucmi.com/scappestyle", 
    "business_website": "https://www.bucmi.com/scappestyle", 
    "areas_covered": null, 
    "description": "El centro de estética y peluquería Scappe Style And Passion situado en Cuatro Caminos, Madrid, ofrece gran variedad de tratamientos capilares y servicios de cortes de pelo asesorados, color, mechas y manicuras entre otros. No esperes más y reserva ahora.", 
    "img_link": [
        "https://d1nd15w2k87kz0.cloudfront.net/Uploads/635999435790983093.jpg", 
        "https://d1nd15w2k87kz0.cloudfront.net/Uploads/635999436633803440.jpg", 
        "https://d1nd15w2k87kz0.cloudfront.net/Uploads/635999436727709755.jpg", 
        "https://d1nd15w2k87kz0.cloudfront.net/Uploads/635999436746785425.jpg", 
        "https://d1nd15w2k87kz0.cloudfront.net/Uploads/635999436766173738.jpg"
    ], 
    "hqdb_featured_ad_type": "Featured", 
    "hqdb_nr_reviews": "17", 
    "hqdb_review_score": "8,8", 
    "accreditations": null, 
    "category": null, 
    "subcategory": null, 
    "street": "C/ Argensola, 11", 
    "city": "Madrid", 
    "zipcode": "28020", 
    "formatted_address": "C/ Argensola, 11, Madrid, 28020", 
    "country": "es", 
    "office_number": "910712517", 
    "office_number2": null, 
    "mobile_number": "663502746", 
    "mobile_number2": null, 
    "unidentified_phone_numbers": null, 
    "latitude": "40.4468674000", 
    "longitude": "-3.7004282000", 
    "business_email": null, 
    "yelp_page": null, 
    "facebook": null, 
    "twitter": null, 
    "instagram": null, 
    "venue_images": "https://d1nd15w2k87kz0.cloudfront.net/Logotipos/635999437822052170.jpg", 
    "opening_hours_raw": null, 
    "pricelist_link": null, 
    "services": [
        {
            "service_category": "Preferente", 
            "service": "Corte De Pelo Para Hombre", 
            "duration": 1800, 
            "price": "7 € ", 
            "description": "En Scappe Style & Passion podrás realizarte tu corte de pelo a tijera o máquina a un precio increíble. Reserva ya tu corte de pelo para hombre. ¡Porque ellos también se preocupan por su aspecto y en nuestro centro lo sabemos! No incluye lavado, si se desea se cobrará aparte en el centro. Incluye producto de acabado (cera o gomina). ¡Reserva ya tu cita cómodamente online a través de Bucmi.com! ¿A qué estás esperando? ¡No dejes que te lo cuenten!"
        }, 
        {
            "service_category": "Preferente", 
            "service": "Tto Capilar Ácido Hialurónico Y Peinado", 
            "duration": 5400, 
            "price": "45 € ", 
            "description": "Disfruta de una melena suave y brillante gracias a nuestro completo servicio de ácido hialurónico que engrosa tu melena y la repara. Además, incluye el lavado de la melena con champú e hidratación y el peinado definido de la melena. Te encantará el resultado. En nuestro centro contamos con productos de primera calidad para conseguir resultados de 10. ¡No lo dudes y reserva ya tu cita cómodamente online a través de Bucmi.com! Servicio indicado para cualquier longitud de la melena."
        }, 
        {
            "service_category": "Preferente", 
            "service": "Manicura Básica", 
            "duration": 1800, 
            "price": "7 € ", 
            "description": "En 20 minutos renovamos el aspecto de tus uñas con nuestra manicura exprés. Te limaremos y cortaremos las uñas, te trataremos las cutículas y te las maquillaremos con esmalte normal en el color que quieras. Todo ello dentro de nuestra amplia gama de tonalidades. Si se desea esmaltado en francesa se cobrará un extra de 1,5€ en el entro. ¡Porque unas manos bonitas y cuidadas dirán mucho de tí! No lo dudes y ¡reserva ya tu cita cómodamente online a través de Bucmi.com! ¿A qué estás esperando?"
        }, 
        {
            "service_category": "Peluquería", 
            "service": "Corte De Pelo Para Hombre", 
            "duration": 1800, 
            "price": "7 € ", 
            "description": "En Scappe Style & Passion podrás realizarte tu corte de pelo a tijera o máquina a un precio increíble. Reserva ya tu corte de pelo para hombre. ¡Porque ellos también se preocupan por su aspecto y en nuestro centro lo sabemos! No incluye lavado, si se desea se cobrará aparte en el centro. Incluye producto de acabado (cera o gomina). ¡Reserva ya tu cita cómodamente online a través de Bucmi.com! ¿A qué estás esperando? ¡No dejes que te lo cuenten!"
        }, 
        {
            "service_category": "Peluquería", 
            "service": "Tto Capilar Ácido Hialurónico Y Peinado", 
            "duration": 5400, 
            "price": "45 € ", 
            "description": "Disfruta de una melena suave y brillante gracias a nuestro completo servicio de ácido hialurónico que engrosa tu melena y la repara. Además, incluye el lavado de la melena con champú e hidratación y el peinado definido de la melena. Te encantará el resultado. En nuestro centro contamos con productos de primera calidad para conseguir resultados de 10. ¡No lo dudes y reserva ya tu cita cómodamente online a través de Bucmi.com! Servicio indicado para cualquier longitud de la melena."
        }, 
        {
            "service_category": "Peluquería", 
            "service": "Alisado Keratina Pelo Corto O Media Melena", 
            "duration": 5400, 
            "price": "75 € ", 
            "description": "Estiliza tu media melena y evita los rizos encrespados con nuestro alisado de keratina. ¡No te lo pienses y súmate a la moda del alisado! El servicio no incluye peinado (se cobraría un extra en el centro). Válido para pelo corto y media melena hasta los hombros. ¡Domina ese pelo tan rebelde que te trae de cabeza! No lo dudes y ¡reserva ya tu cita cómodamente online a través de Bucmi.com! ¿A qué estás esperando? ¡No dejes que te lo cuenten!"
        }, 
        {
            "service_category": "Peluquería", 
            "service": "Alisado Keratina Pelo Largo", 
            "duration": 7200, 
            "price": "100 € ", 
            "description": "Estiliza tu media melena y evita los rizos encrespados con nuestro alisado de keratina. ¡No te lo pienses y súmate a la moda del alisado! El servicio no incluye peinado (se cobraría un extra en el centro). Válido para pelo largo debajo de los hombros. ¡Domina ese pelo tan rebelde que te trae de cabeza! No lo dudes y ¡reserva ya tu cita cómodamente online a través de Bucmi.com! ¿A qué estás esperando? ¡No dejes que te lo cuenten! Te encantarán los resultados."
        }, 
        {
            "service_category": "Peluquería", 
            "service": "Color Raíz Media Melena", 
            "duration": 3600, 
            "price": "14 € ", 
            "description": "¡Repasa tus raíces y luce un color uniforme en tu melena! Vuelve a lucir la luminosidad y el color que tanto te caracterizaba tu melena. El servicio incluye un agradable lavado y el color en raíz. No incluye peinado. Todo ello en manos de nuestro equipo de profesionales que trabajarán para conseguir el mejor resultado. ¡No lo dudes y reserva ya tu cita cómodamente online a través de Bucmi.com! ¿A qué estás esperando? ¡Que te lo cuenten! Precio para media melena.Suplemento 5 euros por teñir el resto de pelo."
        }, 
        {
            "service_category": "Peluquería", 
            "service": "Color Raíz Pelo Corto", 
            "duration": 3600, 
            "price": "12 € ", 
            "description": "¡Repasa tus raíces y luce un color uniforme en tu melena! Vuelve a lucir la luminosidad y el color que tanto te caracterizaba tu melena. El servicio incluye un agradable lavado y el color en raíz. No incluye peinado. Todo ello en manos de nuestro equipo de profesionales que trabajarán para conseguir el mejor resultado. ¡No lo dudes y reserva ya tu cita cómodamente online a través de Bucmi.com! ¿A qué estás esperando? Precio para pelo corto. Suplemento 5 euros por teñir el resto de pelo."
        }, 
        {
            "service_category": "Peluquería", 
            "service": "Color Raíz Pelo Largo", 
            "duration": 3600, 
            "price": "16 € ", 
            "description": "¡Repasa tus raíces y luce un color uniforme en tu melena! Vuelve a lucir la luminosidad y el color que tanto te caracterizaba tu melena. El servicio incluye un agradable lavado y el color en raíz. No incluye peinado. Todo ello en manos de nuestro equipo de profesionales que trabajarán para conseguir el mejor resultado. ¡No lo dudes y reserva ya tu cita cómodamente online a través de Bucmi.com! ¿A qué estás esperando? Precio para pelo largo. Suplemento 5 euros por teñir el resto de pelo."
        }, 
        {
            "service_category": "Peluquería", 
            "service": "Cortar Y Peinar Mujer Media Melena", 
            "duration": 2700, 
            "price": "17,5 € ", 
            "description": "Tanto si quieres pasarte al pelo muy corto, como si quieres revisar las puntas nada más, puedes hacerlo reservando este servicio. Incluye el lavado (champú y mascarilla), el corte según tus preferencias y el peinado con definición. Todo ello en las mejores manos. Podrás escoger entre un corte más clásico o atreverte con las últimas tendencias. ¿A qué esperas para reservar? ¡Hazlo cómodamente online a través de Bucmi.com! Válido para media melena hasta los hombros."
        }, 
        {
            "service_category": "Peluquería", 
            "service": "Cortar Y Peinar Mujer Pelo Corto", 
            "duration": 2700, 
            "price": "15,5 € ", 
            "description": "Tanto si quieres pasarte al pelo muy corto, como si quieres revisar las puntas nada más, puedes hacerlo reservando este servicio. Incluye el lavado (champú y mascarilla), el corte según tus preferencias y el peinado con definición. Todo ello en las mejores manos. Podrás escoger entre un corte más clásico o atreverte con las últimas tendencias. ¿A qué esperas para reservar? ¡Hazlo cómodamente online a través de Bucmi.com! Válido para media melena hasta los hombros. Válido para pelo corto estilo chico."
        }, 
        {
            "service_category": "Peluquería", 
            "service": "Cortar Y Peinar Mujer Pelo Largo", 
            "duration": 2700, 
            "price": "20,5 € ", 
            "description": "Tanto si quieres pasarte al pelo muy corto, como si quieres revisar las puntas nada más, puedes hacerlo reservando este servicio. Incluye el lavado (champú y mascarilla), el corte según tus preferencias y el peinado con definición. Todo ello en las mejores manos. Podrás escoger entre un corte más clásico o atreverte con las últimas tendencias. ¿A qué esperas para reservar? ¡Hazlo cómodamente online a través de Bucmi.com! Válido para media melena hasta los hombros.Válido para pelo largo desde los hombros."
        }, 
        {
            "service_category": "Peluquería", 
            "service": "Lavar Y Peinado Pelo Largo", 
            "duration": 2700, 
            "price": "12,5 € ", 
            "description": "Si tienes cualquier ocasión especial o simplemente quieres sentirte guapa, disfruta ya de un peinado asesorado por nuestro equipo de profesionales. Conseguirás así sentirte más ideal que nunca, dominando así ese pelo tan rebelde que te incomoda. El servicio incluye el lavado y el peinado con definición. ¡No lo pienses más y reserva ya tu cita cómodamente online a través de Bucmi.com! ¿A qué estás esperando? ¡No dejes que te lo cuenten! Precio indicado para pelo largo. ¡Saldrás encantada con los resultados!"
        }, 
        {
            "service_category": "Peluquería", 
            "service": "Lavar Y Peinar Media Melena", 
            "duration": 2700, 
            "price": "9,5 € ", 
            "description": "Si tienes cualquier ocasión especial o simplemente quieres sentirte guapa, disfruta ya de un peinado asesorado por nuestro equipo de profesionales. Conseguirás así sentirte más ideal que nunca, dominando así ese pelo tan rebelde que te incomoda. El servicio incluye el lavado y el peinado con definición. ¡No lo pienses más y reserva ya tu cita cómodamente online a través de Bucmi.com! ¿A qué estás esperando? ¡No dejes que te lo cuenten! Precio indicado para media melena.¡Saldrás encantada con los resultados!"
        }, 
        {
            "service_category": "Peluquería", 
            "service": "Lavar Y Peinar Pelo Corto", 
            "duration": 1800, 
            "price": "8,5 € ", 
            "description": "Si tienes cualquier ocasión especial o simplemente quieres sentirte guapa, disfruta ya de un peinado asesorado por nuestro equipo de profesionales. Conseguirás así sentirte más ideal que nunca, dominando así ese pelo tan rebelde que te incomoda. El servicio incluye el lavado y el peinado con definición. ¡No lo pienses más y reserva ya tu cita cómodamente online a través de Bucmi.com! ¿A qué estás esperando? ¡No dejes que te lo cuenten! Precio indicado para pelo corto. ¡Saldrás encantada con los resultados!"
        }, 
        {
            "service_category": "Peluquería", 
            "service": "Mechas Californianas", 
            "duration": 3600, 
            "price": "39,9 € ", 
            "description": "Las mechas californianas son el último grito en tendencia. Conseguirás así la luminosidad y el toque de color que estás buscando para tu melena. El servicio incluye un agradable lavado, la aplicación de las mechas californianas y el secado normal. No incluye peinado. ¡No lo dudes y reserva ya tu cita cómodamente online a través de Bucmi.com! ¿A qué estás esperando? ¡No dejes que te lo cuenten! Serás así el centro de atención allá donde vayas."
        }, 
        {
            "service_category": "Peluquería", 
            "service": "Mechas Normales Media Melena", 
            "duration": 3600, 
            "price": "17,5 € ", 
            "description": "Conseguirás así la luminosidad y el toque de color que estás buscando para tu melena. El servicio incluye un agradable lavado, la aplicación de las mechas y el secado normal. No incluye peinado. Todo ello en manos de nuestro equipo de profesionales que trabajarán para conseguir el mejor resultado. ¡No lo dudes y reserva ya tu cita cómodamente online a través de Bucmi.com! ¿A qué estás esperando? ¡No dejes que te lo cuenten! Serás así el centro de atención allá donde vayas. Precio para media melena."
        }, 
        {
            "service_category": "Peluquería", 
            "service": "Mechas Normales Pelo Largo", 
            "duration": 3600, 
            "price": "22,5 € ", 
            "description": "Conseguirás así la luminosidad y el toque de color que estás buscando para tu melena. El servicio incluye un agradable lavado, la aplicación de las mechas y el secado normal. No incluye peinado. Todo ello en manos de nuestro equipo de profesionales que trabajarán para conseguir el mejor resultado. ¡No lo dudes y reserva ya tu cita cómodamente online a través de Bucmi.com! ¿A qué estás esperando? ¡No dejes que te lo cuenten! Serás así el centro de atención allá donde vayas. Precio para pelo largo."
        }, 
        {
            "service_category": "Peluquería", 
            "service": "Mechas, Color, Mascarilla, Corte Y Peinado Media M", 
            "duration": 7200, 
            "price": "43,5 € ", 
            "description": "Dale un cambio radical a tu melena de a mano de los mejores profesionales del sector con este pack que incluye: Mechas, color, mascarilla hidratante, corte de pelo totalmente asesorado y peinado. No esperes más y reserva ahora tu cita online a través de Bucmi.com."
        }, 
        {
            "service_category": "Peluquería", 
            "service": "Mechas, Color, Mascarilla, Corte Y Peinado P Largo", 
            "duration": 7200, 
            "price": "48,5 € ", 
            "description": "Realízate un cambio de look de la mano de los mejores profesionales del sector gracias a este pack. Iluminarás tu melena gracias a estas mechas, unificarás el tono con el color, realizamos corte de pelo asesorado y además peinamos tu melena para que salgas perfecta del salón. Reserva ahora online con Bucmi."
        }, 
        {
            "service_category": "Manicura y Pedicura", 
            "service": "Corte De Pelo Para Hombre", 
            "duration": 1800, 
            "price": "7 € ", 
            "description": "En Scappe Style & Passion podrás realizarte tu corte de pelo a tijera o máquina a un precio increíble. Reserva ya tu corte de pelo para hombre. ¡Porque ellos también se preocupan por su aspecto y en nuestro centro lo sabemos! No incluye lavado, si se desea se cobrará aparte en el centro. Incluye producto de acabado (cera o gomina). ¡Reserva ya tu cita cómodamente online a través de Bucmi.com! ¿A qué estás esperando? ¡No dejes que te lo cuenten!"
        }, 
        {
            "service_category": "Manicura y Pedicura", 
            "service": "Tto Capilar Ácido Hialurónico Y Peinado", 
            "duration": 5400, 
            "price": "45 € ", 
            "description": "Disfruta de una melena suave y brillante gracias a nuestro completo servicio de ácido hialurónico que engrosa tu melena y la repara. Además, incluye el lavado de la melena con champú e hidratación y el peinado definido de la melena. Te encantará el resultado. En nuestro centro contamos con productos de primera calidad para conseguir resultados de 10. ¡No lo dudes y reserva ya tu cita cómodamente online a través de Bucmi.com! Servicio indicado para cualquier longitud de la melena."
        }, 
        {
            "service_category": "Manicura y Pedicura", 
            "service": "Alisado Keratina Pelo Corto O Media Melena", 
            "duration": 5400, 
            "price": "75 € ", 
            "description": "Estiliza tu media melena y evita los rizos encrespados con nuestro alisado de keratina. ¡No te lo pienses y súmate a la moda del alisado! El servicio no incluye peinado (se cobraría un extra en el centro). Válido para pelo corto y media melena hasta los hombros. ¡Domina ese pelo tan rebelde que te trae de cabeza! No lo dudes y ¡reserva ya tu cita cómodamente online a través de Bucmi.com! ¿A qué estás esperando? ¡No dejes que te lo cuenten!"
        }, 
        {
            "service_category": "Manicura y Pedicura", 
            "service": "Alisado Keratina Pelo Largo", 
            "duration": 7200, 
            "price": "100 € ", 
            "description": "Estiliza tu media melena y evita los rizos encrespados con nuestro alisado de keratina. ¡No te lo pienses y súmate a la moda del alisado! El servicio no incluye peinado (se cobraría un extra en el centro). Válido para pelo largo debajo de los hombros. ¡Domina ese pelo tan rebelde que te trae de cabeza! No lo dudes y ¡reserva ya tu cita cómodamente online a través de Bucmi.com! ¿A qué estás esperando? ¡No dejes que te lo cuenten! Te encantarán los resultados."
        }
    ]
}