{
    "adid": null, 
    "name": "Tulang Bienestar y Belleza", 
    "name_of_contact": "Tulang Bienestar y Belleza", 
    "scrape_page": "https://www.bucmi.com/tulangbyb", 
    "business_website": "https://www.bucmi.com/tulangbyb", 
    "areas_covered": null, 
    "description": "Tulang es un centro de Bienestar y Belleza en Avenida de América 10 en Madrid. Hueso en tailandés se escribe “Tulang” y eso demuestra lo importante que es el sistema óseo para los fundadores de este centro de bienestar. Dentro de sus tratamientos de belleza podrás encontrar tratamientos corporales así como faciales. Los tratamientos de bienestar se centran en terapias naturales como la acupuntura, la osteopatía y el masaje shiatsu. Además, si lo que deseas es entrenar tu forma física, podrás encontrar sesiones de pilates.", 
    "img_link": [
        "https://d1nd15w2k87kz0.cloudfront.net/Uploads/636008259350267066.jpg", 
        "https://d1nd15w2k87kz0.cloudfront.net/Uploads/636008259355735791.jpg", 
        "https://d1nd15w2k87kz0.cloudfront.net/Uploads/636008259369494036.jpg", 
        "https://d1nd15w2k87kz0.cloudfront.net/Uploads/636008259392306211.jpg", 
        "https://d1nd15w2k87kz0.cloudfront.net/Uploads/636008259422000462.jpg"
    ], 
    "hqdb_featured_ad_type": "Featured", 
    "hqdb_nr_reviews": "35", 
    "hqdb_review_score": "9,5", 
    "accreditations": null, 
    "category": null, 
    "subcategory": null, 
    "street": null, 
    "city": "Madrid", 
    "zipcode": "28028", 
    "formatted_address": "Madrid, 28001, Madrid, 28028", 
    "country": "es", 
    "office_number": "910258476", 
    "office_number2": null, 
    "mobile_number": null, 
    "mobile_number2": null, 
    "unidentified_phone_numbers": null, 
    "latitude": "40.4379682000", 
    "longitude": "-3.6756890000", 
    "business_email": null, 
    "yelp_page": null, 
    "facebook": null, 
    "twitter": null, 
    "instagram": null, 
    "venue_images": "https://d1nd15w2k87kz0.cloudfront.net/Logotipos/636282868475831476.jpg", 
    "opening_hours_raw": null, 
    "pricelist_link": null, 
    "services": [
        {
            "service_category": "Preferente", 
            "service": "Facial Kobido Y Radiofrecuencia Facial", 
            "duration": 3600, 
            "price": "95 € ", 
            "description": "Combinación total para conseguir un efecto lifting natural en la piel del rostro. Es un tratamiento rejuvenecedor que combina un masaje tradicional de la medicina asiática y aparatología de última generación. incluye un masaje facial kobido y una sesión de radiofrecuencia facial, que al unirse consiguen una activación de la circulación en la zona facial y promueven la generación natural de colágeno y elastina. El resultado es una piel más luminosa, firme y joven."
        }, 
        {
            "service_category": "Preferente", 
            "service": "Bono 3 Ss Mesoterapia Virtual Y Principios Activos", 
            "duration": 3600, 
            "price": "165 € ", 
            "description": "Tratamiento no invasivo que consiste en la aplicación de principios activos: Vitamina C, antioxidantes, Hialurónico, DMAE + silicio orgánico, ampollas de alcachofa. Indicado para tratamientos faciales y corporales según el efecto que se quiera conseguir. Contamos con un servicio totalmente personalizado. Se puede elegir una sesión facial o corporal localizada en cada visita."
        }, 
        {
            "service_category": "Preferente", 
            "service": "Bono 6 Ss Tto. Corporal Reductor/Anticelulítico", 
            "duration": 5400, 
            "price": "234 € ", 
            "description": "Completo tratamiento que consta de 6 sesiones en las que según las necesidades individuales se aplica un circuito con 4 aparatologías diferentes. Cada sesión incluye cavitación, radiofrecuencia, presoterapia para drenar y mejorar la circulación, electroestimulación para adelgazar y subir el tono muscular. Este tratamiento está orientado a cada cliente, según los objetivos que quiera conseguir (adelgazar, reafirmar, tonificar)."
        }, 
        {
            "service_category": "Preferente", 
            "service": "Tratamiento Facial A Elegir Y Mesoterapia", 
            "duration": 3600, 
            "price": "90 € ", 
            "description": "Terapia facial que se realiza de forma personalizada según las necesidades de cada piel y que combina la acción de un tratamiento personalizado y la mesoterapia virtual. La terapia facial se puede elegir entre un tratamiento antioxidante, efecto bótox o de Vitamina C. El resultado es una piel más cuidada, joven, luminosa y firme. Resérvalo al mejor precio con Bucmi.com."
        }, 
        {
            "service_category": "Preferente", 
            "service": "Higiene Facial Personalizado Y Trat. Reparador", 
            "duration": 3600, 
            "price": "45 € ", 
            "description": "Este servicio esta pensado para cuidar, recuperar y realzar la belleza del rostro. Esta higiene facial incluye: extracción, exfoliación, desmaquillado e hidratación y un tratamiento reparador. El resultado es una piel sana y en perfecto equilibrio gracias al cuidado personalizado que se aplica y los cosméticos de calidad utilizados. Válido para hombres y mujeres. Reserva tu cita en Tulang cómodamente con Bucmi."
        }, 
        {
            "service_category": "Preferente", 
            "service": "Bono 3 Sesiones De Masaje Terapéutico A Elegir", 
            "duration": 2700, 
            "price": "90 € ", 
            "description": "Bono pensado para deportistas, personas con tendencia a sufrir contracturas o dolencias diferentes, que incluye 3 sesiones de masaje terapéutico a elegir. En cada sesión de 45 minutos, los masajistas expertos de Tulang aplican la terapia más adecuada que puede ser un masaje descontracturante, deportivo o una sesión de osteopatía."
        }, 
        {
            "service_category": "Estética", 
            "service": "Facial Kobido Y Radiofrecuencia Facial", 
            "duration": 3600, 
            "price": "95 € ", 
            "description": "Combinación total para conseguir un efecto lifting natural en la piel del rostro. Es un tratamiento rejuvenecedor que combina un masaje tradicional de la medicina asiática y aparatología de última generación. incluye un masaje facial kobido y una sesión de radiofrecuencia facial, que al unirse consiguen una activación de la circulación en la zona facial y promueven la generación natural de colágeno y elastina. El resultado es una piel más luminosa, firme y joven."
        }, 
        {
            "service_category": "Estética", 
            "service": "Bono 10 Ss Presoterapia Corporal", 
            "duration": 1800, 
            "price": "200 € ", 
            "description": "Este tratamiento estimula el sistema circulatorio generando un drenaje linfático que ayuda en la eliminación de líquidos, grasas y toxinas que provocan la celulitis, además, linfoedemas y varices. Aprovecha ya y reserva en Bucmi este bono de 5 sesiones de presoterapia corporal, por un precio muy asequible! Cada sesión tiene una duración de 30 minutos. En Tulag vivirás una experiencia única y personalizada."
        }, 
        {
            "service_category": "Estética", 
            "service": "Bono 3 Masaje Circulatorio Y Presoterapia", 
            "duration": 3600, 
            "price": "150 € ", 
            "description": "Un pack de terapias especialmente pensado para aliviar los problemas de mala circulación, retención de líquidos y piernas cansadas. Este bono incluye tres sesiones en cada una de las cuales se realiza un masaje manual circulatorio y se aplica aparatología de presoterapia. El objetivo es mejorar el drenaje y dar una sensación de mayor ligereza. Además, previene la formación de varices."
        }, 
        {
            "service_category": "Estética", 
            "service": "Peeling Químico Y Radiofrecuencia", 
            "duration": 5400, 
            "price": "75 € ", 
            "description": "Pack de tratamientos que se realiza en una hora y 15 minutos aproximadamente, que combina un peeling químico y una sesión de radiofrecuencia. Con el peeling se libera la piel, eliminando impurezas y células muertas. Con la radiofrecuencia se logra un efecto reafirmante que promueve la producción natural de colágeno y elastina. El resultado es una piel más sana, limpia, luminosa y tersa."
        }, 
        {
            "service_category": "Estética", 
            "service": "Bono 10 Sesiones Tto. Reductor Anticelulítico", 
            "duration": 5400, 
            "price": "390 € ", 
            "description": "Consta de 10 sesiones en las que según las necesidades concretas de cada cliente, se aplica un circuito de aparatología estética completo. Incluye diez sesiones de cavitación, radiofrecuencia, presoterapia para drenar y mejorar la circulación, y electroestimulación para adelgazar y subir el tono muscular. Este tratamiento esta orientado a cada cliente, según los objetivos que quiera conseguir (adelgazar, reafirmar, tonificar)."
        }, 
        {
            "service_category": "Estética", 
            "service": "Bono 3 Ss Mesoterapia Virtual Y Principios Activos", 
            "duration": 3600, 
            "price": "165 € ", 
            "description": "Tratamiento no invasivo que consiste en la aplicación de principios activos: Vitamina C, antioxidantes, Hialurónico, DMAE + silicio orgánico, ampollas de alcachofa. Indicado para tratamientos faciales y corporales según el efecto que se quiera conseguir. Contamos con un servicio totalmente personalizado. Se puede elegir una sesión facial o corporal localizada en cada visita."
        }, 
        {
            "service_category": "Estética", 
            "service": "Bono 5 Masajes Reafirmantes O Anticelulíticos", 
            "duration": 1800, 
            "price": "150 € ", 
            "description": "Este servicio incluye 5 sesiones de 30 minutos de una terapia manual específica para reducir la grasa y reafirmar la piel del cuerpo. Se realiza mediante un masaje específico con cosméticos especiales que penetran en la piel y actúan para lograr el mejor resultado. Está especialmente indicado para reducir la grasa menos dura que produce el llamado efecto piel de naranja."
        }, 
        {
            "service_category": "Estética", 
            "service": "Bono 6 Ss Tto. Corporal Reductor/Anticelulítico", 
            "duration": 5400, 
            "price": "234 € ", 
            "description": "Completo tratamiento que consta de 6 sesiones en las que según las necesidades individuales se aplica un circuito con 4 aparatologías diferentes. Cada sesión incluye cavitación, radiofrecuencia, presoterapia para drenar y mejorar la circulación, electroestimulación para adelgazar y subir el tono muscular. Este tratamiento está orientado a cada cliente, según los objetivos que quiera conseguir (adelgazar, reafirmar, tonificar)."
        }, 
        {
            "service_category": "Estética", 
            "service": "Tratamiento Facial A Elegir Y Mesoterapia", 
            "duration": 3600, 
            "price": "90 € ", 
            "description": "Terapia facial que se realiza de forma personalizada según las necesidades de cada piel y que combina la acción de un tratamiento personalizado y la mesoterapia virtual. La terapia facial se puede elegir entre un tratamiento antioxidante, efecto bótox o de Vitamina C. El resultado es una piel más cuidada, joven, luminosa y firme. Resérvalo al mejor precio con Bucmi.com."
        }, 
        {
            "service_category": "Estética", 
            "service": "Tto Facial A Elegir Y Tto Corporal Hidratación", 
            "duration": 7200, 
            "price": "100 € ", 
            "description": "Pack de un tratamiento corporal a elegir y un tratamiento corporal de hidratación profunda, pensado para mejorar la salud y belleza de la piel. En el caso de la terapia facial se puede elegir entre una sesión de tratamiento antioxidante, efecto bótox o de Vitamina C, según las necesidades de cada caso. Además, se aplica un tratamiento de hidratación profunda para todo el cuerpo."
        }, 
        {
            "service_category": "Estética", 
            "service": "Higiene Facial Personalizado Y Trat. Reparador", 
            "duration": 3600, 
            "price": "45 € ", 
            "description": "Este servicio esta pensado para cuidar, recuperar y realzar la belleza del rostro. Esta higiene facial incluye: extracción, exfoliación, desmaquillado e hidratación y un tratamiento reparador. El resultado es una piel sana y en perfecto equilibrio gracias al cuidado personalizado que se aplica y los cosméticos de calidad utilizados. Válido para hombres y mujeres. Reserva tu cita en Tulang cómodamente con Bucmi."
        }, 
        {
            "service_category": "Estética", 
            "service": "Tratamiento Regenerador Con Minerales Del Mar Muer", 
            "duration": 3600, 
            "price": "45 € ", 
            "description": "Tratamiento que estimula las células epidérmicas, protegen de los signos del envejecimiento e iluminan tu piel. Se utiliza cosmética 100% natural con extractos y aceites esenciales formulados con Barros y Sales Minerales de las profundidades del Mar Muerto.Haz tu reserva online y mima tu piel..."
        }, 
        {
            "service_category": "Estética", 
            "service": "Bono 2 Ses Peeling Químico Y 3 Ses Radiofrecuencia", 
            "duration": 5400, 
            "price": "185 € ", 
            "description": "Un pack intensivo de tratamiento de la piel que combina lo más novedoso en estética. Por un lado se aplica un peeling químico para eliminar células muertas e impurezas de forma intensiva. Y por otro, la radiofrecuencia produce un efecto reafirmante antiedad o antiflacidez. El bono incluye 2 sesiones de peeing químico y 3 de radiofrecuencia facial o corporal localizada. Cada sesión tiene una duración aproximada de 75 minutos."
        }, 
        {
            "service_category": "Estética", 
            "service": "Bono 3 Sesiones Peeling Químico Y Mesoterapia", 
            "duration": 5400, 
            "price": "155 € ", 
            "description": "Tratamiento no invasivo que consiste en la aplicación de principios activos: vitaminaC, antioxidantes, Hialurónico, DMAE + silicio orgánico, ampollas de alcachofa. Indicado para tratamientos faciales y corporales localizados, según el efecto que se quiera conseguir. Además, incluye un peeling químico que reduce imperfecciones de la piel y las células muertas. El bono incluye 3 sesiones de 90 minutos de duración aproximadamente."
        }, 
        {
            "service_category": "Estética", 
            "service": "Masaje Reafirmante O Antielulítico", 
            "duration": 1800, 
            "price": "30 € ", 
            "description": "Terapia manual específica para reducir la grasa y reafirmar la piel del cuerpo. Se realiza mediante un masaje específico con cosméticos especiales que penetran en la piel y actúan para lograr el mejor resultado. Está especialmente indicado para reducir la grasa menos dura que produce el llamado efecto piel de naranja. Reserva tu sesión de 30 minutos cómodamente online con Bucmi."
        }, 
        {
            "service_category": "Estética", 
            "service": "Peeling Químico Y Mesoterapia Virtual Efecto Flash", 
            "duration": 5400, 
            "price": "55 € ", 
            "description": "Tratamiento no invasivo que consiste en la aplicación de principios activos: vitaminaC, antioxidantes, Hialurónico, DMAE + silicio orgánico, ampollas de alcachofa. Indicado para tratamientos faciales y corporales localizados, según el efecto que se quiera conseguir. Además, incluye un peeling químico que reduce imperfecciones de la piel y las células muertas."
        }, 
        {
            "service_category": "Masaje", 
            "service": "Masaje Facial Kobido Y Vitaminas", 
            "duration": 3600, 
            "price": "55 € ", 
            "description": "La técnica Kobido©, es un masaje facial japonés; su finalidad es relajar los músculos contraídos, favoreciendo la eliminación de arrugas y la recuperación del aspecto de la piel; cuando los músculos están relajados la sangre circula libremente recibiendo todos los beneficios.. Luce una piel brillante, luminosa, fresca en un rostro sereno y radiante!"
        }, 
        {
            "service_category": "Masaje", 
            "service": "Masaje Facial Kobido Y Masaje Relajante Corporal", 
            "duration": 3600, 
            "price": "55 € ", 
            "description": "El Masaje Kobido previene síntomas de envejecimiento, degeneración de la piel, arrugas, reduce la flacidez y mejora la oxigenación y nutrición de la piel. El Masaje Relajante Corporal con aceites esenciales consiste en movimientos suaves y localizados del tejido, cuyo objetivo fundamental es proporcionar relajación y bienestar. Haz tu reserva en Bucmi y disfruta de este extrordinario pack!!!"
        }, 
        {
            "service_category": "Masaje", 
            "service": "Bono 3 Sesiones De Masaje Terapéutico A Elegir", 
            "duration": 2700, 
            "price": "90 € ", 
            "description": "Bono pensado para deportistas, personas con tendencia a sufrir contracturas o dolencias diferentes, que incluye 3 sesiones de masaje terapéutico a elegir. En cada sesión de 45 minutos, los masajistas expertos de Tulang aplican la terapia más adecuada que puede ser un masaje descontracturante, deportivo o una sesión de osteopatía."
        }, 
        {
            "service_category": "Masaje", 
            "service": "Masaje Deportivo", 
            "duration": 1800, 
            "price": "30 € ", 
            "description": "Consiste en una serie de maniobras con el fin de restaurar los tejidos agredidos por el entrenamiento o la competición. Aumenta la capacidad de rendimiento deportivoAyudamos a evitar las agujetas, dolores articulares y tendinosos.Mantiene la elasticidad necesaria para alcanzar un optimo rendimiento.Evita que se produzca la lesión."
        }, 
        {
            "service_category": "Masaje", 
            "service": "Osteopatia Miofascial", 
            "duration": 3600, 
            "price": "45 € ", 
            "description": "Terapia miofascial que consiste en manipular el tejido conectivo o fascia de forma lenta y progresiva, aplicando la regla del ‘‘no dolor’’ Notarás resultados desde la primera sesión, alivia dolencias, bloqueos musculares a causa de malas posturas y/ lesiones. Reequilibra tu cuerpo y recupera tu movilidad... Haz tu Reserva online a traves de bucmi!!!"
        }, 
        {
            "service_category": "Masaje", 
            "service": "Osteopatia Miofascial Y Quiromasaje", 
            "duration": 3600, 
            "price": "45 € ", 
            "description": "Consiste en combinar una serie de manipulaciones: amasamientos, movimientos amplios a un ritmo lento, con presión firme y adecuada a cada situación, estiramientos y movilización articular apropiadas."
        }, 
        {
            "service_category": "Masaje", 
            "service": "Masaje Tailandés Tradicional", 
            "duration": 3600, 
            "price": "40 € ", 
            "description": "El masaje tailandés es un masaje enérgico, combina principalmente estiramientos pasivos con la aplicación de presión por parte del terapeuta utilizando sus manos, codos y en ocasiones sus rodillas para realizar un tratamiento más efectivo.. La intensidad del masaje se ajusta a las necesidades e intereses de cada personaF"
        }, 
        {
            "service_category": "Bienestar", 
            "service": "Electroestimulación Y Masaje Reafirmante O Preso", 
            "duration": 5400, 
            "price": "40 € ", 
            "description": "Pack de tratamientos corporales desarrollado especialmente para reducir volumen y grasa localizada. Por un lado, incluye una sesión de electroestimulación o gimnasia pasiva con la que conseguimos el efecto de una sesión de deporte. Y por otro, se combina con una sesión de masaje manual reafirmante o anticelulítico o presoterapia. Cualquiera de las dos combinaciones ayuda a eliminar de forma natural la grasa movilizada con al sesión de electroestimulación. Dura 75 minutos aproximadamente."
        }, 
        {
            "service_category": "Varios", 
            "service": "Tratamiento Manos Y Pies Minerales Del Mar Muerto", 
            "duration": 3600, 
            "price": "45 € ", 
            "description": "Tratamiento basado en el uso de minerales provenientes del Mar Muerto que estimulan las células epidérmicas, protegen de los signos del envejecimiento e iluminan la piel. Se utiliza cosmética 100% natural con extractos y aceites esenciales formulados con Barros y Sales Minerales seleccionadas. Este servicio es exclusivo para realizarse en manos y pies."
        }, 
        {
            "service_category": "Varios", 
            "service": "Masaje Con Ventosas", 
            "duration": 2700, 
            "price": "40 € ", 
            "description": "Los especialistas en terapias naturales de Tulang llevan más de 6 años realizando la técnica de cupping. Gracias a la aplicación de ventosas que se suele aplicar en brazos, espalda, piernas u hombros, conseguiremos mover los fluidos orgánicos y eliminar las toxinas del cuerpo gracias al efecto succión. Trata ciática, contracturas musculares, insomnio, ansiedad y dolor en espalda entre otras dolencias."
        }, 
        {
            "service_category": "Varios", 
            "service": "Masaje Relajante Neurosedante Con Pindas A Elegir", 
            "duration": 2700, 
            "price": "45 € ", 
            "description": "Dirigido a una persona sana, que no sufre una lesión. Su finalidad es darle al cuerpo un estado de tranquilidad y descanso profundo. Para realizar esta terapia manual se utilizan aceites esenciales personalizados, combinado con pindas herbales si se desea y con aromaterapia. En definitiva se crea una atmósfera de relax que acompaña los movimientos suaves y ondulantes que relajan los músculos y los sentidos."
        }
    ]
}