{
    "adid": null, 
    "name": "Amarna Zenter", 
    "name_of_contact": "Amarna Zenter", 
    "scrape_page": "https://www.bucmi.com/amarnazenter", 
    "business_website": "https://www.bucmi.com/amarnazenter", 
    "areas_covered": null, 
    "description": "El Centro de Terapias Naturales y Alternativas Amarna está situado en pleno barrio de Chamartín en Madrid. A través de este tipo de técnicas mejoramos nuestro cuerpo y prevenimos dolencias y anomalías. Reserva ahora online y comprueba la diferencia.", 
    "img_link": [
        "https://d1nd15w2k87kz0.cloudfront.net/Uploads/636023572695582904.jpg", 
        "https://d1nd15w2k87kz0.cloudfront.net/Uploads/636023572696208052.jpg", 
        "https://d1nd15w2k87kz0.cloudfront.net/Uploads/636023572698395629.jpg", 
        "https://d1nd15w2k87kz0.cloudfront.net/Uploads/636023572701052193.jpg", 
        "https://d1nd15w2k87kz0.cloudfront.net/Uploads/636023572699801995.jpg", 
        "https://d1nd15w2k87kz0.cloudfront.net/Uploads/636023572702302506.jpg", 
        "https://d1nd15w2k87kz0.cloudfront.net/Uploads/636023572701208353.jpg", 
        "https://d1nd15w2k87kz0.cloudfront.net/Uploads/636023572702458491.jpg"
    ], 
    "hqdb_featured_ad_type": "Featured", 
    "hqdb_nr_reviews": "7", 
    "hqdb_review_score": "9,4", 
    "accreditations": null, 
    "category": null, 
    "subcategory": null, 
    "street": "C/ Veneras, 9", 
    "city": "Madrid", 
    "zipcode": "28046", 
    "formatted_address": "C/ Veneras, 9, Madrid, 28046", 
    "country": "es", 
    "office_number": "911723359", 
    "office_number2": null, 
    "mobile_number": "650328823", 
    "mobile_number2": null, 
    "unidentified_phone_numbers": null, 
    "latitude": "40.4711948000", 
    "longitude": "-3.6883454000", 
    "business_email": null, 
    "yelp_page": null, 
    "facebook": null, 
    "twitter": null, 
    "instagram": null, 
    "venue_images": "https://d1nd15w2k87kz0.cloudfront.net/Logotipos/636023573647413092.jpg", 
    "opening_hours_raw": null, 
    "pricelist_link": null, 
    "services": [
        {
            "service_category": "Preferente", 
            "service": "Lifting Facial", 
            "duration": 3600, 
            "price": "45 € ", 
            "description": "La mejor opción del mercado sin intervención. Estimula la formación de colágeno y elastina. Genera luminosidad en el rostro y provoca una sensación de bienestar y relajación. Confirma con Amarna Zenter Madrid el horario de la cita antes de asistir.R"
        }, 
        {
            "service_category": "Preferente", 
            "service": "Osteopatía", 
            "duration": 3600, 
            "price": "45 € ", 
            "description": "Mediante la Osteopatía ayudamos a re-equilibrar el organismo centrándonos en la estructura, mejorando de ese modo el funcionamiento del cuerpo. Se utilizan para el tratamiento Técnicas suaves y seguras. Confirma con Amarna Zenter Madrid el horario de la cita antes de asistir.R"
        }, 
        {
            "service_category": "Preferente", 
            "service": "Quiromasaje", 
            "duration": 3600, 
            "price": "45 € ", 
            "description": "El Quiromasaje es una combinación de maniobras basadas esencialmente en movimiento, presión y movilización aplicadas sobre el cuerpo con el fin de restaurar, equilibrar, aliviar y reconfortar. Confirma con Amarna zenter Madrid el horario de la cita antes de asistir.R"
        }, 
        {
            "service_category": "Estética", 
            "service": "Tratamiento Corporal Anticelulítico", 
            "duration": 7200, 
            "price": "60 € ", 
            "description": "Recupera tu figura! Te trataremos con varias técnicas de masaje para que te olvides de la celulitis y recuperes tu Belleza y Salud.Confirma con Amarna Zenter Madrid el horario de la cita antes de asistir.R"
        }, 
        {
            "service_category": "Estética", 
            "service": "Lifting Facial", 
            "duration": 3600, 
            "price": "45 € ", 
            "description": "La mejor opción del mercado sin intervención. Estimula la formación de colágeno y elastina. Genera luminosidad en el rostro y provoca una sensación de bienestar y relajación. Confirma con Amarna Zenter Madrid el horario de la cita antes de asistir.R"
        }, 
        {
            "service_category": "Masaje", 
            "service": "Tratamiento Corporal Anticelulítico", 
            "duration": 7200, 
            "price": "60 € ", 
            "description": "Recupera tu figura! Te trataremos con varias técnicas de masaje para que te olvides de la celulitis y recuperes tu Belleza y Salud.Confirma con Amarna Zenter Madrid el horario de la cita antes de asistir.R"
        }, 
        {
            "service_category": "Masaje", 
            "service": "Lifting Facial", 
            "duration": 3600, 
            "price": "45 € ", 
            "description": "La mejor opción del mercado sin intervención. Estimula la formación de colágeno y elastina. Genera luminosidad en el rostro y provoca una sensación de bienestar y relajación. Confirma con Amarna Zenter Madrid el horario de la cita antes de asistir.R"
        }, 
        {
            "service_category": "Masaje", 
            "service": "Masaje Relajante", 
            "duration": 3600, 
            "price": "45 € ", 
            "description": "Libérate de esas tensiones que te tienen frito. Vente y relájate en las manos de un profesional, y saldrás con la sensación de 5kg menos. Confirma con Amarna Zenter Madrid el horario de la cita antes de asistir.R"
        }, 
        {
            "service_category": "Masaje", 
            "service": "Osteopatía", 
            "duration": 3600, 
            "price": "45 € ", 
            "description": "Mediante la Osteopatía ayudamos a re-equilibrar el organismo centrándonos en la estructura, mejorando de ese modo el funcionamiento del cuerpo. Se utilizan para el tratamiento Técnicas suaves y seguras. Confirma con Amarna Zenter Madrid el horario de la cita antes de asistir.R"
        }, 
        {
            "service_category": "Bienestar", 
            "service": "Tratamiento Corporal Anticelulítico", 
            "duration": 7200, 
            "price": "60 € ", 
            "description": "Recupera tu figura! Te trataremos con varias técnicas de masaje para que te olvides de la celulitis y recuperes tu Belleza y Salud.Confirma con Amarna Zenter Madrid el horario de la cita antes de asistir.R"
        }, 
        {
            "service_category": "Bienestar", 
            "service": "Lifting Facial", 
            "duration": 3600, 
            "price": "45 € ", 
            "description": "La mejor opción del mercado sin intervención. Estimula la formación de colágeno y elastina. Genera luminosidad en el rostro y provoca una sensación de bienestar y relajación. Confirma con Amarna Zenter Madrid el horario de la cita antes de asistir.R"
        }
    ]
}