{
    "adid": null, 
    "name": "Volare", 
    "name_of_contact": "Volare", 
    "scrape_page": "https://www.bucmi.com/Volare", 
    "business_website": "https://www.bucmi.com/Volare", 
    "areas_covered": null, 
    "description": "La Peluquería Volaré, situada en Barajas, ofrece todo tipo de cortes de pelo, color y tratamientos de keratina entre otros. Nos caracterizamos por el trato personalizado utilizando las últimas técnicas y tendencias de la peluquería de vanguardia.", 
    "img_link": [
        "https://d1nd15w2k87kz0.cloudfront.net/Uploads/635993362447877934.jpg", 
        "https://d1nd15w2k87kz0.cloudfront.net/Uploads/635993362448971621.jpg", 
        "https://d1nd15w2k87kz0.cloudfront.net/Uploads/635993362450534193.jpg", 
        "https://d1nd15w2k87kz0.cloudfront.net/Uploads/635993362452565386.jpg", 
        "https://d1nd15w2k87kz0.cloudfront.net/Uploads/635993362449909136.jpg", 
        "https://d1nd15w2k87kz0.cloudfront.net/Uploads/635993362451471657.jpg", 
        "https://d1nd15w2k87kz0.cloudfront.net/Uploads/635993362453815387.jpg"
    ], 
    "hqdb_featured_ad_type": "Featured", 
    "hqdb_nr_reviews": "5", 
    "hqdb_review_score": "8,0", 
    "accreditations": null, 
    "category": null, 
    "subcategory": null, 
    "street": null, 
    "city": "Madrid", 
    "zipcode": "28042", 
    "formatted_address": "Madrid, 28009, Madrid, 28015, Madrid, 28001, Madrid, 28042, Madrid, 28043, Madrid, 28014, Madrid, 28001, Madrid, 28001, Madrid, 28042", 
    "country": "es", 
    "office_number": "917470775", 
    "office_number2": null, 
    "mobile_number": null, 
    "mobile_number2": null, 
    "unidentified_phone_numbers": null, 
    "latitude": "40.4576603000", 
    "longitude": "-3.5855569000", 
    "business_email": null, 
    "yelp_page": null, 
    "facebook": null, 
    "twitter": null, 
    "instagram": null, 
    "venue_images": "https://d1nd15w2k87kz0.cloudfront.net/Logotipos/635993480699139869.jpg", 
    "opening_hours_raw": null, 
    "pricelist_link": null, 
    "services": [
        {
            "service_category": "Preferente", 
            "service": "Esmaltado Permanente", 
            "duration": 3600, 
            "price": "22 € ", 
            "description": "Luce unas uñas perfectas con este servicio y consigue un esmaltado permanente del color que prefieras dentro de una amplia gama de colores. Incluye manicura."
        }, 
        {
            "service_category": "Preferente", 
            "service": "Pedicura Completa", 
            "duration": 2700, 
            "price": "23 € ", 
            "description": "Presume de pies perfectos con este servicio que incluye limado de uñas, retirada de cutículas, eliminación de durezas, hidratación y esmaltado. Productos Masglo."
        }, 
        {
            "service_category": "Preferente", 
            "service": "Uñas De Gel", 
            "duration": 3600, 
            "price": "37 € ", 
            "description": "Luce unas manos perfectas con este servicio que incluye limado, retirada de cutículas, gel y esmaltado de tus uñas de color que prefieras. Incluye francesa."
        }, 
        {
            "service_category": "Preferente", 
            "service": "Auténtico Alisado Brasileño", 
            "duration": 12600, 
            "price": "145 € ", 
            "description": "Incluye champú y mascarilla de reglado para mantenimiento en casa. Deja el pelo liso durante varias semanas incluso después del lavado. Te va a encantar el resultado gracias a nuestros productos de alta gama."
        }, 
        {
            "service_category": "Preferente", 
            "service": "Manicura Completa", 
            "duration": 1800, 
            "price": "12 € ", 
            "description": "Presume de manos bonitas con este servicio que incluye limado de uñas, eliminación de cutículas, hidratación y esmaltado. Incluye francesa. Productos Masglo."
        }, 
        {
            "service_category": "Preferente", 
            "service": "Tratamiento De Keratina Pelo Corto", 
            "duration": 7200, 
            "price": "70 € ", 
            "description": "Tratamiento de keratina que restaura la fibra, pierde el encrespado, facilita el peinado y sobre todo aporta salud a tu cabello."
        }, 
        {
            "service_category": "Peluquería", 
            "service": "Corte De Pelo Hombre", 
            "duration": 1800, 
            "price": "13 € ", 
            "description": "Déjate asesorar por los mejores profesionales y consigue el corte de pelo que mejor te favorezca. Incluye peinado con productos de acabado. Reserva ya online con Bucmi.com."
        }, 
        {
            "service_category": "Peluquería", 
            "service": "Auténtico Alisado Brasileño", 
            "duration": 12600, 
            "price": "145 € ", 
            "description": "Incluye champú y mascarilla de reglado para mantenimiento en casa. Deja el pelo liso durante varias semanas incluso después del lavado. Te va a encantar el resultado gracias a nuestros productos de alta gama."
        }, 
        {
            "service_category": "Peluquería", 
            "service": "Color Media Melena", 
            "duration": 3600, 
            "price": "21 € ", 
            "description": "Consigue el color de pelo que siempre has deseado con este servicio que incluye color y lavado con crema."
        }, 
        {
            "service_category": "Peluquería", 
            "service": "Color Pelo Corto", 
            "duration": 3600, 
            "price": "20 € ", 
            "description": "¿Quieres un cambio? Este es tu servicio. Consigue el color que más te gusta con este servicio que incluye lavado y color en pelo corto."
        }, 
        {
            "service_category": "Peluquería", 
            "service": "Color Pelo Largo", 
            "duration": 3600, 
            "price": "22 € ", 
            "description": "Consigue tu color de pelo favorito con este servicio que incluye lavar, crema y Color. Escoge entre todos nuestros colores, el que más se ajuste a tu estilo, o dejate asesorar por nuestros estilistas."
        }, 
        {
            "service_category": "Peluquería", 
            "service": "Corte De Pelo Y Peinar", 
            "duration": 2700, 
            "price": "29 € ", 
            "description": "Cambia tu look o sanea tu melena y olvídate las puntas abiertas. Incluye lavar, crema y peinado. Tendrás un look a la moda gracias a nuestros expertos estilistas de Volare. Reserva ahora mismo con Bucmi.com."
        }, 
        {
            "service_category": "Peluquería", 
            "service": "Corte De Pelo, Color Y Peinar", 
            "duration": 3600, 
            "price": "45 € ", 
            "description": "Cambia tu look con este servicio y luce una melena con el color que siempre has deseado. Incluye lavar, crema y producto de peinado. Tendrás un look a la moda gracias a nuestros expertos estilistas de Volare. Reserva ahora mismo con Bucmi.com."
        }, 
        {
            "service_category": "Peluquería", 
            "service": "Corte De Pelo, Mechas Y Peinar", 
            "duration": 3600, 
            "price": "55 € ", 
            "description": "Dale un toque de color a tu melena y sanea tus puntas con este servicio que incluye color, lavado, corte de pelo y peinado ¡Lo ideal para estar perfecta! Tendrás un look a la moda gracias a nuestros expertos estilistas de Volare."
        }, 
        {
            "service_category": "Peluquería", 
            "service": "Mechas Bicolor Media Melena", 
            "duration": 3600, 
            "price": "39 € ", 
            "description": "Consigue luz y color para tu pelo con este servicio y presume de melena. Tendrás un look a la moda gracias a nuestros expertos estilistas de Volare. Reserva ahora mismo con Bucmi.com."
        }, 
        {
            "service_category": "Peluquería", 
            "service": "Mechas Bicolor Pelo Corto", 
            "duration": 3600, 
            "price": "37 € ", 
            "description": "Consigue luz y color para tu pelo con este servicio que incluye mechas bicolor, lavado y secado al aire. Tendrás un look a la moda gracias a nuestros expertos estilistas de Volare. Reserva ahora mismo con Bucmi.com."
        }, 
        {
            "service_category": "Peluquería", 
            "service": "Mechas Bicolor Pelo Largo", 
            "duration": 3600, 
            "price": "41 € ", 
            "description": "Consigue luz y color para tu pelocon este servicio y presume de melena. Incluye mechas bicolor, lavado y secado al aire. Tendrás un look a la moda gracias a nuestros expertos estilistas de Volare. Reserva ahora mismo con Bucmi.com."
        }, 
        {
            "service_category": "Peluquería", 
            "service": "Mechas Media Melena", 
            "duration": 3600, 
            "price": "37 € ", 
            "description": "Consigue una melena luminosa y con brillo gracias a este servicio que incluye lavar, crema y secado al aire. Tendrás un look a la moda gracias a nuestros expertos estilistas de Volare. Reserva ahora mismo con Bucmi.com."
        }, 
        {
            "service_category": "Peluquería", 
            "service": "Mechas Pelo Corto", 
            "duration": 3600, 
            "price": "35 € ", 
            "description": "Dale un toque de color a tu melena con este servicio que incluye lavar, crema y producto de peinado. Tendrás un look a la moda gracias a nuestros expertos estilistas de Volare. Reserva ahora mismo con Bucmi.com."
        }, 
        {
            "service_category": "Peluquería", 
            "service": "Mechas Pelo Largo", 
            "duration": 3600, 
            "price": "39 € ", 
            "description": "Dale un toque de color a tu melena con este servicio que incluye lavar, crema y producto de peinado. Tendrás un look a la moda gracias a nuestros expertos estilistas de Volare. Reserva ahora mismo con Bucmi.com."
        }, 
        {
            "service_category": "Peluquería", 
            "service": "Moldeado Pelo Corto", 
            "duration": 5400, 
            "price": "25 € ", 
            "description": "Consigue ese efecto ondulado que siempre has deseado con este servicio y deslumbra. Tendrás un look a la moda gracias a nuestros expertos estilistas de Volare. Reserva ahora mismo con Bucmi.com."
        }, 
        {
            "service_category": "Peluquería", 
            "service": "Moldeado Pelo Largo", 
            "duration": 5400, 
            "price": "30 € ", 
            "description": "Consigue ese efecto ondulado que siempre has deseado con este servicio y presume de melena."
        }, 
        {
            "service_category": "Peluquería", 
            "service": "Moldeado Pelo Medio", 
            "duration": 5400, 
            "price": "28 € ", 
            "description": "¿Quieres un moldeado? con este servicio conseguirás ese efecto ondulado que siempre has deseado. Tendrás un look a la moda gracias a nuestros expertos estilistas de Volare. Reserva ahora mismo con Bucmi.com."
        }, 
        {
            "service_category": "Peluquería", 
            "service": "Peinado Media Melena", 
            "duration": 1800, 
            "price": "16 € ", 
            "description": "¿Tienes una ocasión especial? Este es tu servicio. Incluye lavado con crema y producto de peinado. Tendrás un look a la moda gracias a nuestros expertos estilistas de Volare. Reserva ahora mismo con Bucmi.com."
        }, 
        {
            "service_category": "Peluquería", 
            "service": "Peinado Pelo Corto", 
            "duration": 1800, 
            "price": "15 € ", 
            "description": "Presume de peinado con este servicio que incluye lavado con crema y producto de peinado. Tendrás un look a la moda gracias a nuestros expertos estilistas de Volare. Reserva ahora mismo con Bucmi.com."
        }, 
        {
            "service_category": "Peluquería", 
            "service": "Peinado Pelo Largo", 
            "duration": 1800, 
            "price": "17 € ", 
            "description": "Presume de melena y sal de la peluquería perfecta con este servicio que incluye lavado con crema y producto de peinado. Tendrás un look a la moda gracias a nuestros expertos estilistas de Volare."
        }, 
        {
            "service_category": "Peluquería", 
            "service": "Tratamiento De Keratina Pelo Corto", 
            "duration": 7200, 
            "price": "70 € ", 
            "description": "Tratamiento de keratina que restaura la fibra, pierde el encrespado, facilita el peinado y sobre todo aporta salud a tu cabello."
        }, 
        {
            "service_category": "Manicura y Pedicura", 
            "service": "Esmaltado Permanente", 
            "duration": 3600, 
            "price": "22 € ", 
            "description": "Luce unas uñas perfectas con este servicio y consigue un esmaltado permanente del color que prefieras dentro de una amplia gama de colores. Incluye manicura."
        }, 
        {
            "service_category": "Manicura y Pedicura", 
            "service": "Pedicura Completa", 
            "duration": 2700, 
            "price": "23 € ", 
            "description": "Presume de pies perfectos con este servicio que incluye limado de uñas, retirada de cutículas, eliminación de durezas, hidratación y esmaltado. Productos Masglo."
        }, 
        {
            "service_category": "Manicura y Pedicura", 
            "service": "Uñas De Gel", 
            "duration": 3600, 
            "price": "37 € ", 
            "description": "Luce unas manos perfectas con este servicio que incluye limado, retirada de cutículas, gel y esmaltado de tus uñas de color que prefieras. Incluye francesa."
        }, 
        {
            "service_category": "Manicura y Pedicura", 
            "service": "Manicura Completa", 
            "duration": 1800, 
            "price": "12 € ", 
            "description": "Presume de manos bonitas con este servicio que incluye limado de uñas, eliminación de cutículas, hidratación y esmaltado. Incluye francesa. Productos Masglo."
        }, 
        {
            "service_category": "Manicura y Pedicura", 
            "service": "Uñas De Porcelana", 
            "duration": 3600, 
            "price": "27 € ", 
            "description": "Manicura completa con uñas de porcelana para lucir unas manos perfectas. Incluye limado, retirada de cutículas y si lo prefieres puedes escoger manicura francesa."
        }, 
        {
            "service_category": null, 
            "service": "Tratamiento De Keratina Pelo Corto", 
            "duration": 7200, 
            "price": "70 € ", 
            "description": "Tratamiento de keratina que restaura la fibra, pierde el encrespado, facilita el peinado y sobre todo aporta salud a tu cabello."
        }
    ]
}