{
    "adid": null, 
    "name": "Bellos x fuera Vilcálvaro", 
    "name_of_contact": "Bellos x fuera Vilcálvaro", 
    "scrape_page": "https://www.bucmi.com/bellosxfuera", 
    "business_website": "https://www.bucmi.com/bellosxfuera", 
    "areas_covered": null, 
    "description": "El centro de Estética Bellos x Fuera, situado en el Centro Comercial de Valdebernado, ofrece tratamientos faciales, corporales y bonos de depilación entre otros. Encontrarás diversidad en tratamientos estéticos adaptados siempre a cada persona.", 
    "img_link": [
        "https://d1nd15w2k87kz0.cloudfront.net/Uploads/635858854402104603.jpg", 
        "https://d1nd15w2k87kz0.cloudfront.net/Uploads/635858854418354836.jpg", 
        "https://d1nd15w2k87kz0.cloudfront.net/Uploads/635858854475140783.jpg", 
        "https://d1nd15w2k87kz0.cloudfront.net/Uploads/635858854490765736.jpg", 
        "https://d1nd15w2k87kz0.cloudfront.net/Uploads/635858854513265959.jpg"
    ], 
    "hqdb_featured_ad_type": "Featured", 
    "hqdb_nr_reviews": "0", 
    "hqdb_review_score": "0,0", 
    "accreditations": null, 
    "category": null, 
    "subcategory": null, 
    "street": null, 
    "city": "Madrid", 
    "zipcode": "28032", 
    "formatted_address": "Madrid, 28034, Madrid, 28036, Madrid, 28022, Madrid, 28032", 
    "country": "es", 
    "office_number": "917726476", 
    "office_number2": null, 
    "mobile_number": null, 
    "mobile_number2": null, 
    "unidentified_phone_numbers": null, 
    "latitude": "40.3976700000", 
    "longitude": "-3.6185299999", 
    "business_email": null, 
    "yelp_page": null, 
    "facebook": null, 
    "twitter": null, 
    "instagram": null, 
    "venue_images": "https://d1nd15w2k87kz0.cloudfront.net/Logotipos/635908135522811109.jpg", 
    "opening_hours_raw": null, 
    "pricelist_link": null, 
    "services": [
        {
            "service_category": "Preferente", 
            "service": "Bono 3 X 1 Depilación 5 Sesiones Láser Diodo", 
            "duration": 2700, 
            "price": "850 € ", 
            "description": "Aprovecha esta oferta especial de depilación con una de las mejores tecnologías en depilación de la mano de 'Milesman'. El servicio incluye 5 sesiones de Piernas Enteras, 5 sesiones de Ingles y 5 sesiones de Axilas. Puedes regalar las sesiones que quieras a un amigo/a."
        }, 
        {
            "service_category": "Preferente", 
            "service": "2 Sesiones De Criolipólisis", 
            "duration": 2700, 
            "price": "118 € ", 
            "description": "Elige 2 zonas. La criolipólisis por succión deshará la grasa acumulada de las zonas que tú elijas: brazos, cara interna del muslo, rodilla, cartucheras, abdomen o flancos. Reduce el tejido graso de manera selectiva y no invasiva."
        }, 
        {
            "service_category": "Preferente", 
            "service": "Sesión De Electroestimulación Corporal", 
            "duration": 1800, 
            "price": "35 € ", 
            "description": "El electroestimulación actúa sobre los músculos, produciendo en las fibras musculares contracciones fisiológicas y permitiendo que éstos adquieran fuerza y resistencia, quemando además las reservas de grasa localizadas."
        }, 
        {
            "service_category": "Preferente", 
            "service": "Sesión De Presoterapia", 
            "duration": 1800, 
            "price": "12 € ", 
            "description": "Reduce volumen de las zonas reveldes, elimina celulitis y moldea tu cuerpo con esta sesión de presoterapia. La presoterapia ofrece resultados inmediatos, sensación de alivio y descanso, reactiva el sistema circulatorio."
        }, 
        {
            "service_category": "Preferente", 
            "service": "Sesión De Fotodepilación En Ingles Y Axilas", 
            "duration": 1800, 
            "price": "52 € ", 
            "description": "Sesión suelta en fotodepilación para eliminar instantáneamente el vello en axilas e ingles. Recomendado en personas con el pelo más rubio de esta forma te olvidarás del vello para siempre."
        }, 
        {
            "service_category": "Estética", 
            "service": "2 Sesiones De Criolipólisis", 
            "duration": 2700, 
            "price": "118 € ", 
            "description": "Elige 2 zonas. La criolipólisis por succión deshará la grasa acumulada de las zonas que tú elijas: brazos, cara interna del muslo, rodilla, cartucheras, abdomen o flancos. Reduce el tejido graso de manera selectiva y no invasiva."
        }, 
        {
            "service_category": "Estética", 
            "service": "Higiene Facial: Skin Pen", 
            "duration": 3600, 
            "price": "80 € ", 
            "description": "En una sola sesión recuperarás la luminosidad en la piel ya que es específico para tratar la piel con ácido hialurónico y las arrugas con microincisiones con componentes de principio activo en la dermis y epidermis. Higiene con mejores resultados en pocas sesiones para las personas que quieren notar los cambios en la primera sesión."
        }, 
        {
            "service_category": "Estética", 
            "service": "Lifting Facial Con Radiofrecuencia", 
            "duration": 2700, 
            "price": "50 € ", 
            "description": "Con este tratamiento conseguimos una piel más tersa y firme, unas mejillas más turgentes y elevadas, devolvemos la firmeza y definimos el contorno del rostro. Al finalizar la sesión de lifting con radiofrecuencia notarás un alisado de las arrugas."
        }, 
        {
            "service_category": "Estética", 
            "service": "Peeling Ultrasónico Con Punta De Diamante", 
            "duration": 1800, 
            "price": "50 € ", 
            "description": "El peeling consiste en eliminar las primeras capas de la piel que se encuentran afectadas con imperfecciones para lograr la regeneración completa de la misma y que el resultado sea una piel nueva, suave y limpia, además de mejorar la circulación."
        }, 
        {
            "service_category": "Estética", 
            "service": "Sesión De Presoterapia", 
            "duration": 1800, 
            "price": "12 € ", 
            "description": "Reduce volumen de las zonas reveldes, elimina celulitis y moldea tu cuerpo con esta sesión de presoterapia. La presoterapia ofrece resultados inmediatos, sensación de alivio y descanso, reactiva el sistema circulatorio."
        }, 
        {
            "service_category": "Estética", 
            "service": "Tratamiento Reductor Corporal", 
            "duration": 3600, 
            "price": "100 € ", 
            "description": "Pierde un kilo en una sesión. Ven a probar este fabuloso tratamiento y saldrás del salón con un kilito menos, elimina la celulitis y moldea tu figura. Incluye radiofrecuencia y cavitación para que el resultado sea el deseado."
        }, 
        {
            "service_category": "Depilación", 
            "service": "Bono 3 X 1 Depilación 5 Sesiones Láser Diodo", 
            "duration": 2700, 
            "price": "850 € ", 
            "description": "Aprovecha esta oferta especial de depilación con una de las mejores tecnologías en depilación de la mano de 'Milesman'. El servicio incluye 5 sesiones de Piernas Enteras, 5 sesiones de Ingles y 5 sesiones de Axilas. Puedes regalar las sesiones que quieras a un amigo/a."
        }, 
        {
            "service_category": "Depilación", 
            "service": "Sesión De Fotodepilación Zona Grande", 
            "duration": 2700, 
            "price": "90 € ", 
            "description": "La zona incluye piernas completas, brazos enteros, espalda y zona lumbar. Presume de una piel suave y sedosa y elimina esos pelos incómodos para siempre."
        }, 
        {
            "service_category": "Depilación", 
            "service": "Sesión De Fotodepilación Zona Mediana", 
            "duration": 1800, 
            "price": "50 € ", 
            "description": "Elimina esos pelos incómodos para siempre. La zona incluye medias piernas, brazos, pecho o abdomen. Olvídate del vello con esta sesión y luce una piel suave y sedosa."
        }, 
        {
            "service_category": "Depilación", 
            "service": "Sesión De Fotodepilación Zona Pequeña", 
            "duration": 900, 
            "price": "25 € ", 
            "description": "Elimina esos pelos incómodos para siempre. La zona incluye axilas, ingles, facial o labio. Olvídate del vello de la zona que prefieras."
        }, 
        {
            "service_category": "Depilación", 
            "service": "Sesión De Fotodepilación En Ingles Y Axilas", 
            "duration": 1800, 
            "price": "52 € ", 
            "description": "Sesión suelta en fotodepilación para eliminar instantáneamente el vello en axilas e ingles. Recomendado en personas con el pelo más rubio de esta forma te olvidarás del vello para siempre."
        }, 
        {
            "service_category": "Bienestar", 
            "service": "Sesión De Electroestimulación Corporal", 
            "duration": 1800, 
            "price": "35 € ", 
            "description": "El electroestimulación actúa sobre los músculos, produciendo en las fibras musculares contracciones fisiológicas y permitiendo que éstos adquieran fuerza y resistencia, quemando además las reservas de grasa localizadas."
        }
    ]
}