{
    "adid": null, 
    "name": "The Secret Lab Madrid", 
    "name_of_contact": "The Secret Lab Madrid", 
    "scrape_page": "https://www.bucmi.com/thelabmadrid", 
    "business_website": "https://www.bucmi.com/thelabmadrid", 
    "areas_covered": null, 
    "description": "Centro de estética The Secret Lab Madrid está situado en la calle Zurbano, en el centro de Madrid. Nos dedicamos al sector de la belleza, donde podemos ofrecerte una amplia gama de servicios de tratamientos de calidad. ¡Ven a conocernos, reserva online!", 
    "img_link": [
        "https://d1nd15w2k87kz0.cloudfront.net/Uploads/635840456655620132.jpg", 
        "https://d1nd15w2k87kz0.cloudfront.net/Uploads/635840456723901114.jpg", 
        "https://d1nd15w2k87kz0.cloudfront.net/Uploads/635840456800686532.jpg", 
        "https://d1nd15w2k87kz0.cloudfront.net/Uploads/635840456827409929.jpg", 
        "https://d1nd15w2k87kz0.cloudfront.net/Uploads/635840456890378914.jpg", 
        "https://d1nd15w2k87kz0.cloudfront.net/Uploads/635840456942253763.jpg", 
        "https://d1nd15w2k87kz0.cloudfront.net/Uploads/635990806404731276.jpg"
    ], 
    "hqdb_featured_ad_type": "Featured", 
    "hqdb_nr_reviews": "42", 
    "hqdb_review_score": "9,5", 
    "accreditations": null, 
    "category": null, 
    "subcategory": null, 
    "street": "C/ Zurano, 4", 
    "city": "Madrid", 
    "zipcode": "28010", 
    "formatted_address": "C/ Zurano, 4, Madrid, 28010", 
    "country": "es", 
    "office_number": "910291159", 
    "office_number2": null, 
    "mobile_number": null, 
    "mobile_number2": null, 
    "unidentified_phone_numbers": null, 
    "latitude": "40.4287937000", 
    "longitude": "-3.6934403000", 
    "business_email": null, 
    "yelp_page": null, 
    "facebook": null, 
    "twitter": null, 
    "instagram": null, 
    "venue_images": "https://d1nd15w2k87kz0.cloudfront.net/Logotipos/635908729655683721.jpg", 
    "opening_hours_raw": null, 
    "pricelist_link": null, 
    "services": [
        {
            "service_category": "Preferente", 
            "service": "Exfoliación Corporal E Hidratación Cleopatra´S", 
            "duration": 3600, 
            "price": "50 € ", 
            "description": "Limpieza y exfoliación de la piel del cuerpo, masaje relajante e hidratación con loción rejuvenecedora a base de aceites de los 5 continentes y leche de burra. ¿Quieres lucir un cuerpo hidratado y mucho más sedoso? Ven a tu Centro de Estética The Secret Lab Madrid y ponte en manos de nuestros mejores profesionales. Disfruta de un cuerpo libre de imperfecciones y con mucho más brillo. Reserva tu cita cómodamente online a través de Bucmi.com."
        }, 
        {
            "service_category": "Preferente", 
            "service": "Lifting Facial Japonés", 
            "duration": 5400, 
            "price": "50 € ", 
            "description": "Masaje milenario de origen asiático que trabaja profundamente la musculatura facial y estimula la producción de colágeno y elastina. Gracias a ello y al drenaje con rodillos de jade, conseguimos reducir arrugas y flacidez, oxigenar los tejidos y aportar luminosidad. Ven a tu Centro de Estética The Secret Lab Madrid y ponte en manos de nuestros mejores profesionales. Reserva tu cita cómodamente online a través de Bucmi.com."
        }, 
        {
            "service_category": "Preferente", 
            "service": "Manicura Básica Opi", 
            "duration": 1800, 
            "price": "15 € ", 
            "description": "Las manos son el reflejo de uno mismo. Incluye el limar, retirada de cutícula para el cuidado de tu uña y esmaltado dentro de una amplia variedad de colores de los productos de Opi. Ven a tu Centro de Estética The Secret Lab Madrid y ponte en manos de nuestros mejores profesionales. Luce unas manos bonitas y cuidadas. Tus manos son muy importantes y dicen mucho de ti. Reserva tu cita cómodamente online a través de Bucmi.com."
        }, 
        {
            "service_category": "Preferente", 
            "service": "Manicura Semipermanente Opi", 
            "duration": 2700, 
            "price": "25 € ", 
            "description": "Reserva ahora online la manicura más duradera. No se agrieta y se mantiene perfecta durante mínimo tres semanas. Todos nuestros productos son de Opi. Ven a tu Centro de Estética The Secret Lab Madrid y ponte en manos de nuestros mejores profesionales. Luce unas manos bonitas y cuidadas. Tus manos son muy importantes y dicen mucho de ti. Te durarán perfectas mucho más tiempo. Reserva tu cita cómodamente online a través de Bucmi.com."
        }, 
        {
            "service_category": "Preferente", 
            "service": "Tratamiento Facial Indiba", 
            "duration": 3600, 
            "price": "60 € ", 
            "description": "Con la radiofrecuencia INDIBA conseguimos una piel hidratada, luminosa y tersa en una sola sesión. Animate a probarlo. Ven a tu Centro de Estética The Secret Lab Madrid y ponte en manos de nuestros mejores profesionales. Luce una piel sin flacidez. Realza tu cutis gracias a este tratamiento. Devuelve a tu rostro su color natural y luminosidad. Reserva tu cita cómodamente online a través de Bucmi.com."
        }, 
        {
            "service_category": "Preferente", 
            "service": "Tratamiento Facial Indiba Especial Perricone", 
            "duration": 5400, 
            "price": "120 € ", 
            "description": "Indiba con Perricone: la combinación perfecta para luchar contra el paso del tiempo, ideal para días en que tengas un evento. Tras el tratamiento de rostro y cuello con Indiba, continuamos con el protocolo Perricone que más se adapte a tu piel, finalizando con un masaje intenso para la correcta penetración de los productos."
        }, 
        {
            "service_category": "Preferente", 
            "service": "Tratamiento Facial Perricone", 
            "duration": 3600, 
            "price": "80 € ", 
            "description": "En este tratamiento aplicamos la ciencia del prestigioso dermatólogo de las celebrities: el Dr. Perricone. Comenzamos con un ritual de bienvenida relajante inspirado en el yoga. Seguimos con un protocolo Perricone MD: detox, antioxidante, reafirmante o ultrahidratante, en función de las necesidades de la piel. Y finalizamos con un masaje relajante que te llevará a otra dimensión!"
        }, 
        {
            "service_category": "Estética", 
            "service": "Exfoliación Corporal E Hidratación Cleopatra´S", 
            "duration": 3600, 
            "price": "50 € ", 
            "description": "Limpieza y exfoliación de la piel del cuerpo, masaje relajante e hidratación con loción rejuvenecedora a base de aceites de los 5 continentes y leche de burra. ¿Quieres lucir un cuerpo hidratado y mucho más sedoso? Ven a tu Centro de Estética The Secret Lab Madrid y ponte en manos de nuestros mejores profesionales. Disfruta de un cuerpo libre de imperfecciones y con mucho más brillo. Reserva tu cita cómodamente online a través de Bucmi.com."
        }, 
        {
            "service_category": "Estética", 
            "service": "Higiene Facial Personalizada", 
            "duration": 3600, 
            "price": "40 € ", 
            "description": "Limpieza profunda de la piel en la que eliminaremos cuidadosamente las impurezas. Para finalizar aplicamos una fabulosa mascarilla de Casmara según las necesidades de tu piel: hidratante reafirmante antioxidante. ¿Quieres lucir un rostro hidratado y mucho más sedoso? Ven a tu Centro de Estética The Secret Lab Madrid y ponte en manos de nuestros mejores profesionales. Disfruta de una piel libre de imperfecciones y con mucho más brillo. Reserva tu cita cómodamente online a través de Bucmi.com."
        }, 
        {
            "service_category": "Estética", 
            "service": "Higiene Facial Triple Exfoliación", 
            "duration": 1800, 
            "price": "60 € ", 
            "description": "Tratamiento en el que realizamos una triple exfoliación combinada para transformar la piel de forma inmediata. ¡Estarás radiante en tan sólo 30 minutos! ¿Quieres lucir un cuerpo hidratado y mucho más sedoso? Ven a tu Centro de Estética The Secret Lab Madrid y ponte en manos de nuestros mejores profesionales. Disfruta de un cuerpo libre de imperfecciones y con mucho más brillo. Reserva tu cita cómodamente online a través de Bucmi.com."
        }, 
        {
            "service_category": "Estética", 
            "service": "Lifting Facial Japonés", 
            "duration": 5400, 
            "price": "50 € ", 
            "description": "Masaje milenario de origen asiático que trabaja profundamente la musculatura facial y estimula la producción de colágeno y elastina. Gracias a ello y al drenaje con rodillos de jade, conseguimos reducir arrugas y flacidez, oxigenar los tejidos y aportar luminosidad. Ven a tu Centro de Estética The Secret Lab Madrid y ponte en manos de nuestros mejores profesionales. Reserva tu cita cómodamente online a través de Bucmi.com."
        }, 
        {
            "service_category": "Estética", 
            "service": "Peeling Facial", 
            "duration": 3600, 
            "price": "60 € ", 
            "description": "Utilizamos hidroxiácidos para provocar una intensa renovación de la piel, y conseguir un visible efecto antiedad, antimanchas o antiacné. ¿Quieres lucir una piel libre de impurezas y mucho más suave? Ven a tu Centro de Estética The Secret Lab Madrid y ponte en manos de nuestros mejores profesionales. Luce una piel mucho más suave, hidratada y nutrida. Devuelve a tu piel su color y aspecto natural. Reserva tu cita cómodamente online a través de Bucmi.com. ¡Ven a visitarnos! ¡No dejes que te lo cuenten!"
        }, 
        {
            "service_category": "Estética", 
            "service": "Presoterapia Corporal", 
            "duration": 2700, 
            "price": "20 € ", 
            "description": "A través de la presión del aire, se realiza un drenaje linfático que ayuda a tratar los edemas, las alteraciones del sistema circulatorio y además reduce la celulitis y previene futuras formaciones. Ven a tu Centro de Estética The Lab Secret Madrid y ponte en manos de nuestros mejores profesionales. Luce un cuerpo tonificado y realza tu figura gracias a este tratamiento. Dí adiós a la celulitis y grasa localizada. Disfruta de una piel mucho más suave.Reserva tu cita cómodamente online a través de Bucmi.com."
        }, 
        {
            "service_category": "Estética", 
            "service": "Tinte Y Permanente De Pestañas", 
            "duration": 3600, 
            "price": "35 € ", 
            "description": "El tinte realza tus pestañas sin necesidad de máscara de pestañas. Gracias a la permanente daremos una forma curvada a la pestaña. Ven a tu Centro de Estética The Secret Lab Madrid y ponte en manos de nuestros mejores profesionales. Olvídate de maquillarte todos los días. Estarás perfecta desde primera hora de la mañana. Dí adiós a tu máscara de pestañas. Disfruta de una mirada penetrante y embaucadora. Reserva tu cita cómodamente online a través de Bucmi.com."
        }, 
        {
            "service_category": "Estética", 
            "service": "Tratamiento Facial De Hidratación", 
            "duration": 3600, 
            "price": "50 € ", 
            "description": "Tratamiento en el que trabajamos de forma intensa la hidratación de la piel para reestablecer el confort al instante. ¡No dejes que tu piel tenga sed! ¿Quieres lucir una piel perfecta y nutrida? Ven a tu Centro de Estética The Secret Lab Madrid y ponte en manos de nuestros mejores profesionales. Luce una piel mucho más suave, hidratada y perfecta de la mano de Medik 8. Dí adiós a la sequedad en tu rostro. Reserva tu cita cómodamente online a través de Bucmi.com. ¡Te encantará!"
        }, 
        {
            "service_category": "Estética", 
            "service": "Tratamiento Facial De Oxigenación", 
            "duration": 3600, 
            "price": "50 € ", 
            "description": "Aporte intenso de oxígeno para que tus células funcionen a la perfección y tu piel por fin respire como es debido. ¿Quieres lucir una piel limpia, suave y cuidada? Ven a tu Centro de Estética The Secret Lab Madrid y ponte en manos de nuestros mejores profesionales. Luce una piel perfecta, mucho más suave e hidratada de la mano de Medik 8. Reserva tu cita cómodamente online a través de Bucmi.com. ¡Ven a visitarnos! ¡No dejes que te lo cuenten!"
        }, 
        {
            "service_category": "Estética", 
            "service": "Tratamiento Facial Indiba", 
            "duration": 3600, 
            "price": "60 € ", 
            "description": "Con la radiofrecuencia INDIBA conseguimos una piel hidratada, luminosa y tersa en una sola sesión. Animate a probarlo. Ven a tu Centro de Estética The Secret Lab Madrid y ponte en manos de nuestros mejores profesionales. Luce una piel sin flacidez. Realza tu cutis gracias a este tratamiento. Devuelve a tu rostro su color natural y luminosidad. Reserva tu cita cómodamente online a través de Bucmi.com."
        }, 
        {
            "service_category": "Estética", 
            "service": "Tratamiento Facial Indiba Especial Perricone", 
            "duration": 5400, 
            "price": "120 € ", 
            "description": "Indiba con Perricone: la combinación perfecta para luchar contra el paso del tiempo, ideal para días en que tengas un evento. Tras el tratamiento de rostro y cuello con Indiba, continuamos con el protocolo Perricone que más se adapte a tu piel, finalizando con un masaje intenso para la correcta penetración de los productos."
        }, 
        {
            "service_category": "Estética", 
            "service": "Tratamiento Facial Perricone", 
            "duration": 3600, 
            "price": "80 € ", 
            "description": "En este tratamiento aplicamos la ciencia del prestigioso dermatólogo de las celebrities: el Dr. Perricone. Comenzamos con un ritual de bienvenida relajante inspirado en el yoga. Seguimos con un protocolo Perricone MD: detox, antioxidante, reafirmante o ultrahidratante, en función de las necesidades de la piel. Y finalizamos con un masaje relajante que te llevará a otra dimensión!"
        }, 
        {
            "service_category": "Estética", 
            "service": "Tto Corporal Reductor Tshock 31 Especial Detox", 
            "duration": 5400, 
            "price": "90 € ", 
            "description": "Tratamiento corporal para pérdida de volumen inmediata. Aplicamos un gel con 31 plantas medicinales y cubrimos tu cuerpo con vendas impregnadas en solución salina. ¡Eliminamos los líquidos estancados! Ven a tu Centro de Estética The Secret Lab Madrid y ponte en manos de nuestros mejores profesionales. Luce un cuerpo tonificado y realza tu figura. Reduce unas tallas. Reserva tu cita cómodamente online a través de Bucmi.com."
        }, 
        {
            "service_category": "Manicura y Pedicura", 
            "service": "Manicura Básica Opi", 
            "duration": 1800, 
            "price": "15 € ", 
            "description": "Las manos son el reflejo de uno mismo. Incluye el limar, retirada de cutícula para el cuidado de tu uña y esmaltado dentro de una amplia variedad de colores de los productos de Opi. Ven a tu Centro de Estética The Secret Lab Madrid y ponte en manos de nuestros mejores profesionales. Luce unas manos bonitas y cuidadas. Tus manos son muy importantes y dicen mucho de ti. Reserva tu cita cómodamente online a través de Bucmi.com."
        }, 
        {
            "service_category": "Manicura y Pedicura", 
            "service": "Manicura Semipermanente Opi", 
            "duration": 2700, 
            "price": "25 € ", 
            "description": "Reserva ahora online la manicura más duradera. No se agrieta y se mantiene perfecta durante mínimo tres semanas. Todos nuestros productos son de Opi. Ven a tu Centro de Estética The Secret Lab Madrid y ponte en manos de nuestros mejores profesionales. Luce unas manos bonitas y cuidadas. Tus manos son muy importantes y dicen mucho de ti. Te durarán perfectas mucho más tiempo. Reserva tu cita cómodamente online a través de Bucmi.com."
        }, 
        {
            "service_category": "Manicura y Pedicura", 
            "service": "Pedicura Básica Opi", 
            "duration": 1800, 
            "price": "25 € ", 
            "description": "En el servicio cortamos y limamos las uñas, cuidamos de tus cutículas, exfoliamos, realizamos tratamiento de durezas, hidratamos y maquillamos tus uñas con color. Productos de Opi. Ven a tu Centro de Estética The Secret Lab Madrid y ponte en manos de nuestros mejores profesionales. Luce unas uñas bonitas y cuidadas. Cuida tus pies no esperes a que llegue el buen tiempo para tenerlos perfectos. Reserva tu cita cómodamente online a través de Bucmi.com."
        }, 
        {
            "service_category": "Manicura y Pedicura", 
            "service": "Pedicura Semipermanente Opi", 
            "duration": 1800, 
            "price": "35 € ", 
            "description": "Luce las uñas de tus pies más bonitas durante mucho más tiempo. Los productos que utilizamos son de la marca Opi, una de las mejores en el sector belleza. Ven a tu Centro de Estética The Secret Lab Madrid y ponte en manos de nuestros mejores profesionales. Luce unas uñas bonitas y cuidadas. Cuida tus pies no esperes a que llegue el buen tiempo para tenerlos perfectos. Te durarán perfectas durante mucho más tiempo. Reserva tu cita cómodamente online a través de Bucmi.com."
        }, 
        {
            "service_category": "Depilación", 
            "service": "Depilación De Cejas", 
            "duration": 900, 
            "price": "6 € ", 
            "description": "Consigue las cejas perfectas según el arco de tu cara gracias a The Secret Lab Madrid. Te haremos el diseño que mejor se adapte a ti para que luzcas realmente guapa. Disfruta de una mirada penetrante gracias a tu diseño de cejas. Nuestros profesionales te asesorarán para realzar las facciones de tu rostro. Lucir una mirada penetrante es posible. Reserva tu cita cómodamente online a través de Bucmi.com."
        }, 
        {
            "service_category": "Bienestar", 
            "service": "Tratamiento Facial Perricone", 
            "duration": 3600, 
            "price": "80 € ", 
            "description": "En este tratamiento aplicamos la ciencia del prestigioso dermatólogo de las celebrities: el Dr. Perricone. Comenzamos con un ritual de bienvenida relajante inspirado en el yoga. Seguimos con un protocolo Perricone MD: detox, antioxidante, reafirmante o ultrahidratante, en función de las necesidades de la piel. Y finalizamos con un masaje relajante que te llevará a otra dimensión!"
        }
    ]
}