{
    "adid": null, 
    "name": "Lola Veiga", 
    "name_of_contact": "Lola Veiga", 
    "scrape_page": "https://www.bucmi.com/lolaveiga", 
    "business_website": "https://www.bucmi.com/lolaveiga", 
    "areas_covered": null, 
    "description": "Lola Veiga es tu centro de estética de toda la vida, donde podrás encontrar tratamientos faciales y corporales, destinados al cuidado de tu belleza y a mejorar tu bienestar. No te pierdas nuestras manicuras, pedicuras, higienes faciales... Te encantará.", 
    "img_link": [
        "https://d1nd15w2k87kz0.cloudfront.net/Uploads/636008325201977456.jpg", 
        "https://d1nd15w2k87kz0.cloudfront.net/Uploads/636008325205883430.jpg", 
        "https://d1nd15w2k87kz0.cloudfront.net/Uploads/636008325215572958.jpg", 
        "https://d1nd15w2k87kz0.cloudfront.net/Uploads/636008325214166567.jpg", 
        "https://d1nd15w2k87kz0.cloudfront.net/Uploads/636008325218394716.jpg", 
        "https://d1nd15w2k87kz0.cloudfront.net/Uploads/636008325250435641.jpg"
    ], 
    "hqdb_featured_ad_type": "Featured", 
    "hqdb_nr_reviews": "10", 
    "hqdb_review_score": "8,2", 
    "accreditations": null, 
    "category": null, 
    "subcategory": null, 
    "street": null, 
    "city": "Madrid", 
    "zipcode": "28015", 
    "formatted_address": "Madrid, 28010, Madrid, 28009, Madrid, 28015", 
    "country": "es", 
    "office_number": "915495974", 
    "office_number2": null, 
    "mobile_number": null, 
    "mobile_number2": null, 
    "unidentified_phone_numbers": null, 
    "latitude": "40.4316529000", 
    "longitude": "-3.7137986999", 
    "business_email": null, 
    "yelp_page": null, 
    "facebook": null, 
    "twitter": null, 
    "instagram": null, 
    "venue_images": "https://d1nd15w2k87kz0.cloudfront.net/Logotipos/636008325761838546.jpg", 
    "opening_hours_raw": null, 
    "pricelist_link": null, 
    "services": [
        {
            "service_category": "Preferente", 
            "service": "Bono 10 Sesiones Presoterapia", 
            "duration": 1800, 
            "price": "100 € ", 
            "description": "La presoterapia es perfecta para mejorar la circulación y la retención de líquidos, con este bono de 10 sesiones notarás los resultados a desde la primera sesión. Este tratamiento de presoterapia tiene numerosos beneficios; entre ellos mejora la circulación o elimina las focos localizados de graso. Así conseguirás una figura mucho más esbelta y tonificada. ¡No lo dudes y reserva ya tu cita cómodamente online a través de Bucmi.com! ¿A qué estás esperando? ¡No dejes que te lo cuenten!."
        }, 
        {
            "service_category": "Preferente", 
            "service": "Manicura Permanente", 
            "duration": 5400, 
            "price": "25 € ", 
            "description": "Completa manicura que incluye el esmaltado en el color que prefieras y nosotros nos encargamos de lo demás. Limamos tus uñas, cuidamos tus cutículas, hidratamos la piel y maquillamos la uña. Presume de manos durante varias semanas gracias a nuestro esmalte de larga duración de Cris Nails. ¡No lo dudes y reserva ya tu cita cómodamente online a través de Bucmi.com! ¿A qué estás esperando? ¡No dejes que te lo cuenten! ¡Porque unas manos bonitas y cuidadas son siempre una buena carta de presentación!."
        }, 
        {
            "service_category": "Preferente", 
            "service": "Pedicura Permanente", 
            "duration": 5400, 
            "price": "45 € ", 
            "description": "Completa pedicura que incluye el esmaltado en el color que prefieras de Cris Nails y nosotros nos encargamos de lo demás. Limamos tus uñas, cuidamos tus cutículas, retiramos durezas, hidratamos la piel y maquillamos la uña. Presume de pies durante varias semanas gracias a nuestro esmalte de larga duración. ¡No lo dudes y reserva ya tu cita cómodamente online a través de Bucmi.com! ¿A qué estás esperando? ¡No dejes que te lo cuenten! ¡No esperes a llevar sandalias para presumir siempre de pies envidiables!."
        }, 
        {
            "service_category": "Estética", 
            "service": "Bono 10 Sesiones Presoterapia", 
            "duration": 1800, 
            "price": "100 € ", 
            "description": "La presoterapia es perfecta para mejorar la circulación y la retención de líquidos, con este bono de 10 sesiones notarás los resultados a desde la primera sesión. Este tratamiento de presoterapia tiene numerosos beneficios; entre ellos mejora la circulación o elimina las focos localizados de graso. Así conseguirás una figura mucho más esbelta y tonificada. ¡No lo dudes y reserva ya tu cita cómodamente online a través de Bucmi.com! ¿A qué estás esperando? ¡No dejes que te lo cuenten!."
        }, 
        {
            "service_category": "Estética", 
            "service": "Higiene Facial", 
            "duration": 5400, 
            "price": "40 € ", 
            "description": "Disfruta de una piel limpia, libre de impurezas, nutrida e hidratada gracias a nuestra completa higiene facial con BDR, que incluye desmaquillado de la piel, extracción de impurezas con vapor, tónico refrescante, exfoliación de la piel y mascarilla final hidratante con ligero masaje facial. La duración exacta del servicio es en torno a las hora y cuarto. ¡No lo dudes y reserva ya tu cita cómodamente online a través de Bucmi.com! ¿A qué estás esperando? ¡No dejes que te lo cuenten!."
        }, 
        {
            "service_category": "Estética", 
            "service": "Higiene Facial Y Mascarilla Led", 
            "duration": 5400, 
            "price": "58 € ", 
            "description": "¿Quieres lucir un cutis envidiable? Disfruta ya de este higiene facial profunda con BDR, que incluye desmaquillado, limpieza de cutis, masaje y mascarilla. Además podrás disfrutar de la máscara led para la mejoría de las arrugas, hiperpigmentación y rugosidad táctil. Tu piel estará limpia, nutrida y sin imperfecciones. En nuestro centro contamos con lo último en aparatología. ¡No lo dudes y reserva ya tu cita cómodamente online a través de Bucmi.com! ¡Te encantará el resultado!."
        }, 
        {
            "service_category": "Estética", 
            "service": "Peeling Corporal", 
            "duration": 3600, 
            "price": "27 € ", 
            "description": "¡Luce la piel que siempre has deseado, donde reina la suavidad y sedosidad! ¿De qué manera? Gracias a este peeling corporal con el que conseguiremos exfoliar tu piel y eliminar así las impurezas de agentes externos. Además de lucir una piel perfecta, podrás relajarte como nunca. Un auténtico placer para los sentidos. ¡No lo dudes y reserva ya tu cita cómodamente online a través de Bucmi.com! ¿A qué estás esperando? ¡No dejes que te lo cuenten!."
        }, 
        {
            "service_category": "Manicura y Pedicura", 
            "service": "Bono 10 Sesiones Presoterapia", 
            "duration": 1800, 
            "price": "100 € ", 
            "description": "La presoterapia es perfecta para mejorar la circulación y la retención de líquidos, con este bono de 10 sesiones notarás los resultados a desde la primera sesión. Este tratamiento de presoterapia tiene numerosos beneficios; entre ellos mejora la circulación o elimina las focos localizados de graso. Así conseguirás una figura mucho más esbelta y tonificada. ¡No lo dudes y reserva ya tu cita cómodamente online a través de Bucmi.com! ¿A qué estás esperando? ¡No dejes que te lo cuenten!."
        }, 
        {
            "service_category": "Manicura y Pedicura", 
            "service": "Higiene Facial", 
            "duration": 5400, 
            "price": "40 € ", 
            "description": "Disfruta de una piel limpia, libre de impurezas, nutrida e hidratada gracias a nuestra completa higiene facial con BDR, que incluye desmaquillado de la piel, extracción de impurezas con vapor, tónico refrescante, exfoliación de la piel y mascarilla final hidratante con ligero masaje facial. La duración exacta del servicio es en torno a las hora y cuarto. ¡No lo dudes y reserva ya tu cita cómodamente online a través de Bucmi.com! ¿A qué estás esperando? ¡No dejes que te lo cuenten!."
        }, 
        {
            "service_category": "Manicura y Pedicura", 
            "service": "Higiene Facial Y Mascarilla Led", 
            "duration": 5400, 
            "price": "58 € ", 
            "description": "¿Quieres lucir un cutis envidiable? Disfruta ya de este higiene facial profunda con BDR, que incluye desmaquillado, limpieza de cutis, masaje y mascarilla. Además podrás disfrutar de la máscara led para la mejoría de las arrugas, hiperpigmentación y rugosidad táctil. Tu piel estará limpia, nutrida y sin imperfecciones. En nuestro centro contamos con lo último en aparatología. ¡No lo dudes y reserva ya tu cita cómodamente online a través de Bucmi.com! ¡Te encantará el resultado!."
        }, 
        {
            "service_category": "Manicura y Pedicura", 
            "service": "Peeling Corporal", 
            "duration": 3600, 
            "price": "27 € ", 
            "description": "¡Luce la piel que siempre has deseado, donde reina la suavidad y sedosidad! ¿De qué manera? Gracias a este peeling corporal con el que conseguiremos exfoliar tu piel y eliminar así las impurezas de agentes externos. Además de lucir una piel perfecta, podrás relajarte como nunca. Un auténtico placer para los sentidos. ¡No lo dudes y reserva ya tu cita cómodamente online a través de Bucmi.com! ¿A qué estás esperando? ¡No dejes que te lo cuenten!."
        }, 
        {
            "service_category": "Manicura y Pedicura", 
            "service": "10 Sesiones Tratamiento Parafina Manos", 
            "duration": 900, 
            "price": "80 € ", 
            "description": "El tratamiento ideal para que tus manos estén más hidratadas y cuidadas, disfruta de este bono de 10 sesiones y luce unas manos perfectas. Además, gracias a la parafina conseguirás mejorar la salud de tus articulaciones. Una piel ideal para cualquier momento. Disfruta de las propiedades de la parafina y ¡notarás resultados increíbles! No lo pienses más y ¡reserva ya tu cita cómodamente online a través de Bucmi.com! ¿A qué estás esperando? ¡No dejes que te lo cuenten!."
        }, 
        {
            "service_category": "Manicura y Pedicura", 
            "service": "Manicura Express", 
            "duration": 1800, 
            "price": "9 € ", 
            "description": "Completa manicura que incluye el esmaltado en el color que prefieras y nosotros nos encargamos de lo demás. Limar, esmaltar... ¡Y presume de manos! Si eres de las que tienen poco tiempo pero aún así quieres lucir unas manos perfectas, este es tu servicio. Podrás escoger el color que más te guste de Cris Nails, siempre en manos de nuestro equipo de profesionales que trabajarán para conseguir el mejor resultado. ¡No lo pienses más y reserva ya tu cita cómodamente online a través de Bucmi.com!."
        }, 
        {
            "service_category": "Manicura y Pedicura", 
            "service": "Manicura Normal", 
            "duration": 2700, 
            "price": "13 € ", 
            "description": "Completa manicura que incluye el esmaltado en el color que prefieras de Cris Nails y nosotros nos encargamos de lo demás. Limamos tus uñas, cuidamos tus cutículas, hidratamos la piel y maquillamos la uña. Podrás escoger el tono del esmalte que más te guste, el más acorde a tu estilo y personalidad. Presume de manos bonitas y cuidadas, dirán mucho de tí. ¡No lo pienses más y reserva ya tu cita cómodamente online a través de Bucmi.com! ¿A qué estás esperando? ¡Saldrás encantada con el resultadoF"
        }, 
        {
            "service_category": "Masaje", 
            "service": "Bono 10 Sesiones Presoterapia", 
            "duration": 1800, 
            "price": "100 € ", 
            "description": "La presoterapia es perfecta para mejorar la circulación y la retención de líquidos, con este bono de 10 sesiones notarás los resultados a desde la primera sesión. Este tratamiento de presoterapia tiene numerosos beneficios; entre ellos mejora la circulación o elimina las focos localizados de graso. Así conseguirás una figura mucho más esbelta y tonificada. ¡No lo dudes y reserva ya tu cita cómodamente online a través de Bucmi.com! ¿A qué estás esperando? ¡No dejes que te lo cuenten!."
        }, 
        {
            "service_category": "Depilación", 
            "service": "Bono 10 Sesiones Presoterapia", 
            "duration": 1800, 
            "price": "100 € ", 
            "description": "La presoterapia es perfecta para mejorar la circulación y la retención de líquidos, con este bono de 10 sesiones notarás los resultados a desde la primera sesión. Este tratamiento de presoterapia tiene numerosos beneficios; entre ellos mejora la circulación o elimina las focos localizados de graso. Así conseguirás una figura mucho más esbelta y tonificada. ¡No lo dudes y reserva ya tu cita cómodamente online a través de Bucmi.com! ¿A qué estás esperando? ¡No dejes que te lo cuenten!."
        }, 
        {
            "service_category": "Depilación", 
            "service": "Higiene Facial", 
            "duration": 5400, 
            "price": "40 € ", 
            "description": "Disfruta de una piel limpia, libre de impurezas, nutrida e hidratada gracias a nuestra completa higiene facial con BDR, que incluye desmaquillado de la piel, extracción de impurezas con vapor, tónico refrescante, exfoliación de la piel y mascarilla final hidratante con ligero masaje facial. La duración exacta del servicio es en torno a las hora y cuarto. ¡No lo dudes y reserva ya tu cita cómodamente online a través de Bucmi.com! ¿A qué estás esperando? ¡No dejes que te lo cuenten!."
        }, 
        {
            "service_category": "Depilación", 
            "service": "Higiene Facial Y Mascarilla Led", 
            "duration": 5400, 
            "price": "58 € ", 
            "description": "¿Quieres lucir un cutis envidiable? Disfruta ya de este higiene facial profunda con BDR, que incluye desmaquillado, limpieza de cutis, masaje y mascarilla. Además podrás disfrutar de la máscara led para la mejoría de las arrugas, hiperpigmentación y rugosidad táctil. Tu piel estará limpia, nutrida y sin imperfecciones. En nuestro centro contamos con lo último en aparatología. ¡No lo dudes y reserva ya tu cita cómodamente online a través de Bucmi.com! ¡Te encantará el resultado!."
        }, 
        {
            "service_category": "Depilación", 
            "service": "Peeling Corporal", 
            "duration": 3600, 
            "price": "27 € ", 
            "description": "¡Luce la piel que siempre has deseado, donde reina la suavidad y sedosidad! ¿De qué manera? Gracias a este peeling corporal con el que conseguiremos exfoliar tu piel y eliminar así las impurezas de agentes externos. Además de lucir una piel perfecta, podrás relajarte como nunca. Un auténtico placer para los sentidos. ¡No lo dudes y reserva ya tu cita cómodamente online a través de Bucmi.com! ¿A qué estás esperando? ¡No dejes que te lo cuenten!."
        }, 
        {
            "service_category": "Depilación", 
            "service": "10 Sesiones Tratamiento Parafina Manos", 
            "duration": 900, 
            "price": "80 € ", 
            "description": "El tratamiento ideal para que tus manos estén más hidratadas y cuidadas, disfruta de este bono de 10 sesiones y luce unas manos perfectas. Además, gracias a la parafina conseguirás mejorar la salud de tus articulaciones. Una piel ideal para cualquier momento. Disfruta de las propiedades de la parafina y ¡notarás resultados increíbles! No lo pienses más y ¡reserva ya tu cita cómodamente online a través de Bucmi.com! ¿A qué estás esperando? ¡No dejes que te lo cuenten!."
        }, 
        {
            "service_category": "Depilación", 
            "service": "Manicura Express", 
            "duration": 1800, 
            "price": "9 € ", 
            "description": "Completa manicura que incluye el esmaltado en el color que prefieras y nosotros nos encargamos de lo demás. Limar, esmaltar... ¡Y presume de manos! Si eres de las que tienen poco tiempo pero aún así quieres lucir unas manos perfectas, este es tu servicio. Podrás escoger el color que más te guste de Cris Nails, siempre en manos de nuestro equipo de profesionales que trabajarán para conseguir el mejor resultado. ¡No lo pienses más y reserva ya tu cita cómodamente online a través de Bucmi.com!."
        }, 
        {
            "service_category": "Depilación", 
            "service": "Manicura Normal", 
            "duration": 2700, 
            "price": "13 € ", 
            "description": "Completa manicura que incluye el esmaltado en el color que prefieras de Cris Nails y nosotros nos encargamos de lo demás. Limamos tus uñas, cuidamos tus cutículas, hidratamos la piel y maquillamos la uña. Podrás escoger el tono del esmalte que más te guste, el más acorde a tu estilo y personalidad. Presume de manos bonitas y cuidadas, dirán mucho de tí. ¡No lo pienses más y reserva ya tu cita cómodamente online a través de Bucmi.com! ¿A qué estás esperando? ¡Saldrás encantada con el resultadoF"
        }, 
        {
            "service_category": "Depilación", 
            "service": "Manicura Permanente", 
            "duration": 5400, 
            "price": "25 € ", 
            "description": "Completa manicura que incluye el esmaltado en el color que prefieras y nosotros nos encargamos de lo demás. Limamos tus uñas, cuidamos tus cutículas, hidratamos la piel y maquillamos la uña. Presume de manos durante varias semanas gracias a nuestro esmalte de larga duración de Cris Nails. ¡No lo dudes y reserva ya tu cita cómodamente online a través de Bucmi.com! ¿A qué estás esperando? ¡No dejes que te lo cuenten! ¡Porque unas manos bonitas y cuidadas son siempre una buena carta de presentación!."
        }, 
        {
            "service_category": "Depilación", 
            "service": "Pedicura Express", 
            "duration": 1800, 
            "price": "18 € ", 
            "description": "Completa pedicura que incluye el esmaltado en el color que prefieras de Cris Nails y nosotros nos encargamos de lo demás. Limar, esmaltar... ¡Y presume de pies! Si eres de las que tienen poco tiempo pero aún así quieres lucir unos pies perfectos, este es tu servicio. Podrás escoger el color que más te guste, siempre en manos de nuestro equipo de profesionales que trabajarán para conseguir el mejor resultado. ¡No lo pienses más y reserva ya tu cita cómodamente online a través de Bucmi.com!."
        }, 
        {
            "service_category": "Depilación", 
            "service": "Pedicura Normal", 
            "duration": 5400, 
            "price": "33 € ", 
            "description": "Completa pedicura que incluye el esmaltado en el color que prefieras de Cris Nails y nosotros nos encargamos de lo demás. Limamos tus uñas, cuidamos tus cutículas, retiramos durezas, hidratamos la piel y maquillamos la uña. Podrás escoger el tono del esmalte que más te guste, el más acorde a tu estilo y personalidad. Presume de pies bonitos y cuidados, dirán mucho de tí. ¡No lo pienses más y reserva ya tu cita cómodamente online a través de Bucmi.com! ¿A qué estás esperando?."
        }, 
        {
            "service_category": "Depilación", 
            "service": "Pedicura Permanente", 
            "duration": 5400, 
            "price": "45 € ", 
            "description": "Completa pedicura que incluye el esmaltado en el color que prefieras de Cris Nails y nosotros nos encargamos de lo demás. Limamos tus uñas, cuidamos tus cutículas, retiramos durezas, hidratamos la piel y maquillamos la uña. Presume de pies durante varias semanas gracias a nuestro esmalte de larga duración. ¡No lo dudes y reserva ya tu cita cómodamente online a través de Bucmi.com! ¿A qué estás esperando? ¡No dejes que te lo cuenten! ¡No esperes a llevar sandalias para presumir siempre de pies envidiables!."
        }, 
        {
            "service_category": "Depilación", 
            "service": "Masaje Relajante Corporal", 
            "duration": 2700, 
            "price": "38 € ", 
            "description": "Masaje relajante corporal de 45 minutos, disfruta de un gran momento de relax y bienestar y olvídate de los pequeños problemas y del estrés del día a día. ¡Te sumergirás así en un universo de bienestar y relajación, todo ello en manos de nuestro equipo de profesionales! Porque nuestra prioridad es tu cuidado y bienestar. ¡No lo pienses más y reserva ya tu cita cómodamente online a través de Bucmi.com! ¿A qué estás esperando? ¡No dejes que te lo cuenten!."
        }, 
        {
            "service_category": "Depilación", 
            "service": "Depilación Cera Piernas Enteras E Ingles Brasileña", 
            "duration": 3600, 
            "price": "32,5 € ", 
            "description": "Por fin tu piel quedará libre de vello por un par de semanas gracias a nuestro servicio de cera en la zona de las piernas enteras e ingles brasileñas. Déjate asesorar por nuestros expertos profesionales, que eliminarán desde la raíz el vello de tu piel. Conseguirás así una piel suave, todo ello con el mayor cuidado y con un resultado más que eficaz. Ideal para cualquier temporada del año. ¡No lo dudes y reserva ya tu cita cómodamente online a través de Bucmi.com! ¿A qué estás esperando? ¡Que te lo cuenten!."
        }, 
        {
            "service_category": "Depilación", 
            "service": "Bono 150 Minutos Depilación Eléctrica", 
            "duration": 900, 
            "price": "122 € ", 
            "description": "El precio del servicio va en función de los minutos. En este caso, ofrecemos un bono de 150 minutos para ir utilizándolos en distintas sesiones. Por fin, tu piel quedará libre de vello por un par de semanas gracias a nuestro servicio de depilación eléctrica en la zona facial. Déjate asesorar por nuestros expertos profesionales, que eliminarán desde la raíz el vello de tu piel. Conseguirás así una piel suave, todo ello con el mayor cuidado y con un resultado más que eficaz. ¡Reserva ya tu cita online!."
        }
    ]
}