{
    "adid": null, 
    "name": "Maria Jose Sanz", 
    "name_of_contact": "Maria Jose Sanz", 
    "scrape_page": "https://www.bucmi.com/bellezamariajosesanz", 
    "business_website": "https://www.bucmi.com/bellezamariajosesanz", 
    "areas_covered": null, 
    "description": "'María José Sanz es un centro de estética ubicado en Calle del Comandante Zorita 27, en la zona de Cuatro Caminos de Madrid. De la mano su fundadora, María José Sanz, su misión siempre ha sido la de cuidarte y de ofrecerte todo tipo de tratamientos de belleza y de medicina estética con los productos de Mesoestetic, Carita Paris y Kéraski Esthetics. Y antes de empezar con un tratamiento personalizado, nada mejor que someterse a un diagnóstico gratuito de composición corporal.Para una novia radiante, recomienda preparar la piel 3 meses antes del gran día; para la mujer embarazada y en fase de post-parto, también ofrece una vasta gama de opciones.'", 
    "img_link": [
        "https://d1nd15w2k87kz0.cloudfront.net/Uploads/636331567326882811.jpg", 
        "https://d1nd15w2k87kz0.cloudfront.net/Uploads/636331567362195141.jpg", 
        "https://d1nd15w2k87kz0.cloudfront.net/Uploads/636331567399069026.jpg", 
        "https://d1nd15w2k87kz0.cloudfront.net/Uploads/636331567425788041.jpg", 
        "https://d1nd15w2k87kz0.cloudfront.net/Uploads/636331567460162465.jpg", 
        "https://d1nd15w2k87kz0.cloudfront.net/Uploads/636331567488599512.jpg", 
        "https://d1nd15w2k87kz0.cloudfront.net/Uploads/636331567516255548.jpg", 
        "https://d1nd15w2k87kz0.cloudfront.net/Uploads/636331567547348625.jpg", 
        "https://d1nd15w2k87kz0.cloudfront.net/Uploads/636331567567817330.jpg", 
        "https://d1nd15w2k87kz0.cloudfront.net/Uploads/636331567602660469.jpg", 
        "https://d1nd15w2k87kz0.cloudfront.net/Uploads/636331567629535042.jpg", 
        "https://d1nd15w2k87kz0.cloudfront.net/Uploads/636331567662815901.jpg", 
        "https://d1nd15w2k87kz0.cloudfront.net/Uploads/636331567689065427.jpg", 
        "https://d1nd15w2k87kz0.cloudfront.net/Uploads/636331567715940215.jpg", 
        "https://d1nd15w2k87kz0.cloudfront.net/Uploads/636331567765158253.jpg", 
        "https://d1nd15w2k87kz0.cloudfront.net/Uploads/636331567788595288.jpg", 
        "https://d1nd15w2k87kz0.cloudfront.net/Uploads/636331567812345007.jpg", 
        "https://d1nd15w2k87kz0.cloudfront.net/Uploads/636331567846719622.jpg", 
        "https://d1nd15w2k87kz0.cloudfront.net/Uploads/636331567882500289.jpg", 
        "https://d1nd15w2k87kz0.cloudfront.net/Uploads/636331567908749820.jpg", 
        "https://d1nd15w2k87kz0.cloudfront.net/Uploads/636331567950780486.jpg", 
        "https://d1nd15w2k87kz0.cloudfront.net/Uploads/636331567973436479.jpg", 
        "https://d1nd15w2k87kz0.cloudfront.net/Uploads/636331568004842305.jpg", 
        "https://d1nd15w2k87kz0.cloudfront.net/Uploads/636331568057966679.jpg", 
        "https://d1nd15w2k87kz0.cloudfront.net/Uploads/636331568094216068.jpg"
    ], 
    "hqdb_featured_ad_type": "Featured", 
    "hqdb_nr_reviews": "26", 
    "hqdb_review_score": "9,5", 
    "accreditations": null, 
    "category": null, 
    "subcategory": null, 
    "street": "C/ Hernani, 49", 
    "city": "Madrid", 
    "zipcode": "28020", 
    "formatted_address": "C/ Hernani, 49, Madrid, 28020", 
    "country": "es", 
    "office_number": "912774269", 
    "office_number2": null, 
    "mobile_number": null, 
    "mobile_number2": null, 
    "unidentified_phone_numbers": null, 
    "latitude": "40.4497177000", 
    "longitude": "-3.6984649999", 
    "business_email": null, 
    "yelp_page": null, 
    "facebook": null, 
    "twitter": null, 
    "instagram": null, 
    "venue_images": "https://d1nd15w2k87kz0.cloudfront.net/Logotipos/636331569044710049.jpg", 
    "opening_hours_raw": null, 
    "pricelist_link": null, 
    "services": [
        {
            "service_category": "Preferente", 
            "service": "Pestañas Maxcara Semi Permanente", 
            "duration": 1800, 
            "price": "30 € ", 
            "description": "Pestañas maquilladas durante 21 días. El servicio consiste en una máscara de pestañas efecto volumen y efecto rimmel. Puedes mojarte o maquillarte y las pestañas seguirán perfectas durante tres semanas. Lucirás así una mirada penetrante, como una verdadera estrella de Hollywood. ¡No lo dudes y reserva ya cómodamente online! ¿A qué estás esperando? ¡No dejes que te lo cuenten!"
        }, 
        {
            "service_category": "Preferente", 
            "service": "Tto Facial Limpieza De Piel", 
            "duration": 3600, 
            "price": "45 € ", 
            "description": "Tratamiento personalizado, para eliminar impurezas y encontrar el equilibrio perfecto de la piel. Nuestra limpieza incluye el desmaquillado, extracción y vapor de ozono, la exfoliación para eliminar impurezas y la mascarilla hidratante. Lucirás así un cutis mucho más suave y cuidado. Utilizamos productos de primera calidad para que el resultado sea muy efectivo. ¡Reserva ya cómodamente online y te encantará!"
        }, 
        {
            "service_category": "Preferente", 
            "service": "Diseño De Cejas", 
            "duration": 1800, 
            "price": "12 € ", 
            "description": "Diseño de cejas. Las cejas son el marco del rostro. Con un diseño adecuado se puede cambiar totalmente la forma del rostro y su expresión. Nosotros las diseñamos de forma personalizada según los ángulos de cada rostro y así conseguimos resaltar la belleza. Se realiza con pinzas de depilar. ¡No lo dudes y confía en nuestros profesionales! Saldrás encantada de nuestro centro."
        }, 
        {
            "service_category": "Preferente", 
            "service": "Extensiones Pestañas", 
            "duration": 7200, 
            "price": "70 € ", 
            "description": "Consigue una mirada de cine de la mano de los mejores profesionales gracias a este servicio de extensiones de pestañas. Alarga, da volumen y curvatura gracias a las extensiones de pestañas pelo a pelo, resalta tu mirada de la forma más natural. Reserva ahora tu cita online a través de Bucmi.com."
        }, 
        {
            "service_category": "Estética", 
            "service": "Pestañas Maxcara Semi Permanente", 
            "duration": 1800, 
            "price": "30 € ", 
            "description": "Pestañas maquilladas durante 21 días. El servicio consiste en una máscara de pestañas efecto volumen y efecto rimmel. Puedes mojarte o maquillarte y las pestañas seguirán perfectas durante tres semanas. Lucirás así una mirada penetrante, como una verdadera estrella de Hollywood. ¡No lo dudes y reserva ya cómodamente online! ¿A qué estás esperando? ¡No dejes que te lo cuenten!"
        }, 
        {
            "service_category": "Estética", 
            "service": "Tto Facial Limpieza De Piel", 
            "duration": 3600, 
            "price": "45 € ", 
            "description": "Tratamiento personalizado, para eliminar impurezas y encontrar el equilibrio perfecto de la piel. Nuestra limpieza incluye el desmaquillado, extracción y vapor de ozono, la exfoliación para eliminar impurezas y la mascarilla hidratante. Lucirás así un cutis mucho más suave y cuidado. Utilizamos productos de primera calidad para que el resultado sea muy efectivo. ¡Reserva ya cómodamente online y te encantará!"
        }, 
        {
            "service_category": "Estética", 
            "service": "Extensiones Pestañas", 
            "duration": 7200, 
            "price": "70 € ", 
            "description": "Consigue una mirada de cine de la mano de los mejores profesionales gracias a este servicio de extensiones de pestañas. Alarga, da volumen y curvatura gracias a las extensiones de pestañas pelo a pelo, resalta tu mirada de la forma más natural. Reserva ahora tu cita online a través de Bucmi.com."
        }, 
        {
            "service_category": "Estética", 
            "service": "Masaje Drenaje Linfático", 
            "duration": 3600, 
            "price": "60 € ", 
            "description": "Este tratamiento está especialmente indicado para eliminar la retención de líquidos, favoreciendo la circulación del sistema sanguíneo y linfático. De esta forma tus piernas dejarán de estar inflamadas y las notarás más ligeras. No esperes más y reserva ahora tu cita online a través de Bucmi.com."
        }, 
        {
            "service_category": "Estética", 
            "service": "Tto Corporal Presoterapia 10 Sesiones", 
            "duration": 2700, 
            "price": "99 € ", 
            "description": "Consigue el cuerpo que siempre has querido de la mano de los mejores profesionales gracias a este pack de 10 sesiones de presoterapia, Tratamiento específico para piernas cansadas, retención de líquidos, varices y edema en extremidades inferiores. No esperes más y reserva ahora tu cita online a través de Bucmi.com."
        }, 
        {
            "service_category": "Estética", 
            "service": "Tto Corporal Reafirmante 10 Sesiones", 
            "duration": 3600, 
            "price": "399 € ", 
            "description": "Completo bono de 10 sesiones de tratamiento anticelulítico y moldeador para conseguir reafirmar la piel de tu cuerpo, a la vez que dices adiós para siempre a la piel de naranja. Lucirás una figura más esbelta y mucho más tonificada, ideal para la temporada del verano. ¡Ponte el bikini sin complejo! Desde la primera sesión, notarás los resultados. ¡No lo dudes, empieza a cuidarte y reserva ya este servicio cómodamente online!"
        }, 
        {
            "service_category": "Estética", 
            "service": "Tto Corporal Reductor 10 Sesiones", 
            "duration": 3600, 
            "price": "299 € ", 
            "description": "Tratamiento Reductor que consiste en un Bono de 10 sesiones de Cavitación y Presoterapia. Con el calor producido por la cavitación rompemos la grasa localizada que posteriormente ayudamos a drenar de forma natural, gracias al juego de presiones que ejerce la presoterapia sobre las extremidades. Olvídate de los complejos y luce un cuerpo mucho más esbelto y tonificado. Reserva ya tu cita cómodamente online y te encantarán los resultados."
        }, 
        {
            "service_category": "Estética", 
            "service": "Tto Facial Antiedad: Contorno De Ojos", 
            "duration": 3600, 
            "price": "50 € ", 
            "description": "Tratamiento diseñado para alisar las arrugas, difuminar ojeras y descongestionar las bolsas. Tu mirada conseguirá ganar la batalla a los años gracias a nuestros expertos profesionales. En María José Sanz, nuestra prioridad es tu belleza. Contarás con un trato exclusivo y productos de primera calidad. ¿A qué estás esperando? Ya sabemos que la cara es el espejo del alma. ¡Reserva ya cómodamente online y no te arrepentirás!"
        }, 
        {
            "service_category": "Estética", 
            "service": "Tto Facial Antiedad: Ritual Cinetic Lift Expert", 
            "duration": 5400, 
            "price": "120 € ", 
            "description": "Tratamiento de rejuvenecimiento facial de la prestigiosa firma de cosmética CARITA con un efecto lifting inmediato. Podrás así un rostro mucho más joven y radiante. En María José Sanz, nuestra prioridad es tu belleza. Contarás con un trato exclusivo y productos de primera calidad. ¿A qué estás esperando? Ya sabemos que la cara es el espejo del alma. ¡Reserva ya cómodamente online y no te arrepentirás!"
        }, 
        {
            "service_category": "Estética", 
            "service": "Tto Facial De Oxígeno", 
            "duration": 3600, 
            "price": "60 € ", 
            "description": "En este tratamiento facial conseguirás una hidratación profunda para todo tipo de piel a través de oxigeno puro, para aportar vitalidad e hidratación a la piel. En María José Sanz, nuestra prioridad es tu belleza. Contarás con un trato exclusivo y productos de primera calidad. ¿A qué estás esperando? Ya sabemos que la cara es el espejo del alma. ¡Reserva ya cómodamente online y no te arrepentirás!"
        }, 
        {
            "service_category": "Estética", 
            "service": "Tto Facial Deluxe Oro Y Diamante", 
            "duration": 3600, 
            "price": "45 € ", 
            "description": "Tratamiento facial con el que se consigue un efecto flash inmediato para lucir una piel radiante, en un momento especial. Se utilizan productos de oro y diamante. En María José Sanz, nuestra prioridad es tu belleza. Contarás con un trato exclusivo y productos de primera calidad. ¿A qué estás esperando? Ya sabemos que la cara es el espejo del alma. ¡Reserva ya cómodamente online y no te arrepentirás!"
        }, 
        {
            "service_category": "Estética", 
            "service": "Tto Facial Hidratante: Ritual Piel Sensible", 
            "duration": 3600, 
            "price": "60 € ", 
            "description": "Tratamiento facial diseñado para tratar las pieles más delicadas, con un efecto calmante, reparador y protector, que elimina las rojeces. En María José Sanz, nuestra prioridad es tu belleza. Contarás con un trato exclusivo y productos de primera calidad. ¿A qué estás esperando? Ya sabemos que la cara es el espejo del alma. ¡Reserva ya cómodamente online y no te arrepentirás!"
        }, 
        {
            "service_category": "Estética", 
            "service": "Tto Facial Luminosidad", 
            "duration": 5400, 
            "price": "70 € ", 
            "description": "Tratamiento facial para combatir los primeros signos del envejecimiento gracias a su concentración de vitamina c que aclara la tez, mejora las lesiones pigmentarias y previene la formación de manchas. En María José Sanz, nuestra prioridad es tu belleza. Contarás con un trato exclusivo y productos de primera calidad. ¿A qué estás esperando? Ya sabemos que la cara es el espejo del alma. ¡Reserva ya cómodamente online y no te arrepentirás!"
        }, 
        {
            "service_category": "Estética", 
            "service": "Tto Facial Peeling Quimico", 
            "duration": 3600, 
            "price": "45 € ", 
            "description": "Tratamiento estético indicado para mejorar las imperfecciones de la piel exfoliando y desprendiendo las células viejas y dañadas, promoviendo la aparición de una piel nueva y regenerada. Conseguirás lucir así lucir una piel mucho más suave, sedosa y radiante. Confía en nuestro equipo de profesionales que trabajarán para conseguir los mejores resultados. ¡Reserva ya cómodamente online y saldrás encantad@ de nuestro centro!"
        }, 
        {
            "service_category": "Estética", 
            "service": "Tto Facial Velo De Colágeno Con Radiofrecuencia", 
            "duration": 5400, 
            "price": "80 € ", 
            "description": "Tratamiento facial anti edad para reactivar la síntesis de colágeno, ralentizando el envejecimiento y mejorando la elasticidad de la piel gracias a su acción reafirmarte y tensora. En nuestro centro nos preocupamos por tu belleza. Te ofrecemos este servicios en manos de los mejores profesionales. ¡No esperes más y reserva tu cita cómodamente online! Quedarás super satisfech@ con el resultado."
        }, 
        {
            "service_category": "Estética", 
            "service": "Tto Médico Bótox", 
            "duration": 1800, 
            "price": "350 € ", 
            "description": "Elimina las arrugas de una zona facial con Bótox: frente, entrecejo o patas de gallo sin cirugía. Con este tratamiento conseguirás unos resultados muy naturales y sin necesidad de recuperación en sólo 30 minutos. Además, podrás realizarlo en cualquier época del año. No esperes más y reserva ahora tu cita online a través de Bucmi.com."
        }, 
        {
            "service_category": "Estética", 
            "service": "Tto Médico Mesoterapia Facial Vitaminas", 
            "duration": 1800, 
            "price": "120 € ", 
            "description": "Si quieres rejuvenecer y rehidratar la piel de tu cara, cuello, escote o manos, la mesoterapia facial con vitaminas es tu solución. En la mesoterapia se aplican pequeñas microinyecciones de forma local, de forma que se consigue regenerar la piel y recuperar su brillo, tono y aspecto saludable. Reserva ahora tucita online y no te arrepentirás."
        }, 
        {
            "service_category": "Estética", 
            "service": "Tto Médico Rejuvenecimiento Facial", 
            "duration": 1800, 
            "price": "400 € ", 
            "description": "Rejuvenece la piel de tu rostro de la mano de los mejores profesionales del sector gracias a este tratamiento. Recupera los contornos del rostro, gracias a Radiesse, en una única sesión notarás la diferencia y tu cutis se verá con mucha más luz. No esperes más y reserva ahora tu cita online a través de Bucmi.com."
        }, 
        {
            "service_category": "Estética", 
            "service": "Tto Médico Relleno De Labios", 
            "duration": 1800, 
            "price": "350 € ", 
            "description": "¿Quieres conseguir unos labios más sensuales y una bonita sonrisa? Gracias al ácido hialurónico podrás tener un aumento o relleno de labios sin necesidad de cirugía y conseguirás mejorar tu atractivo. Luce unos labios más sensuales. No esperes más y reserva ahora tu cita online a través de Bucmi.com."
        }, 
        {
            "service_category": "Estética", 
            "service": "Tto Médico Relleno Pomulo Y Mejillas", 
            "duration": 1800, 
            "price": "400 € ", 
            "description": "La mejor forma de devolver el aspecto juvenil a tus pómulos y mejillas con resultados naturales y sin cirugía. El procedimiento se realiza en una sola sesión mediante microinyecciones de ácido hialurónico, consiguiendo un rostro mucho más atractivo. Reserva ahora tu cita online a través de Bucmi."
        }, 
        {
            "service_category": "Estética", 
            "service": "Tto Facial Purificante", 
            "duration": 3600, 
            "price": "60 € ", 
            "description": "Tratamiento facial con oxigeno activo que seborregula y purifica profundamente, la piel aparece más limpia y sin imperfecciones. En María José Sanz, nuestra prioridad es tu belleza. Contarás con un trato exclusivo y productos de primera calidad. ¿A qué estás esperando? Ya sabemos que la cara es el espejo del alma. ¡Reserva ya cómodamente online y no te arrepentirás!"
        }, 
        {
            "service_category": "Estética", 
            "service": "Tto Facial Hidratante", 
            "duration": 3600, 
            "price": "60 € ", 
            "description": "Tratamiento facial de nutrición a medida, calma la tirantez, la piel se nutre e hidrata en profundidad, sintiéndola más confortable. En María José Sanz, nuestra prioridad es tu belleza. Contarás con un trato exclusivo y productos de primera calidad. ¿A qué estás esperando? Ya sabemos que la cara es el espejo del alma. ¡Reserva ya cómodamente online y no te arrepentirás!"
        }, 
        {
            "service_category": "Estética", 
            "service": "Pestañas Permanente Y Tinte", 
            "duration": 3600, 
            "price": "30 € ", 
            "description": "Servicio de Permanente y Tinte de pestañas. El tinte ayuda a que tengas unas pestañas siempre maquilladas y el rizado moldea las mismas consiguiendo potenciar más la mirada. Conseguirás así lucir una mirada mucho más profunda y te olvidarás de la máscara por unas semanas. ¿A qué estás esperando? Disfruta de este servicio para tu día a día o cualquier evento especial."
        }, 
        {
            "service_category": "Masaje", 
            "service": "Masaje Localizado", 
            "duration": 1800, 
            "price": "25 € ", 
            "description": "Elimina la dolencia de la zona localizada de la mano de los mejores profesionales del sector gracias a este masaje. Etá especialmente indicado para aliviar dolores de espalda o piernas cansadas. ¡Se encontrara como nuev@ en tan solo 30 min! No esperes más y reserva ahora tu cita online a través de Bucmi.com."
        }, 
        {
            "service_category": "Masaje", 
            "service": "Masaje Relajante", 
            "duration": 3600, 
            "price": "45 € ", 
            "description": "Masaje para aliviar dolores musculares, recuperar la calma, eliminando el estrés y el cansancio. Te sumergirás así en un universo de relajación y bienestar donde no habrá hueco para los problemas del día a día. Confía en nuestro equipo de profesionales y te irás como nuevo a tu casa. Es esencial tomarte un tiempo para tu propio cuidado y en María José Sanz lo hacemos posible. ¡Reserva ya tu cita cómodamente online!"
        }, 
        {
            "service_category": "Depilación", 
            "service": "Fotodepilación 5 Sesiones Cuatro Zonas", 
            "duration": 5400, 
            "price": "700 € ", 
            "description": "Magnífico bono de 5 sesiones en cuatro zonas a elegir. ¡Olvídate por completo del vello y luce así una piel más suave y sedosa! No lo dudes y reserva ya este servicio de fotodepilación en cuatro zonas. Cada pierna o brazo se considera como una zona. En María José Sanz contamos con lo último en aparatología. Podrás estar list@ las 24 horas del día, para cualquier plan. ¿A qué estás esperando? ¡No dejes que te lo cuenten!"
        }, 
        {
            "service_category": "Depilación", 
            "service": "Fotodepilación 5 Sesiones Una Zona", 
            "duration": 1800, 
            "price": "175 € ", 
            "description": "Magnífico bono de 5 sesiones de una zona. ¡Olvídate por completo del vello y luce así una piel más suave y sedosa! No lo dudes y reserva ya este servicio de fotodepilación en una zona. Cada pierna o brazo se considera como una zona. En María José Sanz contamos con lo último en aparatología. Podrás estar list@ las 24 horas del día, para cualquier plan. ¿A qué estás esperando? ¡No dejes que te lo cuenten!"
        }, 
        {
            "service_category": "Depilación", 
            "service": "Fotodepilación 5 Sesiones Dos Zonas", 
            "duration": 2700, 
            "price": "350 € ", 
            "description": "Magnífico bono de 5 sesiones en dos zonas a elegir. ¡Olvídate por completo del vello y luce así una piel más suave y sedosa! No lo dudes y reserva ya este servicio de fotodepilación en dos zonas. Cada pierna o brazo se considera como una zona. En María José Sanz contamos con lo último en aparatología. Podrás estar list@ las 24 horas del día, para cualquier plan. ¿A qué estás esperando? ¡No dejes que te lo cuenten!"
        }, 
        {
            "service_category": "Depilación", 
            "service": "Fotodepilación 5 Sesiones Tres Zonas", 
            "duration": 3600, 
            "price": "525 € ", 
            "description": "Magnífico bono de 5 sesiones en tres zonas a elegir. ¡Olvídate por completo del vello y luce así una piel más suave y sedosa! No lo dudes y reserva ya este servicio de fotodepilación en tres zonas. Cada pierna o brazo se considera como una zona. En María José Sanz contamos con lo último en aparatología. Podrás estar list@ las 24 horas del día, para cualquier plan. ¿A qué estás esperando? ¡No dejes que te lo cuenten!"
        }, 
        {
            "service_category": "Depilación", 
            "service": "Diseño De Cejas", 
            "duration": 1800, 
            "price": "12 € ", 
            "description": "Diseño de cejas. Las cejas son el marco del rostro. Con un diseño adecuado se puede cambiar totalmente la forma del rostro y su expresión. Nosotros las diseñamos de forma personalizada según los ángulos de cada rostro y así conseguimos resaltar la belleza. Se realiza con pinzas de depilar. ¡No lo dudes y confía en nuestros profesionales! Saldrás encantada de nuestro centro."
        }, 
        {
            "service_category": "Depilación", 
            "service": "Fotodepilación Ipl Dos Zonas", 
            "duration": 1800, 
            "price": "70 € ", 
            "description": "Servicio de fotodepilación de dos zonas a elegir entre brazos completos o piernas completas. Con este servicio, tu vello irá desapareciendo hasta llegar a un punto en el que te olvidarás por completo de otros métodos de depilación. Lucirás así una piel mucho más suave y sedosa. Además, contamos con la mejor aparatología para que los resultados sean muy eficaces. ¿A qué estás esperando? ¡No dejes que te lo cuenten!"
        }, 
        {
            "service_category": "Depilación", 
            "service": "Fotodepilación Ipl Una Zona", 
            "duration": 1800, 
            "price": "35 € ", 
            "description": "Servicio de fotodepilación de una zona: axilas, ingles, medias piernas o medios brazos. En el caso de querer piernas completas o brazos completos, se elegirá el servicio de fotodepilación dos zonas. Con este servicio, tu vello irá desapareciendo hasta llegar a un punto en el que te olvidarás por completo de otros métodos de depilación. Lucirás así una piel mucho más suave y sedosa. Además, contamos con la mejor aparatología. ¡Reserva ya tu cita cómodamente online!"
        }, 
        {
            "service_category": "Varios", 
            "service": "Tto Médico Rinomodelación (Sin Cirugía)", 
            "duration": 2700, 
            "price": "400 € ", 
            "description": "¿Quieres remodelar y redefinir tu nariz sin necesidad de cirugía? Gracias al relleno temporal reabsorbible con Ácido Hialurónico podrás igualar y rectificar tu perfil nasal. Un rápido tratamiento de apenas 40 minutos que no requiere quirófano. No esperes más y reserva ahora tu cita online a través de Bucmi.com."
        }
    ]
}