{
    "adid": null, 
    "name": "Depilsuave", 
    "name_of_contact": "Depilsuave", 
    "scrape_page": "https://www.bucmi.com/depilsuave", 
    "business_website": "https://www.bucmi.com/depilsuave", 
    "areas_covered": null, 
    "description": "Depilsuave es un centro médico estético ubicado en pleno barrio de Salamanca, donde encontrarás todo lo necesario para tu belleza, con un trato personalizado y cosmética de alta calidad. Reserva nuestros tratamiento faciales y corporales y te encantará.", 
    "img_link": [
        "https://d1nd15w2k87kz0.cloudfront.net/Uploads/636008069187867489.jpg", 
        "https://d1nd15w2k87kz0.cloudfront.net/Uploads/636008069188179984.jpg", 
        "https://d1nd15w2k87kz0.cloudfront.net/Uploads/636008069188805063.jpg", 
        "https://d1nd15w2k87kz0.cloudfront.net/Uploads/636008069190523727.jpg", 
        "https://d1nd15w2k87kz0.cloudfront.net/Uploads/636008069189898742.jpg", 
        "https://d1nd15w2k87kz0.cloudfront.net/Uploads/636008069191156205.jpg"
    ], 
    "hqdb_featured_ad_type": "Featured", 
    "hqdb_nr_reviews": "13", 
    "hqdb_review_score": "9,7", 
    "accreditations": null, 
    "category": null, 
    "subcategory": null, 
    "street": "C/ Cartagena, 1", 
    "city": "Madrid", 
    "zipcode": "28001", 
    "formatted_address": "C/ Cartagena, 1, Madrid, 28001", 
    "country": "es", 
    "office_number": "914316687", 
    "office_number2": null, 
    "mobile_number": null, 
    "mobile_number2": null, 
    "unidentified_phone_numbers": null, 
    "latitude": "40.4273935999", 
    "longitude": "-3.6812145999", 
    "business_email": null, 
    "yelp_page": null, 
    "facebook": null, 
    "twitter": null, 
    "instagram": null, 
    "venue_images": "https://d1nd15w2k87kz0.cloudfront.net/Logotipos/636008069900685835.jpg", 
    "opening_hours_raw": null, 
    "pricelist_link": null, 
    "services": [
        {
            "service_category": "Preferente", 
            "service": "Limpieza Cutis", 
            "duration": 3600, 
            "price": "49 € ", 
            "description": "Limpieza de cutis completa que incluye vapor, exfoliación, mascarila y masaje siempre utlilizando productos especificos para cada tipo de cutis. También se incluye un diagnostico de la piel para que sepas como es tu piel y la mejor forma de cuidarla."
        }, 
        {
            "service_category": "Preferente", 
            "service": "Presoterapia", 
            "duration": 1800, 
            "price": "30 € ", 
            "description": "Benefíciate de los efectos que puede producir la presoterapia en tu cuerpo mejorando la circulación, reduciendo la piel de naranja o mejorando la oxigenanción de la piel todo ello con la mejor aparatología del mercado de Ballancer."
        }, 
        {
            "service_category": "Preferente", 
            "service": "Tratamiento Corporal Anticelulítico", 
            "duration": 1800, 
            "price": "34 € ", 
            "description": "Tratamiento Velasmooth para reducir celulitis en el que se trabaja con un rodillo con radiofrecuencia, infrarrojos y vacunterapia que hará que elimines esas sustancias que forman las grasas acumuladas."
        }, 
        {
            "service_category": "Estética", 
            "service": "Limpieza Cutis", 
            "duration": 3600, 
            "price": "49 € ", 
            "description": "Limpieza de cutis completa que incluye vapor, exfoliación, mascarila y masaje siempre utlilizando productos especificos para cada tipo de cutis. También se incluye un diagnostico de la piel para que sepas como es tu piel y la mejor forma de cuidarla."
        }, 
        {
            "service_category": "Estética", 
            "service": "Presoterapia", 
            "duration": 1800, 
            "price": "30 € ", 
            "description": "Benefíciate de los efectos que puede producir la presoterapia en tu cuerpo mejorando la circulación, reduciendo la piel de naranja o mejorando la oxigenanción de la piel todo ello con la mejor aparatología del mercado de Ballancer."
        }, 
        {
            "service_category": "Estética", 
            "service": "Permanente de Pestañas", 
            "duration": 2700, 
            "price": "25 € ", 
            "description": "Da a tus pestañas la curvatura ideal para que tu mirada sea más profunda. Consigue realzar tu mirada como siempre has soñado, estarás ideal."
        }, 
        {
            "service_category": "Estética", 
            "service": "Tinte de Pestañas", 
            "duration": 1800, 
            "price": "15 € ", 
            "description": "Haz que tu mirada sea más elegante y profunda con un tinte de pestañas que hará que vaya a juego con tu pelo y ojos para que tu mirada sea perfecta."
        }, 
        {
            "service_category": "Estética", 
            "service": "Tratamiento Corporal Anticelulítico", 
            "duration": 1800, 
            "price": "34 € ", 
            "description": "Tratamiento Velasmooth para reducir celulitis en el que se trabaja con un rodillo con radiofrecuencia, infrarrojos y vacunterapia que hará que elimines esas sustancias que forman las grasas acumuladas."
        }, 
        {
            "service_category": "Manicura y Pedicura", 
            "service": "Manicura Completa", 
            "duration": 1800, 
            "price": "15 € ", 
            "description": "¿Tienes tus manos dañadas? Dales el cuidado que se merecen con una manicura completa con las que te quedarán elegantes e ideales. El servicio incluye hidratación con masaje, retirada de cuticulas, limado y esmaltado."
        }, 
        {
            "service_category": "Manicura y Pedicura", 
            "service": "Pedicura Spa", 
            "duration": 2700, 
            "price": "30 € ", 
            "description": "Consigue tener los pies perfectos con nuestra pedicura spa con todo incluido eliminando durezas, peeling y cuidado las uñas con retirada de cuticulas, limado y esmaltado."
        }, 
        {
            "service_category": "Manicura y Pedicura", 
            "service": "Manicura Permanente", 
            "duration": 2700, 
            "price": "25 € ", 
            "description": "Luce unas manos perfectas a tu gusto durante varias semanas y olvidate de estar retocándotelas"
        }
    ]
}