{
    "adid": null, 
    "name": "Láser D Diodo Goya", 
    "name_of_contact": "Láser D Diodo Goya", 
    "scrape_page": "https://www.bucmi.com/clinicaimagen", 
    "business_website": "https://www.bucmi.com/clinicaimagen", 
    "areas_covered": null, 
    "description": "Situado en el interior de la Clínica Imagen, contamos con especialistas que te ayudarán a elegir el mejor tratamiento estético para ti y tu cuerpo. Tenemos más de 30 años de experiencia en el sector, somos un centro médico de estética,esperamos tu visita", 
    "img_link": [
        "https://d1nd15w2k87kz0.cloudfront.net/Uploads/635914731866914022.jpg", 
        "https://d1nd15w2k87kz0.cloudfront.net/Uploads/635914731887697958.jpg", 
        "https://d1nd15w2k87kz0.cloudfront.net/Uploads/635914731909885302.jpg", 
        "https://d1nd15w2k87kz0.cloudfront.net/Uploads/635914731934416645.jpg"
    ], 
    "hqdb_featured_ad_type": "Featured", 
    "hqdb_nr_reviews": "1", 
    "hqdb_review_score": "6,0", 
    "accreditations": null, 
    "category": null, 
    "subcategory": null, 
    "street": "C/ Goya, 30", 
    "city": "Madrid", 
    "zipcode": "28001", 
    "formatted_address": "C/ Goya, 30, Madrid, 28001", 
    "country": "es", 
    "office_number": "913774155", 
    "office_number2": null, 
    "mobile_number": "640606122", 
    "mobile_number2": null, 
    "unidentified_phone_numbers": null, 
    "latitude": "40.4249169000", 
    "longitude": "-3.6819256999", 
    "business_email": null, 
    "yelp_page": null, 
    "facebook": null, 
    "twitter": null, 
    "instagram": null, 
    "venue_images": "https://d1nd15w2k87kz0.cloudfront.net/Logotipos/635914760425004856.jpg", 
    "opening_hours_raw": null, 
    "pricelist_link": null, 
    "services": [
        {
            "service_category": "Preferente", 
            "service": "Bono 3S Microdermoabrasión Con Punta De Diamante", 
            "duration": 1800, 
            "price": "49 € ", 
            "description": "Bono de 3 Sesiones. Un sistema innovador y exclusivo para ayudar a la renovación celular de una forma natural y sin agresión a la piel, facilitando la eliminación de cicatrices, arrugas y resto de imperfecciones existentes en la piel. No esperes más y reserva ahora tu cita online a través de Bucmi.com."
        }, 
        {
            "service_category": "Preferente", 
            "service": "Bono 5 Sesiones Depilación Láser Ingles O Axilas", 
            "duration": 1800, 
            "price": "59 € ", 
            "description": "El servicio consiste en 5 sesiones de depilación con Láser de Diodo en las ingles o axilas. El precio es por 5 sesiones y la duración por sesión. Elimina el vello de tus ingles y axilas para conseguir una piel suave y sedosa. No esperes más y reserva ahora tu cita online a través de Bucmi.com."
        }, 
        {
            "service_category": "Estética", 
            "service": "Bono 4S Microdermoabrasión Con Punta De Diamante", 
            "duration": 1800, 
            "price": "100 € ", 
            "description": "Bono de 4 Sesiones. Un sistema innovador y exclusivo para ayudar a la renovación celular de una forma natural y sin agresión a la piel, facilitando la eliminación de cicatrices, arrugas y resto de imperfecciones existentes en la piel. No esperes más y reserva ahora tu cita online con Bucmi.com."
        }, 
        {
            "service_category": "Estética", 
            "service": "Bono 3S Microdermoabrasión Con Punta De Diamante", 
            "duration": 1800, 
            "price": "49 € ", 
            "description": "Bono de 3 Sesiones. Un sistema innovador y exclusivo para ayudar a la renovación celular de una forma natural y sin agresión a la piel, facilitando la eliminación de cicatrices, arrugas y resto de imperfecciones existentes en la piel. No esperes más y reserva ahora tu cita online a través de Bucmi.com."
        }, 
        {
            "service_category": "Depilación", 
            "service": "Bono 4S Microdermoabrasión Con Punta De Diamante", 
            "duration": 1800, 
            "price": "100 € ", 
            "description": "Bono de 4 Sesiones. Un sistema innovador y exclusivo para ayudar a la renovación celular de una forma natural y sin agresión a la piel, facilitando la eliminación de cicatrices, arrugas y resto de imperfecciones existentes en la piel. No esperes más y reserva ahora tu cita online con Bucmi.com."
        }, 
        {
            "service_category": "Depilación", 
            "service": "Bono 3S Microdermoabrasión Con Punta De Diamante", 
            "duration": 1800, 
            "price": "49 € ", 
            "description": "Bono de 3 Sesiones. Un sistema innovador y exclusivo para ayudar a la renovación celular de una forma natural y sin agresión a la piel, facilitando la eliminación de cicatrices, arrugas y resto de imperfecciones existentes en la piel. No esperes más y reserva ahora tu cita online a través de Bucmi.com."
        }, 
        {
            "service_category": "Depilación", 
            "service": "Bono 5S Depilación Láser Piernas, Ingles Y Axilas", 
            "duration": 3600, 
            "price": "370 € ", 
            "description": "Bono de 5 sesiones. Incluye: 5 Sesiones de depilación láser de Diodo Piernas Enteras, 5 Sesiones de depilación láser de Diodo de Ingles y 5 Sesiones de depilación láser de Diodo de Axilas. Duración por sesión. No esperes más y reserva ahora tu cita online a través de Bucmi.com"
        }, 
        {
            "service_category": "Depilación", 
            "service": "Bono 3 Sesiones De Depilación Piernas Enteras", 
            "duration": 2700, 
            "price": "119 € ", 
            "description": "Es una depilación realizada con Láser de Diodo en piernas completas. Consiste en un bono de 3 sesiones. El precio es por 3 sesiones y la duración es por sesión. No esperes más y reserva ahora tu cita online de la forma más fácil a través de Bucmi.com."
        }, 
        {
            "service_category": "Bienestar", 
            "service": "Bono 4S Microdermoabrasión Con Punta De Diamante", 
            "duration": 1800, 
            "price": "100 € ", 
            "description": "Bono de 4 Sesiones. Un sistema innovador y exclusivo para ayudar a la renovación celular de una forma natural y sin agresión a la piel, facilitando la eliminación de cicatrices, arrugas y resto de imperfecciones existentes en la piel. No esperes más y reserva ahora tu cita online con Bucmi.com."
        }, 
        {
            "service_category": "Bienestar", 
            "service": "Bono 3S Microdermoabrasión Con Punta De Diamante", 
            "duration": 1800, 
            "price": "49 € ", 
            "description": "Bono de 3 Sesiones. Un sistema innovador y exclusivo para ayudar a la renovación celular de una forma natural y sin agresión a la piel, facilitando la eliminación de cicatrices, arrugas y resto de imperfecciones existentes en la piel. No esperes más y reserva ahora tu cita online a través de Bucmi.com."
        }
    ]
}