{
    "adid": null, 
    "name": "Kundalini Masajes", 
    "name_of_contact": "Kundalini Masajes", 
    "scrape_page": "https://www.bucmi.com/kundalinimasajes", 
    "business_website": "https://www.bucmi.com/kundalinimasajes", 
    "areas_covered": null, 
    "description": "Kundalini es tu centro de masajes, dónde podrás sumergirte en un universo de relajación y bienestar. Especializados en masajes reiki y kundalini.Situado en San Bernardo, contamos con un equipo cualificado de profesionales. ¡Reserva y ven ya a visitarnos!", 
    "img_link": [
        "https://d1nd15w2k87kz0.cloudfront.net/Uploads/635971767321841660.jpg", 
        "https://d1nd15w2k87kz0.cloudfront.net/Uploads/635971767380039497.jpg", 
        "https://d1nd15w2k87kz0.cloudfront.net/Uploads/635971767450187235.jpg", 
        "https://d1nd15w2k87kz0.cloudfront.net/Uploads/635971767516965175.jpg"
    ], 
    "hqdb_featured_ad_type": "Featured", 
    "hqdb_nr_reviews": "9", 
    "hqdb_review_score": "8,9", 
    "accreditations": null, 
    "category": null, 
    "subcategory": null, 
    "street": null, 
    "city": "Madrid", 
    "zipcode": "28015", 
    "formatted_address": "Madrid, 28015", 
    "country": "es", 
    "office_number": null, 
    "office_number2": null, 
    "mobile_number": null, 
    "mobile_number2": null, 
    "unidentified_phone_numbers": null, 
    "latitude": "40.4277979000", 
    "longitude": "-3.7061145000", 
    "business_email": null, 
    "yelp_page": null, 
    "facebook": null, 
    "twitter": null, 
    "instagram": null, 
    "venue_images": "https://d1nd15w2k87kz0.cloudfront.net/Logotipos/635971853145899657.jpg", 
    "opening_hours_raw": null, 
    "pricelist_link": null, 
    "services": [
        {
            "service_category": "Preferente", 
            "service": "Masaje Relajante Kundalini Para Mujeres", 
            "duration": 3600, 
            "price": "50 € ", 
            "description": "Despierta la energía dormida del sacro, y revitaliza todo tu cuerpo con nuestro masaje kundalini de 60 minutos de duración. La mejor profesionalidad y dedicación para una mejora de tu bienestar. No lo dudes y reserva ya online con Bucmi. Promoción especial para mujeres. Este masaje nos ayuda a despojarnos de nuestros traumas y vergüenzas para abrirnos a un mundo nuevo de sensaciones, donde estas, poco a poco, se van amplificando hasta conseguir un estado de plenitud total."
        }, 
        {
            "service_category": "Preferente", 
            "service": "Reiki, Polaridad Y Reflexoterapia Para Mujeres", 
            "duration": 3600, 
            "price": "50 € ", 
            "description": "Servicio que incluye reiki,la técnica de canalización de energía con las manos tratando los 7 chakras ayudando a la liberación emocional. Polaridad, masaje de relajación en el que se aplican suaves presiones y ligeros balanceos junto con un masaje cráneofacial y por último reflexoterapia, masaje que utiliza los puntos reflejos del pie, manos y orejas para enviar los impulsos energéticos a los órganos. Una mezcla de relajación y bienestar al alcance de tu mano.Promoción exclusiva para mujeres."
        }, 
        {
            "service_category": "Masaje", 
            "service": "Bono 10 Sesiones Masaje Relajante Kundalini", 
            "duration": 3600, 
            "price": "500 € ", 
            "description": "Masaje para el despertar de los sentidos, libera las obstrucciones de nuestro interior y permite dejar fluir la energía retenida por todos los canales y centros energéticos del cuerpo, siguiendo los modelos de la filosofía oriental e hindú. Este masaje nos ayuda a despojarnos de nuestros traumas y vergüenzas para abrirnos a un mundo nuevo de sensaciones, donde estas, poco a poco, se van amplificando hasta conseguir un estado de plenitud total. Libera endorfinas, relaja el sistema nervioso y transmite paz."
        }, 
        {
            "service_category": "Masaje", 
            "service": "Bono 5 Sesiones Masaje Relajante Kundalini", 
            "duration": 3600, 
            "price": "250 € ", 
            "description": "Masaje para el despertar de los sentidos, libera las obstrucciones de nuestro interior y permite dejar fluir la energía retenida por todos los canales y centros energéticos del cuerpo, siguiendo los modelos de la filosofía oriental e hindú. Este masaje nos ayuda a despojarnos de nuestros traumas y vergüenzas para abrirnos a un mundo nuevo de sensaciones, donde estas, poco a poco, se van amplificando hasta conseguir un estado de plenitud total. Libera endorfinas, relaja el sistema nervioso y transmite paz."
        }, 
        {
            "service_category": "Masaje", 
            "service": "Masaje Relajante Kundalini Para Mujeres", 
            "duration": 3600, 
            "price": "50 € ", 
            "description": "Despierta la energía dormida del sacro, y revitaliza todo tu cuerpo con nuestro masaje kundalini de 60 minutos de duración. La mejor profesionalidad y dedicación para una mejora de tu bienestar. No lo dudes y reserva ya online con Bucmi. Promoción especial para mujeres. Este masaje nos ayuda a despojarnos de nuestros traumas y vergüenzas para abrirnos a un mundo nuevo de sensaciones, donde estas, poco a poco, se van amplificando hasta conseguir un estado de plenitud total."
        }, 
        {
            "service_category": "Bienestar", 
            "service": "Bono 10 Sesiones Reiki, Polaridad Y Reflexoterapia", 
            "duration": 3600, 
            "price": "500 € ", 
            "description": "Bono de 10 sesiones. Combinación de técnicas orientales para el bienestar del cuerpo físico, energético y mental. Se utilizará “Reiki” para canalizar y desbloquear la energía de los Chakras, consiguiendo así estimular el sistema endocrino. También “Polaridad”, masaje de relajación que trata los canales por donde circula la energía, llevándola por todos los órganos del cuerpo, junto con masaje craneo-facial. Por último “Reflexoterapia” masaje para los puntos reflejos del pie, mano y oreja. ¡Relación y paz!"
        }, 
        {
            "service_category": "Bienestar", 
            "service": "Bono 5 Sesiones Reiki, Polaridad Y Reflexoterapia", 
            "duration": 3600, 
            "price": "250 € ", 
            "description": "Bono de 5 sesiones. Combinación de técnicas orientales para el bienestar del cuerpo físico, energético y mental. Se utilizará “Reiki” para canalizar y desbloquear la energía de los Chakras, consiguiendo así estimular el sistema endocrino. También “Polaridad”, masaje de relajación que trata los canales por donde circula la energía, llevándola por todos los órganos del cuerpo, junto con masaje craneo-facial. Por último “Reflexoterapia” masaje para los puntos reflejos del pie, mano y oreja. ¡Relación y paz!"
        }, 
        {
            "service_category": "Bienestar", 
            "service": "Reiki, Polaridad Y Reflexoterapia Para Mujeres", 
            "duration": 3600, 
            "price": "50 € ", 
            "description": "Servicio que incluye reiki,la técnica de canalización de energía con las manos tratando los 7 chakras ayudando a la liberación emocional. Polaridad, masaje de relajación en el que se aplican suaves presiones y ligeros balanceos junto con un masaje cráneofacial y por último reflexoterapia, masaje que utiliza los puntos reflejos del pie, manos y orejas para enviar los impulsos energéticos a los órganos. Una mezcla de relajación y bienestar al alcance de tu mano.Promoción exclusiva para mujeres."
        }
    ]
}