{
    "adid": null, 
    "name": "Mon Caprice", 
    "name_of_contact": "Mon Caprice", 
    "scrape_page": "https://www.bucmi.com/salonmoncaprice", 
    "business_website": "https://www.bucmi.com/salonmoncaprice", 
    "areas_covered": null, 
    "description": "Mon Caprice es tu Centro de Belleza y Estética situado en pleno barrio de Salamanca, Madrid. Trataremos de ofreceros una experiencia única y especial. Además ofrecemos el concepto de lujo de una manera accesible. ¡Os animamos a conocernos!", 
    "img_link": [
        "https://d1nd15w2k87kz0.cloudfront.net/Uploads/636008104346073604.jpg", 
        "https://d1nd15w2k87kz0.cloudfront.net/Uploads/636008104346542336.jpg", 
        "https://d1nd15w2k87kz0.cloudfront.net/Uploads/636008104348261085.jpg", 
        "https://d1nd15w2k87kz0.cloudfront.net/Uploads/636008104347636001.jpg", 
        "https://d1nd15w2k87kz0.cloudfront.net/Uploads/636008104351099616.jpg", 
        "https://d1nd15w2k87kz0.cloudfront.net/Uploads/636008104350450225.jpg", 
        "https://d1nd15w2k87kz0.cloudfront.net/Uploads/636008104350787049.jpg"
    ], 
    "hqdb_featured_ad_type": "Featured", 
    "hqdb_nr_reviews": "12", 
    "hqdb_review_score": "9,7", 
    "accreditations": null, 
    "category": null, 
    "subcategory": null, 
    "street": "C/ Montesa, 26", 
    "city": "Madrid", 
    "zipcode": "28006", 
    "formatted_address": "C/ Montesa, 26, Madrid, 28006", 
    "country": "es", 
    "office_number": "914018940", 
    "office_number2": null, 
    "mobile_number": null, 
    "mobile_number2": null, 
    "unidentified_phone_numbers": null, 
    "latitude": "40.4290519000", 
    "longitude": "-3.6730394999", 
    "business_email": null, 
    "yelp_page": null, 
    "facebook": null, 
    "twitter": null, 
    "instagram": null, 
    "venue_images": "https://d1nd15w2k87kz0.cloudfront.net/Logotipos/636008104825734724.jpg", 
    "opening_hours_raw": null, 
    "pricelist_link": null, 
    "services": [
        {
            "service_category": "Preferente", 
            "service": "1 Ses. Trat. Coporal Detox", 
            "duration": 5400, 
            "price": "90 € ", 
            "description": "Cuatro pasos para preparar nuestro cuerpo de cara al verano para purificar y moldear la figura. El tratamiento es personalizado puedes ser anticelulítico, moldeador, para piernas cansadas,etc. 1) Limpieza y exfoliación de la piel. 2)Tratamiento Detox: envoltura de fango marino. 3) Esencia para solucionar problemas de celulitis, tonificar o adelgazar con un masaje. 4) Crema hidratante anticelulítica o moldeante. Reserva tu cita online a través de Bucmi.com y disfruta de este tratamiento."
        }, 
        {
            "service_category": "Preferente", 
            "service": "1 Ses. Tto Indiba Facial", 
            "duration": 3600, 
            "price": "60 € ", 
            "description": "¿Quieres conseguir una piel perfecta y mucho más cuidada? Ven a Mon Caprice tu centro de belleza y estética de confianza y ponte en manos de nuestros mejores estilistas profesionales. Reduce las líneas de expresión y mejora el aspecto de las ojeras y las bolsas. Luce una piel hidratada, bonita y luminosa. La duración del tratamiento es de 50 minutos. Reserva tu cita online a través de Bucmi.com."
        }, 
        {
            "service_category": "Preferente", 
            "service": "3 Ses. Trat. Corporal Detox", 
            "duration": 5400, 
            "price": "300 € ", 
            "description": "Cuatro pasos para preparar nuestro cuerpo de cara al verano para purificar y moldear la figura. El tratamiento es personalizado puedes ser anticelulítico, moldeador, para piernas cansadas,etc. 1) Limpieza y exfoliación de la piel. 2)Tratamiento Detox: envoltura de fango marino. 3) Esencia para solucionar problemas de celulitis, tonificar o adelgazar con un masaje. 4) Crema hidratante anticelulítica o moldeante. Reserva tu cita online a través de Bucmi.com y disfruta de este tratamiento."
        }, 
        {
            "service_category": "Preferente", 
            "service": "Higiene Facial Con Oxígeno", 
            "duration": 3600, 
            "price": "48 € ", 
            "description": "Este tratamiento incluye una higiene facial con oxígeno, mascarilla y un tratamiento personalizado Maria Galland. ¿Quieres disfrutar de una piel perfecta? Di adiós a las impurezas. Luce una piel bonita, cuidada y mucho más hidratada gracias a los productos de alta cosmética que utilizan nuestros profesionales. Reserva tu cita cómodamente online a través de Bucmi.com."
        }, 
        {
            "service_category": "Preferente", 
            "service": "Pedicura Normal Completa Opi", 
            "duration": 3600, 
            "price": "28 € ", 
            "description": "Servicio de Pedicura para que luzcas unas uñas de infarto, en el servicio cortamos/limamos tus uñas, tratamos cutículas durezas y callosidades, hidratamos y esmaltamos. Luce unos pies bonitos, cuidados e hidratados gracias a nuestros estilistas profesionales. Además podrás elegir entre una gran variedad de colores para esmaltar tus uñas del color OPI que más te guste. Reserva cómodamente tu cita online a través de Bucmi.com."
        }, 
        {
            "service_category": "Peluquería", 
            "service": "Pack De Novia", 
            "duration": 14400, 
            "price": "240 € ", 
            "description": "Una novia radiante en 5 pasos para el día más importante de tu vida.1) Higiene facial con oxi jet pel, extracción, mascarilla y Tto. personalizado con productos de alta cosmética.2) Radiofrecuancia Indiba con Tto. de champán rico en Vitamina C para lucir una piel luminosa y radiante.3) Exfoliación corporal con masaje, envoltura con fango marino e hidratación.4) Depilación piernas enteras, ingles, brazos, labios y diseño de cejas.5) Manicura y Pedicura Semipermanente Opi. En varias sesiones 15 días antes."
        }, 
        {
            "service_category": "Estética", 
            "service": "1 Ses. De Masaje Manual Anticelulítico Y Preso", 
            "duration": 3600, 
            "price": "45 € ", 
            "description": "¿Llevas tiempo intentando eliminar la celulitis de tu cuerpo? Ven a Mon Caprice y ponte en manos de los mejores profesionales. Conseguirán reducir notablemente la celulitis de tu cuerpo y reafirma tu figura. La duración del tratamiento es de 60 minutos. Reserva ahora tu cita online a través de Bucmi.com."
        }, 
        {
            "service_category": "Estética", 
            "service": "1 Ses. De Presoterapia Corporal Ballancer", 
            "duration": 2700, 
            "price": "20 € ", 
            "description": "Empieza a lucir un cuerpo mucho más tonificado gracias a este tratamiento. Ven a Mon Caprice y ponte en manos de los mejores profesionales. El tratamiento consiste en un drenaje linfático para activar la circulación y eliminar las toxinas del cuerpo. Además mejorará la circulación del sistema linfático. Reserva ahora tu cita online a través de Bucmi.com."
        }, 
        {
            "service_category": "Estética", 
            "service": "1 Ses. De Tto. Facial Efecto Bótox", 
            "duration": 3600, 
            "price": "60 € ", 
            "description": "¿Quieres reducir las lineas de expresión y difuminar tu piel? Ven a Mon Caprice y ponte en las manos de nuestros expertos profesionales. Con este tratamiento de la mano de Alain Cosmetics conseguirás un efecto bótox en la piel. Se trata de un tratamiento ectópico con una tóxina incluida en el bótox. El servicio incluye: un peeling, un sérum, crema, mascarilla y masaje reafirmarte. Déjate aconsejar por los profesionales y reserva online en Bucmi.com."
        }, 
        {
            "service_category": "Estética", 
            "service": "1 Ses. De Tto. Facial Hydradermine", 
            "duration": 3600, 
            "price": "60 € ", 
            "description": "Un tratamiento completo para tu piel en 4 pasos. Gracias a nuestros expertos en belleza y los productos de la marca francesa Guinot consigue una piel más luminosa y saludable. El tratamiento esta basado en 4 pasos: 1) Corriente galvánica para una perfecta limpieza facial, 2) Drenaje facial para eliminar toxinas, 3) Electroestimulación destinada a difuminar nuestra piel, 4) Alta frecuencia ayuda a oxigenar y purificar. Un tratamiento completo que puedes reserva ya mismo en Bucmi.com."
        }, 
        {
            "service_category": "Estética", 
            "service": "1 Ses. Trat. Coporal Detox", 
            "duration": 5400, 
            "price": "90 € ", 
            "description": "Cuatro pasos para preparar nuestro cuerpo de cara al verano para purificar y moldear la figura. El tratamiento es personalizado puedes ser anticelulítico, moldeador, para piernas cansadas,etc. 1) Limpieza y exfoliación de la piel. 2)Tratamiento Detox: envoltura de fango marino. 3) Esencia para solucionar problemas de celulitis, tonificar o adelgazar con un masaje. 4) Crema hidratante anticelulítica o moldeante. Reserva tu cita online a través de Bucmi.com y disfruta de este tratamiento."
        }, 
        {
            "service_category": "Estética", 
            "service": "1 Ses. Trat. Facial Champán Con Vitamina C", 
            "duration": 3600, 
            "price": "50 € ", 
            "description": "¿Quieres lucir una piel bonita, luminosa y mucho más cuidada? Ven a Mon Caprice y ponte en manos de nuestros estilistas profesionales. Este tratamiento Mesosystem tiene numerosas ventajas: rejuvenece, reafirma, hidrata e ilumina la piel. La duración del tratamiento es de 50 minutos. Reserva tu cita online a través de Bucmi.com."
        }, 
        {
            "service_category": "Estética", 
            "service": "1 Ses. Tto Indiba Facial", 
            "duration": 3600, 
            "price": "60 € ", 
            "description": "¿Quieres conseguir una piel perfecta y mucho más cuidada? Ven a Mon Caprice tu centro de belleza y estética de confianza y ponte en manos de nuestros mejores estilistas profesionales. Reduce las líneas de expresión y mejora el aspecto de las ojeras y las bolsas. Luce una piel hidratada, bonita y luminosa. La duración del tratamiento es de 50 minutos. Reserva tu cita online a través de Bucmi.com."
        }, 
        {
            "service_category": "Estética", 
            "service": "10 Ses. De Presoterapia Coporal Ballancer", 
            "duration": 2700, 
            "price": "180 € ", 
            "description": "Empieza a lucir un cuerpo mucho más tonificado gracias a este tratamiento. Ven a Mon Caprice y ponte en manos de los mejores profesionales. El tratamiento consiste en un drenaje linfático para activar la circulación y eliminar las toxinas del cuerpo. Además mejorará la circulación del sistema linfático. Notarás los resultados. Reserva ahora tu cita online a través de Bucmi.com."
        }, 
        {
            "service_category": "Estética", 
            "service": "10 Ses. Masaje Manual Anticelulítico Y Presoterapi", 
            "duration": 3600, 
            "price": "420 € ", 
            "description": "¿Llevas tiempo intentando eliminar la celulitis de tu cuerpo? Ven a Mon Caprice y ponte en manos de los mejores profesionales. Conseguirán reducir notablemente la celulitis de tu cuerpo y reafirma tu figura. La duración del tratamiento es de 60 minutos. Te encantará. Notarás los resultados. Reserva ahora tu cita online a través de Bucmi.com."
        }, 
        {
            "service_category": "Estética", 
            "service": "10 Ses. Trat. Corporal Lpg Lipomasaje", 
            "duration": 2700, 
            "price": "450 € ", 
            "description": "¿Quieres disfrutar de un cuerpo tonificado? Ven a Mon Caprice y ponte en manos de nuestros mejores profesionales. Te encantará el resultado. Libera la grasa localizada, reafirma, drena líquidos y toxinas y además esculpe la figura. Realza tu figura gracias a este tratamiento. La duración del tratamiento es de 40 minutos. Reserva tu cita cómodamente online a través de Bucmi.com."
        }, 
        {
            "service_category": "Estética", 
            "service": "3 Ses. Trat. Corporal Detox", 
            "duration": 5400, 
            "price": "300 € ", 
            "description": "Cuatro pasos para preparar nuestro cuerpo de cara al verano para purificar y moldear la figura. El tratamiento es personalizado puedes ser anticelulítico, moldeador, para piernas cansadas,etc. 1) Limpieza y exfoliación de la piel. 2)Tratamiento Detox: envoltura de fango marino. 3) Esencia para solucionar problemas de celulitis, tonificar o adelgazar con un masaje. 4) Crema hidratante anticelulítica o moldeante. Reserva tu cita online a través de Bucmi.com y disfruta de este tratamiento."
        }, 
        {
            "service_category": "Estética", 
            "service": "3 Ses. Tto. Facial Champán Con Vitamina C", 
            "duration": 3600, 
            "price": "150 € ", 
            "description": "¿Quieres lucir una piel bonita, luminosa y mucho más cuidada? Ven a Mon Caprice y ponte en manos de nuestros estilistas profesionales. Este tratamiento tiene numerosas ventajas: rejuvenece, reafirma, hidrata e ilumina la piel. La duración del tratamiento es de 50 minutos. Reserva tu cita online a través de Bucmi.com."
        }, 
        {
            "service_category": "Estética", 
            "service": "5 Ses. De Indiba Facial Con Tratamiento", 
            "duration": 3600, 
            "price": "290 € ", 
            "description": "¿Quieres conseguir una piel perfecta y mucho más cuidada? Ven a Mon Caprice tu centro de belleza y estética de confianza y ponte en manos de nuestros mejores estilistas profesionales. Reduce las líneas de expresión y mejora el aspecto de las ojeras y las bolsas. Luce una piel hidratada, bonita y luminosa. La duración del tratamiento es de 50 minutos. Reserva tu cita online a través de Bucmi.com."
        }, 
        {
            "service_category": "Estética", 
            "service": "5 Ses. De Tto. Facial Hydradermine", 
            "duration": 3600, 
            "price": "275 € ", 
            "description": "Bono especial de 5 sesiones para conseguir un piel perfecta. Gracias a nuestros expertos en belleza y los productos de la marca francesa Guinot consigue una piel más luminosas y saludable. El tratamiento esta basado en 4 pasos: 1) Corriente galvánica para una perfecta limpieza facial, 2) Drenaje facial para eliminar toxinas, 3) Electroestimulación destinada a difuminar nuestra piel, 4) Alta frecuencia ayuda a oxigenar y purificar. Un tratamiento completo que puedes reserva ya mismo en Bucmi.com."
        }, 
        {
            "service_category": "Estética", 
            "service": "5 Ses. Tto. Facial Efecto Bótox", 
            "duration": 3600, 
            "price": "275 € ", 
            "description": "Consigue los resultado que siempre hass deseado con este bono de 5 sesiones. Ven a Mon Caprice y ponte en las manos de nuestros expertos profesionales. Con este tratamiento de la mano de Alain Cosmetics conseguirás un efecto bótox en la piel. Se trata de un tratamiento ectópico con una tóxina incluida en el bótox. El servicio incluye: un peeling, un sérum, crema, mascarilla y masaje reafirmarte. Déjate aconsejar por los profesionales y reserva online en Bucmi.com"
        }, 
        {
            "service_category": "Estética", 
            "service": "Bono 10 S. Tto Indiba Corporal", 
            "duration": 3600, 
            "price": "620 € ", 
            "description": "Exclusivo método que reequilibra la función celular, por ello el tejido de la piel recobra su elasticidad perdida, la grasa va despareciendo, el oxígeno fluye mejor entre las células, la piel rejuvenece y revive."
        }, 
        {
            "service_category": "Estética", 
            "service": "Bono 5 S. Maderoterapia Y Presoterapia", 
            "duration": 3600, 
            "price": "225 € ", 
            "description": "Es un tratamiento de 5 sesiones para combatir la celulitis y esculpir el cuerpo, en la primera sesión obsequiamos una exfoliación y envoltura con algas efecto détox. Posteriormente combinamos el masaje con maderoterapia y finalizamos con la presoterapia para drenar."
        }, 
        {
            "service_category": "Estética", 
            "service": "Higiene Facial Con Oxígeno", 
            "duration": 3600, 
            "price": "48 € ", 
            "description": "Este tratamiento incluye una higiene facial con oxígeno, mascarilla y un tratamiento personalizado Maria Galland. ¿Quieres disfrutar de una piel perfecta? Di adiós a las impurezas. Luce una piel bonita, cuidada y mucho más hidratada gracias a los productos de alta cosmética que utilizan nuestros profesionales. Reserva tu cita cómodamente online a través de Bucmi.com."
        }, 
        {
            "service_category": "Estética", 
            "service": "Maquillaje Social", 
            "duration": 3600, 
            "price": "38 € ", 
            "description": "Muestra tu mejor cara con el maquillaje en Mon Caprice, donde estudiando tu fisonomía, potenciaremos los puntos fuertes y disimularemos las pequeñas imperfecciones. Trabajamos con la gama de productos Make up Forever."
        }, 
        {
            "service_category": "Estética", 
            "service": "Pack De Novia", 
            "duration": 14400, 
            "price": "240 € ", 
            "description": "Una novia radiante en 5 pasos para el día más importante de tu vida.1) Higiene facial con oxi jet pel, extracción, mascarilla y Tto. personalizado con productos de alta cosmética.2) Radiofrecuancia Indiba con Tto. de champán rico en Vitamina C para lucir una piel luminosa y radiante.3) Exfoliación corporal con masaje, envoltura con fango marino e hidratación.4) Depilación piernas enteras, ingles, brazos, labios y diseño de cejas.5) Manicura y Pedicura Semipermanente Opi. En varias sesiones 15 días antes."
        }, 
        {
            "service_category": "Estética", 
            "service": "Tinte Y Permanente De Pestañas", 
            "duration": 2700, 
            "price": "35 € ", 
            "description": "Añade protagonismo a tus pestañas sin necesidad de usar máscara de pestañas y con nuestra permanente de la marca Thuya lucirán más largas y con una curvatura espectacular. No lo pienses más y deslumbra con tu mirada. Reserva online en Bucmi."
        }, 
        {
            "service_category": "Estética", 
            "service": "Tto Indiba Corporal", 
            "duration": 3600, 
            "price": "70 € ", 
            "description": "Exclusivo método que reequilibra la función de las células de forma natural, consiguiendo modelar la silueta, tonificar anticelulitis, acción tensora en el pecho y un bienestar integral. Con productos alta coméstica como Maria Galland, Biologique Recherche..."
        }, 
        {
            "service_category": "Manicura y Pedicura", 
            "service": "Manicura Normal Completa Opi", 
            "duration": 3600, 
            "price": "20 € ", 
            "description": "Servicio de manicura básica en el que cortamos/limamos tus uñas, tratamos cutículas, hidratamos y esmaltamos del color que más te guste. Luce unas manos bonitas, cuidadas e hidratadas gracias a nuestros estilistas profesionales. Además podrás elegir entre una gran variedad de colores para esmaltar tus uñas del color OPI que más te guste. Reserva cómodamente tu cita online a través de Bucmi.com."
        }, 
        {
            "service_category": "Manicura y Pedicura", 
            "service": "Manicura Semipermanente Opi", 
            "duration": 3600, 
            "price": "25 € ", 
            "description": "En el tratamiento incluimos, corte/limado de las uñas, cutículas, hidratación y esmaltado Semipermanente de la marca OPI. Luce unas manos bonitas, cuidadas e hidratadas gracias a nuestros estilistas profesionales. Además podrás elegir entre una gran variedad de colores para esmaltar tus uñas del color que más te guste. Te durarán perfectas durante mucho más tiempo. No se levantan ni se agrietan. Reserva cómodamente tu cita online a través de Bucmi.com."
        }, 
        {
            "service_category": "Manicura y Pedicura", 
            "service": "Pack De Novia", 
            "duration": 14400, 
            "price": "240 € ", 
            "description": "Una novia radiante en 5 pasos para el día más importante de tu vida.1) Higiene facial con oxi jet pel, extracción, mascarilla y Tto. personalizado con productos de alta cosmética.2) Radiofrecuancia Indiba con Tto. de champán rico en Vitamina C para lucir una piel luminosa y radiante.3) Exfoliación corporal con masaje, envoltura con fango marino e hidratación.4) Depilación piernas enteras, ingles, brazos, labios y diseño de cejas.5) Manicura y Pedicura Semipermanente Opi. En varias sesiones 15 días antes."
        }, 
        {
            "service_category": "Manicura y Pedicura", 
            "service": "Pedicura Normal Completa Opi", 
            "duration": 3600, 
            "price": "28 € ", 
            "description": "Servicio de Pedicura para que luzcas unas uñas de infarto, en el servicio cortamos/limamos tus uñas, tratamos cutículas durezas y callosidades, hidratamos y esmaltamos. Luce unos pies bonitos, cuidados e hidratados gracias a nuestros estilistas profesionales. Además podrás elegir entre una gran variedad de colores para esmaltar tus uñas del color OPI que más te guste. Reserva cómodamente tu cita online a través de Bucmi.com."
        }, 
        {
            "service_category": "Manicura y Pedicura", 
            "service": "Pedicura Semipermanente Opi", 
            "duration": 3600, 
            "price": "30 € ", 
            "description": "En servicio cortamos/limamos tus uñas, tratamos cutículas durezas y callosidades, hidratamos y esmaltamos de forma semipermanente. Luce unos pies bonitos, cuidados e hidratados gracias a nuestros estilistas profesionales. Además podrás elegir entre una gran variedad de colores para esmaltar tus uñas del color OPI que más te guste. Te durarán perfectas mucho más tiempo. No se levantan ni se agrietan. Reserva cómodamente tu cita online a través de Bucmi.com."
        }, 
        {
            "service_category": "Depilación", 
            "service": "Depilación Cera Piernas Enteras E Ingles Brasileña", 
            "duration": 2700, 
            "price": "28 € ", 
            "description": "Elimina el vello de tus piernas e ingles para lucir una piel suave y perfecta. Realizamos depilación con cera en piernas completas e ingles brasileñas. ¡Reserva ya tu depilación y di adiós al vello!"
        }, 
        {
            "service_category": "Depilación", 
            "service": "Depilación Labio Con Cera", 
            "duration": 900, 
            "price": "6 € ", 
            "description": "¿Quieres lucir unas cejas perfectas y libres de vello? Elimina el vello no deseado de forma rápida y eficaz. Ven a Mon Caprice somos tu centro de estética de confianza. Ponte en manos de nuestros estilistas profesionales para lucir unos labios bonitos y dí adiós al vello. Te despreocuparás durante un tiempo de depilarte. Reserva ahora tu cita online a través de Bucmi.com."
        }, 
        {
            "service_category": "Depilación", 
            "service": "Depilación Piernas Completas Con Cera", 
            "duration": 1800, 
            "price": "18 € ", 
            "description": "¿Quieres lucir unas piernas bonitas y libres de vello? Ven a Mon Caprice tu centro de estética de confianza y ponte en manos de los mejores estilistas profesionales. Disfrutarás de unas piernas libres de vello y no tendrás que depilarte durante unas semanas. Di adiós al vello de una vez por todas. Reserva tu cita online a través de Bucmi.com."
        }, 
        {
            "service_category": "Depilación", 
            "service": "Diseño Y Depilación Cejas Con Cera", 
            "duration": 900, 
            "price": "9 € ", 
            "description": "¿Quieres lucir unas cejas perfectas y libres de vello? Ven a Mon Caprice somos tu centro de estética de confianza. Ponte en manos de nuestros estilistas profesionales para lucir unas cejas bonitas y perfiladas. Un buen diseño es esencial para marcar tus rasgos y mirada. Disfrutarás de una mirada mucho más despampanante. Reserva ahora tu cita online a través de Bucmi.com."
        }
    ]
}