{
    "adid": null, 
    "name": "Elvira Blazquez Beauty Care", 
    "name_of_contact": "Elvira Blazquez Beauty Care", 
    "scrape_page": "https://www.bucmi.com/elvira-blazquez", 
    "business_website": "https://www.bucmi.com/elvira-blazquez", 
    "areas_covered": null, 
    "description": "Elvira Blázquez en la calle Fundadores 11 en el Barrio de Salamanca de Madrid, es un salón de belleza integral donde poder encontrar tratamientos adecuados para tus necesidades. De la mano de un equipo de profesionales liderado por Elvira Blázquez, maquilladora profesional, técnica de estética y quiromasajista, podrás encontrar desde cursos de automaquillaje para aprender a sacarte partido, hasta tratamientos de fangoterapia, para ayudarte a eliminar toxinas, a servicios de manicura y pedicura con marcas de alta categoría como Shellac o Pink Jellac, o tratamientos faciales como el de Lifting Revitalizante con Vitamina C o de Xebor Solution para las pieles grasas.", 
    "img_link": [
        "https://d1nd15w2k87kz0.cloudfront.net/Uploads/636239946272461049.jpg", 
        "https://d1nd15w2k87kz0.cloudfront.net/Uploads/636240984678060368.jpg", 
        "https://d1nd15w2k87kz0.cloudfront.net/Uploads/636240988279438695.jpg", 
        "https://d1nd15w2k87kz0.cloudfront.net/Uploads/636240988971308359.jpg", 
        "https://d1nd15w2k87kz0.cloudfront.net/Uploads/636240989738802095.jpg", 
        "https://d1nd15w2k87kz0.cloudfront.net/Uploads/636240989739896145.jpg", 
        "https://d1nd15w2k87kz0.cloudfront.net/Uploads/636240990132549403.jpg", 
        "https://d1nd15w2k87kz0.cloudfront.net/Uploads/636240990136299208.jpg", 
        "https://d1nd15w2k87kz0.cloudfront.net/Uploads/636240990138799254.jpg", 
        "https://d1nd15w2k87kz0.cloudfront.net/Uploads/636240990313172998.jpg", 
        "https://d1nd15w2k87kz0.cloudfront.net/Uploads/636240990437078173.jpg", 
        "https://d1nd15w2k87kz0.cloudfront.net/Uploads/636240990481296683.jpg", 
        "https://d1nd15w2k87kz0.cloudfront.net/Uploads/636240990647076512.jpg", 
        "https://d1nd15w2k87kz0.cloudfront.net/Uploads/636259129625485475.jpg", 
        "https://d1nd15w2k87kz0.cloudfront.net/Uploads/636259129914858219.jpg", 
        "https://d1nd15w2k87kz0.cloudfront.net/Uploads/636259130695476690.jpg", 
        "https://d1nd15w2k87kz0.cloudfront.net/Uploads/636329903617059213.jpg", 
        "https://d1nd15w2k87kz0.cloudfront.net/Uploads/636329903859401572.jpg", 
        "https://d1nd15w2k87kz0.cloudfront.net/Uploads/636329903962838373.jpg", 
        "https://d1nd15w2k87kz0.cloudfront.net/Uploads/636383145045396930.jpg", 
        "https://d1nd15w2k87kz0.cloudfront.net/Uploads/636383145053209640.jpg", 
        "https://d1nd15w2k87kz0.cloudfront.net/Uploads/636383145062272046.jpg", 
        "https://d1nd15w2k87kz0.cloudfront.net/Uploads/636383145484768608.jpg", 
        "https://d1nd15w2k87kz0.cloudfront.net/Uploads/636383145493049972.jpg", 
        "https://d1nd15w2k87kz0.cloudfront.net/Uploads/636383145501956127.jpg", 
        "https://d1nd15w2k87kz0.cloudfront.net/Uploads/636383146993798090.jpg", 
        "https://d1nd15w2k87kz0.cloudfront.net/Uploads/636383147333861029.jpg", 
        "https://d1nd15w2k87kz0.cloudfront.net/Uploads/636383147454251181.jpg", 
        "https://d1nd15w2k87kz0.cloudfront.net/Uploads/636383147838248582.jpg", 
        "https://d1nd15w2k87kz0.cloudfront.net/Uploads/636383148181125893.jpg"
    ], 
    "hqdb_featured_ad_type": "Featured", 
    "hqdb_nr_reviews": "27", 
    "hqdb_review_score": "9,8", 
    "accreditations": null, 
    "category": null, 
    "subcategory": null, 
    "street": "C/ Fundadores, 21", 
    "city": "Madrid", 
    "zipcode": "28028", 
    "formatted_address": "C/ Fundadores, 21, Madrid, 28028", 
    "country": "es", 
    "office_number": "910237020", 
    "office_number2": null, 
    "mobile_number": null, 
    "mobile_number2": null, 
    "unidentified_phone_numbers": null, 
    "latitude": "40.4246896000", 
    "longitude": "-3.6664590999", 
    "business_email": null, 
    "yelp_page": null, 
    "facebook": null, 
    "twitter": null, 
    "instagram": null, 
    "venue_images": "https://d1nd15w2k87kz0.cloudfront.net/Logotipos/636283805322277315.jpg", 
    "opening_hours_raw": null, 
    "pricelist_link": null, 
    "services": [
        {
            "service_category": "Preferente", 
            "service": "Higiene Facial 3 Niveles", 
            "duration": 3600, 
            "price": "42 € ", 
            "description": "Este tratamiento es el paso previo a cualquier tratamiento. Calma y equilibra las pieles más delicadas. En esta higiene facial aplicaremos tres tipos de peeling: químico, mecánico y enzimático.No solo eliminar todos los agentes que intoxican la piel sino que gracias a su combinación de activos cosméticos vegetales se fortalecer el sistema inmunológico dérmico y ayudar a la regulación de la glándula sebácea.Devolverá la luz natural de la piel, reducirá las irritaciones cutáneas de las pieles delicadas o"
        }, 
        {
            "service_category": "Preferente", 
            "service": "Manicura Express Gel", 
            "duration": 5400, 
            "price": "20 € ", 
            "description": "Disfruta de una manicura express, que incluye limado, esmaltado semipermanente, masaje e hidratación. Escoge el tono de esmalte que más va contigo y luce una manicura envidiable. Ven a conocernos y ¡desearás repetir! No esperes más y reserva ahora tu cita online a través de Bucmi.com."
        }, 
        {
            "service_category": "Preferente", 
            "service": "Pedicura Express Gel", 
            "duration": 5400, 
            "price": "30 € ", 
            "description": "Una agradable pedicura para que salgas con los pues como nuevos tras limarte las uñas, retirar cutículas y descargar tus fatigados pies, y dejarlos perfectos con un esmaltado en gel semipermanente del color que elijas!!"
        }, 
        {
            "service_category": "Estética", 
            "service": "Bono 5 Sesiones Envoltura De Algas Corporal", 
            "duration": 5400, 
            "price": "240 € ", 
            "description": "La Termosudación con Algas es un tratamiento con el cual conseguimos una importante reducción de líquidos y una mejora de la celulitis rápidamente. Se trata de una técnica agradable, sencilla e indolora. Se experimenta un efecto rapidísimo de pérdida de volumen. Esta envoltura tiene efecto antiinflamatorio y remineraliza el organismo. Ideal para celulitis, adiposidades localizadas, estrías y flacidez. Elimina células muertas, toxinas, manchas de la piel y mejora la circulación."
        }, 
        {
            "service_category": "Estética", 
            "service": "Bono 5 Sesiones Higiene Facial", 
            "duration": 3600, 
            "price": "135 € ", 
            "description": "La microdermoabrasión retira las células muertas mediante una exfoliación profunda, beneficiando así el proceso miótico de renovación celular, y ejerciendo una succión que estimula la circulación, oxigenando la piel y viéndose más luminosa. Se incluye en este tratamiento una limpieza profunda con microdermoabrasión, extracción de comedones, mascarilla específica para cada tipo de piel y tonificación de los músculos de la cara gracias al masaje."
        }, 
        {
            "service_category": "Estética", 
            "service": "Curso Automaquillaje", 
            "duration": 7200, 
            "price": "100 € ", 
            "description": "Aprenderemos de manera técnica y amena la utilización de cada brocha y producto. Preparación y perfeccionamiento de la piel y maquillaje de ojos más favorecedor. Conseguirás sacar el máximo partido de tus rasgos. No esperes más y reserva ahora tu cita online a través de Bucmi.com."
        }, 
        {
            "service_category": "Estética", 
            "service": "Fangoterapia Tratamiento Corporal", 
            "duration": 5400, 
            "price": "55 € ", 
            "description": "El fango termal posee excelentes propiedades de conductivilidad y retención de calor; por lo que favorece la dilatación de los vasos sanguíneos, la sudoración y la eliminación de toxinas, y por ende, activa la microcirculación sanguínea, acelera la renovación celular y revitaliza la piel. Duración 1 hora 15 min"
        }, 
        {
            "service_category": "Estética", 
            "service": "Higiene De Espalda", 
            "duration": 3600, 
            "price": "40 € ", 
            "description": "Para muchas personas la espalda es una zona de acumulación de impurezas e imperfecciones. En ella puede aparecer acné exactamente igual que en la zona facial y podemos mejorar mucho la piel realizando higienes profundas con regularidad."
        }, 
        {
            "service_category": "Estética", 
            "service": "Higiene Facial 3 Niveles", 
            "duration": 3600, 
            "price": "42 € ", 
            "description": "Este tratamiento es el paso previo a cualquier tratamiento. Calma y equilibra las pieles más delicadas. En esta higiene facial aplicaremos tres tipos de peeling: químico, mecánico y enzimático.No solo eliminar todos los agentes que intoxican la piel sino que gracias a su combinación de activos cosméticos vegetales se fortalecer el sistema inmunológico dérmico y ayudar a la regulación de la glándula sebácea.Devolverá la luz natural de la piel, reducirá las irritaciones cutáneas de las pieles delicadas o"
        }, 
        {
            "service_category": "Estética", 
            "service": "Higiene Facial Completa Con Microdermoabrasión", 
            "duration": 3600, 
            "price": "32 € ", 
            "description": "Luce una piel bonita y cuidada gracias a nuestra magnífica higiene facial completa con microdermoabrasión, para conseguir unos resultados visibles y óptimos. Ponte en manos de nuestros profesionales y déjate mimar. Incluye microdermoabrasión, mascarilla específica según tu tipo de piel y masaje con crema específica a tus necesidades. Un agradable servicio que ¡dejará tu piel como nueva en 50 minutos de tratamiento!"
        }, 
        {
            "service_category": "Estética", 
            "service": "Maquillaje Evento", 
            "duration": 5400, 
            "price": "70 € ", 
            "description": "Si tienes un evento importante y quieres lucir una imagen asombrosa, este es tu sitio. Ven a Elvira Blázquez Beauty Care, ponte en manos de nuestros profesionales y disfruta de un maquillaje que potenciará al máximo tus rasgos, sacando el mayor partido a tu imagen. Garantizamos unos resultados inigualables, ¡Serás la reina del evento!"
        }, 
        {
            "service_category": "Estética", 
            "service": "Radiofrecuencia Corporal", 
            "duration": 3600, 
            "price": "50 € ", 
            "description": "La radiofrecuencia corporal está indicada para personas con una flacidez de leve a moderada. Consiste en aplicar energía a través de la piel, consiguiendo un aumento de temperatura de la dermis y favoreciendo la creación de colágeno. De esta forma, obtenemos como resultado una remodelación de las zonas tratadas, a la vez que reduce la flacidez corporal, así como también los depósitos de grasa y restablece las fibras de colágeno deterioradas por el paso de los años."
        }, 
        {
            "service_category": "Estética", 
            "service": "Radiofrecuencia Facial", 
            "duration": 3600, 
            "price": "40 € ", 
            "description": "Con el paso del tiempo disminuye la sentéis de colágeno lo que provoca la perdida de volumen facial. La radiofrecuencia facial es una técnica que combate de manera efectiva la flacidez. Consiste en aplicar energía de radiofrecuencia para calentar las capas internas de la piel. Al aplicar energía en forma de calor se realiza una contracción de las redes de colágeno y elastina de nuestra piel, obteniendo resultados inmediatos y de larga duración."
        }, 
        {
            "service_category": "Estética", 
            "service": "Ritual De La Rosa", 
            "duration": 5400, 
            "price": "45 € ", 
            "description": "Un tratamiento único con la Rosa mas preciada que existe: la Rosa Búlgara.Comenzaremos con un peeling con sal rosa del Himalaya que oxigenará y limpiará en profundidad nuestra piel para dejar paso a una mascarilla hidratante y purificadora a base de arcilla blanca, agua de rosas y aceites esenciales de aguacate y rosas, con propiedasdes antiedad, activadoras de la circulación, fotoprotectoras y que nos nutrirá todo el cuerpo. Para finalizar con un masaje con aceite de Rosa de Bulgaria."
        }, 
        {
            "service_category": "Estética", 
            "service": "Tratamiento Antiedad Con Velo De Colágeno", 
            "duration": 5400, 
            "price": "55 € ", 
            "description": "Velo de Colágeno y Radiofrecuencia. Con el paso del tiempo se deteriora lo que provoca deshidratación, pérdida de suavidad y aparición de arrugas profundas y numerosas. Con este tratamiento:- Mejoraremos la hidratación cutánea inmediata y durante largo tiempo.- Activaremos la circulación sanguínea y favoreceremos el crecimiento celular.- Dará uniformidad y suavidad a la piel.- Eliminaremos arruguillas y disminuirá la profundidad de las arrugas."
        }, 
        {
            "service_category": "Estética", 
            "service": "Tratamiento Antiedad Peeling Químico", 
            "duration": 2700, 
            "price": "70 € ", 
            "description": "El peeling químico es una exfoliación controlada de la piel, mediante la cual eliminamos la parte más externa de la piel, permitiendo su regeneración y la renovación. Con esta exfoliación química la piel produce células nuevas lo que se traduce en una piel más luminosa, joven y uniforme. Eliminaremos arrugas y marcas de acné. Para acciones de antienvejecimiento o arrugas utilizamos el ácido glicólico, ácido pirúvico o ácido jessner."
        }, 
        {
            "service_category": "Estética", 
            "service": "Tratamiento Antimanchas Peeling Químico", 
            "duration": 2700, 
            "price": "70 € ", 
            "description": "Con la utilización del peeling se consigue un rostro más elástico, más brillante, con una piel más uniforme y compacta.En este tratamiento para manchas utilizaremos este peeling que combina arbutina, ácido cítrico, ácido kójico, ácido láctico y ácido salicílico.Indicado para manchas de pigmentación causados ​​por la exposición al sol, el embarazo, el acné y la hiperpigmentación."
        }, 
        {
            "service_category": "Estética", 
            "service": "Tratamiento Contorno De Ojos", 
            "duration": 3600, 
            "price": "45 € ", 
            "description": "Tanto si estás en plena adolescencia, como si ya has pasado los 30, te aconsejamos un cuidado adecuado de esta zona tan sensible y la elección de productos cosméticos específicos para el contorno de ojos, como nuestro tratamiento de A Classic de Klapp cuyo principio activo es, precisamente, la vitamina A que favorece la reconstrucción del colágeno y, por tanto, de nuestra piel."
        }, 
        {
            "service_category": "Estética", 
            "service": "Tratamiento Corporal Reductor Con Algas", 
            "duration": 5400, 
            "price": "60 € ", 
            "description": "La Termosudación con Algas es un tratamiento con el cual conseguimos una importante reducción de líquidos y una mejora de la celulitis rápidamente. Se trata de una técnica agradable, sencilla e indolora. Se experimenta un efecto rapidísimo de pérdida de volumen. Esta envoltura tiene efecto antiinflamatorio y remineraliza el organismo. Tratamiento que combina varios activos naturales: Alga Fucus, Diente de León, Té Verde, Rusco y Hiedra.Duración 1 hora y 15 minutos."
        }, 
        {
            "service_category": "Estética", 
            "service": "Tratamiento Dermaroller Facial", 
            "duration": 3600, 
            "price": "45 € ", 
            "description": "Es un tratamiento mínimante invasivo que se realiza deslizando el dermaroller sobre la superficie de la piel para que las microagujas penetren en la dermis y abran temporalmente los poros para activar la producción de colágeno y elastina y para la regeneración de las células. Así mismo, favorece la penetración y la actuación de los principios activos (vitaminas, ácido hialurónico y complejos reafirmantes) que se apliquen durante el tratamiento."
        }, 
        {
            "service_category": "Estética", 
            "service": "Tratamiento Facial A Classic Thermo Face Gym", 
            "duration": 5400, 
            "price": "60 € ", 
            "description": "Tratamiento a base de RETINOL, con el que conseguirás dotar de frescor y volumen en tu piel. Favorece las funciones de protección propias de la piel. Logra que los contornos de la cara recuperen su forma tersa y firme.· Estimula la estructura de la piel.· Lucha contra las arrugas.· Aumenta la micro-circulación.· Favorece la eliminación de las sustancias dañinas. Duración de 75 minutos."
        }, 
        {
            "service_category": "Estética", 
            "service": "Tratamiento Facial Desensibilizante Anti - Rojez", 
            "duration": 3600, 
            "price": "45 € ", 
            "description": "Tratamiento de desensibilización total para piel sensible, reactiva y con rojeces. Sistema inteligente que calma en profundidad y enseña a la piel a relajarse y a auto-desensiblizarse. Este tratamiento disminuye las rojeces y la sensación de incomodidad.-Refresca y calma la piel instantáneamente.-Descongestiona y calma.-La tez queda uniforme y luminosa.-Las rojeces quedan difuminadas."
        }, 
        {
            "service_category": "Estética", 
            "service": "Tratamiento Facial Equilibrium", 
            "duration": 3600, 
            "price": "50 € ", 
            "description": "Es un tratamiento intensivo de oxigenación, equilibrante y enzimático. Su eficacia consiste en la recuperación inmediata del punto óptimo del pH mantenido de la piel. De esta manera, la actividad de las células que reciben oxígeno se triplican, la división celular aumenta un 20 % y se favorece la elasticidad de la piel.Sus componentes activos, nos permiten conseguir la auténtica expresión del equilibrio en tu piel. Indicado para todo tipo de pieles; recomendado para pieles con rojeces y cuperosis."
        }, 
        {
            "service_category": "Estética", 
            "service": "Tratamiento Facial Gold Intensive", 
            "duration": 3600, 
            "price": "55 € ", 
            "description": "Un tratamiento anti-edad de lujo, con oro, diamantes, perla y caviar. De efecto tensor, reafirmante y lifting en las pieles que más lo necesitan, además de poder aplicarse como programa preventivo o para una ocasión especial."
        }, 
        {
            "service_category": "Estética", 
            "service": "Tratamiento Facial Hidratación Intensa", 
            "duration": 3600, 
            "price": "40 € ", 
            "description": "Nuestra piel sin ser seca, sí puede estar más seca en alguna época, por la acción del viento, el frío o el calor, o por el uso de algún producto como un tónico facial que tenga mucho contenido de alcohol.Este tratamiento con parafina de chocolate blanco ayuda a mejorar el aspecto de la piel. Se recomienda para pieles secas y pieles deshidratadas puesto que devuelve a la piel su hidratación natural. Mejora el flujo sanguíneo, la parafina ayuda a que la humedad suba de las capas internas de la piel."
        }, 
        {
            "service_category": "Estética", 
            "service": "Tratamiento Facial Oxygeno2", 
            "duration": 3600, 
            "price": "60 € ", 
            "description": "El tratamiento OxygenO2 de Freihaut refuerza los capilares y el tejido conectivo dérmico para combatir los efectos indeseados de la inflamación tisular (enrojecimiento, capilares dilatados, hiperpigmentación postinflamatoria o la piel apagada) por los factores medioambientales exógenos (temperatura, radiación solar, etc.) como Endógenos (tabaquismo, fármacos, etc.). OxygenO2 es un cuidado global para pieles delicadas, asfixiadas y con cuperosis o enrojecidas que no consiguen olvidarse del envejecimiento"
        }, 
        {
            "service_category": "Estética", 
            "service": "Tratamiento Facial Xebor Solution", 
            "duration": 3600, 
            "price": "50 € ", 
            "description": "El acné o la piel grasa se produce por una inflamación del folículo pilosebáceo en la que se asocia una retención de la secreción sebosa dando origen, a la formación de espinillas o comedones. No esperes más y reserva ahora tu cita online a través de Bucmi.com."
        }, 
        {
            "service_category": "Estética", 
            "service": "Tratamiento Lifting Reafirmante Vitamina C", 
            "duration": 3600, 
            "price": "50 € ", 
            "description": "Es el tratamiento reductor más potente frente a los radicales libres persistentes (moléculas muy inestables y reactivas que alteran los intercambios intra y extracelulares). Las células cutáneas pierden vitalidad y se produce un envejecimiento y un engrosamiento del estrato córneo. Además, la Vitamina C, desempeña un papel primordial en la síntesis y reparación del colágeno dérmico. La piel recupera tonicidad, resistencia y firmeza. Conviene, además, a las pieles grasas por su acción astringente y matizado"
        }, 
        {
            "service_category": "Manicura y Pedicura", 
            "service": "Bono 5 Sesiones Envoltura De Algas Corporal", 
            "duration": 5400, 
            "price": "240 € ", 
            "description": "La Termosudación con Algas es un tratamiento con el cual conseguimos una importante reducción de líquidos y una mejora de la celulitis rápidamente. Se trata de una técnica agradable, sencilla e indolora. Se experimenta un efecto rapidísimo de pérdida de volumen. Esta envoltura tiene efecto antiinflamatorio y remineraliza el organismo. Ideal para celulitis, adiposidades localizadas, estrías y flacidez. Elimina células muertas, toxinas, manchas de la piel y mejora la circulación."
        }, 
        {
            "service_category": "Manicura y Pedicura", 
            "service": "Bono 5 Sesiones Higiene Facial", 
            "duration": 3600, 
            "price": "135 € ", 
            "description": "La microdermoabrasión retira las células muertas mediante una exfoliación profunda, beneficiando así el proceso miótico de renovación celular, y ejerciendo una succión que estimula la circulación, oxigenando la piel y viéndose más luminosa. Se incluye en este tratamiento una limpieza profunda con microdermoabrasión, extracción de comedones, mascarilla específica para cada tipo de piel y tonificación de los músculos de la cara gracias al masaje."
        }, 
        {
            "service_category": "Manicura y Pedicura", 
            "service": "Curso Automaquillaje", 
            "duration": 7200, 
            "price": "100 € ", 
            "description": "Aprenderemos de manera técnica y amena la utilización de cada brocha y producto. Preparación y perfeccionamiento de la piel y maquillaje de ojos más favorecedor. Conseguirás sacar el máximo partido de tus rasgos. No esperes más y reserva ahora tu cita online a través de Bucmi.com."
        }, 
        {
            "service_category": "Manicura y Pedicura", 
            "service": "Fangoterapia Tratamiento Corporal", 
            "duration": 5400, 
            "price": "55 € ", 
            "description": "El fango termal posee excelentes propiedades de conductivilidad y retención de calor; por lo que favorece la dilatación de los vasos sanguíneos, la sudoración y la eliminación de toxinas, y por ende, activa la microcirculación sanguínea, acelera la renovación celular y revitaliza la piel. Duración 1 hora 15 min"
        }, 
        {
            "service_category": "Manicura y Pedicura", 
            "service": "Higiene De Espalda", 
            "duration": 3600, 
            "price": "40 € ", 
            "description": "Para muchas personas la espalda es una zona de acumulación de impurezas e imperfecciones. En ella puede aparecer acné exactamente igual que en la zona facial y podemos mejorar mucho la piel realizando higienes profundas con regularidad."
        }, 
        {
            "service_category": "Manicura y Pedicura", 
            "service": "Higiene Facial 3 Niveles", 
            "duration": 3600, 
            "price": "42 € ", 
            "description": "Este tratamiento es el paso previo a cualquier tratamiento. Calma y equilibra las pieles más delicadas. En esta higiene facial aplicaremos tres tipos de peeling: químico, mecánico y enzimático.No solo eliminar todos los agentes que intoxican la piel sino que gracias a su combinación de activos cosméticos vegetales se fortalecer el sistema inmunológico dérmico y ayudar a la regulación de la glándula sebácea.Devolverá la luz natural de la piel, reducirá las irritaciones cutáneas de las pieles delicadas o"
        }, 
        {
            "service_category": "Manicura y Pedicura", 
            "service": "Higiene Facial Completa Con Microdermoabrasión", 
            "duration": 3600, 
            "price": "32 € ", 
            "description": "Luce una piel bonita y cuidada gracias a nuestra magnífica higiene facial completa con microdermoabrasión, para conseguir unos resultados visibles y óptimos. Ponte en manos de nuestros profesionales y déjate mimar. Incluye microdermoabrasión, mascarilla específica según tu tipo de piel y masaje con crema específica a tus necesidades. Un agradable servicio que ¡dejará tu piel como nueva en 50 minutos de tratamiento!"
        }, 
        {
            "service_category": "Manicura y Pedicura", 
            "service": "Maquillaje Evento", 
            "duration": 5400, 
            "price": "70 € ", 
            "description": "Si tienes un evento importante y quieres lucir una imagen asombrosa, este es tu sitio. Ven a Elvira Blázquez Beauty Care, ponte en manos de nuestros profesionales y disfruta de un maquillaje que potenciará al máximo tus rasgos, sacando el mayor partido a tu imagen. Garantizamos unos resultados inigualables, ¡Serás la reina del evento!"
        }, 
        {
            "service_category": "Manicura y Pedicura", 
            "service": "Radiofrecuencia Corporal", 
            "duration": 3600, 
            "price": "50 € ", 
            "description": "La radiofrecuencia corporal está indicada para personas con una flacidez de leve a moderada. Consiste en aplicar energía a través de la piel, consiguiendo un aumento de temperatura de la dermis y favoreciendo la creación de colágeno. De esta forma, obtenemos como resultado una remodelación de las zonas tratadas, a la vez que reduce la flacidez corporal, así como también los depósitos de grasa y restablece las fibras de colágeno deterioradas por el paso de los años."
        }, 
        {
            "service_category": "Manicura y Pedicura", 
            "service": "Radiofrecuencia Facial", 
            "duration": 3600, 
            "price": "40 € ", 
            "description": "Con el paso del tiempo disminuye la sentéis de colágeno lo que provoca la perdida de volumen facial. La radiofrecuencia facial es una técnica que combate de manera efectiva la flacidez. Consiste en aplicar energía de radiofrecuencia para calentar las capas internas de la piel. Al aplicar energía en forma de calor se realiza una contracción de las redes de colágeno y elastina de nuestra piel, obteniendo resultados inmediatos y de larga duración."
        }, 
        {
            "service_category": "Manicura y Pedicura", 
            "service": "Ritual De La Rosa", 
            "duration": 5400, 
            "price": "45 € ", 
            "description": "Un tratamiento único con la Rosa mas preciada que existe: la Rosa Búlgara.Comenzaremos con un peeling con sal rosa del Himalaya que oxigenará y limpiará en profundidad nuestra piel para dejar paso a una mascarilla hidratante y purificadora a base de arcilla blanca, agua de rosas y aceites esenciales de aguacate y rosas, con propiedasdes antiedad, activadoras de la circulación, fotoprotectoras y que nos nutrirá todo el cuerpo. Para finalizar con un masaje con aceite de Rosa de Bulgaria."
        }, 
        {
            "service_category": "Masaje", 
            "service": "Bono 5 Sesiones Envoltura De Algas Corporal", 
            "duration": 5400, 
            "price": "240 € ", 
            "description": "La Termosudación con Algas es un tratamiento con el cual conseguimos una importante reducción de líquidos y una mejora de la celulitis rápidamente. Se trata de una técnica agradable, sencilla e indolora. Se experimenta un efecto rapidísimo de pérdida de volumen. Esta envoltura tiene efecto antiinflamatorio y remineraliza el organismo. Ideal para celulitis, adiposidades localizadas, estrías y flacidez. Elimina células muertas, toxinas, manchas de la piel y mejora la circulación."
        }, 
        {
            "service_category": "Masaje", 
            "service": "Bono 5 Sesiones Higiene Facial", 
            "duration": 3600, 
            "price": "135 € ", 
            "description": "La microdermoabrasión retira las células muertas mediante una exfoliación profunda, beneficiando así el proceso miótico de renovación celular, y ejerciendo una succión que estimula la circulación, oxigenando la piel y viéndose más luminosa. Se incluye en este tratamiento una limpieza profunda con microdermoabrasión, extracción de comedones, mascarilla específica para cada tipo de piel y tonificación de los músculos de la cara gracias al masaje."
        }, 
        {
            "service_category": "Masaje", 
            "service": "Curso Automaquillaje", 
            "duration": 7200, 
            "price": "100 € ", 
            "description": "Aprenderemos de manera técnica y amena la utilización de cada brocha y producto. Preparación y perfeccionamiento de la piel y maquillaje de ojos más favorecedor. Conseguirás sacar el máximo partido de tus rasgos. No esperes más y reserva ahora tu cita online a través de Bucmi.com."
        }, 
        {
            "service_category": "Masaje", 
            "service": "Fangoterapia Tratamiento Corporal", 
            "duration": 5400, 
            "price": "55 € ", 
            "description": "El fango termal posee excelentes propiedades de conductivilidad y retención de calor; por lo que favorece la dilatación de los vasos sanguíneos, la sudoración y la eliminación de toxinas, y por ende, activa la microcirculación sanguínea, acelera la renovación celular y revitaliza la piel. Duración 1 hora 15 min"
        }, 
        {
            "service_category": "Masaje", 
            "service": "Higiene De Espalda", 
            "duration": 3600, 
            "price": "40 € ", 
            "description": "Para muchas personas la espalda es una zona de acumulación de impurezas e imperfecciones. En ella puede aparecer acné exactamente igual que en la zona facial y podemos mejorar mucho la piel realizando higienes profundas con regularidad."
        }, 
        {
            "service_category": "Depilación", 
            "service": "Bono 5 Sesiones Envoltura De Algas Corporal", 
            "duration": 5400, 
            "price": "240 € ", 
            "description": "La Termosudación con Algas es un tratamiento con el cual conseguimos una importante reducción de líquidos y una mejora de la celulitis rápidamente. Se trata de una técnica agradable, sencilla e indolora. Se experimenta un efecto rapidísimo de pérdida de volumen. Esta envoltura tiene efecto antiinflamatorio y remineraliza el organismo. Ideal para celulitis, adiposidades localizadas, estrías y flacidez. Elimina células muertas, toxinas, manchas de la piel y mejora la circulación."
        }, 
        {
            "service_category": "Depilación", 
            "service": "Bono 5 Sesiones Higiene Facial", 
            "duration": 3600, 
            "price": "135 € ", 
            "description": "La microdermoabrasión retira las células muertas mediante una exfoliación profunda, beneficiando así el proceso miótico de renovación celular, y ejerciendo una succión que estimula la circulación, oxigenando la piel y viéndose más luminosa. Se incluye en este tratamiento una limpieza profunda con microdermoabrasión, extracción de comedones, mascarilla específica para cada tipo de piel y tonificación de los músculos de la cara gracias al masaje."
        }, 
        {
            "service_category": "Depilación", 
            "service": "Curso Automaquillaje", 
            "duration": 7200, 
            "price": "100 € ", 
            "description": "Aprenderemos de manera técnica y amena la utilización de cada brocha y producto. Preparación y perfeccionamiento de la piel y maquillaje de ojos más favorecedor. Conseguirás sacar el máximo partido de tus rasgos. No esperes más y reserva ahora tu cita online a través de Bucmi.com."
        }, 
        {
            "service_category": "Depilación", 
            "service": "Fangoterapia Tratamiento Corporal", 
            "duration": 5400, 
            "price": "55 € ", 
            "description": "El fango termal posee excelentes propiedades de conductivilidad y retención de calor; por lo que favorece la dilatación de los vasos sanguíneos, la sudoración y la eliminación de toxinas, y por ende, activa la microcirculación sanguínea, acelera la renovación celular y revitaliza la piel. Duración 1 hora 15 min"
        }, 
        {
            "service_category": "Depilación", 
            "service": "Higiene De Espalda", 
            "duration": 3600, 
            "price": "40 € ", 
            "description": "Para muchas personas la espalda es una zona de acumulación de impurezas e imperfecciones. En ella puede aparecer acné exactamente igual que en la zona facial y podemos mejorar mucho la piel realizando higienes profundas con regularidad."
        }, 
        {
            "service_category": "Depilación", 
            "service": "Higiene Facial 3 Niveles", 
            "duration": 3600, 
            "price": "42 € ", 
            "description": "Este tratamiento es el paso previo a cualquier tratamiento. Calma y equilibra las pieles más delicadas. En esta higiene facial aplicaremos tres tipos de peeling: químico, mecánico y enzimático.No solo eliminar todos los agentes que intoxican la piel sino que gracias a su combinación de activos cosméticos vegetales se fortalecer el sistema inmunológico dérmico y ayudar a la regulación de la glándula sebácea.Devolverá la luz natural de la piel, reducirá las irritaciones cutáneas de las pieles delicadas o"
        }, 
        {
            "service_category": "Depilación", 
            "service": "Higiene Facial Completa Con Microdermoabrasión", 
            "duration": 3600, 
            "price": "32 € ", 
            "description": "Luce una piel bonita y cuidada gracias a nuestra magnífica higiene facial completa con microdermoabrasión, para conseguir unos resultados visibles y óptimos. Ponte en manos de nuestros profesionales y déjate mimar. Incluye microdermoabrasión, mascarilla específica según tu tipo de piel y masaje con crema específica a tus necesidades. Un agradable servicio que ¡dejará tu piel como nueva en 50 minutos de tratamiento!"
        }, 
        {
            "service_category": "Depilación", 
            "service": "Maquillaje Evento", 
            "duration": 5400, 
            "price": "70 € ", 
            "description": "Si tienes un evento importante y quieres lucir una imagen asombrosa, este es tu sitio. Ven a Elvira Blázquez Beauty Care, ponte en manos de nuestros profesionales y disfruta de un maquillaje que potenciará al máximo tus rasgos, sacando el mayor partido a tu imagen. Garantizamos unos resultados inigualables, ¡Serás la reina del evento!"
        }, 
        {
            "service_category": "Depilación", 
            "service": "Radiofrecuencia Corporal", 
            "duration": 3600, 
            "price": "50 € ", 
            "description": "La radiofrecuencia corporal está indicada para personas con una flacidez de leve a moderada. Consiste en aplicar energía a través de la piel, consiguiendo un aumento de temperatura de la dermis y favoreciendo la creación de colágeno. De esta forma, obtenemos como resultado una remodelación de las zonas tratadas, a la vez que reduce la flacidez corporal, así como también los depósitos de grasa y restablece las fibras de colágeno deterioradas por el paso de los años."
        }, 
        {
            "service_category": "Depilación", 
            "service": "Radiofrecuencia Facial", 
            "duration": 3600, 
            "price": "40 € ", 
            "description": "Con el paso del tiempo disminuye la sentéis de colágeno lo que provoca la perdida de volumen facial. La radiofrecuencia facial es una técnica que combate de manera efectiva la flacidez. Consiste en aplicar energía de radiofrecuencia para calentar las capas internas de la piel. Al aplicar energía en forma de calor se realiza una contracción de las redes de colágeno y elastina de nuestra piel, obteniendo resultados inmediatos y de larga duración."
        }, 
        {
            "service_category": "Depilación", 
            "service": "Ritual De La Rosa", 
            "duration": 5400, 
            "price": "45 € ", 
            "description": "Un tratamiento único con la Rosa mas preciada que existe: la Rosa Búlgara.Comenzaremos con un peeling con sal rosa del Himalaya que oxigenará y limpiará en profundidad nuestra piel para dejar paso a una mascarilla hidratante y purificadora a base de arcilla blanca, agua de rosas y aceites esenciales de aguacate y rosas, con propiedasdes antiedad, activadoras de la circulación, fotoprotectoras y que nos nutrirá todo el cuerpo. Para finalizar con un masaje con aceite de Rosa de Bulgaria."
        }, 
        {
            "service_category": "Depilación", 
            "service": "Tratamiento Antiedad Con Velo De Colágeno", 
            "duration": 5400, 
            "price": "55 € ", 
            "description": "Velo de Colágeno y Radiofrecuencia. Con el paso del tiempo se deteriora lo que provoca deshidratación, pérdida de suavidad y aparición de arrugas profundas y numerosas. Con este tratamiento:- Mejoraremos la hidratación cutánea inmediata y durante largo tiempo.- Activaremos la circulación sanguínea y favoreceremos el crecimiento celular.- Dará uniformidad y suavidad a la piel.- Eliminaremos arruguillas y disminuirá la profundidad de las arrugas."
        }, 
        {
            "service_category": "Varios", 
            "service": "Bono 5 Sesiones Envoltura De Algas Corporal", 
            "duration": 5400, 
            "price": "240 € ", 
            "description": "La Termosudación con Algas es un tratamiento con el cual conseguimos una importante reducción de líquidos y una mejora de la celulitis rápidamente. Se trata de una técnica agradable, sencilla e indolora. Se experimenta un efecto rapidísimo de pérdida de volumen. Esta envoltura tiene efecto antiinflamatorio y remineraliza el organismo. Ideal para celulitis, adiposidades localizadas, estrías y flacidez. Elimina células muertas, toxinas, manchas de la piel y mejora la circulación."
        }
    ]
}