{
    "adid": null, 
    "name": "Ikone", 
    "name_of_contact": "Ikone", 
    "scrape_page": "https://www.bucmi.com/ikonepeluqueria", 
    "business_website": "https://www.bucmi.com/ikonepeluqueria", 
    "areas_covered": null, 
    "description": "Ikone Centro de Peluquería y Estética en donde descubrirás una amplia expresión de color y tratamientos de la mano de nuestros profesionales. Harán de tu cabello y tu piel la envidia de está temporada, mientras te relajas en un centro dedicado a ti.", 
    "img_link": [
        "https://d1nd15w2k87kz0.cloudfront.net/Uploads/635954560727397568.jpg", 
        "https://d1nd15w2k87kz0.cloudfront.net/Uploads/635954560725053808.jpg", 
        "https://d1nd15w2k87kz0.cloudfront.net/Uploads/635954560726772565.jpg", 
        "https://d1nd15w2k87kz0.cloudfront.net/Uploads/635954560727241335.jpg", 
        "https://d1nd15w2k87kz0.cloudfront.net/Uploads/635954560727397568.jpg"
    ], 
    "hqdb_featured_ad_type": "Featured", 
    "hqdb_nr_reviews": "16", 
    "hqdb_review_score": "9,4", 
    "accreditations": null, 
    "category": null, 
    "subcategory": null, 
    "street": "C/ Portalegre, 106", 
    "city": "Madrid", 
    "zipcode": "28016", 
    "formatted_address": "C/ Portalegre, 106, Madrid, 28016", 
    "country": "es", 
    "office_number": "916019673", 
    "office_number2": null, 
    "mobile_number": null, 
    "mobile_number2": null, 
    "unidentified_phone_numbers": null, 
    "latitude": "40.4582821000", 
    "longitude": "-3.6739552000", 
    "business_email": null, 
    "yelp_page": null, 
    "facebook": null, 
    "twitter": null, 
    "instagram": null, 
    "venue_images": "https://d1nd15w2k87kz0.cloudfront.net/Logotipos/635954586679241488.jpg", 
    "opening_hours_raw": null, 
    "pricelist_link": null, 
    "services": [
        {
            "service_category": "Preferente", 
            "service": "Bótox Capilar", 
            "duration": 2700, 
            "price": "32 € ", 
            "description": "El tratamiento bótox hair original “anti age” treatment es un tratamiento anti edad de alta cosmética capilar. Altas concentraciones de vitamina E, provitamina B5, extracto de caviar, colágeno y aminoácidos esenciales forman el bótox complex."
        }, 
        {
            "service_category": "Preferente", 
            "service": "Corte De Pelo Hombre", 
            "duration": 1800, 
            "price": "13,5 € ", 
            "description": "El servicio incluye el lavado del pelo con champú específico, corte de caballero y por último los productos de acabado para terminar con un pelado perfecto después de pasar por nuestras manos."
        }, 
        {
            "service_category": "Preferente", 
            "service": "Corte De Pelo Mujer", 
            "duration": 2700, 
            "price": "18 € ", 
            "description": "En el servicio está incluido el lavado del pelo con champú específico y por último el corte de melena que más te guste y que más vaya contigo. No incluye peinado. ¡Reserva ya online!"
        }, 
        {
            "service_category": "Peluquería", 
            "service": "Bótox Capilar", 
            "duration": 2700, 
            "price": "32 € ", 
            "description": "El tratamiento bótox hair original “anti age” treatment es un tratamiento anti edad de alta cosmética capilar. Altas concentraciones de vitamina E, provitamina B5, extracto de caviar, colágeno y aminoácidos esenciales forman el bótox complex."
        }, 
        {
            "service_category": "Peluquería", 
            "service": "Color, Cortar Y Peinado Media Melena", 
            "duration": 9000, 
            "price": "58,95 € ", 
            "description": "En el precio está incluido el servicio de peluquería que incluye lavado del pelo, el color que más te guste, el corte que más vaya contigo y por último el peinado en melena longitud media."
        }, 
        {
            "service_category": "Peluquería", 
            "service": "Color, Cortar Y Peinar Pelo Corto", 
            "duration": 9000, 
            "price": "51,5 € ", 
            "description": "Servicio de peluquería en el que se incluye lavado del pelo, el color que más te guste, el corte del cabello corto, y por último el peinado que más vaya contigo y/o aconsejado por nuestros profesionales. ¡Reserva ya online!"
        }, 
        {
            "service_category": "Peluquería", 
            "service": "Color, Cortar Y Peinar Pelo Largo", 
            "duration": 9000, 
            "price": "65,95 € ", 
            "description": "Servicio de peluquería que incluye lavado del pelo con champú específico, color de pelo a tu gusto, corte del cabello largo, y por último el peinado que más vaya contigo y/o aconsejado por nuestros peluqueros profesionales. ¡Reserva ya online con nosotros!"
        }, 
        {
            "service_category": "Peluquería", 
            "service": "Corte De Pelo Hombre", 
            "duration": 1800, 
            "price": "13,5 € ", 
            "description": "El servicio incluye el lavado del pelo con champú específico, corte de caballero y por último los productos de acabado para terminar con un pelado perfecto después de pasar por nuestras manos."
        }, 
        {
            "service_category": "Peluquería", 
            "service": "Corte Y Peinado Media Melena", 
            "duration": 3600, 
            "price": "35,8 € ", 
            "description": "En el servicio está incluido el lavado del pelo con champú específico y por último el corte de melena que más te guste y que más vaya contigo. Incluye peinado. ¡Reserva ya online!"
        }, 
        {
            "service_category": "Peluquería", 
            "service": "Corte Y Peinado Pelo Corto", 
            "duration": 2700, 
            "price": "32,95 € ", 
            "description": "En el servicio está incluido el lavado del pelo con champú específico y por último el corte de melena que más te guste y que más vaya contigo. Incluye peinado. ¡Reserva ya online!"
        }, 
        {
            "service_category": "Peluquería", 
            "service": "Corte Y Peinar Pelo Largo", 
            "duration": 5400, 
            "price": "37,8 € ", 
            "description": "En el servicio está incluido el lavado del pelo con champú específico y por último el corte de melena que más te guste y que más vaya contigo. Incluye peinado. ¡Reserva ya online!"
        }, 
        {
            "service_category": "Peluquería", 
            "service": "Mechas Bicolor", 
            "duration": 3600, 
            "price": "40 € ", 
            "description": "El servicio de mechas bi color incluye el lavado del pelo, las mechas bi color que más te gusten y vayan contigo. El servicio no incluye peinado. ¡Reserva ya online con nosotros, no te arrepentirás!"
        }, 
        {
            "service_category": "Peluquería", 
            "service": "Mechas Bicolor Y Peinado Media Melena", 
            "duration": 7200, 
            "price": "57,95 € ", 
            "description": "El servicio de mechas bi color incluye el lavado del pelo, las mechas bi color que más te gusten y vayan contigo. El servicio incluye peinado. ¡Reserva ya online con nosotros, no te arrepentirás!"
        }, 
        {
            "service_category": "Peluquería", 
            "service": "Mechas Bicolor Y Peinado Pelo Corto", 
            "duration": 7200, 
            "price": "54 € ", 
            "description": "El servicio de mechas bi color incluye el lavado del pelo, las mechas bi color que más te gusten y vayan contigo. El servicio incluye peinado. ¡Reserva ya online con nosotros, no te arrepentirás!"
        }, 
        {
            "service_category": "Peluquería", 
            "service": "Mechas Bicolor Y Peinado Pelo Largo", 
            "duration": 7200, 
            "price": "59,95 € ", 
            "description": "El servicio de mechas bi color incluye el lavado del pelo, las mechas bi color que más te gusten y vayan contigo. El servicio incluye peinado. ¡Reserva ya online con nosotros, no te arrepentirás!"
        }, 
        {
            "service_category": "Peluquería", 
            "service": "Mechas Californianas", 
            "duration": 2700, 
            "price": "31 € ", 
            "description": "Luce unas mechas al puro estilo de california gracias a estas mechas tan naturales como si fuesen reflejadas por el sol. El servicio incluye lavado del pelo y las mechas californianas."
        }, 
        {
            "service_category": "Peluquería", 
            "service": "Mechas Californianas Y Peinado Media Melena", 
            "duration": 7200, 
            "price": "48,95 € ", 
            "description": "Luce unas mechas al puro estilo de california gracias a estas mechas tan naturales como si fuesen reflejadas por el sol. El servicio incluye lavado del pelo y las mechas californianas. Además, incluye el peinado del pelo."
        }, 
        {
            "service_category": "Peluquería", 
            "service": "Mechas Californianas Y Peinado Pelo Corto", 
            "duration": 5400, 
            "price": "45 € ", 
            "description": "Luce unas mechas al puro estilo de california gracias a estas mechas tan naturales como si fuesen reflejadas por el sol. El servicio incluye lavado del pelo y las mechas californianas. Además, incluye el peinado del pelo."
        }, 
        {
            "service_category": "Peluquería", 
            "service": "Mechas Californianas Y Peinado Pelo Largo", 
            "duration": 7200, 
            "price": "50,95 € ", 
            "description": "Luce unas mechas al puro estilo de california gracias a estas mechas tan naturales como si fuesen reflejadas por el sol. El servicio incluye lavado del pelo y las mechas californianas. Además, incluye el peinado del pelo."
        }, 
        {
            "service_category": "Peluquería", 
            "service": "Peinado Media Melena", 
            "duration": 1800, 
            "price": "17,2 € ", 
            "description": "El servicio incluye el lavado del pelo con champú específico de longitud media, y por último el peinado del cabello que más vaya contigo y que más te guste. ¡Reserva ya tu cita online!"
        }, 
        {
            "service_category": "Peluquería", 
            "service": "Peinado Pelo Corto", 
            "duration": 1800, 
            "price": "14 € ", 
            "description": "El servicio incluye el lavado del pelo con champú específico de longitud corta, y por último el peinado del cabello que más vaya contigo y que más te guste. ¡Reserva ya tu cita online!"
        }, 
        {
            "service_category": "Peluquería", 
            "service": "Peinado Pelo Largo", 
            "duration": 1800, 
            "price": "19,5 € ", 
            "description": "El servicio incluye el lavado del pelo con champú específico de longitud larga, y por último el peinado del cabello que más vaya contigo y que más te guste. ¡Reserva ya tu cita online!"
        }, 
        {
            "service_category": "Peluquería", 
            "service": "Corte De Pelo Mujer", 
            "duration": 2700, 
            "price": "18 € ", 
            "description": "En el servicio está incluido el lavado del pelo con champú específico y por último el corte de melena que más te guste y que más vaya contigo. No incluye peinado. ¡Reserva ya online!"
        }
    ]
}