{
    "adid": null, 
    "name": "Bombay India", 
    "name_of_contact": "Bombay India", 
    "scrape_page": "https://www.bucmi.com/bombayindia", 
    "business_website": "https://www.bucmi.com/bombayindia", 
    "areas_covered": null, 
    "description": "En Bombay India encontrarás los mejores especialistas en depilación con hilo, una técnica milenaria de la India que se realiza con hilo de algodón totalmente natural y duradera. Además realizamos otros tratamientos de estética y depilaciones con cera.", 
    "img_link": [
        "https://d1nd15w2k87kz0.cloudfront.net/Uploads/636008346262629181.jpg", 
        "https://d1nd15w2k87kz0.cloudfront.net/Uploads/636008346270441465.jpg", 
        "https://d1nd15w2k87kz0.cloudfront.net/Uploads/636008346272941569.jpg", 
        "https://d1nd15w2k87kz0.cloudfront.net/Uploads/636008346282343924.jpg", 
        "https://d1nd15w2k87kz0.cloudfront.net/Uploads/636008346279062855.jpg", 
        "https://d1nd15w2k87kz0.cloudfront.net/Uploads/636008346287187771.jpg"
    ], 
    "hqdb_featured_ad_type": "Featured", 
    "hqdb_nr_reviews": "25", 
    "hqdb_review_score": "8,1", 
    "accreditations": null, 
    "category": null, 
    "subcategory": null, 
    "street": "C/ Arenal, 8", 
    "city": "Madrid", 
    "zipcode": "28013", 
    "formatted_address": "C/ Arenal, 8, Madrid, 28013", 
    "country": "es", 
    "office_number": "910096036", 
    "office_number2": null, 
    "mobile_number": null, 
    "mobile_number2": null, 
    "unidentified_phone_numbers": null, 
    "latitude": "40.4169530000", 
    "longitude": "-3.7052830000", 
    "business_email": null, 
    "yelp_page": null, 
    "facebook": null, 
    "twitter": null, 
    "instagram": null, 
    "venue_images": "https://d1nd15w2k87kz0.cloudfront.net/Logotipos/636008346824706385.jpg", 
    "opening_hours_raw": null, 
    "pricelist_link": null, 
    "services": [
        {
            "service_category": "Preferente", 
            "service": "Depilación Hilo Cejas", 
            "duration": 1800, 
            "price": "8 € ", 
            "description": "La depilación con hilo es una técnica milenaria procedente de la India con muchísimas ventajas: Menos dolorosa que las técnicas tradicionales Permite un perfilado mejor de las cejas por lo que tienen una forma mas definida. Esta técnica que no irrita la piel, es más duradera y encima recrea un efecto peeling que elimina la prevención prematura de arrugas y suaviza las ya existentes. Es mucho más precisa que otras técnicas y elimina el vello de raíz. Reserva tu cita online a través de Bucmi.com."
        }, 
        {
            "service_category": "Preferente", 
            "service": "Depilación Hilo Labio", 
            "duration": 900, 
            "price": "7 € ", 
            "description": "La depilación con hilo es una técnica milenaria procedente de la India con muchísimas ventajas: Menos dolorosa que las técnicas tradicionales Proceso totalmente natural sin el uso de ningún producto únicamente hilo de algodón. Esta técnica que no irrita la piel, es más duradera y encima recrea un efecto peeling que elimina la prevención prematura de arrugas y suaviza las ya existentes. Es mucho más precisa que otras técnicas y elimina el vello de raíz. Reserva tu cita online a través de Bucmi.com."
        }, 
        {
            "service_category": "Preferente", 
            "service": "Higiene Facial", 
            "duration": 5400, 
            "price": "25 € ", 
            "description": "Esta oferta SÓLO ES VÁLIDA DURANTE EL MES DE ABRIL. Disfruta de una limpieza de cutis a tu medida, se hace un pequeño estudio de la piel y se realiza una extracción de impurezas. Además se exfolia la piel y se hidrata con un pequeño masaje. ¿Quieres lucir una piel mucho más cuidada y limpia? Ven a Bombay India y disfruta de una piel sedosa, hidratada y libre de imperfecciones y acné. Devuelve a tu rostro el color natural. Una piel mucho más luminosa. Reserva tu cita cómodamente online a través de Bucmi.com."
        }, 
        {
            "service_category": "Preferente", 
            "service": "Limpieza De Cutis", 
            "duration": 5400, 
            "price": "45 € ", 
            "description": "Disfruta de una limpieza de cutis a tu medida, se hace un pequeño estudio de la piel y se realiza una extracción de impurezas. Además se exfolia la piel y se hidrata con un pequeño masaje. ¿Quieres lucir una piel mucho más cuidada y limpia? Ven a Bombay India y disfruta de una piel sedosa, hidratada y libre de imperfecciones y acné. Devuelve a tu rostro el color natural. Una piel mucho más luminosa. Reserva tu cita cómodamente online a través de Bucmi.com."
        }, 
        {
            "service_category": "Estética", 
            "service": "Higiene Facial", 
            "duration": 5400, 
            "price": "25 € ", 
            "description": "Esta oferta SÓLO ES VÁLIDA DURANTE EL MES DE ABRIL. Disfruta de una limpieza de cutis a tu medida, se hace un pequeño estudio de la piel y se realiza una extracción de impurezas. Además se exfolia la piel y se hidrata con un pequeño masaje. ¿Quieres lucir una piel mucho más cuidada y limpia? Ven a Bombay India y disfruta de una piel sedosa, hidratada y libre de imperfecciones y acné. Devuelve a tu rostro el color natural. Una piel mucho más luminosa. Reserva tu cita cómodamente online a través de Bucmi.com."
        }, 
        {
            "service_category": "Estética", 
            "service": "Limpieza De Cutis", 
            "duration": 5400, 
            "price": "45 € ", 
            "description": "Disfruta de una limpieza de cutis a tu medida, se hace un pequeño estudio de la piel y se realiza una extracción de impurezas. Además se exfolia la piel y se hidrata con un pequeño masaje. ¿Quieres lucir una piel mucho más cuidada y limpia? Ven a Bombay India y disfruta de una piel sedosa, hidratada y libre de imperfecciones y acné. Devuelve a tu rostro el color natural. Una piel mucho más luminosa. Reserva tu cita cómodamente online a través de Bucmi.com."
        }, 
        {
            "service_category": "Depilación", 
            "service": "Depilación Hilo Axilas", 
            "duration": 900, 
            "price": "16 € ", 
            "description": "La depilación con hilo es una técnica milenaria procedente de la India con muchísimas ventajas: Menos dolorosa que las técnicas tradicionales Proceso totalmente natural sin el uso de ningún producto únicamente hilo de algodón. Esta técnica que no irrita la piel, es más duradera y encima recrea un efecto peeling que elimina la prevención prematura de arrugas y suaviza las ya existentes. Es mucho más precisa que otras técnicas y elimina el vello de raíz. Reserva tu cita online a través de Bucmi.com."
        }, 
        {
            "service_category": "Depilación", 
            "service": "Depilación Hilo Barbilla", 
            "duration": 900, 
            "price": "6 € ", 
            "description": "La depilación con hilo es una técnica milenaria procedente de la India con muchísimas ventajas: Menos dolorosa que las técnicas tradicionales Proceso totalmente natural sin el uso de ningún producto únicamente hilo de algodón. Esta técnica que no irrita la piel, es más duradera y encima recrea un efecto peeling que elimina la prevención prematura de arrugas y suaviza las ya existentes. Es mucho más precisa que otras técnicas y elimina el vello de raíz. Reserva tu cita online a través de Bucmi.com."
        }, 
        {
            "service_category": "Depilación", 
            "service": "Depilación Hilo Brazos Enteros", 
            "duration": 1800, 
            "price": "30 € ", 
            "description": "La depilación con hilo es una técnica milenaria procedente de la India con muchísimas ventajas: Menos dolorosa que las técnicas tradicionales Proceso totalmente natural sin el uso de ningún producto únicamente hilo de algodón. Esta técnica que no irrita la piel, es más duradera y encima recrea un efecto peeling que elimina la prevención prematura de arrugas y suaviza las ya existentes. Es mucho más precisa que otras técnicas y elimina el vello de raíz. Reserva tu cita online a través de Bucmi.com."
        }, 
        {
            "service_category": "Depilación", 
            "service": "Depilación Hilo Cara Y Cuello", 
            "duration": 2700, 
            "price": "35 € ", 
            "description": "La depilación con hilo es una técnica milenaria procedente de la India con muchísimas ventajas: Menos dolorosa que las técnicas tradicionales Proceso totalmente natural sin el uso de ningún producto únicamente hilo de algodón. Esta técnica que no irrita la piel, es más duradera y encima recrea un efecto peeling que elimina la prevención prematura de arrugas y suaviza las ya existentes. Es mucho más precisa que otras técnicas y elimina el vello de raíz. Reserva tu cita online a través de Bucmi.com."
        }, 
        {
            "service_category": "Depilación", 
            "service": "Depilación Hilo Cejas", 
            "duration": 1800, 
            "price": "8 € ", 
            "description": "La depilación con hilo es una técnica milenaria procedente de la India con muchísimas ventajas: Menos dolorosa que las técnicas tradicionales Permite un perfilado mejor de las cejas por lo que tienen una forma mas definida. Esta técnica que no irrita la piel, es más duradera y encima recrea un efecto peeling que elimina la prevención prematura de arrugas y suaviza las ya existentes. Es mucho más precisa que otras técnicas y elimina el vello de raíz. Reserva tu cita online a través de Bucmi.com."
        }, 
        {
            "service_category": "Depilación", 
            "service": "Depilación Hilo Dedos", 
            "duration": 900, 
            "price": "7 € ", 
            "description": "La depilación con hilo es una técnica milenaria procedente de la India con muchísimas ventajas: Menos dolorosa que las técnicas tradicionales Proceso totalmente natural sin el uso de ningún producto únicamente hilo de algodón. Esta técnica que no irrita la piel, es más duradera y encima recrea un efecto peeling que elimina la prevención prematura de arrugas y suaviza las ya existentes. Es mucho más precisa que otras técnicas y elimina el vello de raíz. Reserva tu cita online a través de Bucmi.com"
        }, 
        {
            "service_category": "Depilación", 
            "service": "Depilación Hilo Frente", 
            "duration": 1800, 
            "price": "6 € ", 
            "description": "La depilación con hilo es una técnica milenaria procedente de la India con muchísimas ventajas: Menos dolorosa que las técnicas tradicionales Proceso totalmente natural sin el uso de ningún producto únicamente hilo de algodón. Esta técnica que no irrita la piel, es más duradera y encima recrea un efecto peeling que elimina la prevención prematura de arrugas y suaviza las ya existentes. Es mucho más precisa que otras técnicas y elimina el vello de raíz. Reserva tu cita online a través de Bucmi.com."
        }, 
        {
            "service_category": "Depilación", 
            "service": "Depilación Hilo Labio", 
            "duration": 900, 
            "price": "7 € ", 
            "description": "La depilación con hilo es una técnica milenaria procedente de la India con muchísimas ventajas: Menos dolorosa que las técnicas tradicionales Proceso totalmente natural sin el uso de ningún producto únicamente hilo de algodón. Esta técnica que no irrita la piel, es más duradera y encima recrea un efecto peeling que elimina la prevención prematura de arrugas y suaviza las ya existentes. Es mucho más precisa que otras técnicas y elimina el vello de raíz. Reserva tu cita online a través de Bucmi.com."
        }, 
        {
            "service_category": "Depilación", 
            "service": "Depilación Hilo Manos Y Dedos", 
            "duration": 900, 
            "price": "10 € ", 
            "description": "La depilación con hilo es una técnica milenaria procedente de la India con muchísimas ventajas: Menos dolorosa que las técnicas tradicionales Proceso totalmente natural sin el uso de ningún producto únicamente hilo de algodón. Esta técnica que no irrita la piel, es más duradera y encima recrea un efecto peeling que elimina la prevención prematura de arrugas y suaviza las ya existentes. Es mucho más precisa que otras técnicas y elimina el vello de raíz. Reserva tu cita online a través de Bucmi.com"
        }, 
        {
            "service_category": "Depilación", 
            "service": "Depilación Hilo Medias Piernas", 
            "duration": 1800, 
            "price": "24 € ", 
            "description": "La depilación con hilo es una técnica milenaria procedente de la India con muchísimas ventajas: Menos dolorosa que las técnicas tradicionales Proceso totalmente natural sin el uso de ningún producto únicamente hilo de algodón. Esta técnica que no irrita la piel, es más duradera y encima recrea un efecto peeling que elimina la prevención prematura de arrugas y suaviza las ya existentes. Es mucho más precisa que otras técnicas y elimina el vello de raíz. Reserva tu cita online a través de Bucmi.com"
        }, 
        {
            "service_category": "Depilación", 
            "service": "Depilación Hilo Medios Brazos", 
            "duration": 1800, 
            "price": "20 € ", 
            "description": "La depilación con hilo es una técnica milenaria procedente de la India con muchísimas ventajas: Menos dolorosa que las técnicas tradicionales Proceso totalmente natural sin el uso de ningún producto únicamente hilo de algodón. Esta técnica que no irrita la piel, es más duradera y encima recrea un efecto peeling que elimina la prevención prematura de arrugas y suaviza las ya existentes. Es mucho más precisa que otras técnicas y elimina el vello de raíz. Reserva tu cita online a través de Bucmi.com."
        }, 
        {
            "service_category": "Depilación", 
            "service": "Depilación Hilo Mejillas", 
            "duration": 900, 
            "price": "5 € ", 
            "description": "La depilación con hilo es una técnica milenaria procedente de la India con muchísimas ventajas: Menos dolorosa que las técnicas tradicionales Proceso totalmente natural sin el uso de ningún producto únicamente hilo de algodón. Esta técnica que no irrita la piel, es más duradera y encima recrea un efecto peeling que elimina la prevención prematura de arrugas y suaviza las ya existentes. Es mucho más precisa que otras técnicas y elimina el vello de raíz. Reserva tu cita online a través de Bucmi.com."
        }, 
        {
            "service_category": "Depilación", 
            "service": "Depilacion Hilo Patillas", 
            "duration": 1800, 
            "price": "7 € ", 
            "description": "La depilación con hilo es una técnica milenaria procedente de la India con muchísimas ventajas: Menos dolorosa que las técnicas tradicionales Proceso totalmente natural sin el uso de ningún producto únicamente hilo de algodón. Esta técnica que no irrita la piel, es más duradera y encima recrea un efecto peeling que elimina la prevención prematura de arrugas y suaviza las ya existentes. Es mucho más precisa que otras técnicas y elimina el vello de raíz. Reserva tu cita online a través de Bucmi.com."
        }, 
        {
            "service_category": "Depilación", 
            "service": "Depilación Hilo Piernas Enteras", 
            "duration": 1800, 
            "price": "36 € ", 
            "description": "La depilación con hilo es una técnica milenaria procedente de la India con muchísimas ventajas: Menos dolorosa que las técnicas tradicionales Proceso totalmente natural sin el uso de ningún producto únicamente hilo de algodón. Esta técnica que no irrita la piel, es más duradera y encima recrea un efecto peeling que elimina la prevención prematura de arrugas y suaviza las ya existentes. Es mucho más precisa que otras técnicas y elimina el vello de raíz. Reserva tu cita online a través de Bucmi.com"
        }, 
        {
            "service_category": "Depilación", 
            "service": "Depilación Hilo Rostro", 
            "duration": 1800, 
            "price": "28 € ", 
            "description": "La depilación con hilo es una técnica milenaria procedente de la India con muchísimas ventajas: Menos dolorosa que las técnicas tradicionales Proceso totalmente natural sin el uso de ningún producto únicamente hilo de algodón. Esta técnica que no irrita la piel, es más duradera y encima recrea un efecto peeling que elimina la prevención prematura de arrugas y suaviza las ya existentes. Es mucho más precisa que otras técnicas y elimina el vello de raíz. Reserva tu cita online a través de Bucmi.com."
        }
    ]
}