{
    "adid": null, 
    "name": "The Cool Company", 
    "name_of_contact": "The Cool Company", 
    "scrape_page": "https://www.bucmi.com/thecoolcompany", 
    "business_website": "https://www.bucmi.com/thecoolcompany", 
    "areas_covered": null, 
    "description": "The Cool Company se sitúa en el número 11 de la centralísima Plaza Puerta del Sol, a escasos metros del Kilómetro Cero de Madrid. Este centro de belleza y bienestar, que abrió sus puertas en 2014, cuenta con 3 cabinas de estética y un espacio de manicuras. Realizan tratamientos faciales y corporales con productos y aparatología innovadora, entre otros el de radiofrecuencia con INDIBA Deep Beauty, y distintos tipo de masajes como el de piedras calientes, lomi lomi, masaje de caracolas y aceite de oro microactivo. También organizan exclusivas fiestas privadas y despedidas de soltera cuya temática es Belleza & Relax. Es un espacio único en toda la ciudad, ya que cuenta con una de las terraza más famosa de España, con vistas a la Puerta del Sol.", 
    "img_link": [
        "https://d1nd15w2k87kz0.cloudfront.net/Uploads/636017585839259006.jpg", 
        "https://d1nd15w2k87kz0.cloudfront.net/Uploads/636017585840355002.jpg", 
        "https://d1nd15w2k87kz0.cloudfront.net/Uploads/636017585839259006.jpg", 
        "https://d1nd15w2k87kz0.cloudfront.net/Uploads/636017585841292577.jpg", 
        "https://d1nd15w2k87kz0.cloudfront.net/Uploads/636017585841762308.jpg", 
        "https://d1nd15w2k87kz0.cloudfront.net/Uploads/636017585844887830.jpg", 
        "https://d1nd15w2k87kz0.cloudfront.net/Uploads/636172483793315708.jpg", 
        "https://d1nd15w2k87kz0.cloudfront.net/Uploads/636275238285214474.jpg", 
        "https://d1nd15w2k87kz0.cloudfront.net/Uploads/636275238298808477.jpg", 
        "https://d1nd15w2k87kz0.cloudfront.net/Uploads/636275964035372345.jpg", 
        "https://d1nd15w2k87kz0.cloudfront.net/Uploads/636350401778917602.jpg"
    ], 
    "hqdb_featured_ad_type": "Featured", 
    "hqdb_nr_reviews": "56", 
    "hqdb_review_score": "9,0", 
    "accreditations": null, 
    "category": null, 
    "subcategory": null, 
    "street": "C/ Puenteareas, 18", 
    "city": "Madrid", 
    "zipcode": "28013", 
    "formatted_address": "C/ Puenteareas, 18, Madrid, 28013", 
    "country": "es", 
    "office_number": "915215583", 
    "office_number2": null, 
    "mobile_number": "666100880", 
    "mobile_number2": null, 
    "unidentified_phone_numbers": null, 
    "latitude": "40.4172100000", 
    "longitude": "-3.7037900000", 
    "business_email": null, 
    "yelp_page": null, 
    "facebook": null, 
    "twitter": null, 
    "instagram": null, 
    "venue_images": "https://d1nd15w2k87kz0.cloudfront.net/Logotipos/636350400036419917.jpg", 
    "opening_hours_raw": null, 
    "pricelist_link": null, 
    "services": [
        {
            "service_category": "Preferente", 
            "service": "Higiene Facial Completa Y Masaje", 
            "duration": 3600, 
            "price": "65 € ", 
            "description": "Vive una experiencia THE COOL COMPANY con este paquete que incluye: leche limpiadora y tónico exfoliante, vapor de ozono con extracción manual de puntos negros, mascarilla hidratante, masaje facial, scanner de diagnóstico facial (consultar fecha con el centro para el DIAGNOSTICO) Además, te haremos una invitación a un té o copa de cava. Ofrece a tu rostro todo lo que necesita para lucir un cutis perfecto e impecable."
        }, 
        {
            "service_category": "Preferente", 
            "service": "Manicura Y Pedicura Completa Esmalte Permanente", 
            "duration": 5400, 
            "price": "75 € ", 
            "description": "THE COOL COMPANY EXPERIENCE: una experiencia única en una exclusiva terraza del centro de Madrid con un té o copa de cava. Consigue unas manos y pies perfectamente cuidados con nuestro servicio completo. Damos forma a las uñas, quitaos las cutículas y durezas, hidratamos y esmaltamos con el color que prefieras. También puedes escoger frances. ¡No te lo pierdas! Trabajamos con las marcas NSI, Thuya o Masglo. Te encantará el resultado."
        }, 
        {
            "service_category": "Preferente", 
            "service": "Radiofrecuencia Facial Indiba", 
            "duration": 3600, 
            "price": "55 € ", 
            "description": "Rejuvenece la piel de tu rostro gracias a este tratamiento realizado por los mejores profesionales. Este servicio está especialmente indicado para corregir la flacidez y atenuar líneas de expresión. No esperes más y reserva ahora tu cita online a través de Bucmi.com. Notarás los resultados desde la primera sesión y desearás repetir en el centro The Cool Company. Nuestra atención es siempre personalizada, ajustada a tu piel."
        }, 
        {
            "service_category": "Estética", 
            "service": "Higiene Facial Completa Y Masaje", 
            "duration": 3600, 
            "price": "65 € ", 
            "description": "Vive una experiencia THE COOL COMPANY con este paquete que incluye: leche limpiadora y tónico exfoliante, vapor de ozono con extracción manual de puntos negros, mascarilla hidratante, masaje facial, scanner de diagnóstico facial (consultar fecha con el centro para el DIAGNOSTICO) Además, te haremos una invitación a un té o copa de cava. Ofrece a tu rostro todo lo que necesita para lucir un cutis perfecto e impecable."
        }, 
        {
            "service_category": "Estética", 
            "service": "Permanente Y Tinte De Pestañas", 
            "duration": 3600, 
            "price": "35 € ", 
            "description": "¿Conoces la sensación de levantarte cada mañana con resplandor en el rostro? En The Cool Company disponemos de este servicio personalizado para que te olvides de una vez por todas del rimmel. En el servicio está incluido una sesión de estética en la que podrás disfrutar de una permanente y tinte de pestañas. Gracias a este servicio no necesitarás usar maquillaje de pestañas a diario. ¡Reserva ya tu cita online!"
        }, 
        {
            "service_category": "Estética", 
            "service": "Masaje Anticelulítico Con Vendas Frías", 
            "duration": 3600, 
            "price": "60 € ", 
            "description": "¡Reserva nuestro masaje anticelulítico con vendas drías! El masaje se realiza de forma manual en la zona de las piernas y tiene una duración de 50 minutos. Se combina con vendas frías para potenciar los efectos y conseguir unos mejores resultados. Te encantará el resultado desde la primera sesión y podrás reducir contorno para lucir una figura más estilizada. No esperes más."
        }, 
        {
            "service_category": "Estética", 
            "service": "Bono 3 Sesiones Tto Corporal Anticelulítico", 
            "duration": 3600, 
            "price": "165 € ", 
            "description": "¿Te gustaría eliminar la celulitis y reducir contorno? ¿No encuentras ese tratamiento que sea eficaz? ¡Reserva este bono de 3 sesiones de nuestro tratamiento corporal anticelulítico! Realizamos un tratamiento totalmente personalizado, en función al tipo de celulitis, y aplicamos un masaje manual en la zona a tratar para disolver la piel de naranja. Siempre recomendamos combinarlo con una dieta sana y equilibrada ¡Despídete!"
        }, 
        {
            "service_category": "Estética", 
            "service": "Tratamiento Facial Contorno De Ojos", 
            "duration": 3600, 
            "price": "45 € ", 
            "description": "Este servicio de estética sirve para la trata de forma global contorno de ojos y labios, reduciendo al instante las lineas de expresión, bolsas y ojeras. Ahorra tiempo y reserva ya tu cita online con nosotros a través de Bucmi y dale un capricho a tu rostro. En The Cool Company trabajamos con productos de alta calidad que se adecuan a las necesidades de tu piel para ofrecerte lo que necesita en cada momento."
        }, 
        {
            "service_category": "Estética", 
            "service": "4 Sesiones Tto Facial Contorno De Ojos Y Labio", 
            "duration": 3600, 
            "price": "125 € ", 
            "description": "El servicio incluye un bono de 4 sesiones para realizarte un tratamiento de contorno de ojos y labio. Trata de forma global contorno de ojos y labios, reduciendo al instante las lineas de expresión, bolsas y ojeras. ¡Reserva tu cita online! El pack perfecto para reducir ojeras, bolsas de los ojos y aportar luminosidad al rostro ¡Date un capricho y reserva tu cita online al mejor precio y en 3 clics!"
        }, 
        {
            "service_category": "Estética", 
            "service": "Tratamiento Piernas Cansadas Radiofrecuencia", 
            "duration": 2700, 
            "price": "65 € ", 
            "description": "Elimina la pesadez de tus piernas de la mano de los mejores profesionales del sector gracias a esta sesión de radiofrecuencia en piernas. Mejora la circulación de tus piernas gracias a la aparatología de última generación. No esperes más y reserva ahora tu cita online a través de Bucmi.com. Ha llegado el momento de cuidarte y mimarte y lo puedes hacer al mejor precio en el centro The Cool Company de Madrid."
        }, 
        {
            "service_category": "Estética", 
            "service": "Higiene De Espalda", 
            "duration": 3600, 
            "price": "40 € ", 
            "description": "¡Date un capricho y reserva online esta limpieza de Espalda! Consigue una espalda totalmente libre de impurezas. Nuestra exclusiva limpieza de espalda incluye exfoliación, vapor de ozono, extracción manual, mascarilla e hidratación. Invitamos a una copa de té o copa de cava en todos nuestros servicios. Reserva online al mejor precio con Bucmi. No esperes más."
        }, 
        {
            "service_category": "Estética", 
            "service": "Higiene Facial Y Masaje Cráneo Facial", 
            "duration": 3600, 
            "price": "34 € ", 
            "description": "Luce un cutis totalmente renovado de la mano de los mejores profesionales del sector gracias a este servicio de limpieza de cutis con masaje craneal. Rejuvenecerás la piel de tu rostro en apena una hora de tratamiento. No esperes más y reserva ahora tu cita online a través de Bucmi.com."
        }, 
        {
            "service_category": "Estética", 
            "service": "Higiene Facial, Tto. Hidratante Y Masaje Facial", 
            "duration": 3600, 
            "price": "45 € ", 
            "description": "Cuida y mima tu rostro con este pack super completo de belleza. Realizamos higiene facial completa con desquillado, tónico, exfoliación, extracción y mascarilla, después aplicamos y dejamos actuar una mascarilla hidratante con cóctel de vitaminas y activos concentrados y por último finalizamos con un masaje facial de 20 minutos para que puedas relajarte y eliminar todo el estrés acumuladoF"
        }, 
        {
            "service_category": "Estética", 
            "service": "Limpieza Facial Y Radiofrecuencia Indiba", 
            "duration": 3600, 
            "price": "60 € ", 
            "description": "Consigue una piel suave sedora y con elasticidad de la mano de los mejores profesionales del sector gravcias a este pack. El servicio incluye 40 minutos de limpieza facial y 20 minutos de radiofrecuencia facial indiva. No esperes más y reserva ahora tu cita online a través de Bucmi.com."
        }, 
        {
            "service_category": "Estética", 
            "service": "Radiofrecuencia Facial Indiba", 
            "duration": 3600, 
            "price": "55 € ", 
            "description": "Rejuvenece la piel de tu rostro gracias a este tratamiento realizado por los mejores profesionales. Este servicio está especialmente indicado para corregir la flacidez y atenuar líneas de expresión. No esperes más y reserva ahora tu cita online a través de Bucmi.com. Notarás los resultados desde la primera sesión y desearás repetir en el centro The Cool Company. Nuestra atención es siempre personalizada, ajustada a tu piel."
        }, 
        {
            "service_category": "Estética", 
            "service": "Tratamiento Contorno De Ojos Radiofrecuenci Indiba", 
            "duration": 1800, 
            "price": "35 € ", 
            "description": "Rejuvenece tu mirada de la mano de los mejores profesionales con este tratamiento de radiofrecuencia indiba. Notarás como se reducen tus bolsas y el color oscuro de las ojeras. Además corrige líneas de expresión. No esperes más y reserva ahora tu cita online a través de Bucmi.com."
        }, 
        {
            "service_category": "Estética", 
            "service": "Tratamiento Facial Ultra Hidratante", 
            "duration": 5400, 
            "price": "45 € ", 
            "description": "Inicialmente se realiza un diagnóstico previo de la piel del cliente para adaptar los productos a las características propias del cutis, siempre marcas de alta calidad. Al empezar se realiza una limpieza profunda con exfoliación y desmaquillado y posteriormente se aplica y deja actuar una mascarilla hidratante con cóctel de vitaminas y activos concentrados. ¡Recupera el brillo de tu rostro y date un capricho en The Cool Company!"
        }, 
        {
            "service_category": "Manicura y Pedicura", 
            "service": "Higiene Facial Completa Y Masaje", 
            "duration": 3600, 
            "price": "65 € ", 
            "description": "Vive una experiencia THE COOL COMPANY con este paquete que incluye: leche limpiadora y tónico exfoliante, vapor de ozono con extracción manual de puntos negros, mascarilla hidratante, masaje facial, scanner de diagnóstico facial (consultar fecha con el centro para el DIAGNOSTICO) Además, te haremos una invitación a un té o copa de cava. Ofrece a tu rostro todo lo que necesita para lucir un cutis perfecto e impecable."
        }, 
        {
            "service_category": "Manicura y Pedicura", 
            "service": "Permanente Y Tinte De Pestañas", 
            "duration": 3600, 
            "price": "35 € ", 
            "description": "¿Conoces la sensación de levantarte cada mañana con resplandor en el rostro? En The Cool Company disponemos de este servicio personalizado para que te olvides de una vez por todas del rimmel. En el servicio está incluido una sesión de estética en la que podrás disfrutar de una permanente y tinte de pestañas. Gracias a este servicio no necesitarás usar maquillaje de pestañas a diario. ¡Reserva ya tu cita online!"
        }, 
        {
            "service_category": "Manicura y Pedicura", 
            "service": "Masaje Anticelulítico Con Vendas Frías", 
            "duration": 3600, 
            "price": "60 € ", 
            "description": "¡Reserva nuestro masaje anticelulítico con vendas drías! El masaje se realiza de forma manual en la zona de las piernas y tiene una duración de 50 minutos. Se combina con vendas frías para potenciar los efectos y conseguir unos mejores resultados. Te encantará el resultado desde la primera sesión y podrás reducir contorno para lucir una figura más estilizada. No esperes más."
        }, 
        {
            "service_category": "Manicura y Pedicura", 
            "service": "Bono 3 Sesiones Tto Corporal Anticelulítico", 
            "duration": 3600, 
            "price": "165 € ", 
            "description": "¿Te gustaría eliminar la celulitis y reducir contorno? ¿No encuentras ese tratamiento que sea eficaz? ¡Reserva este bono de 3 sesiones de nuestro tratamiento corporal anticelulítico! Realizamos un tratamiento totalmente personalizado, en función al tipo de celulitis, y aplicamos un masaje manual en la zona a tratar para disolver la piel de naranja. Siempre recomendamos combinarlo con una dieta sana y equilibrada ¡Despídete!"
        }, 
        {
            "service_category": "Manicura y Pedicura", 
            "service": "Tratamiento Facial Contorno De Ojos", 
            "duration": 3600, 
            "price": "45 € ", 
            "description": "Este servicio de estética sirve para la trata de forma global contorno de ojos y labios, reduciendo al instante las lineas de expresión, bolsas y ojeras. Ahorra tiempo y reserva ya tu cita online con nosotros a través de Bucmi y dale un capricho a tu rostro. En The Cool Company trabajamos con productos de alta calidad que se adecuan a las necesidades de tu piel para ofrecerte lo que necesita en cada momento."
        }, 
        {
            "service_category": "Masaje", 
            "service": "Higiene Facial Completa Y Masaje", 
            "duration": 3600, 
            "price": "65 € ", 
            "description": "Vive una experiencia THE COOL COMPANY con este paquete que incluye: leche limpiadora y tónico exfoliante, vapor de ozono con extracción manual de puntos negros, mascarilla hidratante, masaje facial, scanner de diagnóstico facial (consultar fecha con el centro para el DIAGNOSTICO) Además, te haremos una invitación a un té o copa de cava. Ofrece a tu rostro todo lo que necesita para lucir un cutis perfecto e impecable."
        }, 
        {
            "service_category": "Masaje", 
            "service": "Permanente Y Tinte De Pestañas", 
            "duration": 3600, 
            "price": "35 € ", 
            "description": "¿Conoces la sensación de levantarte cada mañana con resplandor en el rostro? En The Cool Company disponemos de este servicio personalizado para que te olvides de una vez por todas del rimmel. En el servicio está incluido una sesión de estética en la que podrás disfrutar de una permanente y tinte de pestañas. Gracias a este servicio no necesitarás usar maquillaje de pestañas a diario. ¡Reserva ya tu cita online!"
        }, 
        {
            "service_category": "Masaje", 
            "service": "Masaje Anticelulítico Con Vendas Frías", 
            "duration": 3600, 
            "price": "60 € ", 
            "description": "¡Reserva nuestro masaje anticelulítico con vendas drías! El masaje se realiza de forma manual en la zona de las piernas y tiene una duración de 50 minutos. Se combina con vendas frías para potenciar los efectos y conseguir unos mejores resultados. Te encantará el resultado desde la primera sesión y podrás reducir contorno para lucir una figura más estilizada. No esperes más."
        }, 
        {
            "service_category": "Depilación", 
            "service": "Higiene Facial Completa Y Masaje", 
            "duration": 3600, 
            "price": "65 € ", 
            "description": "Vive una experiencia THE COOL COMPANY con este paquete que incluye: leche limpiadora y tónico exfoliante, vapor de ozono con extracción manual de puntos negros, mascarilla hidratante, masaje facial, scanner de diagnóstico facial (consultar fecha con el centro para el DIAGNOSTICO) Además, te haremos una invitación a un té o copa de cava. Ofrece a tu rostro todo lo que necesita para lucir un cutis perfecto e impecable."
        }, 
        {
            "service_category": "Depilación", 
            "service": "Permanente Y Tinte De Pestañas", 
            "duration": 3600, 
            "price": "35 € ", 
            "description": "¿Conoces la sensación de levantarte cada mañana con resplandor en el rostro? En The Cool Company disponemos de este servicio personalizado para que te olvides de una vez por todas del rimmel. En el servicio está incluido una sesión de estética en la que podrás disfrutar de una permanente y tinte de pestañas. Gracias a este servicio no necesitarás usar maquillaje de pestañas a diario. ¡Reserva ya tu cita online!"
        }, 
        {
            "service_category": "Varios", 
            "service": "Higiene Facial Completa Y Masaje", 
            "duration": 3600, 
            "price": "65 € ", 
            "description": "Vive una experiencia THE COOL COMPANY con este paquete que incluye: leche limpiadora y tónico exfoliante, vapor de ozono con extracción manual de puntos negros, mascarilla hidratante, masaje facial, scanner de diagnóstico facial (consultar fecha con el centro para el DIAGNOSTICO) Además, te haremos una invitación a un té o copa de cava. Ofrece a tu rostro todo lo que necesita para lucir un cutis perfecto e impecable."
        }
    ]
}