{
    "adid": null, 
    "name": "PYU Uñas Y Pestañas BY OPI", 
    "name_of_contact": "PYU Uñas Y Pestañas BY OPI", 
    "scrape_page": "https://www.bucmi.com/uñasypestañas", 
    "business_website": null, 
    "areas_covered": null, 
    "description": "Bienvenidos a PYU Uñas y Pestañas. PYU es un salón situado en el C.C la Esquina del Bernabeu. Estamos especializados en manicura, pedicura, extensiones de pestañas y depilación con hilo. Trabajamos con productos de la marca OPI. ¡Te esperamos!", 
    "img_link": [
        "https://d1nd15w2k87kz0.cloudfront.net/Uploads/635941818478260858.jpg", 
        "https://d1nd15w2k87kz0.cloudfront.net/Uploads/635941818502792031.jpg", 
        "https://d1nd15w2k87kz0.cloudfront.net/Uploads/635941818521385725.jpg", 
        "https://d1nd15w2k87kz0.cloudfront.net/Uploads/635941818547480524.jpg", 
        "https://d1nd15w2k87kz0.cloudfront.net/Uploads/635941818574980441.jpg", 
        "https://d1nd15w2k87kz0.cloudfront.net/Uploads/635941818592324144.jpg"
    ], 
    "hqdb_featured_ad_type": "Featured", 
    "hqdb_nr_reviews": "62", 
    "hqdb_review_score": "9,4", 
    "accreditations": null, 
    "category": null, 
    "subcategory": null, 
    "street": null, 
    "city": "Madrid", 
    "zipcode": "28036", 
    "formatted_address": "Madrid, 28008, Madrid, 28036", 
    "country": "es", 
    "office_number": "914575540", 
    "office_number2": null, 
    "mobile_number": null, 
    "mobile_number2": null, 
    "unidentified_phone_numbers": null, 
    "latitude": "40.4521210000", 
    "longitude": "-3.6868762000", 
    "business_email": null, 
    "yelp_page": null, 
    "facebook": null, 
    "twitter": null, 
    "instagram": null, 
    "venue_images": "https://d1nd15w2k87kz0.cloudfront.net/Logotipos/635942377258166568.jpg", 
    "opening_hours_raw": null, 
    "pricelist_link": null, 
    "services": [
        {
            "service_category": "Preferente", 
            "service": "Lifing Y Tinte De Pestañas", 
            "duration": 3600, 
            "price": "79,95 € ", 
            "description": "Consigue una mirada espectacular con unas pestañas erguidas, largas y densas. Las pestañas se elevan desde la base, así se consigue alisar, levantar y estirar las pestañas suavemente, por lo que parecerán visiblemente más largas. Es la alternativa perfecta a las extensiones de pestañas."
        }, 
        {
            "service_category": "Preferente", 
            "service": "Blanqueamiento Dental Cosmético", 
            "duration": 1800, 
            "price": "79,95 € ", 
            "description": "¡Convence al mundo con una blanca sonrisa! El gel blanqueador PEARLSMILE no afecta al esmalte. Además, el LED de luz fría excluye la irritación de las encías. Todo esto hace que el tratamiento sea indoloro e inocuo. Después del tratamiento los dientes serán hasta 9 tonos más claros."
        }, 
        {
            "service_category": "Preferente", 
            "service": "Extensión De Pestañas *Mirada Glamour*", 
            "duration": 7200, 
            "price": "89,95 € ", 
            "description": "Consigue una mirada intensa con unas pestañas totalmente naturales, livianas y ligeramente arqueadas. El sistema consiste en colocar una extensión de pestañas sobre cada pestaña natural, se irán colocando hasta completar el diseño deseado según el volumen y longitud que el cliente desee."
        }, 
        {
            "service_category": "Preferente", 
            "service": "Manicura Completa Pyu Con Opi", 
            "duration": 1800, 
            "price": "14,95 € ", 
            "description": "¡La manicura más completa Pyu! Desinfectamos, retiramos el esmalte (si trae), limamos las uñas para conseguir la forma deseada, tratamos la cutícula e hidratamos manos y uñas dando un ligero masaje, acabamos con un esmaltado tradicional de la marca OPI dentro de una amplia variedad de colores."
        }, 
        {
            "service_category": "Preferente", 
            "service": "Pedicura Completa Pyu Con Opi", 
            "duration": 3600, 
            "price": "29,95 € ", 
            "description": "El servicio incluye: exfoliación, envoltura con parafina, limado,retirada de cutículas, hidratación con masaje, eliminación de durezas y esmaltado tradicional OPI (suplemento de 3€ si el esmaltado es permanente). Haz tu reserva en nuestro exclusivo centro de Uñas y Pestañas y te encantará como te dejamos los pies."
        }, 
        {
            "service_category": "Estética", 
            "service": "Lifing Y Tinte De Pestañas", 
            "duration": 3600, 
            "price": "79,95 € ", 
            "description": "Consigue una mirada espectacular con unas pestañas erguidas, largas y densas. Las pestañas se elevan desde la base, así se consigue alisar, levantar y estirar las pestañas suavemente, por lo que parecerán visiblemente más largas. Es la alternativa perfecta a las extensiones de pestañas."
        }, 
        {
            "service_category": "Estética", 
            "service": "Blanqueamiento Dental Cosmético", 
            "duration": 1800, 
            "price": "79,95 € ", 
            "description": "¡Convence al mundo con una blanca sonrisa! El gel blanqueador PEARLSMILE no afecta al esmalte. Además, el LED de luz fría excluye la irritación de las encías. Todo esto hace que el tratamiento sea indoloro e inocuo. Después del tratamiento los dientes serán hasta 9 tonos más claros."
        }, 
        {
            "service_category": "Estética", 
            "service": "Extensión De Pestañas *Mirada Glamour*", 
            "duration": 7200, 
            "price": "89,95 € ", 
            "description": "Consigue una mirada intensa con unas pestañas totalmente naturales, livianas y ligeramente arqueadas. El sistema consiste en colocar una extensión de pestañas sobre cada pestaña natural, se irán colocando hasta completar el diseño deseado según el volumen y longitud que el cliente desee."
        }, 
        {
            "service_category": "Estética", 
            "service": "Extensión De Pestañas *Mirada Natural*", 
            "duration": 3600, 
            "price": "49,95 € ", 
            "description": "Consigue una mirada natural con nuestras extensiones de pestañas, con una hora de duración. Te sentirás mucho más guapa, ya que resaltarán tus ojos como nunca. Se colocan pelo a pelo para que el resultado sea perfecto."
        }, 
        {
            "service_category": "Estética", 
            "service": "Pedicura Completa Pyu Con Opi", 
            "duration": 3600, 
            "price": "29,95 € ", 
            "description": "El servicio incluye: exfoliación, envoltura con parafina, limado,retirada de cutículas, hidratación con masaje, eliminación de durezas y esmaltado tradicional OPI (suplemento de 3€ si el esmaltado es permanente). Haz tu reserva en nuestro exclusivo centro de Uñas y Pestañas y te encantará como te dejamos los pies."
        }, 
        {
            "service_category": "Estética", 
            "service": "Tinte De Pestañas", 
            "duration": 1800, 
            "price": "19,95 € ", 
            "description": "Un tinte de pestañas donde conseguirás un color profundo y que dará a tu mirada profundidad y un aspecto de recién maquilladas. ¡Y disfrútalo por mucho más tiempo! Por 5 euros podrás disfrutar también de un tinte de cejas (se abonarán en el centro si se desea el suplemento)"
        }, 
        {
            "service_category": "Manicura y Pedicura", 
            "service": "Esmaltado Permanente Opi Y Manicura", 
            "duration": 2700, 
            "price": "24,95 € ", 
            "description": "¡Tus manos dicen mucho de ti! Desinfectamos, retiramos el esmalte permanente (si trae ), limamos las uñas para conseguir la forma deseada, tratamos la cutícula e hidratamos manos y uñas dando un ligero masaje, acabamos con un esmaltado permanente de la marca OPI dentro de una amplia variedad de colores. Disfruta de tus uñas perfectas mucho más tiempo."
        }, 
        {
            "service_category": "Manicura y Pedicura", 
            "service": "Limar, Hidratar Manos Y Esmaltado Opi Permanente", 
            "duration": 1800, 
            "price": "17 € ", 
            "description": "¡Consigue unas manos perfectas!Desinfectamos, limamos las uñas para conseguir la forma deseada e hidratamos, acabamos con un esmaltado permanente de la marca OPI dentro de una amplia variedad de colores. Disfruta de unas uñas perfectas mucho más tiempo."
        }, 
        {
            "service_category": "Manicura y Pedicura", 
            "service": "Limar, Hidratar Pies Y Esmaltado Opi Permanente", 
            "duration": 1800, 
            "price": "18 € ", 
            "description": "¡Una pedicura perfecta gracias a Opi! Desinfectamos, limamos las uñas para conseguir la forma deseada y acabamos con un esmaltado permanente de la marca OPI dentro de una amplia variedad de colores."
        }, 
        {
            "service_category": "Manicura y Pedicura", 
            "service": "Manicura Completa Pyu Con Opi", 
            "duration": 1800, 
            "price": "14,95 € ", 
            "description": "¡La manicura más completa Pyu! Desinfectamos, retiramos el esmalte (si trae), limamos las uñas para conseguir la forma deseada, tratamos la cutícula e hidratamos manos y uñas dando un ligero masaje, acabamos con un esmaltado tradicional de la marca OPI dentro de una amplia variedad de colores."
        }, 
        {
            "service_category": "Manicura y Pedicura", 
            "service": "Manicura Spa Opi Y Esmalte Tradicional Opi", 
            "duration": 2700, 
            "price": "29,95 € ", 
            "description": "Duración del servicio de 45 minutos. Una manicura completa y termal. Utilizamos productos para conseguir unas manos exfoliadas e hidratadas, además disfruta de un masaje en las manos con un tratamiento de parafina. La manicura incluye limado de uñas, retirada de cutículas y embellecimiento de la uña. Terminamos con un esmaltado OPI."
        }, 
        {
            "service_category": "Manicura y Pedicura", 
            "service": "Pack Manicura Y Pedicura Con Esmaltado Opi Normal", 
            "duration": 5400, 
            "price": "41,95 € ", 
            "description": "Pack exclusivo en Bucmi. Disfruta de un pack de manicura y pedicura completa. Incluye limado de uñas, retirada de cutículas, limado de durezas en los pies y tratamiento de manos y pies. También incluye el esmaltado tradicional OPI."
        }, 
        {
            "service_category": "Manicura y Pedicura", 
            "service": "Pack Manicura Y Pedicura Con Esmaltado Permanente", 
            "duration": 5400, 
            "price": "49,95 € ", 
            "description": "Pack exclusivo en Bucmi ¡Olvídate de las uñas y disfrútalas por mucho más tiempo! Disfruta de un pack de manicura y pedicura completa. Incluye limado de uñas, retirada de cutículas, limado de durezas en los pies y tratamiento de manos y pies. También incluye el esmaltado permanente. Elige entre nuestra gama de colores OPI y luce uñas perfectas."
        }, 
        {
            "service_category": "Manicura y Pedicura", 
            "service": "Pedicura Completa Pyu Con Opi", 
            "duration": 3600, 
            "price": "29,95 € ", 
            "description": "El servicio incluye: exfoliación, envoltura con parafina, limado,retirada de cutículas, hidratación con masaje, eliminación de durezas y esmaltado tradicional OPI (suplemento de 3€ si el esmaltado es permanente). Haz tu reserva en nuestro exclusivo centro de Uñas y Pestañas y te encantará como te dejamos los pies."
        }, 
        {
            "service_category": "Manicura y Pedicura", 
            "service": "Pedicura Express Con Esmalte Opi Tradicional", 
            "duration": 1800, 
            "price": "19,95 € ", 
            "description": "¡El servicio rápido y eficaz para tus uñas! El servicio incluye limado, retirada de cutículas y repaso de durezas. Esmaltado OPI a elegir entre una amplia variedad de colores."
        }
    ]
}