{
    "adid": null, 
    "name": "Clínica Laser Natura Barrio Salamanca", 
    "name_of_contact": "Clínica Laser Natura Barrio Salamanca", 
    "scrape_page": "https://www.bucmi.com/lasernaturasalamanca", 
    "business_website": "https://www.bucmi.com/lasernaturasalamanca", 
    "areas_covered": null, 
    "description": "En Clínica Laser Natura Barrio Salamanca, ubicada entre Goya y Manuel Becerra, somos especialistas en Depilación Láser Médica Alejandrita sin Dolor, Estética Avanzada con técnicas como LPG® y Medicina Estética.", 
    "img_link": [
        "https://d1nd15w2k87kz0.cloudfront.net/Uploads/635659946418479454.jpg", 
        "https://d1nd15w2k87kz0.cloudfront.net/Uploads/635659946438793616.jpg", 
        "https://d1nd15w2k87kz0.cloudfront.net/Uploads/635659946457389040.jpg", 
        "https://d1nd15w2k87kz0.cloudfront.net/Uploads/635659946477546778.jpg"
    ], 
    "hqdb_featured_ad_type": "Featured", 
    "hqdb_nr_reviews": "22", 
    "hqdb_review_score": "9,6", 
    "accreditations": null, 
    "category": null, 
    "subcategory": null, 
    "street": null, 
    "city": "Madrid", 
    "zipcode": "Madrid", 
    "formatted_address": "Madrid, 28006, Madrid, Madrid", 
    "country": "es", 
    "office_number": "914019768", 
    "office_number2": null, 
    "mobile_number": null, 
    "mobile_number2": null, 
    "unidentified_phone_numbers": null, 
    "latitude": "40.4266121000", 
    "longitude": "-3.6712497999", 
    "business_email": null, 
    "yelp_page": null, 
    "facebook": null, 
    "twitter": null, 
    "instagram": null, 
    "venue_images": "https://d1nd15w2k87kz0.cloudfront.net/Logotipos/635972750513490829.jpg", 
    "opening_hours_raw": null, 
    "pricelist_link": null, 
    "services": [
        {
            "service_category": "Preferente", 
            "service": "Depilación Láser Alejandrita Axilas", 
            "duration": 900, 
            "price": "40 € ", 
            "description": "Tecnología Láser Alejandrita. Consigue una depilación sin dolor gracias a la bomba criogénica de aire a -32º que provoca un efecto anestésico, que evitará el molesto dolor de los sistemas láser de depilación. ¡Olvídate para siempre de ese molesto vello para cualquier temporada del año! Servicio de depilación laser en axilas. ¡¡Resultados visibles desde la primera sesión! ¿A qué estás esperando? ¡No dejes que te lo cuenten!"
        }, 
        {
            "service_category": "Preferente", 
            "service": "Depilación Láser Alejandrita Piernas Completas Muj", 
            "duration": 3600, 
            "price": "120 € ", 
            "description": "Tecnología Láser Alejandrita. Consigue una depilación sin dolor gracias a la bomba criogénica de aire a -32º que provoca un efecto anestésico, que evitará el molesto dolor de los sistemas láser de depilación. ¡Olvídate para siempre de ese molesto vello para cualquier temporada del año! Servicio de depilación laser en piernas enteras para mujer. ¡¡Resultados visibles desde la primera sesión! ¿A qué estás esperando? ¡No dejes que te lo cuenten!"
        }, 
        {
            "service_category": "Preferente", 
            "service": "Bono 10 Sesiones Lpg Endermologie Lipomassage®", 
            "duration": 1800, 
            "price": "375 € ", 
            "description": "LPG lipomassage es el sistema más utilizado y efectivo para celulitis y piel de naranja gracias a la accion de sus 2 cabezales y su tecnica patentada"
        }, 
        {
            "service_category": "Preferente", 
            "service": "Depilación Láser Alejandrita Ingles Brasileñas", 
            "duration": 900, 
            "price": "40 € ", 
            "description": "Tecnología Láser Alejandrita. Consigue una depilación sin dolor gracias a la bomba criogénica de aire a -32º que provoca un efecto anestésico, que evitará el molesto dolor de los sistemas láser de depilación. ¡Olvídate para siempre de ese molesto vello para cualquier temporada del año! Servicio de depilación laser en ingles brasileñas. ¡¡Resultados visibles desde la primera sesión! ¿A qué estás esperando? ¡No dejes que te lo cuenten!"
        }, 
        {
            "service_category": "Preferente", 
            "service": "Depilación Láser Alejandrita Ingles Y Axilas Mujer", 
            "duration": 2700, 
            "price": "80 € ", 
            "description": "Tecnología Láser Alejandrita. Consigue una depilación sin dolor gracias a la bomba criogénica de aire a -32º que provoca un efecto anestésico, que evitará el molesto dolor de los sistemas láser de depilación. ¡Olvídate para siempre de ese molesto vello para cualquier temporada del año! Servicio de depilación laser en ingles y axilas para mujer. ¡¡Resultados visibles desde la primera sesión! ¿A qué estás esperando? ¡No dejes que te lo cuenten!"
        }, 
        {
            "service_category": "Preferente", 
            "service": "Depilación Láser Alejandrita Medias Piernas", 
            "duration": 1800, 
            "price": "80 € ", 
            "description": "Tecnología Láser Alejandrita. Consigue una depilación sin dolor gracias a la bomba criogénica de aire a -32º que provoca un efecto anestésico, que evitará el molesto dolor de los sistemas láser de depilación. ¡Olvídate para siempre de ese molesto vello para cualquier temporada del año! Servicio de depilación laser en medias piernas para mujer. ¡¡Resultados visibles desde la primera sesión! ¿A qué estás esperando? ¡No dejes que te lo cuenten!"
        }, 
        {
            "service_category": "Preferente", 
            "service": "Depilación Laser Alejandrita Pubis Completo", 
            "duration": 900, 
            "price": "60 € ", 
            "description": "Tecnología Láser Alejandrita. Consigue una depilación sin dolor gracias a la bomba criogénica de aire a -32º que provoca un efecto anestésico, que evitará el molesto dolor de los sistemas láser de depilación. ¡Olvídate para siempre de ese molesto vello para cualquier temporada del año! Servicio de depilación laser en pubis. ¡¡Resultados visibles desde la primera sesión! ¿A qué estás esperando? ¡No dejes que te lo cuenten!"
        }, 
        {
            "service_category": "Preferente", 
            "service": "Depilación Láser Alejandrita Zona Mini Mujer", 
            "duration": 900, 
            "price": "20 € ", 
            "description": "Tecnología Láser Alejandrita. Consigue una depilación sin dolor gracias a la bomba criogénica de aire a -32º que provoca un efecto anestésico, que evitará el molesto dolor de los sistemas láser de depilación. ¡Olvídate para siempre de ese molesto vello para cualquier temporada del año! Servicio de depilación laser en zona mini a elegir entre labio superior, mentón, patillas, areolas, zona perianal o línea alba. Servicio indicado para mujer. ¡Reserva ya tu cita cómodamente online!"
        }, 
        {
            "service_category": "Preferente", 
            "service": "Dermoplastia Ondas De Choque Celulitis 20*", 
            "duration": 900, 
            "price": "50 € ", 
            "description": "las ondas de choque son un excelente tratamiento para los hoyuelos de la piel de naranja y la celulitis"
        }, 
        {
            "service_category": "Preferente", 
            "service": "Lpg® Endermologie Lipomassage Corporal", 
            "duration": 1800, 
            "price": "45 € ", 
            "description": "LPG lipomassage es el sistema más utilizado y efectivo para celulitis y piel de naranja gracias a la accion de sus 2 cabezales y su tecnica patentada"
        }, 
        {
            "service_category": "Preferente", 
            "service": "Mesoterapia Corporal Homeopatica", 
            "duration": 900, 
            "price": "55 € ", 
            "description": "Mesoterapia Médica Homeopatica Inyectada para Flacidez, Celulitis y Grasa. Consulta con nuestro prestigioso equipo de profesionales médicos líderes a nivel nacional."
        }, 
        {
            "service_category": "Preferente", 
            "service": "Mesoterapia Facial Inyectada Cytocare 532", 
            "duration": 1800, 
            "price": "130 € ", 
            "description": "Mesoterapia facial medica inyectada con Cytocare 532 el mejor producto del mercado en vitaminas y con 32 mg de acido hialurónico. Consulta con nuestro prestigioso equipo de profesionales médicos líderes a nivel nacional."
        }, 
        {
            "service_category": "Preferente", 
            "service": "Peeling Químico Facial Antiaging", 
            "duration": 1800, 
            "price": "90 € ", 
            "description": "Peeling Medico con Acido Ferúlico. Consulta con nuestro prestigioso equipo de profesionales médicos líderes a nivel nacional."
        }, 
        {
            "service_category": "Preferente", 
            "service": "Radiofrecuencia Indiba® Facial Er45 Ultima Generac", 
            "duration": 2700, 
            "price": "65 € ", 
            "description": "La radiofrecuencia Indiba es el tratamiento más conocido para antiedad, hidratante, tensor y además indoloro y de bienestar."
        }, 
        {
            "service_category": "Preferente", 
            "service": "Sesión Radiofrecuencia Indiba Corporal 40*", 
            "duration": 2700, 
            "price": "65 € ", 
            "description": "La Radiofrecuencia Indiba® es el tratamiento más conocido en estética al combinar reducción, reafirmación, push up y bienestar"
        }, 
        {
            "service_category": "Preferente", 
            "service": "Tratamiento Facial Botox", 
            "duration": 1800, 
            "price": "299 € ", 
            "description": "Toxina Botulinica marca Vistabel o Azzalure para arrugas en frente, entrecejo y patas de gallo en expresión. Consulta con nuestro prestigioso equipo de profesionales médicos líderes a nivel nacional."
        }, 
        {
            "service_category": "Estética", 
            "service": "Bono 10 Sesiones Circuito Cavitación", 
            "duration": 3600, 
            "price": "400 € ", 
            "description": "Un auténtico pack reductor de 10 sesiones, indicado para la grasa en zonas localizadas como el abdomen, glúteos. Ideal para eliminar esa odiosa celulitis que tanto nos acompleja. El tratamiento incluye en casa sesión, 30 minutos de cavitación y presoterapia, 25 minutos de presoterapia y 10 minutos de plataforma vibratoria. La sesiones se realizan cada 4 o 7 días. ¡No lo dudes, resalta tu figura y confía en nuestro equipo de profesionales! ¡Resultados inmejorables!"
        }, 
        {
            "service_category": "Estética", 
            "service": "Bono 10 Sesiones Lpg Endermologie Lipomassage®", 
            "duration": 1800, 
            "price": "375 € ", 
            "description": "LPG lipomassage es el sistema más utilizado y efectivo para celulitis y piel de naranja gracias a la accion de sus 2 cabezales y su tecnica patentada"
        }, 
        {
            "service_category": "Estética", 
            "service": "Bono 6Ss Radiofrecuencia Facial, Ácido Hialurónico", 
            "duration": 1800, 
            "price": "270 € ", 
            "description": "Bono de 6 sesiones. Tu piel estará tersa y libre de flacidez gracias a la aplicación de radiofrecuencia de alta gama sobre tu cutis. El tratamiento es totalmente inocuo para la piel. Lucha contra los estragos de la edad. Potenciamos la acción antiarrugas con crema de Ácido Hialurónico. Indicado para cara y escote. ¡La edad es sólo un número y en nuestro centro lo sabemos! ¡Notarás los resultados! Las sesiones son semanales. Si deseas un masaje miosfacial, deberás abonar 10 euros en el centro."
        }, 
        {
            "service_category": "Estética", 
            "service": "Dermoplastia Ondas De Choque Celulitis 20*", 
            "duration": 900, 
            "price": "50 € ", 
            "description": "las ondas de choque son un excelente tratamiento para los hoyuelos de la piel de naranja y la celulitis"
        }, 
        {
            "service_category": "Estética", 
            "service": "Lifting Facial Con Hidroxiapatita Radiesse®", 
            "duration": 900, 
            "price": "375 € ", 
            "description": "Lifting mas potente del mercado con la famosa hidroxiapatita Radiesse. Consulta con nuestro prestigioso equipo de profesionales médicos líderes a nivel nacional."
        }, 
        {
            "service_category": "Estética", 
            "service": "Lpg® Endermologie Lipomassage Corporal", 
            "duration": 1800, 
            "price": "45 € ", 
            "description": "LPG lipomassage es el sistema más utilizado y efectivo para celulitis y piel de naranja gracias a la accion de sus 2 cabezales y su tecnica patentada"
        }, 
        {
            "service_category": "Estética", 
            "service": "Masaje Reductor 30M", 
            "duration": 1800, 
            "price": "35 € ", 
            "description": "Precio por una sesión. ¿Quieres lucir una figura mucho más esbelta, para cualquier temporada del año? Disfruta ya de un masaje reductor de 30 minutos, con el que ayudarás a movilizar grasa y eliminar esos focos localizados. Este servicio es ideal para combinarlo con Cavitación. ¡En nuestro centro nos preocupamos por tu belleza y bienestar! No lo dudes y haz tu reserva ya cómodamente online. ¡Notarás los increíbles resultados!"
        }, 
        {
            "service_category": "Estética", 
            "service": "Mesoterapia Corporal Homeopatica", 
            "duration": 900, 
            "price": "55 € ", 
            "description": "Mesoterapia Médica Homeopatica Inyectada para Flacidez, Celulitis y Grasa. Consulta con nuestro prestigioso equipo de profesionales médicos líderes a nivel nacional."
        }, 
        {
            "service_category": "Estética", 
            "service": "Mesoterapia Facial Inyectada Cytocare 532", 
            "duration": 1800, 
            "price": "130 € ", 
            "description": "Mesoterapia facial medica inyectada con Cytocare 532 el mejor producto del mercado en vitaminas y con 32 mg de acido hialurónico. Consulta con nuestro prestigioso equipo de profesionales médicos líderes a nivel nacional."
        }, 
        {
            "service_category": "Estética", 
            "service": "Mesoterapia Facial Virtual Skinlight", 
            "duration": 3600, 
            "price": "60 € ", 
            "description": "Tratamiento de 1 hora de duración que consiste en una profunda microdermoabrasión con punta de diamante y continua con una mesoterapia virtual con electroporación y foroporación LED con la aplicación de mascara geloide de aminoácidos, vitaminas, hialurónico y colágeno dejando la piel luminosa, tersa y radiante. Tratamiento Ac. ¡No lo dudes y reserva ya tu cita cómodamente online! ¿A qué estás esperando? ¡No te arrepentirás!"
        }, 
        {
            "service_category": "Estética", 
            "service": "Mesoterapia Virtual Facial Antiarrugas, Hidratante", 
            "duration": 2700, 
            "price": "45 € ", 
            "description": "Tratamiento Skinlight de Sorisa con mesoterapia virtual con corrientes electromagnéticas y la aplicación de una mascarilla geloide cargada de principios activos, vitaminas, hialurónico, colágeno,...que penetra en las capas profundas de la piel al abrirse el poro dejando la piel tersa, luminosa e hidratada."
        }, 
        {
            "service_category": "Estética", 
            "service": "Peeling Químico Facial Antiaging", 
            "duration": 1800, 
            "price": "90 € ", 
            "description": "Peeling Medico con Acido Ferúlico. Consulta con nuestro prestigioso equipo de profesionales médicos líderes a nivel nacional."
        }, 
        {
            "service_category": "Estética", 
            "service": "Peeling Químico Facial Antimanchas", 
            "duration": 900, 
            "price": "170 € ", 
            "description": "Peeling Químico Antimanchas. Consulta con nuestro prestigioso equipo de profesionales médicos líderes a nivel nacional."
        }, 
        {
            "service_category": "Estética", 
            "service": "Presoterapia", 
            "duration": 1800, 
            "price": "20 € ", 
            "description": "Disfruta ya de esta sesión de presoterapia que consiste en un drenaje linfático con múltiples beneficios como varices, piernas cansadas, retención de líquidos, mejora de la circulación....¡Luce una figura mucho más esbelto y mejora tu calidad de vida! En nuestro centro contamos con lo último en aparatología. ¡No lo dudes y reserva ya tu cita cómodamente online! ¿A qué estás esperando? ¡Notarás increíbles resultados!"
        }, 
        {
            "service_category": "Estética", 
            "service": "Radiofrecuencia Indiba® Facial Er45 Ultima Generac", 
            "duration": 2700, 
            "price": "65 € ", 
            "description": "La radiofrecuencia Indiba es el tratamiento más conocido para antiedad, hidratante, tensor y además indoloro y de bienestar."
        }, 
        {
            "service_category": "Estética", 
            "service": "Relleno Facial Pomulos Y Arrugas Acido Hialuronico", 
            "duration": 1800, 
            "price": "280 € ", 
            "description": "Relleno de Arrugas finas y medias y pómulos con Acido Hialurónico. Consulta con nuestro prestigioso equipo de profesionales médicos líderes a nivel nacional."
        }, 
        {
            "service_category": "Estética", 
            "service": "Sesión Cavitación,Mesoterapia 30*,Presoterapia 30*", 
            "duration": 3600, 
            "price": "50 € ", 
            "description": "Sesión de cavitación para la destrucción de grasa localizada. Ideal para cúmulos en abdomen, cartucheras, glúteos, y celulitis. Normalmente son necesarias 10 sesiones semanales para resultados deseados. Consulta en nuestro centro y ¡reserva ya tu cita cómodamente online! En nuestro centro contamos con lo último en aparatología. ¡Resultados verdaderamente efectivos! ¿A qué estás esperando?"
        }, 
        {
            "service_category": "Estética", 
            "service": "Sesión Radiofrecuencia Indiba Corporal 40*", 
            "duration": 2700, 
            "price": "65 € ", 
            "description": "La Radiofrecuencia Indiba® es el tratamiento más conocido en estética al combinar reducción, reafirmación, push up y bienestar"
        }, 
        {
            "service_category": "Estética", 
            "service": "Tratamiento Facial Botox", 
            "duration": 1800, 
            "price": "299 € ", 
            "description": "Toxina Botulinica marca Vistabel o Azzalure para arrugas en frente, entrecejo y patas de gallo en expresión. Consulta con nuestro prestigioso equipo de profesionales médicos líderes a nivel nacional."
        }, 
        {
            "service_category": "Estética", 
            "service": "Tratamiento Facial Mesoterapia Ojeras", 
            "duration": 900, 
            "price": "45 € ", 
            "description": "Mesoterapia Medica inyectada para ojeras y bolsas. Consulta con nuestro prestigioso equipo de profesionales médicos líderes a nivel nacional."
        }, 
        {
            "service_category": "Estética", 
            "service": "Tratamiento Facial. Relleno De Labio", 
            "duration": 900, 
            "price": "279 € ", 
            "description": "Relleno de Labios con Acido Hialurónico. Consulta con nuestro prestigioso equipo de profesionales médicos líderes a nivel nacional."
        }, 
        {
            "service_category": "Masaje", 
            "service": "Bono 10 Sesiones Circuito Cavitación", 
            "duration": 3600, 
            "price": "400 € ", 
            "description": "Un auténtico pack reductor de 10 sesiones, indicado para la grasa en zonas localizadas como el abdomen, glúteos. Ideal para eliminar esa odiosa celulitis que tanto nos acompleja. El tratamiento incluye en casa sesión, 30 minutos de cavitación y presoterapia, 25 minutos de presoterapia y 10 minutos de plataforma vibratoria. La sesiones se realizan cada 4 o 7 días. ¡No lo dudes, resalta tu figura y confía en nuestro equipo de profesionales! ¡Resultados inmejorables!"
        }, 
        {
            "service_category": "Depilación", 
            "service": "Bono 10 Sesiones Circuito Cavitación", 
            "duration": 3600, 
            "price": "400 € ", 
            "description": "Un auténtico pack reductor de 10 sesiones, indicado para la grasa en zonas localizadas como el abdomen, glúteos. Ideal para eliminar esa odiosa celulitis que tanto nos acompleja. El tratamiento incluye en casa sesión, 30 minutos de cavitación y presoterapia, 25 minutos de presoterapia y 10 minutos de plataforma vibratoria. La sesiones se realizan cada 4 o 7 días. ¡No lo dudes, resalta tu figura y confía en nuestro equipo de profesionales! ¡Resultados inmejorables!"
        }, 
        {
            "service_category": "Depilación", 
            "service": "Bono 10 Sesiones Lpg Endermologie Lipomassage®", 
            "duration": 1800, 
            "price": "375 € ", 
            "description": "LPG lipomassage es el sistema más utilizado y efectivo para celulitis y piel de naranja gracias a la accion de sus 2 cabezales y su tecnica patentada"
        }, 
        {
            "service_category": "Depilación", 
            "service": "Bono 6Ss Radiofrecuencia Facial, Ácido Hialurónico", 
            "duration": 1800, 
            "price": "270 € ", 
            "description": "Bono de 6 sesiones. Tu piel estará tersa y libre de flacidez gracias a la aplicación de radiofrecuencia de alta gama sobre tu cutis. El tratamiento es totalmente inocuo para la piel. Lucha contra los estragos de la edad. Potenciamos la acción antiarrugas con crema de Ácido Hialurónico. Indicado para cara y escote. ¡La edad es sólo un número y en nuestro centro lo sabemos! ¡Notarás los resultados! Las sesiones son semanales. Si deseas un masaje miosfacial, deberás abonar 10 euros en el centro."
        }, 
        {
            "service_category": "Depilación", 
            "service": "Dermoplastia Ondas De Choque Celulitis 20*", 
            "duration": 900, 
            "price": "50 € ", 
            "description": "las ondas de choque son un excelente tratamiento para los hoyuelos de la piel de naranja y la celulitis"
        }, 
        {
            "service_category": "Depilación", 
            "service": "Lifting Facial Con Hidroxiapatita Radiesse®", 
            "duration": 900, 
            "price": "375 € ", 
            "description": "Lifting mas potente del mercado con la famosa hidroxiapatita Radiesse. Consulta con nuestro prestigioso equipo de profesionales médicos líderes a nivel nacional."
        }, 
        {
            "service_category": "Depilación", 
            "service": "Lpg® Endermologie Lipomassage Corporal", 
            "duration": 1800, 
            "price": "45 € ", 
            "description": "LPG lipomassage es el sistema más utilizado y efectivo para celulitis y piel de naranja gracias a la accion de sus 2 cabezales y su tecnica patentada"
        }, 
        {
            "service_category": "Depilación", 
            "service": "Masaje Reductor 30M", 
            "duration": 1800, 
            "price": "35 € ", 
            "description": "Precio por una sesión. ¿Quieres lucir una figura mucho más esbelta, para cualquier temporada del año? Disfruta ya de un masaje reductor de 30 minutos, con el que ayudarás a movilizar grasa y eliminar esos focos localizados. Este servicio es ideal para combinarlo con Cavitación. ¡En nuestro centro nos preocupamos por tu belleza y bienestar! No lo dudes y haz tu reserva ya cómodamente online. ¡Notarás los increíbles resultados!"
        }, 
        {
            "service_category": "Depilación", 
            "service": "Mesoterapia Corporal Homeopatica", 
            "duration": 900, 
            "price": "55 € ", 
            "description": "Mesoterapia Médica Homeopatica Inyectada para Flacidez, Celulitis y Grasa. Consulta con nuestro prestigioso equipo de profesionales médicos líderes a nivel nacional."
        }, 
        {
            "service_category": "Depilación", 
            "service": "Mesoterapia Facial Inyectada Cytocare 532", 
            "duration": 1800, 
            "price": "130 € ", 
            "description": "Mesoterapia facial medica inyectada con Cytocare 532 el mejor producto del mercado en vitaminas y con 32 mg de acido hialurónico. Consulta con nuestro prestigioso equipo de profesionales médicos líderes a nivel nacional."
        }, 
        {
            "service_category": "Depilación", 
            "service": "Mesoterapia Facial Virtual Skinlight", 
            "duration": 3600, 
            "price": "60 € ", 
            "description": "Tratamiento de 1 hora de duración que consiste en una profunda microdermoabrasión con punta de diamante y continua con una mesoterapia virtual con electroporación y foroporación LED con la aplicación de mascara geloide de aminoácidos, vitaminas, hialurónico y colágeno dejando la piel luminosa, tersa y radiante. Tratamiento Ac. ¡No lo dudes y reserva ya tu cita cómodamente online! ¿A qué estás esperando? ¡No te arrepentirás!"
        }, 
        {
            "service_category": "Depilación", 
            "service": "Mesoterapia Virtual Facial Antiarrugas, Hidratante", 
            "duration": 2700, 
            "price": "45 € ", 
            "description": "Tratamiento Skinlight de Sorisa con mesoterapia virtual con corrientes electromagnéticas y la aplicación de una mascarilla geloide cargada de principios activos, vitaminas, hialurónico, colágeno,...que penetra en las capas profundas de la piel al abrirse el poro dejando la piel tersa, luminosa e hidratada."
        }, 
        {
            "service_category": "Depilación", 
            "service": "Peeling Químico Facial Antiaging", 
            "duration": 1800, 
            "price": "90 € ", 
            "description": "Peeling Medico con Acido Ferúlico. Consulta con nuestro prestigioso equipo de profesionales médicos líderes a nivel nacional."
        }, 
        {
            "service_category": "Depilación", 
            "service": "Peeling Químico Facial Antimanchas", 
            "duration": 900, 
            "price": "170 € ", 
            "description": "Peeling Químico Antimanchas. Consulta con nuestro prestigioso equipo de profesionales médicos líderes a nivel nacional."
        }, 
        {
            "service_category": "Depilación", 
            "service": "Presoterapia", 
            "duration": 1800, 
            "price": "20 € ", 
            "description": "Disfruta ya de esta sesión de presoterapia que consiste en un drenaje linfático con múltiples beneficios como varices, piernas cansadas, retención de líquidos, mejora de la circulación....¡Luce una figura mucho más esbelto y mejora tu calidad de vida! En nuestro centro contamos con lo último en aparatología. ¡No lo dudes y reserva ya tu cita cómodamente online! ¿A qué estás esperando? ¡Notarás increíbles resultados!"
        }
    ]
}