{
    "adid": null, 
    "name": "Sugar Beauty", 
    "name_of_contact": "Sugar Beauty", 
    "scrape_page": "https://www.bucmi.com/sugar-beauty", 
    "business_website": "https://www.bucmi.com/sugar-beauty", 
    "areas_covered": null, 
    "description": "Sugar Beauty es el centro de belleza de Iryna Khainiok, ubicado en el barrio El Viso en Madrid. Un centro muy elegante y acogedor que ofrece servicios de manicura, pedicura, depilación al caramelo, diseño de cejas y maquillaje. Todos los servicios son realizados con productos de alta calidad como CND, Inglot y Carmelita para asegurar un resultado profesional, perfecto en todos los detalles. Un equipo de expertos especializados en técnicas de nail art y Beauty care atenderá a todos los clientes que quieran dedicarse un momento de relax y aconsejará los servicios que se ajustan a sus necesidades. Se puede elegir entre una amplia gama de colores y diseños para salir del centro con el resultado esperado. Una buena atención al cliente es el principio sobre la cual Iryna y su equipo fundan el concepto de belleza. Satisfacer lo que los clientes quieren y ofrecer un servicio impecable y profesional son la base del trabajo en este salón y la gran experiencia de los profesionales no decepcionará tus expectativas.", 
    "img_link": [
        "https://d1nd15w2k87kz0.cloudfront.net/Uploads/636342494202445206.jpg", 
        "https://d1nd15w2k87kz0.cloudfront.net/Uploads/636342494276975758.jpg", 
        "https://d1nd15w2k87kz0.cloudfront.net/Uploads/636342494317131672.jpg", 
        "https://d1nd15w2k87kz0.cloudfront.net/Uploads/636342494354787620.jpg"
    ], 
    "hqdb_featured_ad_type": "Featured", 
    "hqdb_nr_reviews": "13", 
    "hqdb_review_score": "9,7", 
    "accreditations": null, 
    "category": null, 
    "subcategory": null, 
    "street": "C/ Carranza, 8", 
    "city": "Madrid", 
    "zipcode": "Madrid", 
    "formatted_address": "C/ Carranza, 8, Madrid, Madrid", 
    "country": "es", 
    "office_number": "910025882", 
    "office_number2": null, 
    "mobile_number": null, 
    "mobile_number2": null, 
    "unidentified_phone_numbers": null, 
    "latitude": "40.4401636000", 
    "longitude": "-3.6799564000", 
    "business_email": null, 
    "yelp_page": null, 
    "facebook": null, 
    "twitter": null, 
    "instagram": null, 
    "venue_images": "https://d1nd15w2k87kz0.cloudfront.net/Logotipos/636342501991447193.jpg", 
    "opening_hours_raw": null, 
    "pricelist_link": null, 
    "services": [
        {
            "service_category": "Preferente", 
            "service": "Depilación Caramelo Brazos Y Axilas", 
            "duration": 1800, 
            "price": "20 € ", 
            "description": "La depilación con caramelo es una técnica totalmente natural para eliminar el vello molesto y dejar la piel suave y sedosa durante semanas. Este ritual de belleza es menos doloroso que otras muchas otras técnicas y es ideal para todas las tipologías de pieles porque no es abrasivo. El pack incluye la depilación de los brazos y las axilas."
        }, 
        {
            "service_category": "Preferente", 
            "service": "Manicura Francesa Permanente", 
            "duration": 5400, 
            "price": "35 € ", 
            "description": "Discreta y elegante, la manicura francesa permanente es el tratamiento ideal para cualquier evento y deja las manos cuidadas y bonitas durante días. El servicio proporciona todo lo que comprende una manicura tradicional y la aplicación de un esmaltado permanente trasparente y blanco para conseguir la forma deseada. Los profesionales estudian el estilo de cada cliente para lucir manos perfectas aplicando solo productos de la máxima calidad."
        }, 
        {
            "service_category": "Preferente", 
            "service": "Manicura Y Pedicura Esmaltado Permanente", 
            "duration": 5400, 
            "price": "60 € ", 
            "description": "Servicio de manicura y pedicura de larga duración realizado por los expertos de Sugar Beauty para lucir manos y pies cuidados y a todo color durante varias semanas. El ritual incluye limado de uñas, eliminación de las cutículas, hidratación y esmaltado permanente de la mejor marca con colores de la temporada."
        }, 
        {
            "service_category": "Peluquería", 
            "service": "Arquitectura Y Diseño De Cejas Tinte Normal /Henna", 
            "duration": 2700, 
            "price": "20 € ", 
            "description": "Con este servicio los profesionales de Sugar Beauty estudian las líneas y el trazo que más gusta al cliente y lo realizan con pinzas e hilo para una mejor precisión. Además aportarán un tono de color al pelo más claro con la tonalidad que más apetezca con tinte o henna, para conseguir un estilo personalizado y una mirada con estilo y muy seductora."
        }, 
        {
            "service_category": "Estética", 
            "service": "Arquitectura Y Diseño De Cejas Tinte Normal /Henna", 
            "duration": 2700, 
            "price": "20 € ", 
            "description": "Con este servicio los profesionales de Sugar Beauty estudian las líneas y el trazo que más gusta al cliente y lo realizan con pinzas e hilo para una mejor precisión. Además aportarán un tono de color al pelo más claro con la tonalidad que más apetezca con tinte o henna, para conseguir un estilo personalizado y una mirada con estilo y muy seductora."
        }, 
        {
            "service_category": "Manicura y Pedicura", 
            "service": "Arquitectura Y Diseño De Cejas Tinte Normal /Henna", 
            "duration": 2700, 
            "price": "20 € ", 
            "description": "Con este servicio los profesionales de Sugar Beauty estudian las líneas y el trazo que más gusta al cliente y lo realizan con pinzas e hilo para una mejor precisión. Además aportarán un tono de color al pelo más claro con la tonalidad que más apetezca con tinte o henna, para conseguir un estilo personalizado y una mirada con estilo y muy seductora."
        }, 
        {
            "service_category": "Manicura y Pedicura", 
            "service": "Arquitectura Y Diseño De Cejas Tinte Normal /Henna", 
            "duration": 2700, 
            "price": "20 € ", 
            "description": "Con este servicio los profesionales de Sugar Beauty estudian las líneas y el trazo que más gusta al cliente y lo realizan con pinzas e hilo para una mejor precisión. Además aportarán un tono de color al pelo más claro con la tonalidad que más apetezca con tinte o henna, para conseguir un estilo personalizado y una mirada con estilo y muy seductora."
        }, 
        {
            "service_category": "Manicura y Pedicura", 
            "service": "Manicura Con Esmaltado Normal", 
            "duration": 2700, 
            "price": "20 € ", 
            "description": "La manicura con esmaltado normal de Sugar Beauty es el tratamiento ideal para lucir manos bonitas y cuidadas. El servicio incluye cortado y limado de uñas para conseguir la forma deseada, retirada de cutículas y esmaltado con el color que más te guste. Todos estos son los elementos del ritual de belleza ideal para conseguir unas manos perfectas."
        }, 
        {
            "service_category": "Manicura y Pedicura", 
            "service": "Manicura Con Esmaltado Permanente Más Dos Diseños", 
            "duration": 5400, 
            "price": "32 € ", 
            "description": "Este servicio de manicura incluye corte y limado de uñas, retirada de cutículas, exfoliación, hidratación y esmaltado de larga duración del color que prefieras. En este pack están incluidos dos diseños realizados por profesionales especializados en nail art. Todos los productos son de la máxima calidad para respetar el natural crecimiento de tus uñas."
        }, 
        {
            "service_category": "Manicura y Pedicura", 
            "service": "Manicura Francesa Permanente", 
            "duration": 5400, 
            "price": "35 € ", 
            "description": "Discreta y elegante, la manicura francesa permanente es el tratamiento ideal para cualquier evento y deja las manos cuidadas y bonitas durante días. El servicio proporciona todo lo que comprende una manicura tradicional y la aplicación de un esmaltado permanente trasparente y blanco para conseguir la forma deseada. Los profesionales estudian el estilo de cada cliente para lucir manos perfectas aplicando solo productos de la máxima calidad."
        }, 
        {
            "service_category": "Manicura y Pedicura", 
            "service": "Manicura Y Pedicura A Cuatro Manos", 
            "duration": 3600, 
            "price": "40 € ", 
            "description": "La manicura y pedicura a cuatro manos es un servicio rápido y completo que se realiza gracias a las hábiles manos de los profesionales que trabajan juntos para crear el look perfecto. El tratamiento comprende cortado y limado de la uñas, retirada de cutículas, hidratación y esmaltado que se puede elegir entre una amplia gama de tonalidades sin olvidarse de la calidad de los productos y del servicio completo."
        }, 
        {
            "service_category": "Manicura y Pedicura", 
            "service": "Manicura Y Pedicura Esmaltado Normal", 
            "duration": 5400, 
            "price": "50 € ", 
            "description": "La manicura y pedicura de Sugar Beauty es el mejor tratamiento para olvidarse de cuidar las uñas todos los días. Los profesionales, de comprobada experiencia, aportarán forma a tus uñas según tu estilo, eliminaran las cutículas e hidrataran la piel con crema. Porque unas manos y pies cuidados son la primera carta de presentación."
        }, 
        {
            "service_category": "Depilación", 
            "service": "Arquitectura Y Diseño De Cejas Tinte Normal /Henna", 
            "duration": 2700, 
            "price": "20 € ", 
            "description": "Con este servicio los profesionales de Sugar Beauty estudian las líneas y el trazo que más gusta al cliente y lo realizan con pinzas e hilo para una mejor precisión. Además aportarán un tono de color al pelo más claro con la tonalidad que más apetezca con tinte o henna, para conseguir un estilo personalizado y una mirada con estilo y muy seductora."
        }, 
        {
            "service_category": "Depilación", 
            "service": "Arquitectura Y Diseño De Cejas Tinte Normal /Henna", 
            "duration": 2700, 
            "price": "20 € ", 
            "description": "Con este servicio los profesionales de Sugar Beauty estudian las líneas y el trazo que más gusta al cliente y lo realizan con pinzas e hilo para una mejor precisión. Además aportarán un tono de color al pelo más claro con la tonalidad que más apetezca con tinte o henna, para conseguir un estilo personalizado y una mirada con estilo y muy seductora."
        }, 
        {
            "service_category": "Depilación", 
            "service": "Manicura Con Esmaltado Normal", 
            "duration": 2700, 
            "price": "20 € ", 
            "description": "La manicura con esmaltado normal de Sugar Beauty es el tratamiento ideal para lucir manos bonitas y cuidadas. El servicio incluye cortado y limado de uñas para conseguir la forma deseada, retirada de cutículas y esmaltado con el color que más te guste. Todos estos son los elementos del ritual de belleza ideal para conseguir unas manos perfectas."
        }, 
        {
            "service_category": "Depilación", 
            "service": "Manicura Con Esmaltado Permanente Más Dos Diseños", 
            "duration": 5400, 
            "price": "32 € ", 
            "description": "Este servicio de manicura incluye corte y limado de uñas, retirada de cutículas, exfoliación, hidratación y esmaltado de larga duración del color que prefieras. En este pack están incluidos dos diseños realizados por profesionales especializados en nail art. Todos los productos son de la máxima calidad para respetar el natural crecimiento de tus uñas."
        }, 
        {
            "service_category": "Depilación", 
            "service": "Manicura Francesa Permanente", 
            "duration": 5400, 
            "price": "35 € ", 
            "description": "Discreta y elegante, la manicura francesa permanente es el tratamiento ideal para cualquier evento y deja las manos cuidadas y bonitas durante días. El servicio proporciona todo lo que comprende una manicura tradicional y la aplicación de un esmaltado permanente trasparente y blanco para conseguir la forma deseada. Los profesionales estudian el estilo de cada cliente para lucir manos perfectas aplicando solo productos de la máxima calidad."
        }
    ]
}